# tracer: nop
#
# entries-in-buffer/entries-written: 6061/6061   #P:2
#
#                                _-----=> irqs-off/BH-disabled
#                               / _----=> need-resched
#                              | / _---=> hardirq/softirq
#                              || / _--=> preempt-depth
#                              ||| / _-=> migrate-disable
#                              |||| /     delay
#           TASK-PID     CPU#  |||||  TIMESTAMP  FUNCTION
#              | |         |   |||||     |         |
         python3-413     [000] .....    11.737234: ovldiag_open: (ovl_open+0xb2/0x100 <- ovl_open_realfile) result=0xffff8880047ff700
         python3-413     [000] .....    11.737418: ovldiag_ensure: (ovl_write_iter+0xaf/0x130 <- ovl_ensure_upper_and_switch) result=0x0
         python3-413     [000] .....    11.737451: ovldiag_write: (ovl_write_iter+0x10c/0x130 <- backing_file_write_iter) result=0x4
         python3-413     [000] .....    11.738749: ovldiag_cow: (ovl_ensure_upper_and_switch+0x37f/0x630 <- ovl_rehome_or_anon_cow) result=0x0
         python3-413     [000] .....    11.738751: ovldiag_ensure: (ovl_write_iter+0xaf/0x130 <- ovl_ensure_upper_and_switch) result=0x0
         python3-413     [000] .....    11.738824: ovldiag_write: (ovl_write_iter+0x10c/0x130 <- backing_file_write_iter) result=0x11
         python3-413     [000] .....    11.738876: ovldiag_open: (ovl_open+0xb2/0x100 <- ovl_open_realfile) result=0xffff8880047ff000
         python3-413     [000] .....    11.755341: ovldiag_open: (ovl_open+0xb2/0x100 <- ovl_open_realfile) result=0xffff888003761a00
         python3-413     [000] .....    11.755475: ovldiag_ensure: (ovl_write_iter+0xaf/0x130 <- ovl_ensure_upper_and_switch) result=0x0
         python3-413     [000] .....    11.755484: ovldiag_write: (ovl_write_iter+0x10c/0x130 <- backing_file_write_iter) result=0x4
         python3-413     [000] .....    11.755885: ovldiag_ensure: (ovl_write_iter+0xaf/0x130 <- ovl_ensure_upper_and_switch) result=0x0
         python3-413     [000] .....    11.755889: ovldiag_write: (ovl_write_iter+0x10c/0x130 <- backing_file_write_iter) result=0x11
         python3-413     [000] .....    11.766759: ovldiag_open: (ovl_open+0xb2/0x100 <- ovl_open_realfile) result=0xffff888007256300
         python3-413     [000] .....    11.766791: ovldiag_ensure: (ovl_write_iter+0xaf/0x130 <- ovl_ensure_upper_and_switch) result=0x0
         python3-413     [000] .....    11.766798: ovldiag_write: (ovl_write_iter+0x10c/0x130 <- backing_file_write_iter) result=0x4
         python3-413     [000] .....    11.767640: ovldiag_cow: (ovl_ensure_upper_and_switch+0x37f/0x630 <- ovl_rehome_or_anon_cow) result=0xffffffef
         python3-413     [001] .....    11.767915: ovldiag_cow: (ovl_ensure_upper_and_switch+0x3a7/0x630 <- ovl_rehome_or_anon_cow) result=0x0
         python3-413     [001] .....    11.767922: ovldiag_ensure: (ovl_write_iter+0xaf/0x130 <- ovl_ensure_upper_and_switch) result=0x0
         python3-413     [001] .....    11.767932: ovldiag_open: (ovl_real_fdget_meta+0x1c4/0x1f0 <- ovl_open_realfile) result=0xffff88800724e400
         python3-413     [001] .....    11.767935: ovldiag_write: (ovl_write_iter+0x10c/0x130 <- backing_file_write_iter) result=0xfffffffffffffff7
         python3-413     [001] .....    11.768109: ovldiag_open: (ovl_real_fdget_meta+0x1c4/0x1f0 <- ovl_open_realfile) result=0xffff88800724e400
         python3-413     [000] .....    11.778327: ovldiag_open: (ovl_open+0xb2/0x100 <- ovl_open_realfile) result=0xffff888007256b00
         python3-413     [000] .....    11.778367: ovldiag_ensure: (ovl_write_iter+0xaf/0x130 <- ovl_ensure_upper_and_switch) result=0x0
         python3-413     [000] .....    11.778374: ovldiag_write: (ovl_write_iter+0x10c/0x130 <- backing_file_write_iter) result=0x4
         python3-413     [000] .....    11.778613: ovldiag_open: (ovl_open+0xb2/0x100 <- ovl_open_realfile) result=0xffff888007256e00
         python3-413     [000] .....    11.778632: ovldiag_ensure: (ovl_write_iter+0xaf/0x130 <- ovl_ensure_upper_and_switch) result=0x0
         python3-413     [000] .....    11.778639: ovldiag_write: (ovl_write_iter+0x10c/0x130 <- backing_file_write_iter) result=0xb
         python3-413     [001] .....    11.779430: ovldiag_cow: (ovl_ensure_upper_and_switch+0x3f5/0x630 <- ovl_rehome_or_anon_cow) result=0x0
         python3-413     [001] .....    11.779435: ovldiag_ensure: (ovl_write_iter+0xaf/0x130 <- ovl_ensure_upper_and_switch) result=0x0
         python3-413     [001] .....    11.779443: ovldiag_open: (ovl_real_fdget_meta+0x1c4/0x1f0 <- ovl_open_realfile) result=0xffff8880072d8800
         python3-413     [001] .....    11.779463: ovldiag_write: (ovl_write_iter+0x10c/0x130 <- backing_file_write_iter) result=0x11
         python3-413     [001] .....    11.779499: ovldiag_open: (ovl_real_fdget_meta+0x1c4/0x1f0 <- ovl_open_realfile) result=0xffff8880072d8800
         python3-413     [001] .....    11.779666: ovldiag_open: (ovl_open+0xb2/0x100 <- ovl_open_realfile) result=0xffff8880072d8800
         python3-413     [001] .....    11.779777: ovldiag_open: (ovl_real_fdget_meta+0x1c4/0x1f0 <- ovl_open_realfile) result=0xffff8880072d8800
             cat-454     [000] .....    12.464622: ovldiag_open: (ovl_open+0xb2/0x100 <- ovl_open_realfile) result=0xffff8880047ff000
            bash-437     [001] .....    12.465210: ovldiag_open: (ovl_open+0xb2/0x100 <- ovl_open_realfile) result=0xffff8880046cde00
            bash-437     [001] .....    12.465235: ovldiag_ensure: (ovl_write_iter+0xaf/0x130 <- ovl_ensure_upper_and_switch) result=0x0
            bash-437     [001] .....    12.465253: ovldiag_write: (ovl_write_iter+0x10c/0x130 <- backing_file_write_iter) result=0x9
             cat-457     [000] .....    12.474858: ovldiag_open: (ovl_open+0xb2/0x100 <- ovl_open_realfile) result=0xffff888007171900
            bash-437     [001] .....    12.475438: ovldiag_open: (ovl_open+0xb2/0x100 <- ovl_open_realfile) result=0xffff8880046cde00
            bash-437     [001] .....    12.475460: ovldiag_ensure: (ovl_write_iter+0xaf/0x130 <- ovl_ensure_upper_and_switch) result=0x0
            bash-437     [001] .....    12.475470: ovldiag_write: (ovl_write_iter+0x10c/0x130 <- backing_file_write_iter) result=0xa
            bash-437     [001] .....    12.503688: ovldiag_open: (ovl_open+0xb2/0x100 <- ovl_open_realfile) result=0xffff888005c89800
            bash-437     [001] .....    12.503711: ovldiag_ensure: (ovl_write_iter+0xaf/0x130 <- ovl_ensure_upper_and_switch) result=0x0
            bash-437     [001] .....    12.503727: ovldiag_write: (ovl_write_iter+0x10c/0x130 <- backing_file_write_iter) result=0x3
            bash-437     [001] .....    12.506193: ovldiag_open: (ovl_open+0xb2/0x100 <- ovl_open_realfile) result=0xffff888004619b00
            bash-437     [001] .....    12.507816: ovldiag_cow: (ovl_ensure_upper_and_switch+0x37f/0x630 <- ovl_rehome_or_anon_cow) result=0x0
            bash-437     [001] .....    12.507819: ovldiag_ensure: (ovl_write_iter+0xaf/0x130 <- ovl_ensure_upper_and_switch) result=0x0
            bash-437     [001] .....    12.507837: ovldiag_write: (ovl_write_iter+0x10c/0x130 <- backing_file_write_iter) result=0xb
            bash-437     [001] .....    12.513725: ovldiag_open: (ovl_open+0xb2/0x100 <- ovl_open_realfile) result=0xffff888005cb7a00
            bash-437     [001] .....    12.513782: ovldiag_ensure: (ovl_write_iter+0xaf/0x130 <- ovl_ensure_upper_and_switch) result=0x0
            bash-437     [001] .....    12.513796: ovldiag_write: (ovl_write_iter+0x10c/0x130 <- backing_file_write_iter) result=0xf
            bash-437     [000] .....    12.537451: ovldiag_open: (ovl_open+0xb2/0x100 <- ovl_open_realfile) result=0xffff88800893c700
            bash-437     [000] .....    12.537481: ovldiag_ensure: (ovl_write_iter+0xaf/0x130 <- ovl_ensure_upper_and_switch) result=0x0
            bash-437     [000] .....    12.537500: ovldiag_write: (ovl_write_iter+0x10c/0x130 <- backing_file_write_iter) result=0x5
             cat-484     [000] .....    12.544117: ovldiag_open: (ovl_open+0xb2/0x100 <- ovl_open_realfile) result=0xffff88800715d500
            bash-437     [001] .....    12.544741: ovldiag_open: (ovl_open+0xb2/0x100 <- ovl_open_realfile) result=0xffff88800736e100
            bash-437     [001] .....    12.544763: ovldiag_ensure: (ovl_write_iter+0xaf/0x130 <- ovl_ensure_upper_and_switch) result=0x0
            bash-437     [001] .....    12.544776: ovldiag_write: (ovl_write_iter+0x10c/0x130 <- backing_file_write_iter) result=0x5
             cat-487     [000] .....    12.552353: ovldiag_open: (ovl_open+0xb2/0x100 <- ovl_open_realfile) result=0xffff888007058300
            bash-437     [001] .....    12.552876: ovldiag_open: (ovl_open+0xb2/0x100 <- ovl_open_realfile) result=0xffff888007160100
            bash-437     [001] .....    12.552897: ovldiag_ensure: (ovl_write_iter+0xaf/0x130 <- ovl_ensure_upper_and_switch) result=0x0
            bash-437     [001] .....    12.552909: ovldiag_write: (ovl_write_iter+0x10c/0x130 <- backing_file_write_iter) result=0x5
             cat-491     [000] .....    12.562779: ovldiag_open: (ovl_open+0xb2/0x100 <- ovl_open_realfile) result=0xffff888008944700
            bash-437     [001] .....    12.563485: ovldiag_open: (ovl_open+0xb2/0x100 <- ovl_open_realfile) result=0xffff888007160d00
            bash-437     [001] .....    12.563550: ovldiag_ensure: (ovl_write_iter+0xaf/0x130 <- ovl_ensure_upper_and_switch) result=0x0
            bash-437     [001] .....    12.563561: ovldiag_write: (ovl_write_iter+0x10c/0x130 <- backing_file_write_iter) result=0xa
             cat-493     [000] .....    12.568399: ovldiag_open: (ovl_open+0xb2/0x100 <- ovl_open_realfile) result=0xffff888007059500
            bash-437     [001] .....    12.591043: ovldiag_open: (ovl_open+0xb2/0x100 <- ovl_open_realfile) result=0xffff88800715d300
            bash-437     [001] .....    12.591059: ovldiag_ensure: (ovl_write_iter+0xaf/0x130 <- ovl_ensure_upper_and_switch) result=0x0
            bash-437     [001] .....    12.591289: ovldiag_write: (ovl_write_iter+0x10c/0x130 <- backing_file_write_iter) result=0x9
             cat-519     [001] .....    12.627434: ovldiag_open: (ovl_open+0xb2/0x100 <- ovl_open_realfile) result=0xffff888003761c00
            bash-437     [000] .....    12.627944: ovldiag_open: (ovl_open+0xb2/0x100 <- ovl_open_realfile) result=0xffff8880070eda00
            bash-437     [000] .....    12.627958: ovldiag_ensure: (ovl_write_iter+0xaf/0x130 <- ovl_ensure_upper_and_switch) result=0x0
            bash-437     [000] .....    12.627976: ovldiag_write: (ovl_write_iter+0x10c/0x130 <- backing_file_write_iter) result=0x7
        truncate-534     [001] .....    12.661870: ovldiag_open: (ovl_open+0xb2/0x100 <- ovl_open_realfile) result=0xffff8880070eda00
             cat-536     [001] .....    12.666812: ovldiag_open: (ovl_open+0xb2/0x100 <- ovl_open_realfile) result=0xffff8880073c2d00
            bash-437     [001] .....    12.688512: ovldiag_open: (ovl_open+0xb2/0x100 <- ovl_open_realfile) result=0xffff888005c95100
            bash-437     [001] .....    12.688538: ovldiag_ensure: (ovl_write_iter+0xaf/0x130 <- ovl_ensure_upper_and_switch) result=0x0
            bash-437     [001] .....    12.688555: ovldiag_write: (ovl_write_iter+0x10c/0x130 <- backing_file_write_iter) result=0xe
             cat-548     [000] .....    12.693157: ovldiag_open: (ovl_open+0xb2/0x100 <- ovl_open_realfile) result=0xffff888007160500
            bash-437     [001] .....    12.693635: ovldiag_open: (ovl_open+0xb2/0x100 <- ovl_open_realfile) result=0xffff8880044a8b00
            bash-437     [001] .....    12.693649: ovldiag_ensure: (ovl_write_iter+0xaf/0x130 <- ovl_ensure_upper_and_switch) result=0x0
            bash-437     [001] .....    12.693668: ovldiag_write: (ovl_write_iter+0x10c/0x130 <- backing_file_write_iter) result=0x9
            bash-437     [001] .....    12.698276: ovldiag_open: (ovl_open+0xb2/0x100 <- ovl_open_realfile) result=0xffff8880044a8e00
            bash-437     [001] .....    12.698309: ovldiag_ensure: (ovl_write_iter+0xaf/0x130 <- ovl_ensure_upper_and_switch) result=0x0
            bash-437     [001] .....    12.698326: ovldiag_write: (ovl_write_iter+0x10c/0x130 <- backing_file_write_iter) result=0xa
            bash-437     [000] .....    12.722899: ovldiag_open: (ovl_open+0xb2/0x100 <- ovl_open_realfile) result=0xffff888004619b00
            bash-437     [000] .....    12.723020: ovldiag_ensure: (ovl_write_iter+0xaf/0x130 <- ovl_ensure_upper_and_switch) result=0x0
            bash-437     [000] .....    12.723036: ovldiag_write: (ovl_write_iter+0x10c/0x130 <- backing_file_write_iter) result=0x2
              cp-605     [000] .....    12.897002: ovldiag_open: (ovl_open+0xb2/0x100 <- ovl_open_realfile) result=0xffff8880047ff500
              cp-605     [000] .....    12.897053: ovldiag_open: (ovl_open+0xb2/0x100 <- ovl_open_realfile) result=0xffff8880047ffc00
              cp-605     [000] .....    12.897059: ovldiag_ensure: (ovl_copyfile+0x59/0x1d0 <- ovl_ensure_upper_and_switch) result=0x0
       mmap_test-607     [000] .....    12.901842: ovldiag_open: (ovl_open+0xb2/0x100 <- ovl_open_realfile) result=0xffff8880046d8200
       mmap_test-607     [000] .....    12.901848: ovldiag_ensure: (ovl_mmap+0x8f/0xa0 <- ovl_ensure_upper_and_switch) result=0x0
              dd-646     [000] .....    13.519489: ovldiag_open: (ovl_open+0xb2/0x100 <- ovl_open_realfile) result=0xffff88800724e000
              dd-646     [000] .....    13.519559: ovldiag_ensure: (ovl_write_iter+0xaf/0x130 <- ovl_ensure_upper_and_switch) result=0x0
              dd-646     [000] .....    13.519587: ovldiag_write: (ovl_write_iter+0x10c/0x130 <- backing_file_write_iter) result=0x1000
              dd-648     [000] .....    13.524238: ovldiag_open: (ovl_open+0xb2/0x100 <- ovl_open_realfile) result=0xffff888007162300
              dd-648     [000] .....    13.524297: ovldiag_ensure: (ovl_write_iter+0xaf/0x130 <- ovl_ensure_upper_and_switch) result=0x0
              dd-648     [000] .....    13.524317: ovldiag_write: (ovl_write_iter+0x10c/0x130 <- backing_file_write_iter) result=0x1000
              dd-651     [001] .....    13.524538: ovldiag_open: (ovl_open+0xb2/0x100 <- ovl_open_realfile) result=0xffff8880046cde00
              dd-651     [001] .....    13.524606: ovldiag_ensure: (ovl_write_iter+0xaf/0x130 <- ovl_ensure_upper_and_switch) result=0x0
              dd-651     [001] .....    13.524644: ovldiag_write: (ovl_write_iter+0x10c/0x130 <- backing_file_write_iter) result=0x1000
              dd-653     [000] .....    13.528014: ovldiag_open: (ovl_open+0xb2/0x100 <- ovl_open_realfile) result=0xffff8880044a1c00
              dd-653     [000] .....    13.528111: ovldiag_ensure: (ovl_write_iter+0xaf/0x130 <- ovl_ensure_upper_and_switch) result=0x0
              dd-653     [000] .....    13.528132: ovldiag_write: (ovl_write_iter+0x10c/0x130 <- backing_file_write_iter) result=0x1000
             cat-657     [000] .....    13.531655: ovldiag_open: (ovl_open+0xb2/0x100 <- ovl_open_realfile) result=0xffff88800461b000
              dd-664     [000] .....    13.534055: ovldiag_open: (ovl_open+0xb2/0x100 <- ovl_open_realfile) result=0xffff88800457b000
              dd-664     [000] .....    13.534128: ovldiag_ensure: (ovl_write_iter+0xaf/0x130 <- ovl_ensure_upper_and_switch) result=0x0
              dd-664     [000] .....    13.534144: ovldiag_write: (ovl_write_iter+0x10c/0x130 <- backing_file_write_iter) result=0x1000
             cat-663     [000] .....    13.538353: ovldiag_open: (ovl_open+0xb2/0x100 <- ovl_open_realfile) result=0xffff88800893c700
             cat-660     [001] .....    13.538810: ovldiag_open: (ovl_open+0xb2/0x100 <- ovl_open_realfile) result=0xffff888004619900
             cat-667     [001] .....    13.544976: ovldiag_open: (ovl_open+0xb2/0x100 <- ovl_open_realfile) result=0xffff888005ccb400
              dd-672     [000] .....    13.546477: ovldiag_open: (ovl_open+0xb2/0x100 <- ovl_open_realfile) result=0xffff888007107d00
              dd-672     [000] .....    13.546517: ovldiag_ensure: (ovl_write_iter+0xaf/0x130 <- ovl_ensure_upper_and_switch) result=0x0
              dd-672     [000] .....    13.546532: ovldiag_write: (ovl_write_iter+0x10c/0x130 <- backing_file_write_iter) result=0x1000
              dd-674     [000] .....    13.546702: ovldiag_open: (ovl_open+0xb2/0x100 <- ovl_open_realfile) result=0xffff888007107d00
              dd-674     [000] .....    13.546735: ovldiag_ensure: (ovl_write_iter+0xaf/0x130 <- ovl_ensure_upper_and_switch) result=0x0
              dd-674     [000] .....    13.546743: ovldiag_write: (ovl_write_iter+0x10c/0x130 <- backing_file_write_iter) result=0x1000
              dd-677     [000] .....    13.550527: ovldiag_open: (ovl_open+0xb2/0x100 <- ovl_open_realfile) result=0xffff88800715d900
              dd-677     [000] .....    13.550562: ovldiag_ensure: (ovl_write_iter+0xaf/0x130 <- ovl_ensure_upper_and_switch) result=0x0
              dd-677     [000] .....    13.550574: ovldiag_write: (ovl_write_iter+0x10c/0x130 <- backing_file_write_iter) result=0x1000
             cat-676     [001] .....    13.553736: ovldiag_open: (ovl_open+0xb2/0x100 <- ovl_open_realfile) result=0xffff88800707b100
              dd-683     [000] .....    13.558152: ovldiag_open: (ovl_open+0xb2/0x100 <- ovl_open_realfile) result=0xffff888007160f00
              dd-683     [000] .....    13.558184: ovldiag_ensure: (ovl_write_iter+0xaf/0x130 <- ovl_ensure_upper_and_switch) result=0x0
              dd-683     [000] .....    13.558197: ovldiag_write: (ovl_write_iter+0x10c/0x130 <- backing_file_write_iter) result=0x1000
             cat-686     [001] .....    13.559584: ovldiag_open: (ovl_open+0xb2/0x100 <- ovl_open_realfile) result=0xffff8880072d8300
             cat-690     [000] .....    13.561889: ovldiag_open: (ovl_open+0xb2/0x100 <- ovl_open_realfile) result=0xffff888007046600
              dd-693     [001] .....    13.565880: ovldiag_open: (ovl_open+0xb2/0x100 <- ovl_open_realfile) result=0xffff88800707bc00
              dd-693     [001] .....    13.565916: ovldiag_ensure: (ovl_write_iter+0xaf/0x130 <- ovl_ensure_upper_and_switch) result=0x0
              dd-693     [001] .....    13.565939: ovldiag_write: (ovl_write_iter+0x10c/0x130 <- backing_file_write_iter) result=0x1000
             cat-694     [000] .....    13.566947: ovldiag_open: (ovl_open+0xb2/0x100 <- ovl_open_realfile) result=0xffff88800724ef00
              dd-695     [000] .....    13.569566: ovldiag_open: (ovl_open+0xb2/0x100 <- ovl_open_realfile) result=0xffff8880044a8400
              dd-695     [000] .....    13.569605: ovldiag_ensure: (ovl_write_iter+0xaf/0x130 <- ovl_ensure_upper_and_switch) result=0x0
              dd-695     [000] .....    13.569618: ovldiag_write: (ovl_write_iter+0x10c/0x130 <- backing_file_write_iter) result=0x1000
              dd-697     [000] .....    13.570722: ovldiag_open: (ovl_open+0xb2/0x100 <- ovl_open_realfile) result=0xffff8880073bab00
              dd-697     [000] .....    13.570757: ovldiag_ensure: (ovl_write_iter+0xaf/0x130 <- ovl_ensure_upper_and_switch) result=0x0
              dd-697     [000] .....    13.570770: ovldiag_write: (ovl_write_iter+0x10c/0x130 <- backing_file_write_iter) result=0x1000
             cat-698     [001] .....    13.571062: ovldiag_open: (ovl_open+0xb2/0x100 <- ovl_open_realfile) result=0xffff88800457bb00
              dd-702     [000] .....    13.574048: ovldiag_open: (ovl_open+0xb2/0x100 <- ovl_open_realfile) result=0xffff88800dc64400
              dd-702     [000] .....    13.574092: ovldiag_ensure: (ovl_write_iter+0xaf/0x130 <- ovl_ensure_upper_and_switch) result=0x0
              dd-702     [000] .....    13.574105: ovldiag_write: (ovl_write_iter+0x10c/0x130 <- backing_file_write_iter) result=0x1000
             cat-708     [001] .....    13.576757: ovldiag_open: (ovl_open+0xb2/0x100 <- ovl_open_realfile) result=0xffff88800dca3600
             cat-707     [000] .....    13.577454: ovldiag_open: (ovl_open+0xb2/0x100 <- ovl_open_realfile) result=0xffff888007160d00
             cat-714     [001] .....    13.582936: ovldiag_open: (ovl_open+0xb2/0x100 <- ovl_open_realfile) result=0xffff8880073c2300
              dd-715     [000] .....    13.583431: ovldiag_open: (ovl_open+0xb2/0x100 <- ovl_open_realfile) result=0xffff8880073baa00
              dd-715     [000] .....    13.583457: ovldiag_ensure: (ovl_write_iter+0xaf/0x130 <- ovl_ensure_upper_and_switch) result=0x0
              dd-715     [000] .....    13.583471: ovldiag_write: (ovl_write_iter+0x10c/0x130 <- backing_file_write_iter) result=0x1000
              dd-716     [000] .....    13.584604: ovldiag_open: (ovl_open+0xb2/0x100 <- ovl_open_realfile) result=0xffff88800dc61600
              dd-716     [000] .....    13.584629: ovldiag_ensure: (ovl_write_iter+0xaf/0x130 <- ovl_ensure_upper_and_switch) result=0x0
              dd-716     [000] .....    13.584642: ovldiag_write: (ovl_write_iter+0x10c/0x130 <- backing_file_write_iter) result=0x1000
             cat-722     [000] .....    13.587689: ovldiag_open: (ovl_open+0xb2/0x100 <- ovl_open_realfile) result=0xffff88800700f400
             cat-719     [001] .....    13.588735: ovldiag_open: (ovl_open+0xb2/0x100 <- ovl_open_realfile) result=0xffff888007046600
              dd-723     [000] .....    13.589187: ovldiag_open: (ovl_open+0xb2/0x100 <- ovl_open_realfile) result=0xffff8880046d8600
              dd-723     [000] .....    13.589213: ovldiag_ensure: (ovl_write_iter+0xaf/0x130 <- ovl_ensure_upper_and_switch) result=0x0
              dd-723     [000] .....    13.589227: ovldiag_write: (ovl_write_iter+0x10c/0x130 <- backing_file_write_iter) result=0x1000
             cat-726     [000] .....    13.590717: ovldiag_open: (ovl_open+0xb2/0x100 <- ovl_open_realfile) result=0xffff88800dc86a00
              dd-721     [001] .....    13.591188: ovldiag_open: (ovl_open+0xb2/0x100 <- ovl_open_realfile) result=0xffff88800dc61700
              dd-721     [001] .....    13.591216: ovldiag_ensure: (ovl_write_iter+0xaf/0x130 <- ovl_ensure_upper_and_switch) result=0x0
              dd-721     [001] .....    13.591234: ovldiag_write: (ovl_write_iter+0x10c/0x130 <- backing_file_write_iter) result=0x1000
              dd-734     [001] .....    13.598461: ovldiag_open: (ovl_open+0xb2/0x100 <- ovl_open_realfile) result=0xffff888005c89f00
              dd-734     [001] .....    13.598493: ovldiag_ensure: (ovl_write_iter+0xaf/0x130 <- ovl_ensure_upper_and_switch) result=0x0
              dd-734     [001] .....    13.598508: ovldiag_write: (ovl_write_iter+0x10c/0x130 <- backing_file_write_iter) result=0x1000
             cat-735     [000] .....    13.598758: ovldiag_open: (ovl_open+0xb2/0x100 <- ovl_open_realfile) result=0xffff88800461bd00
              dd-737     [001] .....    13.600847: ovldiag_open: (ovl_open+0xb2/0x100 <- ovl_open_realfile) result=0xffff88800abfbc00
              dd-737     [001] .....    13.600880: ovldiag_ensure: (ovl_write_iter+0xaf/0x130 <- ovl_ensure_upper_and_switch) result=0x0
              dd-737     [001] .....    13.600899: ovldiag_write: (ovl_write_iter+0x10c/0x130 <- backing_file_write_iter) result=0x1000
             cat-739     [000] .....    13.601124: ovldiag_open: (ovl_open+0xb2/0x100 <- ovl_open_realfile) result=0xffff888005cb7b00
             cat-741     [000] .....    13.603881: ovldiag_open: (ovl_open+0xb2/0x100 <- ovl_open_realfile) result=0xffff8880073a9c00
             cat-743     [001] .n...    13.604089: ovldiag_open: (ovl_open+0xb2/0x100 <- ovl_open_realfile) result=0xffff88800d790300
              dd-745     [000] .....    13.607024: ovldiag_open: (ovl_open+0xb2/0x100 <- ovl_open_realfile) result=0xffff888005cb3800
              dd-745     [000] .....    13.607051: ovldiag_ensure: (ovl_write_iter+0xaf/0x130 <- ovl_ensure_upper_and_switch) result=0x0
              dd-745     [000] .....    13.607062: ovldiag_write: (ovl_write_iter+0x10c/0x130 <- backing_file_write_iter) result=0x1000
              dd-747     [000] .....    13.609718: ovldiag_open: (ovl_open+0xb2/0x100 <- ovl_open_realfile) result=0xffff8880073a8600
              dd-747     [000] .....    13.609760: ovldiag_ensure: (ovl_write_iter+0xaf/0x130 <- ovl_ensure_upper_and_switch) result=0x0
              dd-747     [000] .....    13.609774: ovldiag_write: (ovl_write_iter+0x10c/0x130 <- backing_file_write_iter) result=0x1000
              dd-754     [000] .....    13.612722: ovldiag_open: (ovl_open+0xb2/0x100 <- ovl_open_realfile) result=0xffff8880046d8600
              dd-754     [000] .....    13.612749: ovldiag_ensure: (ovl_write_iter+0xaf/0x130 <- ovl_ensure_upper_and_switch) result=0x0
              dd-754     [000] .....    13.612764: ovldiag_write: (ovl_write_iter+0x10c/0x130 <- backing_file_write_iter) result=0x1000
             cat-755     [001] .....    13.613924: ovldiag_open: (ovl_open+0xb2/0x100 <- ovl_open_realfile) result=0xffff88800abb8a00
              dd-757     [001] .....    13.616233: ovldiag_open: (ovl_open+0xb2/0x100 <- ovl_open_realfile) result=0xffff888007256500
              dd-757     [001] .....    13.616270: ovldiag_ensure: (ovl_write_iter+0xaf/0x130 <- ovl_ensure_upper_and_switch) result=0x0
              dd-757     [001] .....    13.616286: ovldiag_write: (ovl_write_iter+0x10c/0x130 <- backing_file_write_iter) result=0x1000
             cat-760     [001] .....    13.618713: ovldiag_open: (ovl_open+0xb2/0x100 <- ovl_open_realfile) result=0xffff88800d7cf600
             cat-763     [000] .....    13.619341: ovldiag_open: (ovl_open+0xb2/0x100 <- ovl_open_realfile) result=0xffff88800724e100
             cat-761     [000] .....    13.619909: ovldiag_open: (ovl_open+0xb2/0x100 <- ovl_open_realfile) result=0xffff88800dce2900
              dd-767     [001] .....    13.624300: ovldiag_open: (ovl_open+0xb2/0x100 <- ovl_open_realfile) result=0xffff88800dc83400
              dd-767     [001] .....    13.624345: ovldiag_ensure: (ovl_write_iter+0xaf/0x130 <- ovl_ensure_upper_and_switch) result=0x0
              dd-767     [001] .....    13.624362: ovldiag_write: (ovl_write_iter+0x10c/0x130 <- backing_file_write_iter) result=0x1000
             cat-772     [000] .....    13.627953: ovldiag_open: (ovl_open+0xb2/0x100 <- ovl_open_realfile) result=0xffff88800461bd00
              dd-770     [000] .....    13.628158: ovldiag_open: (ovl_open+0xb2/0x100 <- ovl_open_realfile) result=0xffff88800461bd00
              dd-770     [000] .....    13.628192: ovldiag_ensure: (ovl_write_iter+0xaf/0x130 <- ovl_ensure_upper_and_switch) result=0x0
              dd-770     [000] .....    13.628205: ovldiag_write: (ovl_write_iter+0x10c/0x130 <- backing_file_write_iter) result=0x1000
              dd-774     [001] .....    13.628687: ovldiag_open: (ovl_open+0xb2/0x100 <- ovl_open_realfile) result=0xffff8880073c2400
              dd-774     [001] .....    13.628716: ovldiag_ensure: (ovl_write_iter+0xaf/0x130 <- ovl_ensure_upper_and_switch) result=0x0
              dd-774     [001] .....    13.628733: ovldiag_write: (ovl_write_iter+0x10c/0x130 <- backing_file_write_iter) result=0x1000
              dd-778     [000] .....    13.631776: ovldiag_open: (ovl_open+0xb2/0x100 <- ovl_open_realfile) result=0xffff888007160b00
              dd-778     [000] .....    13.631818: ovldiag_ensure: (ovl_write_iter+0xaf/0x130 <- ovl_ensure_upper_and_switch) result=0x0
              dd-778     [000] .....    13.631831: ovldiag_write: (ovl_write_iter+0x10c/0x130 <- backing_file_write_iter) result=0x1000
             cat-781     [001] .....    13.634206: ovldiag_open: (ovl_open+0xb2/0x100 <- ovl_open_realfile) result=0xffff8880073c2e00
             cat-782     [000] .....    13.634654: ovldiag_open: (ovl_open+0xb2/0x100 <- ovl_open_realfile) result=0xffff888005c95700
             cat-779     [000] .....    13.635086: ovldiag_open: (ovl_open+0xb2/0x100 <- ovl_open_realfile) result=0xffff8880044a8a00
              dd-787     [000] .....    13.640525: ovldiag_open: (ovl_open+0xb2/0x100 <- ovl_open_realfile) result=0xffff88800724ea00
              dd-787     [000] .....    13.640565: ovldiag_ensure: (ovl_write_iter+0xaf/0x130 <- ovl_ensure_upper_and_switch) result=0x0
              dd-787     [000] .....    13.640578: ovldiag_write: (ovl_write_iter+0x10c/0x130 <- backing_file_write_iter) result=0x1000
              dd-791     [001] .....    13.642045: ovldiag_open: (ovl_open+0xb2/0x100 <- ovl_open_realfile) result=0xffff88800dc83200
              dd-791     [001] .....    13.642116: ovldiag_ensure: (ovl_write_iter+0xaf/0x130 <- ovl_ensure_upper_and_switch) result=0x0
              dd-791     [001] .....    13.642134: ovldiag_write: (ovl_write_iter+0x10c/0x130 <- backing_file_write_iter) result=0x1000
             cat-792     [001] .....    13.643278: ovldiag_open: (ovl_open+0xb2/0x100 <- ovl_open_realfile) result=0xffff88800457bd00
              dd-794     [000] .....    13.644989: ovldiag_open: (ovl_open+0xb2/0x100 <- ovl_open_realfile) result=0xffff88800aba5800
              dd-794     [000] .....    13.645016: ovldiag_ensure: (ovl_write_iter+0xaf/0x130 <- ovl_ensure_upper_and_switch) result=0x0
              dd-794     [000] .....    13.645030: ovldiag_write: (ovl_write_iter+0x10c/0x130 <- backing_file_write_iter) result=0x1000
             cat-798     [000] .....    13.647754: ovldiag_open: (ovl_open+0xb2/0x100 <- ovl_open_realfile) result=0xffff88800714a800
              dd-800     [001] .....    13.648970: ovldiag_open: (ovl_open+0xb2/0x100 <- ovl_open_realfile) result=0xffff888007079b00
              dd-800     [001] .....    13.649000: ovldiag_ensure: (ovl_write_iter+0xaf/0x130 <- ovl_ensure_upper_and_switch) result=0x0
              dd-800     [001] .....    13.649019: ovldiag_write: (ovl_write_iter+0x10c/0x130 <- backing_file_write_iter) result=0x1000
             cat-803     [000] .....    13.649515: ovldiag_open: (ovl_open+0xb2/0x100 <- ovl_open_realfile) result=0xffff888008944100
             cat-801     [000] .....    13.650978: ovldiag_open: (ovl_open+0xb2/0x100 <- ovl_open_realfile) result=0xffff88800724e200
              dd-810     [001] .....    13.655341: ovldiag_open: (ovl_open+0xb2/0x100 <- ovl_open_realfile) result=0xffff88800707ba00
              dd-810     [001] .....    13.655371: ovldiag_ensure: (ovl_write_iter+0xaf/0x130 <- ovl_ensure_upper_and_switch) result=0x0
              dd-810     [001] .....    13.655402: ovldiag_write: (ovl_write_iter+0x10c/0x130 <- backing_file_write_iter) result=0x1000
             cat-811     [001] .....    13.657108: ovldiag_open: (ovl_open+0xb2/0x100 <- ovl_open_realfile) result=0xffff888005d46100
              dd-812     [000] .....    13.657439: ovldiag_open: (ovl_open+0xb2/0x100 <- ovl_open_realfile) result=0xffff8880073d6900
              dd-812     [000] .....    13.657469: ovldiag_ensure: (ovl_write_iter+0xaf/0x130 <- ovl_ensure_upper_and_switch) result=0x0
              dd-812     [000] .....    13.657482: ovldiag_write: (ovl_write_iter+0x10c/0x130 <- backing_file_write_iter) result=0x1000
             cat-817     [000] .....    13.660216: ovldiag_open: (ovl_open+0xb2/0x100 <- ovl_open_realfile) result=0xffff8880073d6700
              dd-815     [000] .....    13.660598: ovldiag_open: (ovl_open+0xb2/0x100 <- ovl_open_realfile) result=0xffff88800abb8800
              dd-815     [000] .....    13.660622: ovldiag_ensure: (ovl_write_iter+0xaf/0x130 <- ovl_ensure_upper_and_switch) result=0x0
              dd-815     [000] .....    13.660633: ovldiag_write: (ovl_write_iter+0x10c/0x130 <- backing_file_write_iter) result=0x1000
             cat-818     [000] .....    13.662911: ovldiag_open: (ovl_open+0xb2/0x100 <- ovl_open_realfile) result=0xffff8880073d6700
              dd-821     [001] .....    13.665346: ovldiag_open: (ovl_open+0xb2/0x100 <- ovl_open_realfile) result=0xffff888007248b00
              dd-821     [001] .....    13.665389: ovldiag_ensure: (ovl_write_iter+0xaf/0x130 <- ovl_ensure_upper_and_switch) result=0x0
              dd-821     [001] .....    13.665406: ovldiag_write: (ovl_write_iter+0x10c/0x130 <- backing_file_write_iter) result=0x1000
             cat-823     [000] .....    13.666329: ovldiag_open: (ovl_open+0xb2/0x100 <- ovl_open_realfile) result=0xffff888008a48b00
              dd-830     [000] .....    13.670601: ovldiag_open: (ovl_open+0xb2/0x100 <- ovl_open_realfile) result=0xffff88800aa9c100
              dd-830     [000] .....    13.670631: ovldiag_ensure: (ovl_write_iter+0xaf/0x130 <- ovl_ensure_upper_and_switch) result=0x0
              dd-830     [000] .....    13.670645: ovldiag_write: (ovl_write_iter+0x10c/0x130 <- backing_file_write_iter) result=0x1000
             cat-831     [001] .....    13.672238: ovldiag_open: (ovl_open+0xb2/0x100 <- ovl_open_realfile) result=0xffff88800dcd5000
              dd-833     [000] .....    13.672466: ovldiag_open: (ovl_open+0xb2/0x100 <- ovl_open_realfile) result=0xffff88800700f300
              dd-833     [000] .....    13.672492: ovldiag_ensure: (ovl_write_iter+0xaf/0x130 <- ovl_ensure_upper_and_switch) result=0x0
              dd-833     [000] .....    13.672506: ovldiag_write: (ovl_write_iter+0x10c/0x130 <- backing_file_write_iter) result=0x1000
             cat-836     [000] .....    13.674202: ovldiag_open: (ovl_open+0xb2/0x100 <- ovl_open_realfile) result=0xffff88800ab7f100
              dd-840     [001] .....    13.678050: ovldiag_open: (ovl_open+0xb2/0x100 <- ovl_open_realfile) result=0xffff88800aa92600
             cat-839     [000] .....    13.678276: ovldiag_open: (ovl_open+0xb2/0x100 <- ovl_open_realfile) result=0xffff88800d692200
             cat-841     [000] .....    13.678741: ovldiag_open: (ovl_open+0xb2/0x100 <- ovl_open_realfile) result=0xffff8880073a8600
              dd-840     [001] .....    13.679048: ovldiag_ensure: (ovl_write_iter+0xaf/0x130 <- ovl_ensure_upper_and_switch) result=0x0
              dd-840     [001] .....    13.679137: ovldiag_write: (ovl_write_iter+0x10c/0x130 <- backing_file_write_iter) result=0x1000
              dd-845     [000] .....    13.682113: ovldiag_open: (ovl_open+0xb2/0x100 <- ovl_open_realfile) result=0xffff888008944200
              dd-845     [000] .....    13.682141: ovldiag_ensure: (ovl_write_iter+0xaf/0x130 <- ovl_ensure_upper_and_switch) result=0x0
              dd-845     [000] .....    13.682155: ovldiag_write: (ovl_write_iter+0x10c/0x130 <- backing_file_write_iter) result=0x1000
             cat-847     [001] .....    13.683243: ovldiag_open: (ovl_open+0xb2/0x100 <- ovl_open_realfile) result=0xffff88800736e200
             cat-852     [000] .....    13.686345: ovldiag_open: (ovl_open+0xb2/0x100 <- ovl_open_realfile) result=0xffff8880072d8e00
              dd-853     [001] .....    13.687134: ovldiag_open: (ovl_open+0xb2/0x100 <- ovl_open_realfile) result=0xffff88800d566400
              dd-853     [001] .....    13.687164: ovldiag_ensure: (ovl_write_iter+0xaf/0x130 <- ovl_ensure_upper_and_switch) result=0x0
              dd-853     [001] .....    13.687181: ovldiag_write: (ovl_write_iter+0x10c/0x130 <- backing_file_write_iter) result=0x1000
              dd-854     [001] .....    13.688284: ovldiag_open: (ovl_open+0xb2/0x100 <- ovl_open_realfile) result=0xffff888005c89300
              dd-854     [001] .....    13.688315: ovldiag_ensure: (ovl_write_iter+0xaf/0x130 <- ovl_ensure_upper_and_switch) result=0x0
              dd-854     [001] .....    13.688331: ovldiag_write: (ovl_write_iter+0x10c/0x130 <- backing_file_write_iter) result=0x1000
             cat-860     [000] .....    13.690903: ovldiag_open: (ovl_open+0xb2/0x100 <- ovl_open_realfile) result=0xffff88800d692b00
              dd-861     [001] .....    13.692784: ovldiag_open: (ovl_open+0xb2/0x100 <- ovl_open_realfile) result=0xffff888005c2e300
              dd-861     [001] .....    13.692816: ovldiag_ensure: (ovl_write_iter+0xaf/0x130 <- ovl_ensure_upper_and_switch) result=0x0
              dd-861     [001] .....    13.692834: ovldiag_write: (ovl_write_iter+0x10c/0x130 <- backing_file_write_iter) result=0x1000
             cat-862     [000] .....    13.693570: ovldiag_open: (ovl_open+0xb2/0x100 <- ovl_open_realfile) result=0xffff888005cb3300
              dd-867     [000] .....    13.697452: ovldiag_open: (ovl_open+0xb2/0x100 <- ovl_open_realfile) result=0xffff888008944900
              dd-867     [000] .....    13.697487: ovldiag_ensure: (ovl_write_iter+0xaf/0x130 <- ovl_ensure_upper_and_switch) result=0x0
              dd-867     [000] .....    13.697500: ovldiag_write: (ovl_write_iter+0x10c/0x130 <- backing_file_write_iter) result=0x1000
             cat-868     [001] .....    13.697905: ovldiag_open: (ovl_open+0xb2/0x100 <- ovl_open_realfile) result=0xffff8880046d8500
             cat-871     [000] .....    13.700333: ovldiag_open: (ovl_open+0xb2/0x100 <- ovl_open_realfile) result=0xffff88800724e200
              dd-875     [001] .....    13.703038: ovldiag_open: (ovl_open+0xb2/0x100 <- ovl_open_realfile) result=0xffff88800d7c7f00
              dd-875     [001] .....    13.703085: ovldiag_ensure: (ovl_write_iter+0xaf/0x130 <- ovl_ensure_upper_and_switch) result=0x0
              dd-875     [001] .....    13.703103: ovldiag_write: (ovl_write_iter+0x10c/0x130 <- backing_file_write_iter) result=0x1000
              dd-877     [000] .....    13.703710: ovldiag_open: (ovl_open+0xb2/0x100 <- ovl_open_realfile) result=0xffff88800d4ea100
              dd-877     [000] .....    13.703737: ovldiag_ensure: (ovl_write_iter+0xaf/0x130 <- ovl_ensure_upper_and_switch) result=0x0
              dd-877     [000] .....    13.703750: ovldiag_write: (ovl_write_iter+0x10c/0x130 <- backing_file_write_iter) result=0x1000
             cat-880     [000] .....    13.706211: ovldiag_open: (ovl_open+0xb2/0x100 <- ovl_open_realfile) result=0xffff88800d521600
             cat-881     [001] .....    13.706808: ovldiag_open: (ovl_open+0xb2/0x100 <- ovl_open_realfile) result=0xffff8880044a1c00
              dd-882     [001] .....    13.708006: ovldiag_open: (ovl_open+0xb2/0x100 <- ovl_open_realfile) result=0xffff88800736ec00
              dd-882     [001] .....    13.708036: ovldiag_ensure: (ovl_write_iter+0xaf/0x130 <- ovl_ensure_upper_and_switch) result=0x0
              dd-882     [001] .....    13.708054: ovldiag_write: (ovl_write_iter+0x10c/0x130 <- backing_file_write_iter) result=0x1000
             cat-886     [001] .....    13.711165: ovldiag_open: (ovl_open+0xb2/0x100 <- ovl_open_realfile) result=0xffff88800d7c6000
             cat-889     [000] .....    13.712800: ovldiag_open: (ovl_open+0xb2/0x100 <- ovl_open_realfile) result=0xffff888007160000
              dd-888     [001] .....    13.713661: ovldiag_open: (ovl_open+0xb2/0x100 <- ovl_open_realfile) result=0xffff88800abd1700
              dd-888     [001] .....    13.713692: ovldiag_ensure: (ovl_write_iter+0xaf/0x130 <- ovl_ensure_upper_and_switch) result=0x0
              dd-888     [001] .....    13.713711: ovldiag_write: (ovl_write_iter+0x10c/0x130 <- backing_file_write_iter) result=0x1000
              dd-895     [000] .....    13.717395: ovldiag_open: (ovl_open+0xb2/0x100 <- ovl_open_realfile) result=0xffff8880072d8a00
              dd-895     [000] .....    13.717421: ovldiag_ensure: (ovl_write_iter+0xaf/0x130 <- ovl_ensure_upper_and_switch) result=0x0
              dd-895     [000] .....    13.717434: ovldiag_write: (ovl_write_iter+0x10c/0x130 <- backing_file_write_iter) result=0x1000
              dd-896     [001] .....    13.717694: ovldiag_open: (ovl_open+0xb2/0x100 <- ovl_open_realfile) result=0xffff8880046d8d00
              dd-896     [001] .....    13.717723: ovldiag_ensure: (ovl_write_iter+0xaf/0x130 <- ovl_ensure_upper_and_switch) result=0x0
              dd-896     [001] .....    13.717741: ovldiag_write: (ovl_write_iter+0x10c/0x130 <- backing_file_write_iter) result=0x1000
             cat-898     [000] .....    13.718869: ovldiag_open: (ovl_open+0xb2/0x100 <- ovl_open_realfile) result=0xffff88800700f000
             cat-902     [001] .....    13.721462: ovldiag_open: (ovl_open+0xb2/0x100 <- ovl_open_realfile) result=0xffff88800893c300
              dd-904     [000] .....    13.723472: ovldiag_open: (ovl_open+0xb2/0x100 <- ovl_open_realfile) result=0xffff88800ab8fb00
              dd-904     [000] .....    13.723506: ovldiag_ensure: (ovl_write_iter+0xaf/0x130 <- ovl_ensure_upper_and_switch) result=0x0
              dd-904     [000] .....    13.723520: ovldiag_write: (ovl_write_iter+0x10c/0x130 <- backing_file_write_iter) result=0x1000
             cat-906     [000] .....    13.725015: ovldiag_open: (ovl_open+0xb2/0x100 <- ovl_open_realfile) result=0xffff888008879a00
             cat-909     [001] .....    13.726334: ovldiag_open: (ovl_open+0xb2/0x100 <- ovl_open_realfile) result=0xffff8880047ff000
              dd-910     [000] .....    13.727567: ovldiag_open: (ovl_open+0xb2/0x100 <- ovl_open_realfile) result=0xffff888008870000
              dd-910     [000] .....    13.727595: ovldiag_ensure: (ovl_write_iter+0xaf/0x130 <- ovl_ensure_upper_and_switch) result=0x0
              dd-910     [000] .....    13.727609: ovldiag_write: (ovl_write_iter+0x10c/0x130 <- backing_file_write_iter) result=0x1000
             cat-914     [001] .....    13.730762: ovldiag_open: (ovl_open+0xb2/0x100 <- ovl_open_realfile) result=0xffff8880044a8500
              dd-918     [000] .....    13.732539: ovldiag_open: (ovl_open+0xb2/0x100 <- ovl_open_realfile) result=0xffff88800dc71000
              dd-918     [000] .....    13.732564: ovldiag_ensure: (ovl_write_iter+0xaf/0x130 <- ovl_ensure_upper_and_switch) result=0x0
              dd-918     [000] .....    13.732575: ovldiag_write: (ovl_write_iter+0x10c/0x130 <- backing_file_write_iter) result=0x1000
              dd-917     [001] .....    13.732937: ovldiag_open: (ovl_open+0xb2/0x100 <- ovl_open_realfile) result=0xffff88800dc4f700
              dd-917     [001] .....    13.732972: ovldiag_ensure: (ovl_write_iter+0xaf/0x130 <- ovl_ensure_upper_and_switch) result=0x0
              dd-917     [001] .....    13.732991: ovldiag_write: (ovl_write_iter+0x10c/0x130 <- backing_file_write_iter) result=0x1000
             cat-920     [001] .....    13.734203: ovldiag_open: (ovl_open+0xb2/0x100 <- ovl_open_realfile) result=0xffff88800dcaf900
             cat-925     [000] .....    13.738058: ovldiag_open: (ovl_open+0xb2/0x100 <- ovl_open_realfile) result=0xffff888008a4c700
              dd-928     [001] .....    13.740051: ovldiag_open: (ovl_open+0xb2/0x100 <- ovl_open_realfile) result=0xffff888007160200
             cat-926     [001] .....    13.740297: ovldiag_open: (ovl_open+0xb2/0x100 <- ovl_open_realfile) result=0xffff8880046d8900
              dd-928     [001] .....    13.740725: ovldiag_ensure: (ovl_write_iter+0xaf/0x130 <- ovl_ensure_upper_and_switch) result=0x0
              dd-928     [001] .....    13.740746: ovldiag_write: (ovl_write_iter+0x10c/0x130 <- backing_file_write_iter) result=0x1000
              dd-933     [001] .....    13.742975: ovldiag_open: (ovl_open+0xb2/0x100 <- ovl_open_realfile) result=0xffff8880088fab00
              dd-933     [001] .....    13.743003: ovldiag_ensure: (ovl_write_iter+0xaf/0x130 <- ovl_ensure_upper_and_switch) result=0x0
              dd-933     [001] .....    13.743021: ovldiag_write: (ovl_write_iter+0x10c/0x130 <- backing_file_write_iter) result=0x1000
             cat-934     [000] .....    13.744171: ovldiag_open: (ovl_open+0xb2/0x100 <- ovl_open_realfile) result=0xffff888004619500
              dd-938     [001] .....    13.746443: ovldiag_open: (ovl_open+0xb2/0x100 <- ovl_open_realfile) result=0xffff88800dcb4500
              dd-938     [001] .....    13.746472: ovldiag_ensure: (ovl_write_iter+0xaf/0x130 <- ovl_ensure_upper_and_switch) result=0x0
             cat-937     [000] .....    13.746480: ovldiag_open: (ovl_open+0xb2/0x100 <- ovl_open_realfile) result=0xffff888005cb3300
              dd-938     [001] .....    13.746490: ovldiag_write: (ovl_write_iter+0x10c/0x130 <- backing_file_write_iter) result=0x1000
              dd-942     [001] .....    13.749346: ovldiag_open: (ovl_open+0xb2/0x100 <- ovl_open_realfile) result=0xffff8880047fff00
              dd-942     [001] .....    13.749376: ovldiag_ensure: (ovl_write_iter+0xaf/0x130 <- ovl_ensure_upper_and_switch) result=0x0
              dd-942     [001] .....    13.749402: ovldiag_write: (ovl_write_iter+0x10c/0x130 <- backing_file_write_iter) result=0x1000
             cat-945     [000] .....    13.751007: ovldiag_open: (ovl_open+0xb2/0x100 <- ovl_open_realfile) result=0xffff88800724e400
             cat-946     [001] .....    13.751892: ovldiag_open: (ovl_open+0xb2/0x100 <- ovl_open_realfile) result=0xffff888007160000
              dd-950     [001] .....    13.754771: ovldiag_open: (ovl_open+0xb2/0x100 <- ovl_open_realfile) result=0xffff888007160d00
              dd-950     [001] .....    13.754806: ovldiag_ensure: (ovl_write_iter+0xaf/0x130 <- ovl_ensure_upper_and_switch) result=0x0
              dd-950     [001] .....    13.754823: ovldiag_write: (ovl_write_iter+0x10c/0x130 <- backing_file_write_iter) result=0x1000
              dd-954     [000] .....    13.756639: ovldiag_open: (ovl_open+0xb2/0x100 <- ovl_open_realfile) result=0xffff88800457bd00
              dd-954     [000] .....    13.756671: ovldiag_ensure: (ovl_write_iter+0xaf/0x130 <- ovl_ensure_upper_and_switch) result=0x0
              dd-954     [000] .....    13.756685: ovldiag_write: (ovl_write_iter+0x10c/0x130 <- backing_file_write_iter) result=0x1000
             cat-956     [000] .....    13.758421: ovldiag_open: (ovl_open+0xb2/0x100 <- ovl_open_realfile) result=0xffff88800893c800
              dd-958     [000] .....    13.761441: ovldiag_open: (ovl_open+0xb2/0x100 <- ovl_open_realfile) result=0xffff888007162700
              dd-958     [000] .....    13.761470: ovldiag_ensure: (ovl_write_iter+0xaf/0x130 <- ovl_ensure_upper_and_switch) result=0x0
              dd-958     [000] .....    13.761483: ovldiag_write: (ovl_write_iter+0x10c/0x130 <- backing_file_write_iter) result=0x1000
             cat-957     [000] .....    13.761642: ovldiag_open: (ovl_open+0xb2/0x100 <- ovl_open_realfile) result=0xffff888007162000
              dd-960     [001] .....    13.763872: ovldiag_open: (ovl_open+0xb2/0x100 <- ovl_open_realfile) result=0xffff8880073a9300
              dd-960     [001] .....    13.763914: ovldiag_ensure: (ovl_write_iter+0xaf/0x130 <- ovl_ensure_upper_and_switch) result=0x0
              dd-960     [001] .....    13.763929: ovldiag_write: (ovl_write_iter+0x10c/0x130 <- backing_file_write_iter) result=0x1000
             cat-964     [001] .....    13.766198: ovldiag_open: (ovl_open+0xb2/0x100 <- ovl_open_realfile) result=0xffff88800dcd0600
             cat-965     [000] .....    13.766817: ovldiag_open: (ovl_open+0xb2/0x100 <- ovl_open_realfile) result=0xffff888005cb3500
              dd-972     [000] .....    13.770358: ovldiag_open: (ovl_open+0xb2/0x100 <- ovl_open_realfile) result=0xffff888005d46a00
              dd-972     [000] .....    13.770397: ovldiag_ensure: (ovl_write_iter+0xaf/0x130 <- ovl_ensure_upper_and_switch) result=0x0
              dd-972     [000] .....    13.770410: ovldiag_write: (ovl_write_iter+0x10c/0x130 <- backing_file_write_iter) result=0x1000
              dd-973     [001] .....    13.770975: ovldiag_open: (ovl_open+0xb2/0x100 <- ovl_open_realfile) result=0xffff88800457bb00
              dd-973     [001] .....    13.771008: ovldiag_ensure: (ovl_write_iter+0xaf/0x130 <- ovl_ensure_upper_and_switch) result=0x0
              dd-973     [001] .....    13.771025: ovldiag_write: (ovl_write_iter+0x10c/0x130 <- backing_file_write_iter) result=0x1000
             cat-975     [000] .....    13.773280: ovldiag_open: (ovl_open+0xb2/0x100 <- ovl_open_realfile) result=0xffff88800714ce00
             cat-977     [000] .....    13.773681: ovldiag_open: (ovl_open+0xb2/0x100 <- ovl_open_realfile) result=0xffff88800714cb00
              dd-978     [000] .....    13.774970: ovldiag_open: (ovl_open+0xb2/0x100 <- ovl_open_realfile) result=0xffff888005c8cc00
              dd-978     [000] .....    13.775000: ovldiag_ensure: (ovl_write_iter+0xaf/0x130 <- ovl_ensure_upper_and_switch) result=0x0
              dd-978     [000] .....    13.775022: ovldiag_write: (ovl_write_iter+0x10c/0x130 <- backing_file_write_iter) result=0x1000
             cat-981     [001] .....    13.775466: ovldiag_open: (ovl_open+0xb2/0x100 <- ovl_open_realfile) result=0xffff888005c2ef00
              dd-983     [001] .....    13.778671: ovldiag_open: (ovl_open+0xb2/0x100 <- ovl_open_realfile) result=0xffff88800d64e000
              dd-983     [001] .....    13.778704: ovldiag_ensure: (ovl_write_iter+0xaf/0x130 <- ovl_ensure_upper_and_switch) result=0x0
              dd-983     [001] .....    13.778721: ovldiag_write: (ovl_write_iter+0x10c/0x130 <- backing_file_write_iter) result=0x1000
             cat-984     [000] .....    13.781564: ovldiag_open: (ovl_open+0xb2/0x100 <- ovl_open_realfile) result=0xffff8880072d8200
              dd-991     [001] .....    13.783511: ovldiag_open: (ovl_open+0xb2/0x100 <- ovl_open_realfile) result=0xffff88800dc66a00
              dd-991     [001] .....    13.783540: ovldiag_ensure: (ovl_write_iter+0xaf/0x130 <- ovl_ensure_upper_and_switch) result=0x0
              dd-991     [001] .....    13.783558: ovldiag_write: (ovl_write_iter+0x10c/0x130 <- backing_file_write_iter) result=0x1000
              dd-993     [000] .....    13.785030: ovldiag_open: (ovl_open+0xb2/0x100 <- ovl_open_realfile) result=0xffff888008bbd500
              dd-993     [000] .....    13.785061: ovldiag_ensure: (ovl_write_iter+0xaf/0x130 <- ovl_ensure_upper_and_switch) result=0x0
              dd-993     [000] .n...    13.785119: ovldiag_write: (ovl_write_iter+0x10c/0x130 <- backing_file_write_iter) result=0x1000
             cat-996     [000] .....    13.787166: ovldiag_open: (ovl_open+0xb2/0x100 <- ovl_open_realfile) result=0xffff888008a2b100
             cat-997     [001] .....    13.787499: ovldiag_open: (ovl_open+0xb2/0x100 <- ovl_open_realfile) result=0xffff88800d69a400
             cat-999     [001] .....    13.789008: ovldiag_open: (ovl_open+0xb2/0x100 <- ovl_open_realfile) result=0xffff8880072a6000
              dd-1002    [001] .....    13.791602: ovldiag_open: (ovl_open+0xb2/0x100 <- ovl_open_realfile) result=0xffff88800d691e00
              dd-1002    [001] .....    13.791635: ovldiag_ensure: (ovl_write_iter+0xaf/0x130 <- ovl_ensure_upper_and_switch) result=0x0
              dd-1002    [001] .....    13.791652: ovldiag_write: (ovl_write_iter+0x10c/0x130 <- backing_file_write_iter) result=0x1000
             cat-1006    [000] .....    13.793998: ovldiag_open: (ovl_open+0xb2/0x100 <- ovl_open_realfile) result=0xffff88800dc5e200
              dd-1007    [001] .....    13.795162: ovldiag_open: (ovl_open+0xb2/0x100 <- ovl_open_realfile) result=0xffff88800893c600
              dd-1007    [001] .....    13.795190: ovldiag_ensure: (ovl_write_iter+0xaf/0x130 <- ovl_ensure_upper_and_switch) result=0x0
              dd-1007    [001] .....    13.795208: ovldiag_write: (ovl_write_iter+0x10c/0x130 <- backing_file_write_iter) result=0x1000
             cat-1011    [000] .....    13.798782: ovldiag_open: (ovl_open+0xb2/0x100 <- ovl_open_realfile) result=0xffff888005c8ca00
             cat-1014    [001] .....    13.800297: ovldiag_open: (ovl_open+0xb2/0x100 <- ovl_open_realfile) result=0xffff8880047ffd00
              dd-1015    [000] .....    13.800330: ovldiag_open: (ovl_open+0xb2/0x100 <- ovl_open_realfile) result=0xffff88800707be00
              dd-1015    [000] .....    13.800357: ovldiag_ensure: (ovl_write_iter+0xaf/0x130 <- ovl_ensure_upper_and_switch) result=0x0
              dd-1015    [000] .....    13.800372: ovldiag_write: (ovl_write_iter+0x10c/0x130 <- backing_file_write_iter) result=0x1000
              dd-1013    [000] .....    13.800628: ovldiag_open: (ovl_open+0xb2/0x100 <- ovl_open_realfile) result=0xffff8880046ffb00
              dd-1013    [000] .....    13.800654: ovldiag_ensure: (ovl_write_iter+0xaf/0x130 <- ovl_ensure_upper_and_switch) result=0x0
              dd-1013    [000] .....    13.800661: ovldiag_write: (ovl_write_iter+0x10c/0x130 <- backing_file_write_iter) result=0x1000
             cat-1023    [001] .....    13.805916: ovldiag_open: (ovl_open+0xb2/0x100 <- ovl_open_realfile) result=0xffff888007162600
              dd-1022    [000] .....    13.806176: ovldiag_open: (ovl_open+0xb2/0x100 <- ovl_open_realfile) result=0xffff8880073a9000
              dd-1022    [000] .....    13.806206: ovldiag_ensure: (ovl_write_iter+0xaf/0x130 <- ovl_ensure_upper_and_switch) result=0x0
              dd-1022    [000] .....    13.806219: ovldiag_write: (ovl_write_iter+0x10c/0x130 <- backing_file_write_iter) result=0x1000
             cat-1024    [000] .....    13.808153: ovldiag_open: (ovl_open+0xb2/0x100 <- ovl_open_realfile) result=0xffff8880072a6b00
             cat-1028    [001] .....    13.809451: ovldiag_open: (ovl_open+0xb2/0x100 <- ovl_open_realfile) result=0xffff8880072d8a00
              dd-1031    [000] .....    13.812322: ovldiag_open: (ovl_open+0xb2/0x100 <- ovl_open_realfile) result=0xffff8880073a8800
              dd-1031    [000] .....    13.812355: ovldiag_ensure: (ovl_write_iter+0xaf/0x130 <- ovl_ensure_upper_and_switch) result=0x0
              dd-1031    [000] .....    13.812374: ovldiag_write: (ovl_write_iter+0x10c/0x130 <- backing_file_write_iter) result=0x1000
             cat-1033    [000] .....    13.813687: ovldiag_open: (ovl_open+0xb2/0x100 <- ovl_open_realfile) result=0xffff8880073a9d00
              dd-1037    [000] .....    13.815596: ovldiag_open: (ovl_open+0xb2/0x100 <- ovl_open_realfile) result=0xffff88800d4e3d00
              dd-1037    [000] .....    13.815621: ovldiag_ensure: (ovl_write_iter+0xaf/0x130 <- ovl_ensure_upper_and_switch) result=0x0
              dd-1037    [000] .....    13.815634: ovldiag_write: (ovl_write_iter+0x10c/0x130 <- backing_file_write_iter) result=0x1000
              dd-1038    [000] .....    13.818548: ovldiag_open: (ovl_open+0xb2/0x100 <- ovl_open_realfile) result=0xffff8880044a8500
              dd-1038    [000] .....    13.818577: ovldiag_ensure: (ovl_write_iter+0xaf/0x130 <- ovl_ensure_upper_and_switch) result=0x0
              dd-1038    [000] .....    13.818593: ovldiag_write: (ovl_write_iter+0x10c/0x130 <- backing_file_write_iter) result=0x1000
             cat-1039    [000] .....    13.818776: ovldiag_open: (ovl_open+0xb2/0x100 <- ovl_open_realfile) result=0xffff8880044a8a00
              dd-1044    [000] .....    13.821033: ovldiag_open: (ovl_open+0xb2/0x100 <- ovl_open_realfile) result=0xffff888004619900
              dd-1044    [000] .....    13.821058: ovldiag_ensure: (ovl_write_iter+0xaf/0x130 <- ovl_ensure_upper_and_switch) result=0x0
              dd-1044    [000] .....    13.821123: ovldiag_write: (ovl_write_iter+0x10c/0x130 <- backing_file_write_iter) result=0x1000
             cat-1045    [001] .....    13.823008: ovldiag_open: (ovl_open+0xb2/0x100 <- ovl_open_realfile) result=0xffff8880072a6500
             cat-1046    [000] .....    13.823258: ovldiag_open: (ovl_open+0xb2/0x100 <- ovl_open_realfile) result=0xffff88800447f400
             cat-1051    [000] .....    13.826367: ovldiag_open: (ovl_open+0xb2/0x100 <- ovl_open_realfile) result=0xffff888008944d00
              dd-1052    [001] .....    13.827760: ovldiag_open: (ovl_open+0xb2/0x100 <- ovl_open_realfile) result=0xffff88800d7cb700
              dd-1052    [001] .....    13.827793: ovldiag_ensure: (ovl_write_iter+0xaf/0x130 <- ovl_ensure_upper_and_switch) result=0x0
              dd-1052    [001] .....    13.827812: ovldiag_write: (ovl_write_iter+0x10c/0x130 <- backing_file_write_iter) result=0x1000
             cat-1055    [001] .....    13.829522: ovldiag_open: (ovl_open+0xb2/0x100 <- ovl_open_realfile) result=0xffff88800457b900
              dd-1058    [001] .....    13.831814: ovldiag_open: (ovl_open+0xb2/0x100 <- ovl_open_realfile) result=0xffff8880089ddf00
              dd-1058    [001] .....    13.831847: ovldiag_ensure: (ovl_write_iter+0xaf/0x130 <- ovl_ensure_upper_and_switch) result=0x0
              dd-1058    [001] .....    13.831864: ovldiag_write: (ovl_write_iter+0x10c/0x130 <- backing_file_write_iter) result=0x1000
              dd-1061    [000] .....    13.832206: ovldiag_open: (ovl_open+0xb2/0x100 <- ovl_open_realfile) result=0xffff888007256c00
              dd-1061    [000] .....    13.832234: ovldiag_ensure: (ovl_write_iter+0xaf/0x130 <- ovl_ensure_upper_and_switch) result=0x0
              dd-1061    [000] .....    13.832250: ovldiag_write: (ovl_write_iter+0x10c/0x130 <- backing_file_write_iter) result=0x1000
             cat-1064    [001] .....    13.835217: ovldiag_open: (ovl_open+0xb2/0x100 <- ovl_open_realfile) result=0xffff888008bc9500
             cat-1065    [001] .....    13.836999: ovldiag_open: (ovl_open+0xb2/0x100 <- ovl_open_realfile) result=0xffff88800736e200
              dd-1066    [001] .....    13.838111: ovldiag_open: (ovl_open+0xb2/0x100 <- ovl_open_realfile) result=0xffff88800707bc00
              dd-1066    [001] .....    13.838140: ovldiag_ensure: (ovl_write_iter+0xaf/0x130 <- ovl_ensure_upper_and_switch) result=0x0
              dd-1066    [001] .....    13.838159: ovldiag_write: (ovl_write_iter+0x10c/0x130 <- backing_file_write_iter) result=0x1000
             cat-1072    [001] .....    13.841346: ovldiag_open: (ovl_open+0xb2/0x100 <- ovl_open_realfile) result=0xffff88800d7a7e00
              dd-1074    [001] .....    13.842913: ovldiag_open: (ovl_open+0xb2/0x100 <- ovl_open_realfile) result=0xffff888007162200
              dd-1074    [001] .....    13.842941: ovldiag_ensure: (ovl_write_iter+0xaf/0x130 <- ovl_ensure_upper_and_switch) result=0x0
              dd-1074    [001] .....    13.842957: ovldiag_write: (ovl_write_iter+0x10c/0x130 <- backing_file_write_iter) result=0x1000
              dd-1078    [000] .....    13.845268: ovldiag_open: (ovl_open+0xb2/0x100 <- ovl_open_realfile) result=0xffff888005c89300
              dd-1078    [000] .....    13.845298: ovldiag_ensure: (ovl_write_iter+0xaf/0x130 <- ovl_ensure_upper_and_switch) result=0x0
              dd-1078    [000] .....    13.845311: ovldiag_write: (ovl_write_iter+0x10c/0x130 <- backing_file_write_iter) result=0x1000
             cat-1082    [001] .....    13.848124: ovldiag_open: (ovl_open+0xb2/0x100 <- ovl_open_realfile) result=0xffff8880073bab00
             cat-1083    [000] .....    13.848222: ovldiag_open: (ovl_open+0xb2/0x100 <- ovl_open_realfile) result=0xffff888005d9f600
             cat-1079    [001] .....    13.848543: ovldiag_open: (ovl_open+0xb2/0x100 <- ovl_open_realfile) result=0xffff88800dcc0900
              dd-1080    [000] .....    13.848812: ovldiag_open: (ovl_open+0xb2/0x100 <- ovl_open_realfile) result=0xffff888007160d00
              dd-1080    [000] .....    13.848840: ovldiag_ensure: (ovl_write_iter+0xaf/0x130 <- ovl_ensure_upper_and_switch) result=0x0
              dd-1080    [000] .....    13.848853: ovldiag_write: (ovl_write_iter+0x10c/0x130 <- backing_file_write_iter) result=0x1000
             cat-1090    [000] .....    13.853689: ovldiag_open: (ovl_open+0xb2/0x100 <- ovl_open_realfile) result=0xffff88800d443d00
              dd-1091    [000] .....    13.854820: ovldiag_open: (ovl_open+0xb2/0x100 <- ovl_open_realfile) result=0xffff888008944b00
              dd-1091    [000] .....    13.854848: ovldiag_ensure: (ovl_write_iter+0xaf/0x130 <- ovl_ensure_upper_and_switch) result=0x0
              dd-1091    [000] .....    13.854860: ovldiag_write: (ovl_write_iter+0x10c/0x130 <- backing_file_write_iter) result=0x1000
              dd-1094    [000] .....    13.857626: ovldiag_open: (ovl_open+0xb2/0x100 <- ovl_open_realfile) result=0xffff88800d7f6b00
              dd-1094    [000] .....    13.857657: ovldiag_ensure: (ovl_write_iter+0xaf/0x130 <- ovl_ensure_upper_and_switch) result=0x0
              dd-1094    [000] .....    13.857670: ovldiag_write: (ovl_write_iter+0x10c/0x130 <- backing_file_write_iter) result=0x1000
              dd-1098    [001] .....    13.859423: ovldiag_open: (ovl_open+0xb2/0x100 <- ovl_open_realfile) result=0xffff8880044a8e00
              dd-1098    [001] .....    13.859457: ovldiag_ensure: (ovl_write_iter+0xaf/0x130 <- ovl_ensure_upper_and_switch) result=0x0
              dd-1098    [001] .....    13.859474: ovldiag_write: (ovl_write_iter+0x10c/0x130 <- backing_file_write_iter) result=0x1000
             cat-1099    [000] .....    13.860286: ovldiag_open: (ovl_open+0xb2/0x100 <- ovl_open_realfile) result=0xffff888007256400
             cat-1101    [001] .....    13.862023: ovldiag_open: (ovl_open+0xb2/0x100 <- ovl_open_realfile) result=0xffff8880072a6e00
              dd-1104    [000] .....    13.864557: ovldiag_open: (ovl_open+0xb2/0x100 <- ovl_open_realfile) result=0xffff888005d46100
              dd-1104    [000] .....    13.864583: ovldiag_ensure: (ovl_write_iter+0xaf/0x130 <- ovl_ensure_upper_and_switch) result=0x0
              dd-1104    [000] .....    13.864596: ovldiag_write: (ovl_write_iter+0x10c/0x130 <- backing_file_write_iter) result=0x1000
             cat-1105    [001] .....    13.865153: ovldiag_open: (ovl_open+0xb2/0x100 <- ovl_open_realfile) result=0xffff888005cb3b00
             cat-1109    [000] .....    13.867213: ovldiag_open: (ovl_open+0xb2/0x100 <- ovl_open_realfile) result=0xffff88800457bb00
              dd-1111    [000] .....    13.868637: ovldiag_open: (ovl_open+0xb2/0x100 <- ovl_open_realfile) result=0xffff8880073a8400
              dd-1111    [000] .....    13.868665: ovldiag_ensure: (ovl_write_iter+0xaf/0x130 <- ovl_ensure_upper_and_switch) result=0x0
              dd-1111    [000] .....    13.868678: ovldiag_write: (ovl_write_iter+0x10c/0x130 <- backing_file_write_iter) result=0x1000
             cat-1113    [000] .....    13.870020: ovldiag_open: (ovl_open+0xb2/0x100 <- ovl_open_realfile) result=0xffff8880072a6300
              dd-1117    [000] .....    13.873021: ovldiag_open: (ovl_open+0xb2/0x100 <- ovl_open_realfile) result=0xffff88800ab95f00
              dd-1117    [000] .....    13.873047: ovldiag_ensure: (ovl_write_iter+0xaf/0x130 <- ovl_ensure_upper_and_switch) result=0x0
              dd-1117    [000] .....    13.873059: ovldiag_write: (ovl_write_iter+0x10c/0x130 <- backing_file_write_iter) result=0x1000
              dd-1120    [000] .....    13.875022: ovldiag_open: (ovl_open+0xb2/0x100 <- ovl_open_realfile) result=0xffff888004253e00
              dd-1120    [000] .....    13.875047: ovldiag_ensure: (ovl_write_iter+0xaf/0x130 <- ovl_ensure_upper_and_switch) result=0x0
              dd-1120    [000] .....    13.875059: ovldiag_write: (ovl_write_iter+0x10c/0x130 <- backing_file_write_iter) result=0x1000
             cat-1121    [001] .....    13.875336: ovldiag_open: (ovl_open+0xb2/0x100 <- ovl_open_realfile) result=0xffff8880073a8000
             cat-1125    [000] .....    13.878150: ovldiag_open: (ovl_open+0xb2/0x100 <- ovl_open_realfile) result=0xffff888004619500
              dd-1126    [001] .....    13.879537: ovldiag_open: (ovl_open+0xb2/0x100 <- ovl_open_realfile) result=0xffff88800d4fef00
              dd-1126    [001] .....    13.879570: ovldiag_ensure: (ovl_write_iter+0xaf/0x130 <- ovl_ensure_upper_and_switch) result=0x0
              dd-1126    [001] .....    13.879588: ovldiag_write: (ovl_write_iter+0x10c/0x130 <- backing_file_write_iter) result=0x1000
             cat-1129    [000] .....    13.881800: ovldiag_open: (ovl_open+0xb2/0x100 <- ovl_open_realfile) result=0xffff88800d7f6600
             cat-1131    [001] .....    13.882703: ovldiag_open: (ovl_open+0xb2/0x100 <- ovl_open_realfile) result=0xffff8880047ffa00
              dd-1135    [000] .....    13.885704: ovldiag_open: (ovl_open+0xb2/0x100 <- ovl_open_realfile) result=0xffff888005c89f00
              dd-1135    [000] .....    13.885732: ovldiag_ensure: (ovl_write_iter+0xaf/0x130 <- ovl_ensure_upper_and_switch) result=0x0
              dd-1135    [000] .....    13.885747: ovldiag_write: (ovl_write_iter+0x10c/0x130 <- backing_file_write_iter) result=0x1000
             cat-1139    [000] .....    13.888317: ovldiag_open: (ovl_open+0xb2/0x100 <- ovl_open_realfile) result=0xffff88800893c400
              dd-1140    [001] .....    13.888403: ovldiag_open: (ovl_open+0xb2/0x100 <- ovl_open_realfile) result=0xffff8880047ff000
              dd-1140    [001] .....    13.888434: ovldiag_ensure: (ovl_write_iter+0xaf/0x130 <- ovl_ensure_upper_and_switch) result=0x0
              dd-1140    [001] .....    13.888463: ovldiag_write: (ovl_write_iter+0x10c/0x130 <- backing_file_write_iter) result=0x1000
             cat-1143    [000] .....    13.890060: ovldiag_open: (ovl_open+0xb2/0x100 <- ovl_open_realfile) result=0xffff8880073a9800
              dd-1142    [001] .....    13.890272: ovldiag_open: (ovl_open+0xb2/0x100 <- ovl_open_realfile) result=0xffff8880073a8d00
              dd-1142    [001] .....    13.890300: ovldiag_ensure: (ovl_write_iter+0xaf/0x130 <- ovl_ensure_upper_and_switch) result=0x0
              dd-1142    [001] .....    13.890317: ovldiag_write: (ovl_write_iter+0x10c/0x130 <- backing_file_write_iter) result=0x1000
             cat-1147    [001] .....    13.893990: ovldiag_open: (ovl_open+0xb2/0x100 <- ovl_open_realfile) result=0xffff88800457bd00
              dd-1149    [000] .....    13.896572: ovldiag_open: (ovl_open+0xb2/0x100 <- ovl_open_realfile) result=0xffff8880072a6000
              dd-1149    [000] .....    13.896600: ovldiag_ensure: (ovl_write_iter+0xaf/0x130 <- ovl_ensure_upper_and_switch) result=0x0
              dd-1149    [000] .....    13.896612: ovldiag_write: (ovl_write_iter+0x10c/0x130 <- backing_file_write_iter) result=0x1000
             cat-1152    [001] .....    13.896872: ovldiag_open: (ovl_open+0xb2/0x100 <- ovl_open_realfile) result=0xffff88800d762400
              dd-1156    [000] .....    13.899521: ovldiag_open: (ovl_open+0xb2/0x100 <- ovl_open_realfile) result=0xffff8880072d8800
              dd-1156    [000] .....    13.899548: ovldiag_ensure: (ovl_write_iter+0xaf/0x130 <- ovl_ensure_upper_and_switch) result=0x0
              dd-1156    [000] .....    13.899562: ovldiag_write: (ovl_write_iter+0x10c/0x130 <- backing_file_write_iter) result=0x1000
             cat-1158    [001] .....    13.901139: ovldiag_open: (ovl_open+0xb2/0x100 <- ovl_open_realfile) result=0xffff88800d762d00
             cat-1161    [000] .....    13.903405: ovldiag_open: (ovl_open+0xb2/0x100 <- ovl_open_realfile) result=0xffff88800ab73e00
              dd-1162    [001] .....    13.903811: ovldiag_open: (ovl_open+0xb2/0x100 <- ovl_open_realfile) result=0xffff888008a94500
              dd-1162    [001] .....    13.903843: ovldiag_ensure: (ovl_write_iter+0xaf/0x130 <- ovl_ensure_upper_and_switch) result=0x0
              dd-1162    [001] .....    13.903861: ovldiag_write: (ovl_write_iter+0x10c/0x130 <- backing_file_write_iter) result=0x1000
             cat-1164    [000] .....    13.905126: ovldiag_open: (ovl_open+0xb2/0x100 <- ovl_open_realfile) result=0xffff88800d762200
              dd-1169    [001] .....    13.909224: ovldiag_open: (ovl_open+0xb2/0x100 <- ovl_open_realfile) result=0xffff88800d59c500
              dd-1169    [001] .....    13.909257: ovldiag_ensure: (ovl_write_iter+0xaf/0x130 <- ovl_ensure_upper_and_switch) result=0x0
              dd-1169    [001] .....    13.909275: ovldiag_write: (ovl_write_iter+0x10c/0x130 <- backing_file_write_iter) result=0x1000
             cat-1167    [000] .....    13.909928: ovldiag_open: (ovl_open+0xb2/0x100 <- ovl_open_realfile) result=0xffff8880047ffc00
              dd-1172    [001] .....    13.911562: ovldiag_open: (ovl_open+0xb2/0x100 <- ovl_open_realfile) result=0xffff88800ab5d400
              dd-1172    [001] .....    13.911593: ovldiag_ensure: (ovl_write_iter+0xaf/0x130 <- ovl_ensure_upper_and_switch) result=0x0
              dd-1172    [001] .....    13.911610: ovldiag_write: (ovl_write_iter+0x10c/0x130 <- backing_file_write_iter) result=0x1000
              dd-1177    [000] .....    13.914517: ovldiag_open: (ovl_open+0xb2/0x100 <- ovl_open_realfile) result=0xffff888007248800
              dd-1177    [000] .....    13.914558: ovldiag_ensure: (ovl_write_iter+0xaf/0x130 <- ovl_ensure_upper_and_switch) result=0x0
              dd-1177    [000] .....    13.914570: ovldiag_write: (ovl_write_iter+0x10c/0x130 <- backing_file_write_iter) result=0x1000
             cat-1178    [001] .....    13.914917: ovldiag_open: (ovl_open+0xb2/0x100 <- ovl_open_realfile) result=0xffff888008bc9000
             cat-1181    [000] .....    13.916954: ovldiag_open: (ovl_open+0xb2/0x100 <- ovl_open_realfile) result=0xffff88800d520600
             cat-1182    [000] .....    13.918407: ovldiag_open: (ovl_open+0xb2/0x100 <- ovl_open_realfile) result=0xffff88800dc71100
              dd-1184    [001] .....    13.919568: ovldiag_open: (ovl_open+0xb2/0x100 <- ovl_open_realfile) result=0xffff88800d59c100
              dd-1184    [001] .....    13.919594: ovldiag_ensure: (ovl_write_iter+0xaf/0x130 <- ovl_ensure_upper_and_switch) result=0x0
              dd-1184    [001] .....    13.919612: ovldiag_write: (ovl_write_iter+0x10c/0x130 <- backing_file_write_iter) result=0x1000
             cat-1186    [001] .....    13.920843: ovldiag_open: (ovl_open+0xb2/0x100 <- ovl_open_realfile) result=0xffff88800dc4f500
             cat-1192    [001] .....    13.925004: ovldiag_open: (ovl_open+0xb2/0x100 <- ovl_open_realfile) result=0xffff88800893c600
              dd-1193    [000] .....    13.925394: ovldiag_open: (ovl_open+0xb2/0x100 <- ovl_open_realfile) result=0xffff888005cb3d00
              dd-1193    [000] .....    13.925424: ovldiag_ensure: (ovl_write_iter+0xaf/0x130 <- ovl_ensure_upper_and_switch) result=0x0
              dd-1193    [000] .....    13.925437: ovldiag_write: (ovl_write_iter+0x10c/0x130 <- backing_file_write_iter) result=0x1000
              dd-1194    [001] .....    13.926738: ovldiag_open: (ovl_open+0xb2/0x100 <- ovl_open_realfile) result=0xffff88800d4fe900
              dd-1194    [001] .....    13.926771: ovldiag_ensure: (ovl_write_iter+0xaf/0x130 <- ovl_ensure_upper_and_switch) result=0x0
              dd-1194    [001] .....    13.926788: ovldiag_write: (ovl_write_iter+0x10c/0x130 <- backing_file_write_iter) result=0x1000
              dd-1198    [000] .....    13.928848: ovldiag_open: (ovl_open+0xb2/0x100 <- ovl_open_realfile) result=0xffff888007160600
              dd-1198    [000] .....    13.928875: ovldiag_ensure: (ovl_write_iter+0xaf/0x130 <- ovl_ensure_upper_and_switch) result=0x0
              dd-1198    [000] .....    13.928887: ovldiag_write: (ovl_write_iter+0x10c/0x130 <- backing_file_write_iter) result=0x1000
             cat-1200    [000] .....    13.930432: ovldiag_open: (ovl_open+0xb2/0x100 <- ovl_open_realfile) result=0xffff888008a29400
             cat-1203    [000] .....    13.931908: ovldiag_open: (ovl_open+0xb2/0x100 <- ovl_open_realfile) result=0xffff88800700f100
             cat-1205    [000] .....    13.933361: ovldiag_open: (ovl_open+0xb2/0x100 <- ovl_open_realfile) result=0xffff8880073a8f00
              dd-1207    [000] .....    13.935053: ovldiag_open: (ovl_open+0xb2/0x100 <- ovl_open_realfile) result=0xffff88800707bb00
              dd-1207    [000] .....    13.935123: ovldiag_ensure: (ovl_write_iter+0xaf/0x130 <- ovl_ensure_upper_and_switch) result=0x0
              dd-1207    [000] .....    13.935135: ovldiag_write: (ovl_write_iter+0x10c/0x130 <- backing_file_write_iter) result=0x1000
             cat-1211    [001] .....    13.937481: ovldiag_open: (ovl_open+0xb2/0x100 <- ovl_open_realfile) result=0xffff88800d4fee00
              dd-1217    [000] .....    13.941271: ovldiag_open: (ovl_open+0xb2/0x100 <- ovl_open_realfile) result=0xffff88800715dc00
              dd-1217    [000] .....    13.941297: ovldiag_ensure: (ovl_write_iter+0xaf/0x130 <- ovl_ensure_upper_and_switch) result=0x0
              dd-1217    [000] .....    13.941309: ovldiag_write: (ovl_write_iter+0x10c/0x130 <- backing_file_write_iter) result=0x1000
              dd-1216    [001] .....    13.941897: ovldiag_open: (ovl_open+0xb2/0x100 <- ovl_open_realfile) result=0xffff8880047ffd00
              dd-1216    [001] .....    13.941926: ovldiag_ensure: (ovl_write_iter+0xaf/0x130 <- ovl_ensure_upper_and_switch) result=0x0
              dd-1216    [001] .....    13.941943: ovldiag_write: (ovl_write_iter+0x10c/0x130 <- backing_file_write_iter) result=0x1000
              dd-1219    [000] .....    13.943552: ovldiag_open: (ovl_open+0xb2/0x100 <- ovl_open_realfile) result=0xffff88800d444000
              dd-1219    [000] .....    13.943580: ovldiag_ensure: (ovl_write_iter+0xaf/0x130 <- ovl_ensure_upper_and_switch) result=0x0
              dd-1219    [000] .....    13.943593: ovldiag_write: (ovl_write_iter+0x10c/0x130 <- backing_file_write_iter) result=0x1000
             cat-1222    [000] .....    13.945158: ovldiag_open: (ovl_open+0xb2/0x100 <- ovl_open_realfile) result=0xffff888004619600
             cat-1223    [000] .....    13.946511: ovldiag_open: (ovl_open+0xb2/0x100 <- ovl_open_realfile) result=0xffff88800abaaa00
             cat-1224    [001] .....    13.946784: ovldiag_open: (ovl_open+0xb2/0x100 <- ovl_open_realfile) result=0xffff88800700f700
             cat-1227    [001] .....    13.948698: ovldiag_open: (ovl_open+0xb2/0x100 <- ovl_open_realfile) result=0xffff888008944600
              dd-1235    [000] .....    13.954181: ovldiag_open: (ovl_open+0xb2/0x100 <- ovl_open_realfile) result=0xffff88800457b500
              dd-1235    [000] .....    13.954211: ovldiag_ensure: (ovl_write_iter+0xaf/0x130 <- ovl_ensure_upper_and_switch) result=0x0
              dd-1235    [000] .....    13.954224: ovldiag_write: (ovl_write_iter+0x10c/0x130 <- backing_file_write_iter) result=0x1000
              dd-1233    [000] .....    13.954844: ovldiag_open: (ovl_open+0xb2/0x100 <- ovl_open_realfile) result=0xffff888008a29e00
              dd-1233    [000] .....    13.954866: ovldiag_ensure: (ovl_write_iter+0xaf/0x130 <- ovl_ensure_upper_and_switch) result=0x0
              dd-1233    [000] .....    13.954877: ovldiag_write: (ovl_write_iter+0x10c/0x130 <- backing_file_write_iter) result=0x1000
              dd-1236    [001] .....    13.955633: ovldiag_open: (ovl_open+0xb2/0x100 <- ovl_open_realfile) result=0xffff88800abaad00
              dd-1236    [001] .....    13.955665: ovldiag_ensure: (ovl_write_iter+0xaf/0x130 <- ovl_ensure_upper_and_switch) result=0x0
              dd-1236    [001] .....    13.955682: ovldiag_write: (ovl_write_iter+0x10c/0x130 <- backing_file_write_iter) result=0x1000
              dd-1240    [001] .....    13.957522: ovldiag_open: (ovl_open+0xb2/0x100 <- ovl_open_realfile) result=0xffff8880073aa900
              dd-1240    [001] .....    13.957552: ovldiag_ensure: (ovl_write_iter+0xaf/0x130 <- ovl_ensure_upper_and_switch) result=0x0
              dd-1240    [001] .....    13.957570: ovldiag_write: (ovl_write_iter+0x10c/0x130 <- backing_file_write_iter) result=0x1000
             cat-1242    [001] .....    13.959859: ovldiag_open: (ovl_open+0xb2/0x100 <- ovl_open_realfile) result=0xffff8880073a8d00
             cat-1241    [000] .....    13.960057: ovldiag_open: (ovl_open+0xb2/0x100 <- ovl_open_realfile) result=0xffff888005c89f00
             cat-1244    [000] .....    13.961358: ovldiag_open: (ovl_open+0xb2/0x100 <- ovl_open_realfile) result=0xffff8880047ff700
             cat-1245    [001] .....    13.963129: ovldiag_open: (ovl_open+0xb2/0x100 <- ovl_open_realfile) result=0xffff88800715d300
              dd-1254    [000] .....    13.968647: ovldiag_open: (ovl_open+0xb2/0x100 <- ovl_open_realfile) result=0xffff88800d549a00
              dd-1254    [000] .....    13.968678: ovldiag_ensure: (ovl_write_iter+0xaf/0x130 <- ovl_ensure_upper_and_switch) result=0x0
              dd-1254    [000] .....    13.968693: ovldiag_write: (ovl_write_iter+0x10c/0x130 <- backing_file_write_iter) result=0x1000
              dd-1255    [001] .....    13.968774: ovldiag_open: (ovl_open+0xb2/0x100 <- ovl_open_realfile) result=0xffff8880073a8400
              dd-1255    [001] .....    13.968806: ovldiag_ensure: (ovl_write_iter+0xaf/0x130 <- ovl_ensure_upper_and_switch) result=0x0
              dd-1255    [001] .....    13.968824: ovldiag_write: (ovl_write_iter+0x10c/0x130 <- backing_file_write_iter) result=0x1000
              dd-1257    [001] .....    13.970546: ovldiag_open: (ovl_open+0xb2/0x100 <- ovl_open_realfile) result=0xffff888004619a00
              dd-1257    [001] .....    13.970576: ovldiag_ensure: (ovl_write_iter+0xaf/0x130 <- ovl_ensure_upper_and_switch) result=0x0
              dd-1257    [001] .....    13.970594: ovldiag_write: (ovl_write_iter+0x10c/0x130 <- backing_file_write_iter) result=0x1000
             cat-1260    [000] .....    13.972284: ovldiag_open: (ovl_open+0xb2/0x100 <- ovl_open_realfile) result=0xffff88800aabef00
             cat-1264    [001] .....    13.975040: ovldiag_open: (ovl_open+0xb2/0x100 <- ovl_open_realfile) result=0xffff888005c8c300
             cat-1262    [001] .....    13.975294: ovldiag_open: (ovl_open+0xb2/0x100 <- ovl_open_realfile) result=0xffff8880073bac00
             cat-1265    [000] .....    13.975841: ovldiag_open: (ovl_open+0xb2/0x100 <- ovl_open_realfile) result=0xffff8880072a6900
              dd-1261    [000] .....    13.976341: ovldiag_open: (ovl_open+0xb2/0x100 <- ovl_open_realfile) result=0xffff888005d46100
              dd-1261    [000] .....    13.976370: ovldiag_ensure: (ovl_write_iter+0xaf/0x130 <- ovl_ensure_upper_and_switch) result=0x0
              dd-1261    [000] .....    13.976389: ovldiag_write: (ovl_write_iter+0x10c/0x130 <- backing_file_write_iter) result=0x1000
              dd-1274    [000] .....    13.982208: ovldiag_open: (ovl_open+0xb2/0x100 <- ovl_open_realfile) result=0xffff8880047ff700
              dd-1274    [000] .....    13.982238: ovldiag_ensure: (ovl_write_iter+0xaf/0x130 <- ovl_ensure_upper_and_switch) result=0x0
              dd-1274    [000] .....    13.982253: ovldiag_write: (ovl_write_iter+0x10c/0x130 <- backing_file_write_iter) result=0x1000
              dd-1275    [001] .....    13.982793: ovldiag_open: (ovl_open+0xb2/0x100 <- ovl_open_realfile) result=0xffff8880072d8300
              dd-1275    [001] .....    13.982825: ovldiag_ensure: (ovl_write_iter+0xaf/0x130 <- ovl_ensure_upper_and_switch) result=0x0
              dd-1275    [001] .....    13.982843: ovldiag_write: (ovl_write_iter+0x10c/0x130 <- backing_file_write_iter) result=0x1000
              dd-1277    [000] .....    13.984590: ovldiag_open: (ovl_open+0xb2/0x100 <- ovl_open_realfile) result=0xffff88800724e100
              dd-1277    [000] .....    13.984621: ovldiag_ensure: (ovl_write_iter+0xaf/0x130 <- ovl_ensure_upper_and_switch) result=0x0
              dd-1277    [000] .....    13.984634: ovldiag_write: (ovl_write_iter+0x10c/0x130 <- backing_file_write_iter) result=0x1000
             cat-1279    [001] .....    13.985654: ovldiag_open: (ovl_open+0xb2/0x100 <- ovl_open_realfile) result=0xffff8880072d8a00
             cat-1282    [000] .....    13.987372: ovldiag_open: (ovl_open+0xb2/0x100 <- ovl_open_realfile) result=0xffff88800893cc00
             cat-1283    [001] .....    13.989006: ovldiag_open: (ovl_open+0xb2/0x100 <- ovl_open_realfile) result=0xffff8880088eb600
             cat-1285    [000] .....    13.989946: ovldiag_open: (ovl_open+0xb2/0x100 <- ovl_open_realfile) result=0xffff88800dcbbf00
              dd-1290    [000] .....    13.993187: ovldiag_open: (ovl_open+0xb2/0x100 <- ovl_open_realfile) result=0xffff88800d741900
              dd-1290    [000] .....    13.993213: ovldiag_ensure: (ovl_write_iter+0xaf/0x130 <- ovl_ensure_upper_and_switch) result=0x0
              dd-1290    [000] .....    13.993227: ovldiag_write: (ovl_write_iter+0x10c/0x130 <- backing_file_write_iter) result=0x1000
              dd-1294    [000] .....    13.995879: ovldiag_open: (ovl_open+0xb2/0x100 <- ovl_open_realfile) result=0xffff88800d773700
              dd-1294    [000] .....    13.995906: ovldiag_ensure: (ovl_write_iter+0xaf/0x130 <- ovl_ensure_upper_and_switch) result=0x0
              dd-1294    [000] .....    13.995920: ovldiag_write: (ovl_write_iter+0x10c/0x130 <- backing_file_write_iter) result=0x1000
              dd-1295    [001] .....    13.997255: ovldiag_open: (ovl_open+0xb2/0x100 <- ovl_open_realfile) result=0xffff888007256200
              dd-1295    [001] .....    13.997285: ovldiag_ensure: (ovl_write_iter+0xaf/0x130 <- ovl_ensure_upper_and_switch) result=0x0
              dd-1295    [001] .....    13.997303: ovldiag_write: (ovl_write_iter+0x10c/0x130 <- backing_file_write_iter) result=0x1000
             cat-1297    [000] .....    13.998934: ovldiag_open: (ovl_open+0xb2/0x100 <- ovl_open_realfile) result=0xffff888005c89f00
              dd-1299    [001] .....    13.999693: ovldiag_open: (ovl_open+0xb2/0x100 <- ovl_open_realfile) result=0xffff8880046d8700
              dd-1299    [001] .....    13.999725: ovldiag_ensure: (ovl_write_iter+0xaf/0x130 <- ovl_ensure_upper_and_switch) result=0x0
              dd-1299    [001] .....    13.999742: ovldiag_write: (ovl_write_iter+0x10c/0x130 <- backing_file_write_iter) result=0x1000
             cat-1303    [001] .....    14.002062: ovldiag_open: (ovl_open+0xb2/0x100 <- ovl_open_realfile) result=0xffff88800d773c00
             cat-1300    [000] .....    14.003135: ovldiag_open: (ovl_open+0xb2/0x100 <- ovl_open_realfile) result=0xffff8880073a8300
             cat-1305    [000] .....    14.005752: ovldiag_open: (ovl_open+0xb2/0x100 <- ovl_open_realfile) result=0xffff888007046f00
              dd-1309    [001] .....    14.006943: ovldiag_open: (ovl_open+0xb2/0x100 <- ovl_open_realfile) result=0xffff888005cb7b00
              dd-1309    [001] .....    14.006974: ovldiag_ensure: (ovl_write_iter+0xaf/0x130 <- ovl_ensure_upper_and_switch) result=0x0
              dd-1309    [001] .....    14.006990: ovldiag_write: (ovl_write_iter+0x10c/0x130 <- backing_file_write_iter) result=0x1000
             cat-1313    [000] .....    14.010332: ovldiag_open: (ovl_open+0xb2/0x100 <- ovl_open_realfile) result=0xffff88800d7cb100
              dd-1315    [001] .....    14.010699: ovldiag_open: (ovl_open+0xb2/0x100 <- ovl_open_realfile) result=0xffff88800d4e6a00
              dd-1315    [001] .....    14.010732: ovldiag_ensure: (ovl_write_iter+0xaf/0x130 <- ovl_ensure_upper_and_switch) result=0x0
              dd-1315    [001] .....    14.010749: ovldiag_write: (ovl_write_iter+0x10c/0x130 <- backing_file_write_iter) result=0x1000
              dd-1316    [000] .....    14.011722: ovldiag_open: (ovl_open+0xb2/0x100 <- ovl_open_realfile) result=0xffff888005c8c700
              dd-1316    [000] .....    14.011751: ovldiag_ensure: (ovl_write_iter+0xaf/0x130 <- ovl_ensure_upper_and_switch) result=0x0
              dd-1316    [000] .....    14.011766: ovldiag_write: (ovl_write_iter+0x10c/0x130 <- backing_file_write_iter) result=0x1000
             cat-1320    [001] .....    14.014422: ovldiag_open: (ovl_open+0xb2/0x100 <- ovl_open_realfile) result=0xffff88800457ba00
             cat-1322    [000] .....    14.014897: ovldiag_open: (ovl_open+0xb2/0x100 <- ovl_open_realfile) result=0xffff88800dce2700
              dd-1325    [000] .....    14.018650: ovldiag_open: (ovl_open+0xb2/0x100 <- ovl_open_realfile) result=0xffff8880089ddf00
              dd-1325    [000] .....    14.018676: ovldiag_ensure: (ovl_write_iter+0xaf/0x130 <- ovl_ensure_upper_and_switch) result=0x0
              dd-1325    [000] .....    14.018689: ovldiag_write: (ovl_write_iter+0x10c/0x130 <- backing_file_write_iter) result=0x1000
              dd-1330    [000] .....    14.020350: ovldiag_open: (ovl_open+0xb2/0x100 <- ovl_open_realfile) result=0xffff888007171e00
              dd-1330    [000] .....    14.020376: ovldiag_ensure: (ovl_write_iter+0xaf/0x130 <- ovl_ensure_upper_and_switch) result=0x0
              dd-1330    [000] .....    14.020398: ovldiag_write: (ovl_write_iter+0x10c/0x130 <- backing_file_write_iter) result=0x1000
             cat-1327    [001] .....    14.020616: ovldiag_open: (ovl_open+0xb2/0x100 <- ovl_open_realfile) result=0xffff8880046d8600
             cat-1333    [000] .....    14.022832: ovldiag_open: (ovl_open+0xb2/0x100 <- ovl_open_realfile) result=0xffff88800d786900
              dd-1337    [001] .....    14.025944: ovldiag_open: (ovl_open+0xb2/0x100 <- ovl_open_realfile) result=0xffff888005c95100
              dd-1337    [001] .....    14.025973: ovldiag_ensure: (ovl_write_iter+0xaf/0x130 <- ovl_ensure_upper_and_switch) result=0x0
              dd-1337    [001] .....    14.025990: ovldiag_write: (ovl_write_iter+0x10c/0x130 <- backing_file_write_iter) result=0x1000
              dd-1336    [000] .....    14.026714: ovldiag_open: (ovl_open+0xb2/0x100 <- ovl_open_realfile) result=0xffff88800457b700
              dd-1336    [000] .....    14.026742: ovldiag_ensure: (ovl_write_iter+0xaf/0x130 <- ovl_ensure_upper_and_switch) result=0x0
              dd-1336    [000] .....    14.026760: ovldiag_write: (ovl_write_iter+0x10c/0x130 <- backing_file_write_iter) result=0x1000
             cat-1340    [001] .....    14.028454: ovldiag_open: (ovl_open+0xb2/0x100 <- ovl_open_realfile) result=0xffff88800ab19900
             cat-1341    [000] .....    14.028564: ovldiag_open: (ovl_open+0xb2/0x100 <- ovl_open_realfile) result=0xffff888007162a00
             cat-1345    [001] .....    14.033161: ovldiag_open: (ovl_open+0xb2/0x100 <- ovl_open_realfile) result=0xffff888007162300
              dd-1348    [000] .....    14.033546: ovldiag_open: (ovl_open+0xb2/0x100 <- ovl_open_realfile) result=0xffff8880073bac00
              dd-1348    [000] .....    14.033575: ovldiag_ensure: (ovl_write_iter+0xaf/0x130 <- ovl_ensure_upper_and_switch) result=0x0
              dd-1348    [000] .....    14.033589: ovldiag_write: (ovl_write_iter+0x10c/0x130 <- backing_file_write_iter) result=0x1000
             cat-1347    [001] .....    14.033938: ovldiag_open: (ovl_open+0xb2/0x100 <- ovl_open_realfile) result=0xffff88800893c600
              dd-1350    [001] .....    14.035340: ovldiag_open: (ovl_open+0xb2/0x100 <- ovl_open_realfile) result=0xffff88800736e100
              dd-1350    [001] .....    14.035371: ovldiag_ensure: (ovl_write_iter+0xaf/0x130 <- ovl_ensure_upper_and_switch) result=0x0
              dd-1350    [001] .....    14.035398: ovldiag_write: (ovl_write_iter+0x10c/0x130 <- backing_file_write_iter) result=0x1000
              dd-1357    [000] .....    14.040314: ovldiag_open: (ovl_open+0xb2/0x100 <- ovl_open_realfile) result=0xffff88800d46f300
              dd-1357    [000] .....    14.040342: ovldiag_ensure: (ovl_write_iter+0xaf/0x130 <- ovl_ensure_upper_and_switch) result=0x0
              dd-1357    [000] .....    14.040356: ovldiag_write: (ovl_write_iter+0x10c/0x130 <- backing_file_write_iter) result=0x1000
             cat-1358    [001] .....    14.040417: ovldiag_open: (ovl_open+0xb2/0x100 <- ovl_open_realfile) result=0xffff88800d798800
             cat-1359    [001] .....    14.042114: ovldiag_open: (ovl_open+0xb2/0x100 <- ovl_open_realfile) result=0xffff88800700f300
              dd-1360    [000] .....    14.043161: ovldiag_open: (ovl_open+0xb2/0x100 <- ovl_open_realfile) result=0xffff88800893c700
              dd-1360    [000] .....    14.043193: ovldiag_ensure: (ovl_write_iter+0xaf/0x130 <- ovl_ensure_upper_and_switch) result=0x0
              dd-1360    [000] .....    14.043205: ovldiag_write: (ovl_write_iter+0x10c/0x130 <- backing_file_write_iter) result=0x1000
             cat-1365    [000] .....    14.044739: ovldiag_open: (ovl_open+0xb2/0x100 <- ovl_open_realfile) result=0xffff8880073a8200
             cat-1366    [001] .....    14.047870: ovldiag_open: (ovl_open+0xb2/0x100 <- ovl_open_realfile) result=0xffff8880044a8a00
              dd-1373    [001] .....    14.050930: ovldiag_open: (ovl_open+0xb2/0x100 <- ovl_open_realfile) result=0xffff88800d798f00
              dd-1373    [001] .....    14.050958: ovldiag_ensure: (ovl_write_iter+0xaf/0x130 <- ovl_ensure_upper_and_switch) result=0x0
              dd-1373    [001] .....    14.050974: ovldiag_write: (ovl_write_iter+0x10c/0x130 <- backing_file_write_iter) result=0x1000
              dd-1372    [000] .....    14.052292: ovldiag_open: (ovl_open+0xb2/0x100 <- ovl_open_realfile) result=0xffff888007256200
              dd-1372    [000] .....    14.052323: ovldiag_ensure: (ovl_write_iter+0xaf/0x130 <- ovl_ensure_upper_and_switch) result=0x0
              dd-1372    [000] .....    14.052337: ovldiag_write: (ovl_write_iter+0x10c/0x130 <- backing_file_write_iter) result=0x1000
             cat-1377    [001] .....    14.053972: ovldiag_open: (ovl_open+0xb2/0x100 <- ovl_open_realfile) result=0xffff8880044a8500
             cat-1380    [001] .....    14.055903: ovldiag_open: (ovl_open+0xb2/0x100 <- ovl_open_realfile) result=0xffff8880072a6f00
              dd-1378    [000] .....    14.056176: ovldiag_open: (ovl_open+0xb2/0x100 <- ovl_open_realfile) result=0xffff8880073a8b00
              dd-1378    [000] .....    14.056207: ovldiag_ensure: (ovl_write_iter+0xaf/0x130 <- ovl_ensure_upper_and_switch) result=0x0
              dd-1378    [000] .....    14.056222: ovldiag_write: (ovl_write_iter+0x10c/0x130 <- backing_file_write_iter) result=0x1000
             cat-1381    [000] .....    14.057317: ovldiag_open: (ovl_open+0xb2/0x100 <- ovl_open_realfile) result=0xffff888004619900
             cat-1384    [000] .....    14.060515: ovldiag_open: (ovl_open+0xb2/0x100 <- ovl_open_realfile) result=0xffff8880044a8700
              dd-1386    [001] .....    14.061326: ovldiag_open: (ovl_open+0xb2/0x100 <- ovl_open_realfile) result=0xffff8880072d8400
              dd-1386    [001] .....    14.061358: ovldiag_ensure: (ovl_write_iter+0xaf/0x130 <- ovl_ensure_upper_and_switch) result=0x0
              dd-1386    [001] .....    14.061376: ovldiag_write: (ovl_write_iter+0x10c/0x130 <- backing_file_write_iter) result=0x1000
              dd-1392    [001] .....    14.064686: ovldiag_open: (ovl_open+0xb2/0x100 <- ovl_open_realfile) result=0xffff888007160100
              dd-1392    [001] .....    14.064714: ovldiag_ensure: (ovl_write_iter+0xaf/0x130 <- ovl_ensure_upper_and_switch) result=0x0
              dd-1392    [001] .....    14.064732: ovldiag_write: (ovl_write_iter+0x10c/0x130 <- backing_file_write_iter) result=0x1000
              dd-1395    [001] .....    14.066947: ovldiag_open: (ovl_open+0xb2/0x100 <- ovl_open_realfile) result=0xffff88800d444400
              dd-1395    [001] .....    14.066979: ovldiag_ensure: (ovl_write_iter+0xaf/0x130 <- ovl_ensure_upper_and_switch) result=0x0
              dd-1395    [001] .....    14.066995: ovldiag_write: (ovl_write_iter+0x10c/0x130 <- backing_file_write_iter) result=0x1000
             cat-1396    [000] .....    14.067415: ovldiag_open: (ovl_open+0xb2/0x100 <- ovl_open_realfile) result=0xffff8880073a8100
             cat-1397    [000] .....    14.068528: ovldiag_open: (ovl_open+0xb2/0x100 <- ovl_open_realfile) result=0xffff88800715da00
              dd-1401    [000] .....    14.071636: ovldiag_open: (ovl_open+0xb2/0x100 <- ovl_open_realfile) result=0xffff88800aaaa400
              dd-1401    [000] .....    14.071663: ovldiag_ensure: (ovl_write_iter+0xaf/0x130 <- ovl_ensure_upper_and_switch) result=0x0
              dd-1401    [000] .....    14.071676: ovldiag_write: (ovl_write_iter+0x10c/0x130 <- backing_file_write_iter) result=0x1000
             cat-1404    [001] .....    14.072519: ovldiag_open: (ovl_open+0xb2/0x100 <- ovl_open_realfile) result=0xffff888005d46b00
             cat-1405    [000] .....    14.073059: ovldiag_open: (ovl_open+0xb2/0x100 <- ovl_open_realfile) result=0xffff88800d74be00
              dd-1407    [001] .....    14.075919: ovldiag_open: (ovl_open+0xb2/0x100 <- ovl_open_realfile) result=0xffff88800707b100
              dd-1407    [001] .....    14.075947: ovldiag_ensure: (ovl_write_iter+0xaf/0x130 <- ovl_ensure_upper_and_switch) result=0x0
              dd-1407    [001] .....    14.075965: ovldiag_write: (ovl_write_iter+0x10c/0x130 <- backing_file_write_iter) result=0x1000
              dd-1413    [000] .....    14.079026: ovldiag_open: (ovl_open+0xb2/0x100 <- ovl_open_realfile) result=0xffff88800d769a00
              dd-1413    [000] .....    14.079057: ovldiag_ensure: (ovl_write_iter+0xaf/0x130 <- ovl_ensure_upper_and_switch) result=0x0
              dd-1413    [000] .....    14.079176: ovldiag_write: (ovl_write_iter+0x10c/0x130 <- backing_file_write_iter) result=0x1000
              dd-1415    [001] .....    14.080974: ovldiag_open: (ovl_open+0xb2/0x100 <- ovl_open_realfile) result=0xffff888007162600
              dd-1415    [001] .....    14.081003: ovldiag_ensure: (ovl_write_iter+0xaf/0x130 <- ovl_ensure_upper_and_switch) result=0x0
              dd-1415    [001] .....    14.081019: ovldiag_write: (ovl_write_iter+0x10c/0x130 <- backing_file_write_iter) result=0x1000
             cat-1416    [000] .....    14.081136: ovldiag_open: (ovl_open+0xb2/0x100 <- ovl_open_realfile) result=0xffff888005c8cd00
             cat-1418    [001] .....    14.082919: ovldiag_open: (ovl_open+0xb2/0x100 <- ovl_open_realfile) result=0xffff8880046d8000
             cat-1421    [001] .....    14.084966: ovldiag_open: (ovl_open+0xb2/0x100 <- ovl_open_realfile) result=0xffff88800d7cf400
             cat-1422    [000] .....    14.086458: ovldiag_open: (ovl_open+0xb2/0x100 <- ovl_open_realfile) result=0xffff8880072d8d00
              dd-1424    [001] .....    14.088160: ovldiag_open: (ovl_open+0xb2/0x100 <- ovl_open_realfile) result=0xffff8880073c2c00
              dd-1424    [001] .....    14.088189: ovldiag_ensure: (ovl_write_iter+0xaf/0x130 <- ovl_ensure_upper_and_switch) result=0x0
              dd-1424    [001] .....    14.088206: ovldiag_write: (ovl_write_iter+0x10c/0x130 <- backing_file_write_iter) result=0x1000
              dd-1431    [000] .....    14.092025: ovldiag_open: (ovl_open+0xb2/0x100 <- ovl_open_realfile) result=0xffff888008bbc600
              dd-1431    [000] .....    14.092054: ovldiag_ensure: (ovl_write_iter+0xaf/0x130 <- ovl_ensure_upper_and_switch) result=0x0
              dd-1431    [000] .....    14.092089: ovldiag_write: (ovl_write_iter+0x10c/0x130 <- backing_file_write_iter) result=0x1000
             cat-1434    [000] .....    14.093762: ovldiag_open: (ovl_open+0xb2/0x100 <- ovl_open_realfile) result=0xffff88800d7cf800
              dd-1433    [001] .....    14.094584: ovldiag_open: (ovl_open+0xb2/0x100 <- ovl_open_realfile) result=0xffff8880073a8b00
              dd-1433    [001] .....    14.094614: ovldiag_ensure: (ovl_write_iter+0xaf/0x130 <- ovl_ensure_upper_and_switch) result=0x0
              dd-1433    [001] .....    14.094631: ovldiag_write: (ovl_write_iter+0x10c/0x130 <- backing_file_write_iter) result=0x1000
              dd-1436    [000] .....    14.096599: ovldiag_open: (ovl_open+0xb2/0x100 <- ovl_open_realfile) result=0xffff88800457bb00
              dd-1436    [000] .....    14.096630: ovldiag_ensure: (ovl_write_iter+0xaf/0x130 <- ovl_ensure_upper_and_switch) result=0x0
              dd-1436    [000] .....    14.096643: ovldiag_write: (ovl_write_iter+0x10c/0x130 <- backing_file_write_iter) result=0x1000
             cat-1438    [001] .....    14.097311: ovldiag_open: (ovl_open+0xb2/0x100 <- ovl_open_realfile) result=0xffff88800d4e1900
             cat-1441    [001] .....    14.100318: ovldiag_open: (ovl_open+0xb2/0x100 <- ovl_open_realfile) result=0xffff888007059700
             cat-1443    [000] .....    14.100597: ovldiag_open: (ovl_open+0xb2/0x100 <- ovl_open_realfile) result=0xffff88800d7cf200
              dd-1447    [000] .....    14.102510: ovldiag_open: (ovl_open+0xb2/0x100 <- ovl_open_realfile) result=0xffff88800d5b5800
              dd-1447    [000] .....    14.102538: ovldiag_ensure: (ovl_write_iter+0xaf/0x130 <- ovl_ensure_upper_and_switch) result=0x0
              dd-1447    [000] .....    14.102550: ovldiag_write: (ovl_write_iter+0x10c/0x130 <- backing_file_write_iter) result=0x1000
             cat-1451    [000] .....    14.106188: ovldiag_open: (ovl_open+0xb2/0x100 <- ovl_open_realfile) result=0xffff888007162a00
              dd-1452    [001] .....    14.106868: ovldiag_open: (ovl_open+0xb2/0x100 <- ovl_open_realfile) result=0xffff8880072a6200
              dd-1452    [001] .....    14.106901: ovldiag_ensure: (ovl_write_iter+0xaf/0x130 <- ovl_ensure_upper_and_switch) result=0x0
              dd-1452    [001] .....    14.106919: ovldiag_write: (ovl_write_iter+0x10c/0x130 <- backing_file_write_iter) result=0x1000
             cat-1456    [001] .....    14.109791: ovldiag_open: (ovl_open+0xb2/0x100 <- ovl_open_realfile) result=0xffff88800d7cf100
              dd-1458    [000] .....    14.110204: ovldiag_open: (ovl_open+0xb2/0x100 <- ovl_open_realfile) result=0xffff888007248000
              dd-1458    [000] .....    14.110230: ovldiag_ensure: (ovl_write_iter+0xaf/0x130 <- ovl_ensure_upper_and_switch) result=0x0
              dd-1458    [000] .....    14.110242: ovldiag_write: (ovl_write_iter+0x10c/0x130 <- backing_file_write_iter) result=0x1000
              dd-1457    [001] .....    14.110917: ovldiag_open: (ovl_open+0xb2/0x100 <- ovl_open_realfile) result=0xffff888005d64a00
              dd-1457    [001] .....    14.110948: ovldiag_ensure: (ovl_write_iter+0xaf/0x130 <- ovl_ensure_upper_and_switch) result=0x0
              dd-1457    [001] .....    14.110965: ovldiag_write: (ovl_write_iter+0x10c/0x130 <- backing_file_write_iter) result=0x1000
             cat-1459    [000] .....    14.111748: ovldiag_open: (ovl_open+0xb2/0x100 <- ovl_open_realfile) result=0xffff888007256500
             cat-1463    [000] .....    14.115420: ovldiag_open: (ovl_open+0xb2/0x100 <- ovl_open_realfile) result=0xffff88800d773000
             cat-1466    [000] .....    14.116844: ovldiag_open: (ovl_open+0xb2/0x100 <- ovl_open_realfile) result=0xffff88800707be00
              dd-1467    [000] .....    14.117765: ovldiag_open: (ovl_open+0xb2/0x100 <- ovl_open_realfile) result=0xffff888007046f00
              dd-1467    [000] .....    14.117794: ovldiag_ensure: (ovl_write_iter+0xaf/0x130 <- ovl_ensure_upper_and_switch) result=0x0
              dd-1467    [000] .....    14.117806: ovldiag_write: (ovl_write_iter+0x10c/0x130 <- backing_file_write_iter) result=0x1000
              dd-1473    [001] .....    14.120956: ovldiag_open: (ovl_open+0xb2/0x100 <- ovl_open_realfile) result=0xffff888007162600
              dd-1473    [001] .....    14.120989: ovldiag_ensure: (ovl_write_iter+0xaf/0x130 <- ovl_ensure_upper_and_switch) result=0x0
              dd-1473    [001] .....    14.121006: ovldiag_write: (ovl_write_iter+0x10c/0x130 <- backing_file_write_iter) result=0x1000
             cat-1474    [001] .....    14.123172: ovldiag_open: (ovl_open+0xb2/0x100 <- ovl_open_realfile) result=0xffff88800461b000
              dd-1477    [000] .....    14.124348: ovldiag_open: (ovl_open+0xb2/0x100 <- ovl_open_realfile) result=0xffff888005cb3d00
              dd-1477    [000] .....    14.124375: ovldiag_ensure: (ovl_write_iter+0xaf/0x130 <- ovl_ensure_upper_and_switch) result=0x0
              dd-1477    [000] .....    14.124396: ovldiag_write: (ovl_write_iter+0x10c/0x130 <- backing_file_write_iter) result=0x1000
              dd-1480    [000] .....    14.126559: ovldiag_open: (ovl_open+0xb2/0x100 <- ovl_open_realfile) result=0xffff88800d7c5000
              dd-1480    [000] .....    14.126587: ovldiag_ensure: (ovl_write_iter+0xaf/0x130 <- ovl_ensure_upper_and_switch) result=0x0
              dd-1480    [000] .....    14.126599: ovldiag_write: (ovl_write_iter+0x10c/0x130 <- backing_file_write_iter) result=0x1000
             cat-1483    [001] .....    14.127325: ovldiag_open: (ovl_open+0xb2/0x100 <- ovl_open_realfile) result=0xffff88800457ba00
             cat-1482    [000] .....    14.127693: ovldiag_open: (ovl_open+0xb2/0x100 <- ovl_open_realfile) result=0xffff88800700f800
             cat-1487    [000] .....    14.130395: ovldiag_open: (ovl_open+0xb2/0x100 <- ovl_open_realfile) result=0xffff8880089dda00
              dd-1491    [001] .....    14.133430: ovldiag_open: (ovl_open+0xb2/0x100 <- ovl_open_realfile) result=0xffff88800707b400
              dd-1491    [001] .....    14.133465: ovldiag_ensure: (ovl_write_iter+0xaf/0x130 <- ovl_ensure_upper_and_switch) result=0x0
              dd-1491    [001] .....    14.133484: ovldiag_write: (ovl_write_iter+0x10c/0x130 <- backing_file_write_iter) result=0x1000
              dd-1492    [000] .....    14.135228: ovldiag_open: (ovl_open+0xb2/0x100 <- ovl_open_realfile) result=0xffff8880047ffc00
              dd-1492    [000] .....    14.135259: ovldiag_ensure: (ovl_write_iter+0xaf/0x130 <- ovl_ensure_upper_and_switch) result=0x0
              dd-1492    [000] .....    14.135274: ovldiag_write: (ovl_write_iter+0x10c/0x130 <- backing_file_write_iter) result=0x1000
             cat-1496    [001] .....    14.137484: ovldiag_open: (ovl_open+0xb2/0x100 <- ovl_open_realfile) result=0xffff888007058f00
              dd-1497    [000] .....    14.138151: ovldiag_open: (ovl_open+0xb2/0x100 <- ovl_open_realfile) result=0xffff8880073ba700
              dd-1497    [000] .....    14.138180: ovldiag_ensure: (ovl_write_iter+0xaf/0x130 <- ovl_ensure_upper_and_switch) result=0x0
              dd-1497    [000] .....    14.138192: ovldiag_write: (ovl_write_iter+0x10c/0x130 <- backing_file_write_iter) result=0x1000
             cat-1499    [001] .....    14.139382: ovldiag_open: (ovl_open+0xb2/0x100 <- ovl_open_realfile) result=0xffff888007171a00
             cat-1503    [000] .....    14.142149: ovldiag_open: (ovl_open+0xb2/0x100 <- ovl_open_realfile) result=0xffff888008944000
              dd-1504    [001] .....    14.143186: ovldiag_open: (ovl_open+0xb2/0x100 <- ovl_open_realfile) result=0xffff8880072a6300
              dd-1504    [001] .....    14.143214: ovldiag_ensure: (ovl_write_iter+0xaf/0x130 <- ovl_ensure_upper_and_switch) result=0x0
              dd-1504    [001] .....    14.143232: ovldiag_write: (ovl_write_iter+0x10c/0x130 <- backing_file_write_iter) result=0x1000
             cat-1505    [000] .....    14.144223: ovldiag_open: (ovl_open+0xb2/0x100 <- ovl_open_realfile) result=0xffff888007058f00
              dd-1510    [001] .....    14.148138: ovldiag_open: (ovl_open+0xb2/0x100 <- ovl_open_realfile) result=0xffff88800ab7a100
              dd-1510    [001] .....    14.148165: ovldiag_ensure: (ovl_write_iter+0xaf/0x130 <- ovl_ensure_upper_and_switch) result=0x0
              dd-1510    [001] .....    14.148182: ovldiag_write: (ovl_write_iter+0x10c/0x130 <- backing_file_write_iter) result=0x1000
             cat-1514    [001] .....    14.150044: ovldiag_open: (ovl_open+0xb2/0x100 <- ovl_open_realfile) result=0xffff8880047ffd00
              dd-1515    [000] .....    14.150461: ovldiag_open: (ovl_open+0xb2/0x100 <- ovl_open_realfile) result=0xffff888007079c00
              dd-1515    [000] .....    14.150490: ovldiag_ensure: (ovl_write_iter+0xaf/0x130 <- ovl_ensure_upper_and_switch) result=0x0
              dd-1515    [000] .....    14.150503: ovldiag_write: (ovl_write_iter+0x10c/0x130 <- backing_file_write_iter) result=0x1000
              dd-1518    [000] .....    14.153038: ovldiag_open: (ovl_open+0xb2/0x100 <- ovl_open_realfile) result=0xffff888004619b00
              dd-1518    [000] .N...    14.153114: ovldiag_ensure: (ovl_write_iter+0xaf/0x130 <- ovl_ensure_upper_and_switch) result=0x0
             cat-1519    [000] .....    14.154271: ovldiag_open: (ovl_open+0xb2/0x100 <- ovl_open_realfile) result=0xffff88800461ba00
             cat-1521    [001] .....    14.154639: ovldiag_open: (ovl_open+0xb2/0x100 <- ovl_open_realfile) result=0xffff888007256c00
              dd-1518    [000] .....    14.154695: ovldiag_write: (ovl_write_iter+0x10c/0x130 <- backing_file_write_iter) result=0x1000
             cat-1522    [000] .....    14.155838: ovldiag_open: (ovl_open+0xb2/0x100 <- ovl_open_realfile) result=0xffff8880047fff00
              dd-1525    [000] .....    14.158625: ovldiag_open: (ovl_open+0xb2/0x100 <- ovl_open_realfile) result=0xffff88800700f000
              dd-1525    [000] .....    14.158652: ovldiag_ensure: (ovl_write_iter+0xaf/0x130 <- ovl_ensure_upper_and_switch) result=0x0
              dd-1525    [000] .....    14.158664: ovldiag_write: (ovl_write_iter+0x10c/0x130 <- backing_file_write_iter) result=0x1000
             cat-1531    [001] .....    14.160924: ovldiag_open: (ovl_open+0xb2/0x100 <- ovl_open_realfile) result=0xffff8880072d8200
              dd-1534    [001] .....    14.163970: ovldiag_open: (ovl_open+0xb2/0x100 <- ovl_open_realfile) result=0xffff88800abf1f00
              dd-1534    [001] .....    14.163998: ovldiag_ensure: (ovl_write_iter+0xaf/0x130 <- ovl_ensure_upper_and_switch) result=0x0
              dd-1534    [001] .....    14.164030: ovldiag_write: (ovl_write_iter+0x10c/0x130 <- backing_file_write_iter) result=0x1000
              dd-1535    [000] .....    14.164606: ovldiag_open: (ovl_open+0xb2/0x100 <- ovl_open_realfile) result=0xffff888007162400
              dd-1535    [000] .....    14.164637: ovldiag_ensure: (ovl_write_iter+0xaf/0x130 <- ovl_ensure_upper_and_switch) result=0x0
              dd-1535    [000] .....    14.164650: ovldiag_write: (ovl_write_iter+0x10c/0x130 <- backing_file_write_iter) result=0x1000
             cat-1537    [001] .....    14.166151: ovldiag_open: (ovl_open+0xb2/0x100 <- ovl_open_realfile) result=0xffff88800700f100
             cat-1538    [001] .....    14.168175: ovldiag_open: (ovl_open+0xb2/0x100 <- ovl_open_realfile) result=0xffff8880044a8a00
             cat-1544    [000] .....    14.170137: ovldiag_open: (ovl_open+0xb2/0x100 <- ovl_open_realfile) result=0xffff88800d452800
             cat-1547    [001] .....    14.173086: ovldiag_open: (ovl_open+0xb2/0x100 <- ovl_open_realfile) result=0xffff88800dc37000
              dd-1548    [000] .....    14.173356: ovldiag_open: (ovl_open+0xb2/0x100 <- ovl_open_realfile) result=0xffff888005c8c100
              dd-1548    [000] .....    14.173394: ovldiag_ensure: (ovl_write_iter+0xaf/0x130 <- ovl_ensure_upper_and_switch) result=0x0
              dd-1548    [000] .....    14.173407: ovldiag_write: (ovl_write_iter+0x10c/0x130 <- backing_file_write_iter) result=0x1000
              dd-1552    [000] .....    14.175879: ovldiag_open: (ovl_open+0xb2/0x100 <- ovl_open_realfile) result=0xffff88800732f400
              dd-1552    [000] .....    14.175908: ovldiag_ensure: (ovl_write_iter+0xaf/0x130 <- ovl_ensure_upper_and_switch) result=0x0
              dd-1552    [000] .....    14.175920: ovldiag_write: (ovl_write_iter+0x10c/0x130 <- backing_file_write_iter) result=0x1000
             cat-1555    [000] .....    14.177611: ovldiag_open: (ovl_open+0xb2/0x100 <- ovl_open_realfile) result=0xffff88800893c400
              dd-1556    [001] .....    14.179114: ovldiag_open: (ovl_open+0xb2/0x100 <- ovl_open_realfile) result=0xffff88800aba5800
              dd-1556    [001] .....    14.179149: ovldiag_ensure: (ovl_write_iter+0xaf/0x130 <- ovl_ensure_upper_and_switch) result=0x0
              dd-1556    [001] .....    14.179165: ovldiag_write: (ovl_write_iter+0x10c/0x130 <- backing_file_write_iter) result=0x1000
              dd-1561    [000] .....    14.181562: ovldiag_open: (ovl_open+0xb2/0x100 <- ovl_open_realfile) result=0xffff8880072a6100
             cat-1559    [001] .....    14.181588: ovldiag_open: (ovl_open+0xb2/0x100 <- ovl_open_realfile) result=0xffff8880073a9d00
              dd-1561    [000] .....    14.181592: ovldiag_ensure: (ovl_write_iter+0xaf/0x130 <- ovl_ensure_upper_and_switch) result=0x0
              dd-1561    [000] .....    14.181604: ovldiag_write: (ovl_write_iter+0x10c/0x130 <- backing_file_write_iter) result=0x1000
             cat-1563    [001] .....    14.183920: ovldiag_open: (ovl_open+0xb2/0x100 <- ovl_open_realfile) result=0xffff88800457b600
             cat-1565    [001] .....    14.185163: ovldiag_open: (ovl_open+0xb2/0x100 <- ovl_open_realfile) result=0xffff88800aba5b00
              dd-1567    [000] .....    14.186398: ovldiag_open: (ovl_open+0xb2/0x100 <- ovl_open_realfile) result=0xffff888007171400
              dd-1567    [000] .....    14.186428: ovldiag_ensure: (ovl_write_iter+0xaf/0x130 <- ovl_ensure_upper_and_switch) result=0x0
              dd-1567    [000] .....    14.186441: ovldiag_write: (ovl_write_iter+0x10c/0x130 <- backing_file_write_iter) result=0x1000
             cat-1574    [000] .....    14.190675: ovldiag_open: (ovl_open+0xb2/0x100 <- ovl_open_realfile) result=0xffff88800700ff00
              dd-1573    [001] .....    14.191149: ovldiag_open: (ovl_open+0xb2/0x100 <- ovl_open_realfile) result=0xffff88800724e600
              dd-1573    [001] .....    14.191178: ovldiag_ensure: (ovl_write_iter+0xaf/0x130 <- ovl_ensure_upper_and_switch) result=0x0
              dd-1573    [001] .....    14.191197: ovldiag_write: (ovl_write_iter+0x10c/0x130 <- backing_file_write_iter) result=0x1000
              dd-1580    [000] .....    14.195194: ovldiag_open: (ovl_open+0xb2/0x100 <- ovl_open_realfile) result=0xffff88800715db00
             cat-1578    [001] .....    14.195222: ovldiag_open: (ovl_open+0xb2/0x100 <- ovl_open_realfile) result=0xffff88800724ea00
              dd-1580    [000] .....    14.195225: ovldiag_ensure: (ovl_write_iter+0xaf/0x130 <- ovl_ensure_upper_and_switch) result=0x0
              dd-1580    [000] .....    14.195239: ovldiag_write: (ovl_write_iter+0x10c/0x130 <- backing_file_write_iter) result=0x1000
              dd-1579    [000] .....    14.195583: ovldiag_open: (ovl_open+0xb2/0x100 <- ovl_open_realfile) result=0xffff888008a4c000
              dd-1579    [000] .....    14.195609: ovldiag_ensure: (ovl_write_iter+0xaf/0x130 <- ovl_ensure_upper_and_switch) result=0x0
              dd-1579    [000] .....    14.195617: ovldiag_write: (ovl_write_iter+0x10c/0x130 <- backing_file_write_iter) result=0x1000
             cat-1581    [001] .....    14.198236: ovldiag_open: (ovl_open+0xb2/0x100 <- ovl_open_realfile) result=0xffff88800724e100
             cat-1585    [000] .....    14.198839: ovldiag_open: (ovl_open+0xb2/0x100 <- ovl_open_realfile) result=0xffff88800715d800
              dd-1586    [000] .....    14.201263: ovldiag_open: (ovl_open+0xb2/0x100 <- ovl_open_realfile) result=0xffff8880046d8600
              dd-1586    [000] .....    14.201294: ovldiag_ensure: (ovl_write_iter+0xaf/0x130 <- ovl_ensure_upper_and_switch) result=0x0
              dd-1586    [000] .....    14.201307: ovldiag_write: (ovl_write_iter+0x10c/0x130 <- backing_file_write_iter) result=0x1000
             cat-1590    [000] .....    14.203292: ovldiag_open: (ovl_open+0xb2/0x100 <- ovl_open_realfile) result=0xffff888005c8ce00
              dd-1595    [001] .....    14.205984: ovldiag_open: (ovl_open+0xb2/0x100 <- ovl_open_realfile) result=0xffff888007162900
              dd-1595    [001] .....    14.206016: ovldiag_ensure: (ovl_write_iter+0xaf/0x130 <- ovl_ensure_upper_and_switch) result=0x0
              dd-1595    [001] .....    14.206033: ovldiag_write: (ovl_write_iter+0x10c/0x130 <- backing_file_write_iter) result=0x1000
             cat-1597    [000] .....    14.207475: ovldiag_open: (ovl_open+0xb2/0x100 <- ovl_open_realfile) result=0xffff888007059500
              dd-1600    [000] .....    14.209181: ovldiag_open: (ovl_open+0xb2/0x100 <- ovl_open_realfile) result=0xffff888008876600
              dd-1600    [000] .....    14.209207: ovldiag_ensure: (ovl_write_iter+0xaf/0x130 <- ovl_ensure_upper_and_switch) result=0x0
              dd-1600    [000] .....    14.209221: ovldiag_write: (ovl_write_iter+0x10c/0x130 <- backing_file_write_iter) result=0x1000
             cat-1604    [001] .....    14.212104: ovldiag_open: (ovl_open+0xb2/0x100 <- ovl_open_realfile) result=0xffff88800700f000
              dd-1603    [000] .....    14.212401: ovldiag_open: (ovl_open+0xb2/0x100 <- ovl_open_realfile) result=0xffff888007160a00
              dd-1603    [000] .....    14.212431: ovldiag_ensure: (ovl_write_iter+0xaf/0x130 <- ovl_ensure_upper_and_switch) result=0x0
              dd-1603    [000] .....    14.212444: ovldiag_write: (ovl_write_iter+0x10c/0x130 <- backing_file_write_iter) result=0x1000
             cat-1605    [000] .....    14.213950: ovldiag_open: (ovl_open+0xb2/0x100 <- ovl_open_realfile) result=0xffff8880044a8000
             cat-1608    [000] .....    14.217011: ovldiag_open: (ovl_open+0xb2/0x100 <- ovl_open_realfile) result=0xffff888007248f00
              dd-1610    [001] .....    14.217437: ovldiag_open: (ovl_open+0xb2/0x100 <- ovl_open_realfile) result=0xffff8880072d8200
              dd-1610    [001] .....    14.217466: ovldiag_ensure: (ovl_write_iter+0xaf/0x130 <- ovl_ensure_upper_and_switch) result=0x0
              dd-1610    [001] .....    14.217485: ovldiag_write: (ovl_write_iter+0x10c/0x130 <- backing_file_write_iter) result=0x1000
             cat-1614    [000] .....    14.219761: ovldiag_open: (ovl_open+0xb2/0x100 <- ovl_open_realfile) result=0xffff88800d69a600
              dd-1617    [001] .....    14.221805: ovldiag_open: (ovl_open+0xb2/0x100 <- ovl_open_realfile) result=0xffff888007256d00
              dd-1617    [001] .....    14.221834: ovldiag_ensure: (ovl_write_iter+0xaf/0x130 <- ovl_ensure_upper_and_switch) result=0x0
              dd-1617    [001] .....    14.221851: ovldiag_write: (ovl_write_iter+0x10c/0x130 <- backing_file_write_iter) result=0x1000
              dd-1619    [000] .....    14.222325: ovldiag_open: (ovl_open+0xb2/0x100 <- ovl_open_realfile) result=0xffff888005c8c000
              dd-1619    [000] .....    14.222353: ovldiag_ensure: (ovl_write_iter+0xaf/0x130 <- ovl_ensure_upper_and_switch) result=0x0
              dd-1619    [000] .....    14.222366: ovldiag_write: (ovl_write_iter+0x10c/0x130 <- backing_file_write_iter) result=0x1000
             cat-1620    [001] .....    14.224970: ovldiag_open: (ovl_open+0xb2/0x100 <- ovl_open_realfile) result=0xffff888007171e00
              dd-1624    [000] .....    14.226567: ovldiag_open: (ovl_open+0xb2/0x100 <- ovl_open_realfile) result=0xffff888008944200
              dd-1624    [000] .....    14.226596: ovldiag_ensure: (ovl_write_iter+0xaf/0x130 <- ovl_ensure_upper_and_switch) result=0x0
             cat-1623    [001] .....    14.226598: ovldiag_open: (ovl_open+0xb2/0x100 <- ovl_open_realfile) result=0xffff888007160000
              dd-1624    [000] .....    14.226610: ovldiag_write: (ovl_write_iter+0x10c/0x130 <- backing_file_write_iter) result=0x1000
             cat-1631    [001] .....    14.231920: ovldiag_open: (ovl_open+0xb2/0x100 <- ovl_open_realfile) result=0xffff8880046d8000
              dd-1632    [000] .....    14.232379: ovldiag_open: (ovl_open+0xb2/0x100 <- ovl_open_realfile) result=0xffff88800715d500
              dd-1632    [000] .....    14.232416: ovldiag_ensure: (ovl_write_iter+0xaf/0x130 <- ovl_ensure_upper_and_switch) result=0x0
              dd-1632    [000] .....    14.232429: ovldiag_write: (ovl_write_iter+0x10c/0x130 <- backing_file_write_iter) result=0x1000
              dd-1637    [000] .....    14.235258: ovldiag_open: (ovl_open+0xb2/0x100 <- ovl_open_realfile) result=0xffff88800dcf0800
              dd-1637    [000] .....    14.235283: ovldiag_ensure: (ovl_write_iter+0xaf/0x130 <- ovl_ensure_upper_and_switch) result=0x0
              dd-1637    [000] .....    14.235295: ovldiag_write: (ovl_write_iter+0x10c/0x130 <- backing_file_write_iter) result=0x1000
             cat-1636    [001] .....    14.235755: ovldiag_open: (ovl_open+0xb2/0x100 <- ovl_open_realfile) result=0xffff88800ab61600
             cat-1640    [000] .....    14.237627: ovldiag_open: (ovl_open+0xb2/0x100 <- ovl_open_realfile) result=0xffff888008944600
              dd-1641    [000] .....    14.238797: ovldiag_open: (ovl_open+0xb2/0x100 <- ovl_open_realfile) result=0xffff8880047ff700
              dd-1641    [000] .....    14.238826: ovldiag_ensure: (ovl_write_iter+0xaf/0x130 <- ovl_ensure_upper_and_switch) result=0x0
              dd-1641    [000] .....    14.238840: ovldiag_write: (ovl_write_iter+0x10c/0x130 <- backing_file_write_iter) result=0x1000
             cat-1642    [001] .....    14.238875: ovldiag_open: (ovl_open+0xb2/0x100 <- ovl_open_realfile) result=0xffff888007058300
              dd-1648    [000] .....    14.242157: ovldiag_open: (ovl_open+0xb2/0x100 <- ovl_open_realfile) result=0xffff8880073aa600
              dd-1648    [000] .....    14.242185: ovldiag_ensure: (ovl_write_iter+0xaf/0x130 <- ovl_ensure_upper_and_switch) result=0x0
              dd-1648    [000] .....    14.242198: ovldiag_write: (ovl_write_iter+0x10c/0x130 <- backing_file_write_iter) result=0x1000
             cat-1649    [001] .....    14.243245: ovldiag_open: (ovl_open+0xb2/0x100 <- ovl_open_realfile) result=0xffff88800461b000
              dd-1653    [000] .....    14.246816: ovldiag_open: (ovl_open+0xb2/0x100 <- ovl_open_realfile) result=0xffff88800abfaa00
              dd-1653    [000] .....    14.246847: ovldiag_ensure: (ovl_write_iter+0xaf/0x130 <- ovl_ensure_upper_and_switch) result=0x0
              dd-1653    [000] .....    14.246859: ovldiag_write: (ovl_write_iter+0x10c/0x130 <- backing_file_write_iter) result=0x1000
             cat-1655    [001] .....    14.247567: ovldiag_open: (ovl_open+0xb2/0x100 <- ovl_open_realfile) result=0xffff88800732de00
              dd-1657    [000] .....    14.249051: ovldiag_open: (ovl_open+0xb2/0x100 <- ovl_open_realfile) result=0xffff8880073ba000
              dd-1657    [000] .....    14.249120: ovldiag_ensure: (ovl_write_iter+0xaf/0x130 <- ovl_ensure_upper_and_switch) result=0x0
              dd-1657    [000] .....    14.249133: ovldiag_write: (ovl_write_iter+0x10c/0x130 <- backing_file_write_iter) result=0x1000
             cat-1659    [000] .....    14.250871: ovldiag_open: (ovl_open+0xb2/0x100 <- ovl_open_realfile) result=0xffff88800d69af00
             cat-1662    [000] .....    14.252873: ovldiag_open: (ovl_open+0xb2/0x100 <- ovl_open_realfile) result=0xffff88800d52b600
              dd-1665    [001] .....    14.255976: ovldiag_open: (ovl_open+0xb2/0x100 <- ovl_open_realfile) result=0xffff88800d69a000
              dd-1665    [001] .....    14.256005: ovldiag_ensure: (ovl_write_iter+0xaf/0x130 <- ovl_ensure_upper_and_switch) result=0x0
              dd-1665    [001] .....    14.256022: ovldiag_write: (ovl_write_iter+0x10c/0x130 <- backing_file_write_iter) result=0x1000
             cat-1668    [001] .....    14.256932: ovldiag_open: (ovl_open+0xb2/0x100 <- ovl_open_realfile) result=0xffff888005cb3800
              dd-1669    [000] .....    14.257548: ovldiag_open: (ovl_open+0xb2/0x100 <- ovl_open_realfile) result=0xffff8880046d8400
              dd-1669    [000] .....    14.257574: ovldiag_ensure: (ovl_write_iter+0xaf/0x130 <- ovl_ensure_upper_and_switch) result=0x0
              dd-1669    [000] .....    14.257588: ovldiag_write: (ovl_write_iter+0x10c/0x130 <- backing_file_write_iter) result=0x1000
             cat-1671    [001] .....    14.259455: ovldiag_open: (ovl_open+0xb2/0x100 <- ovl_open_realfile) result=0xffff88800d471200
              dd-1675    [000] .....    14.261495: ovldiag_open: (ovl_open+0xb2/0x100 <- ovl_open_realfile) result=0xffff8880072d8200
              dd-1675    [000] .....    14.261524: ovldiag_ensure: (ovl_write_iter+0xaf/0x130 <- ovl_ensure_upper_and_switch) result=0x0
              dd-1675    [000] .....    14.261536: ovldiag_write: (ovl_write_iter+0x10c/0x130 <- backing_file_write_iter) result=0x1000
             cat-1676    [001] .....    14.263567: ovldiag_open: (ovl_open+0xb2/0x100 <- ovl_open_realfile) result=0xffff8880072a6900
             cat-1679    [000] .....    14.264203: ovldiag_open: (ovl_open+0xb2/0x100 <- ovl_open_realfile) result=0xffff8880073a8600
              dd-1681    [000] .....    14.265632: ovldiag_open: (ovl_open+0xb2/0x100 <- ovl_open_realfile) result=0xffff888008944800
              dd-1681    [000] .....    14.265658: ovldiag_ensure: (ovl_write_iter+0xaf/0x130 <- ovl_ensure_upper_and_switch) result=0x0
              dd-1681    [000] .....    14.265670: ovldiag_write: (ovl_write_iter+0x10c/0x130 <- backing_file_write_iter) result=0x1000
             cat-1688    [000] .....    14.269996: ovldiag_open: (ovl_open+0xb2/0x100 <- ovl_open_realfile) result=0xffff88800ab97600
             cat-1687    [001] .....    14.270445: ovldiag_open: (ovl_open+0xb2/0x100 <- ovl_open_realfile) result=0xffff88800715d900
              dd-1689    [000] .N...    14.271116: ovldiag_open: (ovl_open+0xb2/0x100 <- ovl_open_realfile) result=0xffff8880043a2b00
              dd-1689    [000] .....    14.271433: ovldiag_ensure: (ovl_write_iter+0xaf/0x130 <- ovl_ensure_upper_and_switch) result=0x0
              dd-1689    [000] .....    14.271446: ovldiag_write: (ovl_write_iter+0x10c/0x130 <- backing_file_write_iter) result=0x1000
              dd-1690    [001] .....    14.272244: ovldiag_open: (ovl_open+0xb2/0x100 <- ovl_open_realfile) result=0xffff88800d4c5c00
              dd-1690    [001] .....    14.272275: ovldiag_ensure: (ovl_write_iter+0xaf/0x130 <- ovl_ensure_upper_and_switch) result=0x0
              dd-1690    [001] .....    14.272292: ovldiag_write: (ovl_write_iter+0x10c/0x130 <- backing_file_write_iter) result=0x1000
             cat-1694    [001] .....    14.275080: ovldiag_open: (ovl_open+0xb2/0x100 <- ovl_open_realfile) result=0xffff88800d586d00
             cat-1700    [000] .....    14.278789: ovldiag_open: (ovl_open+0xb2/0x100 <- ovl_open_realfile) result=0xffff88800dca7f00
              dd-1701    [001] .....    14.279710: ovldiag_open: (ovl_open+0xb2/0x100 <- ovl_open_realfile) result=0xffff888007171400
              dd-1701    [001] .....    14.279743: ovldiag_ensure: (ovl_write_iter+0xaf/0x130 <- ovl_ensure_upper_and_switch) result=0x0
              dd-1701    [001] .....    14.279761: ovldiag_write: (ovl_write_iter+0x10c/0x130 <- backing_file_write_iter) result=0x1000
              dd-1702    [001] .....    14.280903: ovldiag_open: (ovl_open+0xb2/0x100 <- ovl_open_realfile) result=0xffff88800715da00
              dd-1702    [001] .....    14.280929: ovldiag_ensure: (ovl_write_iter+0xaf/0x130 <- ovl_ensure_upper_and_switch) result=0x0
              dd-1702    [001] .....    14.280943: ovldiag_write: (ovl_write_iter+0x10c/0x130 <- backing_file_write_iter) result=0x1000
             cat-1705    [000] .....    14.281889: ovldiag_open: (ovl_open+0xb2/0x100 <- ovl_open_realfile) result=0xffff8880073a8900
             cat-1709    [000] .....    14.285045: ovldiag_open: (ovl_open+0xb2/0x100 <- ovl_open_realfile) result=0xffff88800d469100
              dd-1708    [000] .....    14.285575: ovldiag_open: (ovl_open+0xb2/0x100 <- ovl_open_realfile) result=0xffff888007046f00
              dd-1708    [000] .....    14.285601: ovldiag_ensure: (ovl_write_iter+0xaf/0x130 <- ovl_ensure_upper_and_switch) result=0x0
              dd-1708    [000] .....    14.285614: ovldiag_write: (ovl_write_iter+0x10c/0x130 <- backing_file_write_iter) result=0x1000
             cat-1712    [001] .....    14.287372: ovldiag_open: (ovl_open+0xb2/0x100 <- ovl_open_realfile) result=0xffff888005c8c000
              dd-1715    [001] .....    14.288859: ovldiag_open: (ovl_open+0xb2/0x100 <- ovl_open_realfile) result=0xffff888008a29700
              dd-1715    [001] .....    14.288893: ovldiag_ensure: (ovl_write_iter+0xaf/0x130 <- ovl_ensure_upper_and_switch) result=0x0
              dd-1715    [001] .....    14.288909: ovldiag_write: (ovl_write_iter+0x10c/0x130 <- backing_file_write_iter) result=0x1000
             cat-1718    [001] .....    14.291173: ovldiag_open: (ovl_open+0xb2/0x100 <- ovl_open_realfile) result=0xffff888007046600
             cat-1722    [001] .....    14.294523: ovldiag_open: (ovl_open+0xb2/0x100 <- ovl_open_realfile) result=0xffff888007162c00
              dd-1723    [000] .....    14.295099: ovldiag_open: (ovl_open+0xb2/0x100 <- ovl_open_realfile) result=0xffff888005cb7a00
              dd-1723    [000] .....    14.295126: ovldiag_ensure: (ovl_write_iter+0xaf/0x130 <- ovl_ensure_upper_and_switch) result=0x0
              dd-1723    [000] .....    14.295139: ovldiag_write: (ovl_write_iter+0x10c/0x130 <- backing_file_write_iter) result=0x1000
              dd-1725    [000] .....    14.296433: ovldiag_open: (ovl_open+0xb2/0x100 <- ovl_open_realfile) result=0xffff8880047ffd00
              dd-1725    [000] .....    14.296460: ovldiag_ensure: (ovl_write_iter+0xaf/0x130 <- ovl_ensure_upper_and_switch) result=0x0
              dd-1725    [000] .....    14.296472: ovldiag_write: (ovl_write_iter+0x10c/0x130 <- backing_file_write_iter) result=0x1000
             cat-1729    [000] .....    14.299594: ovldiag_open: (ovl_open+0xb2/0x100 <- ovl_open_realfile) result=0xffff888007059700
              dd-1731    [001] .....    14.300262: ovldiag_open: (ovl_open+0xb2/0x100 <- ovl_open_realfile) result=0xffff8880073a8d00
              dd-1731    [001] .....    14.300291: ovldiag_ensure: (ovl_write_iter+0xaf/0x130 <- ovl_ensure_upper_and_switch) result=0x0
              dd-1731    [001] .....    14.300309: ovldiag_write: (ovl_write_iter+0x10c/0x130 <- backing_file_write_iter) result=0x1000
             cat-1732    [001] .....    14.301424: ovldiag_open: (ovl_open+0xb2/0x100 <- ovl_open_realfile) result=0xffff888005c8cd00
              dd-1734    [000] .....    14.303702: ovldiag_open: (ovl_open+0xb2/0x100 <- ovl_open_realfile) result=0xffff8880073c2100
              dd-1734    [000] .....    14.303729: ovldiag_ensure: (ovl_write_iter+0xaf/0x130 <- ovl_ensure_upper_and_switch) result=0x0
              dd-1734    [000] .....    14.303742: ovldiag_write: (ovl_write_iter+0x10c/0x130 <- backing_file_write_iter) result=0x1000
             cat-1736    [000] .....    14.304448: ovldiag_open: (ovl_open+0xb2/0x100 <- ovl_open_realfile) result=0xffff88800724e700
             cat-1740    [001] .....    14.307513: ovldiag_open: (ovl_open+0xb2/0x100 <- ovl_open_realfile) result=0xffff888005cb7700
              dd-1746    [000] .....    14.310137: ovldiag_open: (ovl_open+0xb2/0x100 <- ovl_open_realfile) result=0xffff88800707b400
              dd-1746    [000] .....    14.310168: ovldiag_ensure: (ovl_write_iter+0xaf/0x130 <- ovl_ensure_upper_and_switch) result=0x0
              dd-1746    [000] .....    14.310182: ovldiag_write: (ovl_write_iter+0x10c/0x130 <- backing_file_write_iter) result=0x1000
              dd-1745    [001] .....    14.310911: ovldiag_open: (ovl_open+0xb2/0x100 <- ovl_open_realfile) result=0xffff8880072d8a00
              dd-1745    [001] .....    14.310939: ovldiag_ensure: (ovl_write_iter+0xaf/0x130 <- ovl_ensure_upper_and_switch) result=0x0
              dd-1745    [001] .....    14.310954: ovldiag_write: (ovl_write_iter+0x10c/0x130 <- backing_file_write_iter) result=0x1000
             cat-1748    [001] .....    14.312053: ovldiag_open: (ovl_open+0xb2/0x100 <- ovl_open_realfile) result=0xffff888008882c00
             cat-1752    [000] .....    14.314853: ovldiag_open: (ovl_open+0xb2/0x100 <- ovl_open_realfile) result=0xffff88800893c300
              dd-1753    [000] .....    14.315693: ovldiag_open: (ovl_open+0xb2/0x100 <- ovl_open_realfile) result=0xffff8880043a2300
              dd-1753    [000] .....    14.315724: ovldiag_ensure: (ovl_write_iter+0xaf/0x130 <- ovl_ensure_upper_and_switch) result=0x0
              dd-1753    [000] .....    14.315737: ovldiag_write: (ovl_write_iter+0x10c/0x130 <- backing_file_write_iter) result=0x1000
             cat-1755    [001] .....    14.317147: ovldiag_open: (ovl_open+0xb2/0x100 <- ovl_open_realfile) result=0xffff888005cb7700
              dd-1757    [000] .....    14.317417: ovldiag_open: (ovl_open+0xb2/0x100 <- ovl_open_realfile) result=0xffff8880073aa600
              dd-1757    [000] .....    14.317446: ovldiag_ensure: (ovl_write_iter+0xaf/0x130 <- ovl_ensure_upper_and_switch) result=0x0
              dd-1757    [000] .....    14.317458: ovldiag_write: (ovl_write_iter+0x10c/0x130 <- backing_file_write_iter) result=0x1000
             cat-1761    [000] .....    14.321054: ovldiag_open: (ovl_open+0xb2/0x100 <- ovl_open_realfile) result=0xffff88800d684100
              dd-1765    [000] .....    14.323652: ovldiag_open: (ovl_open+0xb2/0x100 <- ovl_open_realfile) result=0xffff888005c8c400
              dd-1765    [000] .....    14.323681: ovldiag_ensure: (ovl_write_iter+0xaf/0x130 <- ovl_ensure_upper_and_switch) result=0x0
              dd-1765    [000] .....    14.323695: ovldiag_write: (ovl_write_iter+0x10c/0x130 <- backing_file_write_iter) result=0x1000
              dd-1768    [000] .....    14.325871: ovldiag_open: (ovl_open+0xb2/0x100 <- ovl_open_realfile) result=0xffff888004619b00
              dd-1768    [000] .....    14.325901: ovldiag_ensure: (ovl_write_iter+0xaf/0x130 <- ovl_ensure_upper_and_switch) result=0x0
              dd-1768    [000] .....    14.325913: ovldiag_write: (ovl_write_iter+0x10c/0x130 <- backing_file_write_iter) result=0x1000
             cat-1769    [001] .....    14.326978: ovldiag_open: (ovl_open+0xb2/0x100 <- ovl_open_realfile) result=0xffff88800aab4b00
             cat-1773    [001] .....    14.328736: ovldiag_open: (ovl_open+0xb2/0x100 <- ovl_open_realfile) result=0xffff8880073a8900
             cat-1772    [000] .....    14.329008: ovldiag_open: (ovl_open+0xb2/0x100 <- ovl_open_realfile) result=0xffff8880073bac00
              dd-1779    [000] .....    14.334120: ovldiag_open: (ovl_open+0xb2/0x100 <- ovl_open_realfile) result=0xffff888008944b00
              dd-1779    [000] .....    14.334150: ovldiag_ensure: (ovl_write_iter+0xaf/0x130 <- ovl_ensure_upper_and_switch) result=0x0
              dd-1779    [000] .....    14.334165: ovldiag_write: (ovl_write_iter+0x10c/0x130 <- backing_file_write_iter) result=0x1000
              dd-1778    [000] .....    14.334742: ovldiag_open: (ovl_open+0xb2/0x100 <- ovl_open_realfile) result=0xffff8880089dda00
              dd-1778    [000] .....    14.334770: ovldiag_ensure: (ovl_write_iter+0xaf/0x130 <- ovl_ensure_upper_and_switch) result=0x0
              dd-1778    [000] .....    14.334780: ovldiag_write: (ovl_write_iter+0x10c/0x130 <- backing_file_write_iter) result=0x1000
              dd-1784    [000] .....    14.336527: ovldiag_open: (ovl_open+0xb2/0x100 <- ovl_open_realfile) result=0xffff88800715d900
              dd-1784    [000] .....    14.336555: ovldiag_ensure: (ovl_write_iter+0xaf/0x130 <- ovl_ensure_upper_and_switch) result=0x0
              dd-1784    [000] .....    14.336567: ovldiag_write: (ovl_write_iter+0x10c/0x130 <- backing_file_write_iter) result=0x1000
             cat-1780    [001] .....    14.337130: ovldiag_open: (ovl_open+0xb2/0x100 <- ovl_open_realfile) result=0xffff888004619b00
             cat-1785    [001] .....    14.339859: ovldiag_open: (ovl_open+0xb2/0x100 <- ovl_open_realfile) result=0xffff88800d5bba00
              dd-1788    [000] .....    14.340626: ovldiag_open: (ovl_open+0xb2/0x100 <- ovl_open_realfile) result=0xffff888007171e00
              dd-1788    [000] .....    14.340652: ovldiag_ensure: (ovl_write_iter+0xaf/0x130 <- ovl_ensure_upper_and_switch) result=0x0
              dd-1788    [000] .....    14.340665: ovldiag_write: (ovl_write_iter+0x10c/0x130 <- backing_file_write_iter) result=0x1000
             cat-1789    [000] .....    14.341288: ovldiag_open: (ovl_open+0xb2/0x100 <- ovl_open_realfile) result=0xffff88800ab9e700
             cat-1791    [001] .....    14.342131: ovldiag_open: (ovl_open+0xb2/0x100 <- ovl_open_realfile) result=0xffff888008944100
              dd-1799    [001] .....    14.347753: ovldiag_open: (ovl_open+0xb2/0x100 <- ovl_open_realfile) result=0xffff88800dcf8300
              dd-1799    [001] .....    14.347787: ovldiag_ensure: (ovl_write_iter+0xaf/0x130 <- ovl_ensure_upper_and_switch) result=0x0
              dd-1799    [001] .....    14.347803: ovldiag_write: (ovl_write_iter+0x10c/0x130 <- backing_file_write_iter) result=0x1000
              dd-1800    [000] .....    14.348483: ovldiag_open: (ovl_open+0xb2/0x100 <- ovl_open_realfile) result=0xffff888005c8c800
              dd-1800    [000] .....    14.348511: ovldiag_ensure: (ovl_write_iter+0xaf/0x130 <- ovl_ensure_upper_and_switch) result=0x0
              dd-1800    [000] .....    14.348524: ovldiag_write: (ovl_write_iter+0x10c/0x130 <- backing_file_write_iter) result=0x1000
             cat-1801    [001] .....    14.349200: ovldiag_open: (ovl_open+0xb2/0x100 <- ovl_open_realfile) result=0xffff88800457ba00
              dd-1805    [000] .....    14.351128: ovldiag_open: (ovl_open+0xb2/0x100 <- ovl_open_realfile) result=0xffff8880046d8500
              dd-1805    [000] .....    14.351153: ovldiag_ensure: (ovl_write_iter+0xaf/0x130 <- ovl_ensure_upper_and_switch) result=0x0
              dd-1805    [000] .....    14.351166: ovldiag_write: (ovl_write_iter+0x10c/0x130 <- backing_file_write_iter) result=0x1000
             cat-1806    [000] .....    14.353040: ovldiag_open: (ovl_open+0xb2/0x100 <- ovl_open_realfile) result=0xffff88800d7f5600
             cat-1809    [001] .....    14.354450: ovldiag_open: (ovl_open+0xb2/0x100 <- ovl_open_realfile) result=0xffff88800457b900
              dd-1811    [001] .....    14.356201: ovldiag_open: (ovl_open+0xb2/0x100 <- ovl_open_realfile) result=0xffff88800715db00
              dd-1811    [001] .....    14.356235: ovldiag_ensure: (ovl_write_iter+0xaf/0x130 <- ovl_ensure_upper_and_switch) result=0x0
              dd-1811    [001] .....    14.356251: ovldiag_write: (ovl_write_iter+0x10c/0x130 <- backing_file_write_iter) result=0x1000
             cat-1807    [000] .....    14.356444: ovldiag_open: (ovl_open+0xb2/0x100 <- ovl_open_realfile) result=0xffff8880073aa000
             cat-1819    [001] .....    14.361546: ovldiag_open: (ovl_open+0xb2/0x100 <- ovl_open_realfile) result=0xffff88800d455400
              dd-1820    [000] .....    14.362219: ovldiag_open: (ovl_open+0xb2/0x100 <- ovl_open_realfile) result=0xffff888005cb7500
              dd-1820    [000] .....    14.362247: ovldiag_ensure: (ovl_write_iter+0xaf/0x130 <- ovl_ensure_upper_and_switch) result=0x0
              dd-1820    [000] .....    14.362258: ovldiag_write: (ovl_write_iter+0x10c/0x130 <- backing_file_write_iter) result=0x1000
              dd-1823    [000] .....    14.365116: ovldiag_open: (ovl_open+0xb2/0x100 <- ovl_open_realfile) result=0xffff888007162c00
              dd-1823    [000] .....    14.365148: ovldiag_ensure: (ovl_write_iter+0xaf/0x130 <- ovl_ensure_upper_and_switch) result=0x0
              dd-1823    [000] .....    14.365162: ovldiag_write: (ovl_write_iter+0x10c/0x130 <- backing_file_write_iter) result=0x1000
              dd-1828    [000] .....    14.366851: ovldiag_open: (ovl_open+0xb2/0x100 <- ovl_open_realfile) result=0xffff88800d457900
              dd-1828    [000] .....    14.366880: ovldiag_ensure: (ovl_write_iter+0xaf/0x130 <- ovl_ensure_upper_and_switch) result=0x0
              dd-1828    [000] .....    14.366893: ovldiag_write: (ovl_write_iter+0x10c/0x130 <- backing_file_write_iter) result=0x1000
             cat-1826    [001] .....    14.366923: ovldiag_open: (ovl_open+0xb2/0x100 <- ovl_open_realfile) result=0xffff8880046d8200
             cat-1824    [001] .....    14.367231: ovldiag_open: (ovl_open+0xb2/0x100 <- ovl_open_realfile) result=0xffff88800715d400
             cat-1830    [001] .....    14.369258: ovldiag_open: (ovl_open+0xb2/0x100 <- ovl_open_realfile) result=0xffff88800aab4200
              dd-1835    [001] .....    14.373295: ovldiag_open: (ovl_open+0xb2/0x100 <- ovl_open_realfile) result=0xffff888003761d00
              dd-1835    [001] .....    14.373328: ovldiag_ensure: (ovl_write_iter+0xaf/0x130 <- ovl_ensure_upper_and_switch) result=0x0
              dd-1835    [001] .....    14.373345: ovldiag_write: (ovl_write_iter+0x10c/0x130 <- backing_file_write_iter) result=0x1000
             cat-1838    [001] .....    14.374832: ovldiag_open: (ovl_open+0xb2/0x100 <- ovl_open_realfile) result=0xffff8880072d8900
              dd-1839    [000] .....    14.375959: ovldiag_open: (ovl_open+0xb2/0x100 <- ovl_open_realfile) result=0xffff888007171000
              dd-1839    [000] .....    14.375989: ovldiag_ensure: (ovl_write_iter+0xaf/0x130 <- ovl_ensure_upper_and_switch) result=0x0
              dd-1839    [000] .....    14.376002: ovldiag_write: (ovl_write_iter+0x10c/0x130 <- backing_file_write_iter) result=0x1000
             cat-1843    [000] .....    14.378664: ovldiag_open: (ovl_open+0xb2/0x100 <- ovl_open_realfile) result=0xffff88800d54b100
              dd-1845    [001] .....    14.379955: ovldiag_open: (ovl_open+0xb2/0x100 <- ovl_open_realfile) result=0xffff88800d400100
              dd-1845    [001] .....    14.379987: ovldiag_ensure: (ovl_write_iter+0xaf/0x130 <- ovl_ensure_upper_and_switch) result=0x0
              dd-1845    [001] .....    14.380004: ovldiag_write: (ovl_write_iter+0x10c/0x130 <- backing_file_write_iter) result=0x1000
             cat-1849    [000] .....    14.381671: ovldiag_open: (ovl_open+0xb2/0x100 <- ovl_open_realfile) result=0xffff888004619400
              dd-1848    [001] .....    14.382174: ovldiag_open: (ovl_open+0xb2/0x100 <- ovl_open_realfile) result=0xffff88800d516b00
              dd-1848    [001] .....    14.382207: ovldiag_ensure: (ovl_write_iter+0xaf/0x130 <- ovl_ensure_upper_and_switch) result=0x0
              dd-1848    [001] .....    14.382223: ovldiag_write: (ovl_write_iter+0x10c/0x130 <- backing_file_write_iter) result=0x1000
             cat-1846    [001] .....    14.382385: ovldiag_open: (ovl_open+0xb2/0x100 <- ovl_open_realfile) result=0xffff88800d516a00
             cat-1854    [001] .....    14.385950: ovldiag_open: (ovl_open+0xb2/0x100 <- ovl_open_realfile) result=0xffff88800d72de00
              dd-1857    [001] .....    14.388534: ovldiag_open: (ovl_open+0xb2/0x100 <- ovl_open_realfile) result=0xffff88800707b100
              dd-1857    [001] .....    14.388568: ovldiag_ensure: (ovl_write_iter+0xaf/0x130 <- ovl_ensure_upper_and_switch) result=0x0
              dd-1857    [001] .....    14.388584: ovldiag_write: (ovl_write_iter+0x10c/0x130 <- backing_file_write_iter) result=0x1000
              dd-1860    [001] .....    14.390272: ovldiag_open: (ovl_open+0xb2/0x100 <- ovl_open_realfile) result=0xffff88800736ee00
              dd-1860    [001] .....    14.390303: ovldiag_ensure: (ovl_write_iter+0xaf/0x130 <- ovl_ensure_upper_and_switch) result=0x0
              dd-1860    [001] .....    14.390318: ovldiag_write: (ovl_write_iter+0x10c/0x130 <- backing_file_write_iter) result=0x1000
             cat-1863    [000] .....    14.392526: ovldiag_open: (ovl_open+0xb2/0x100 <- ovl_open_realfile) result=0xffff888005c8c600
             cat-1865    [001] .....    14.394215: ovldiag_open: (ovl_open+0xb2/0x100 <- ovl_open_realfile) result=0xffff888003761d00
             cat-1868    [000] .....    14.395922: ovldiag_open: (ovl_open+0xb2/0x100 <- ovl_open_realfile) result=0xffff88800d6f1a00
              dd-1870    [001] .....    14.397183: ovldiag_open: (ovl_open+0xb2/0x100 <- ovl_open_realfile) result=0xffff88800d4c1000
              dd-1870    [001] .....    14.397213: ovldiag_ensure: (ovl_write_iter+0xaf/0x130 <- ovl_ensure_upper_and_switch) result=0x0
              dd-1870    [001] .....    14.397231: ovldiag_write: (ovl_write_iter+0x10c/0x130 <- backing_file_write_iter) result=0x1000
              dd-1873    [000] .....    14.399761: ovldiag_open: (ovl_open+0xb2/0x100 <- ovl_open_realfile) result=0xffff888005cb7700
              dd-1873    [000] .....    14.399791: ovldiag_ensure: (ovl_write_iter+0xaf/0x130 <- ovl_ensure_upper_and_switch) result=0x0
              dd-1873    [000] .....    14.399804: ovldiag_write: (ovl_write_iter+0x10c/0x130 <- backing_file_write_iter) result=0x1000
             cat-1875    [000] .....    14.400923: ovldiag_open: (ovl_open+0xb2/0x100 <- ovl_open_realfile) result=0xffff888005c8c600
              dd-1879    [001] .....    14.402783: ovldiag_open: (ovl_open+0xb2/0x100 <- ovl_open_realfile) result=0xffff888007058e00
              dd-1879    [001] .....    14.402814: ovldiag_ensure: (ovl_write_iter+0xaf/0x130 <- ovl_ensure_upper_and_switch) result=0x0
              dd-1879    [001] .....    14.402834: ovldiag_write: (ovl_write_iter+0x10c/0x130 <- backing_file_write_iter) result=0x1000
              dd-1880    [001] .....    14.404355: ovldiag_open: (ovl_open+0xb2/0x100 <- ovl_open_realfile) result=0xffff88800715dc00
              dd-1880    [001] .....    14.404384: ovldiag_ensure: (ovl_write_iter+0xaf/0x130 <- ovl_ensure_upper_and_switch) result=0x0
              dd-1880    [001] .....    14.404411: ovldiag_write: (ovl_write_iter+0x10c/0x130 <- backing_file_write_iter) result=0x1000
             cat-1882    [000] .....    14.406399: ovldiag_open: (ovl_open+0xb2/0x100 <- ovl_open_realfile) result=0xffff888007248600
             cat-1885    [000] .....    14.408449: ovldiag_open: (ovl_open+0xb2/0x100 <- ovl_open_realfile) result=0xffff8880072d8500
             cat-1888    [000] .....    14.410254: ovldiag_open: (ovl_open+0xb2/0x100 <- ovl_open_realfile) result=0xffff8880043a2800
             cat-1894    [001] .....    14.414342: ovldiag_open: (ovl_open+0xb2/0x100 <- ovl_open_realfile) result=0xffff888007160600
              dd-1893    [000] .....    14.414630: ovldiag_open: (ovl_open+0xb2/0x100 <- ovl_open_realfile) result=0xffff888005d9f600
              dd-1893    [000] .....    14.414658: ovldiag_ensure: (ovl_write_iter+0xaf/0x130 <- ovl_ensure_upper_and_switch) result=0x0
              dd-1893    [000] .....    14.414671: ovldiag_write: (ovl_write_iter+0x10c/0x130 <- backing_file_write_iter) result=0x1000
              dd-1895    [001] .....    14.415539: ovldiag_open: (ovl_open+0xb2/0x100 <- ovl_open_realfile) result=0xffff888005c89500
              dd-1895    [001] .....    14.415570: ovldiag_ensure: (ovl_write_iter+0xaf/0x130 <- ovl_ensure_upper_and_switch) result=0x0
              dd-1895    [001] .....    14.415589: ovldiag_write: (ovl_write_iter+0x10c/0x130 <- backing_file_write_iter) result=0x1000
              dd-1899    [001] .....    14.418407: ovldiag_open: (ovl_open+0xb2/0x100 <- ovl_open_realfile) result=0xffff8880072a6600
              dd-1899    [001] .....    14.418437: ovldiag_ensure: (ovl_write_iter+0xaf/0x130 <- ovl_ensure_upper_and_switch) result=0x0
              dd-1899    [001] .....    14.418453: ovldiag_write: (ovl_write_iter+0x10c/0x130 <- backing_file_write_iter) result=0x1000
             cat-1900    [001] .....    14.419565: ovldiag_open: (ovl_open+0xb2/0x100 <- ovl_open_realfile) result=0xffff88800d568900
             cat-1903    [000] .....    14.419907: ovldiag_open: (ovl_open+0xb2/0x100 <- ovl_open_realfile) result=0xffff88800d4f5f00
              dd-1901    [000] .....    14.422274: ovldiag_open: (ovl_open+0xb2/0x100 <- ovl_open_realfile) result=0xffff88800d4fba00
              dd-1901    [000] .....    14.422311: ovldiag_ensure: (ovl_write_iter+0xaf/0x130 <- ovl_ensure_upper_and_switch) result=0x0
              dd-1901    [000] .....    14.422324: ovldiag_write: (ovl_write_iter+0x10c/0x130 <- backing_file_write_iter) result=0x1000
             cat-1906    [001] .....    14.423169: ovldiag_open: (ovl_open+0xb2/0x100 <- ovl_open_realfile) result=0xffff888005c89f00
              dd-1912    [001] .....    14.427549: ovldiag_open: (ovl_open+0xb2/0x100 <- ovl_open_realfile) result=0xffff88800d411a00
              dd-1912    [001] .....    14.427577: ovldiag_ensure: (ovl_write_iter+0xaf/0x130 <- ovl_ensure_upper_and_switch) result=0x0
              dd-1912    [001] .....    14.427593: ovldiag_write: (ovl_write_iter+0x10c/0x130 <- backing_file_write_iter) result=0x1000
             cat-1914    [000] .....    14.428749: ovldiag_open: (ovl_open+0xb2/0x100 <- ovl_open_realfile) result=0xffff888005c8c700
              dd-1915    [001] .....    14.429773: ovldiag_open: (ovl_open+0xb2/0x100 <- ovl_open_realfile) result=0xffff888007160000
              dd-1915    [001] .....    14.429806: ovldiag_ensure: (ovl_write_iter+0xaf/0x130 <- ovl_ensure_upper_and_switch) result=0x0
              dd-1915    [001] .....    14.429823: ovldiag_write: (ovl_write_iter+0x10c/0x130 <- backing_file_write_iter) result=0x1000
             cat-1920    [001] .....    14.432356: ovldiag_open: (ovl_open+0xb2/0x100 <- ovl_open_realfile) result=0xffff888007256100
             cat-1921    [000] .....    14.434219: ovldiag_open: (ovl_open+0xb2/0x100 <- ovl_open_realfile) result=0xffff888008a2b800
              dd-1923    [001] .....    14.436718: ovldiag_open: (ovl_open+0xb2/0x100 <- ovl_open_realfile) result=0xffff888008a11900
              dd-1923    [001] .....    14.436752: ovldiag_ensure: (ovl_write_iter+0xaf/0x130 <- ovl_ensure_upper_and_switch) result=0x0
              dd-1923    [001] .....    14.436768: ovldiag_write: (ovl_write_iter+0x10c/0x130 <- backing_file_write_iter) result=0x1000
             cat-1926    [000] .....    14.437879: ovldiag_open: (ovl_open+0xb2/0x100 <- ovl_open_realfile) result=0xffff888007160b00
              dd-1927    [001] .....    14.437945: ovldiag_open: (ovl_open+0xb2/0x100 <- ovl_open_realfile) result=0xffff8880072a6700
              dd-1927    [001] .....    14.437972: ovldiag_ensure: (ovl_write_iter+0xaf/0x130 <- ovl_ensure_upper_and_switch) result=0x0
              dd-1927    [001] .....    14.437987: ovldiag_write: (ovl_write_iter+0x10c/0x130 <- backing_file_write_iter) result=0x1000
             cat-1931    [001] .....    14.440650: ovldiag_open: (ovl_open+0xb2/0x100 <- ovl_open_realfile) result=0xffff8880073a9600
              dd-1933    [001] .....    14.442484: ovldiag_open: (ovl_open+0xb2/0x100 <- ovl_open_realfile) result=0xffff8880043a2b00
              dd-1933    [001] .....    14.442515: ovldiag_ensure: (ovl_write_iter+0xaf/0x130 <- ovl_ensure_upper_and_switch) result=0x0
              dd-1933    [001] .....    14.442531: ovldiag_write: (ovl_write_iter+0x10c/0x130 <- backing_file_write_iter) result=0x1000
              dd-1937    [000] .....    14.444318: ovldiag_open: (ovl_open+0xb2/0x100 <- ovl_open_realfile) result=0xffff88800d4fbd00
              dd-1937    [000] .....    14.444343: ovldiag_ensure: (ovl_write_iter+0xaf/0x130 <- ovl_ensure_upper_and_switch) result=0x0
              dd-1937    [000] .....    14.444356: ovldiag_write: (ovl_write_iter+0x10c/0x130 <- backing_file_write_iter) result=0x1000
             cat-1941    [001] .....    14.446584: ovldiag_open: (ovl_open+0xb2/0x100 <- ovl_open_realfile) result=0xffff88800732ce00
             cat-1940    [000] .....    14.447362: ovldiag_open: (ovl_open+0xb2/0x100 <- ovl_open_realfile) result=0xffff888003761d00
             cat-1946    [000] .....    14.450936: ovldiag_open: (ovl_open+0xb2/0x100 <- ovl_open_realfile) result=0xffff88800700f700
              dd-1947    [001] .....    14.451931: ovldiag_open: (ovl_open+0xb2/0x100 <- ovl_open_realfile) result=0xffff888005cb7f00
              dd-1947    [001] .....    14.451961: ovldiag_ensure: (ovl_write_iter+0xaf/0x130 <- ovl_ensure_upper_and_switch) result=0x0
              dd-1947    [001] .....    14.451979: ovldiag_write: (ovl_write_iter+0x10c/0x130 <- backing_file_write_iter) result=0x1000
             cat-1951    [001] .....    14.455197: ovldiag_open: (ovl_open+0xb2/0x100 <- ovl_open_realfile) result=0xffff888007248f00
              dd-1950    [000] .....    14.455262: ovldiag_open: (ovl_open+0xb2/0x100 <- ovl_open_realfile) result=0xffff88800715db00
              dd-1950    [000] .....    14.455293: ovldiag_ensure: (ovl_write_iter+0xaf/0x130 <- ovl_ensure_upper_and_switch) result=0x0
              dd-1950    [000] .....    14.455305: ovldiag_write: (ovl_write_iter+0x10c/0x130 <- backing_file_write_iter) result=0x1000
              dd-1955    [001] .....    14.457025: ovldiag_open: (ovl_open+0xb2/0x100 <- ovl_open_realfile) result=0xffff8880073ba000
              dd-1955    [001] .....    14.457054: ovldiag_ensure: (ovl_write_iter+0xaf/0x130 <- ovl_ensure_upper_and_switch) result=0x0
              dd-1955    [001] .....    14.457176: ovldiag_write: (ovl_write_iter+0x10c/0x130 <- backing_file_write_iter) result=0x1000
             cat-1953    [000] .....    14.457672: ovldiag_open: (ovl_open+0xb2/0x100 <- ovl_open_realfile) result=0xffff8880073aa600
             cat-1958    [001] .....    14.459586: ovldiag_open: (ovl_open+0xb2/0x100 <- ovl_open_realfile) result=0xffff88800dc49100
              dd-1960    [000] .....    14.461706: ovldiag_open: (ovl_open+0xb2/0x100 <- ovl_open_realfile) result=0xffff888007248000
              dd-1960    [000] .....    14.461732: ovldiag_ensure: (ovl_write_iter+0xaf/0x130 <- ovl_ensure_upper_and_switch) result=0x0
              dd-1960    [000] .....    14.461745: ovldiag_write: (ovl_write_iter+0x10c/0x130 <- backing_file_write_iter) result=0x1000
              dd-1967    [001] .....    14.465009: ovldiag_open: (ovl_open+0xb2/0x100 <- ovl_open_realfile) result=0xffff8880073bab00
              dd-1967    [001] .....    14.465038: ovldiag_ensure: (ovl_write_iter+0xaf/0x130 <- ovl_ensure_upper_and_switch) result=0x0
              dd-1967    [001] .....    14.465055: ovldiag_write: (ovl_write_iter+0x10c/0x130 <- backing_file_write_iter) result=0x1000
             cat-1964    [000] .....    14.465884: ovldiag_open: (ovl_open+0xb2/0x100 <- ovl_open_realfile) result=0xffff888005cb7700
             cat-1971    [001] .....    14.469213: ovldiag_open: (ovl_open+0xb2/0x100 <- ovl_open_realfile) result=0xffff8880073c2100
              dd-1972    [000] .....    14.470104: ovldiag_open: (ovl_open+0xb2/0x100 <- ovl_open_realfile) result=0xffff88800d7c7500
              dd-1972    [000] .....    14.470136: ovldiag_ensure: (ovl_write_iter+0xaf/0x130 <- ovl_ensure_upper_and_switch) result=0x0
              dd-1972    [000] .....    14.470150: ovldiag_write: (ovl_write_iter+0x10c/0x130 <- backing_file_write_iter) result=0x1000
              dd-1975    [000] .....    14.471831: ovldiag_open: (ovl_open+0xb2/0x100 <- ovl_open_realfile) result=0xffff88800dc13600
              dd-1975    [000] .....    14.471855: ovldiag_ensure: (ovl_write_iter+0xaf/0x130 <- ovl_ensure_upper_and_switch) result=0x0
              dd-1975    [000] .....    14.471868: ovldiag_write: (ovl_write_iter+0x10c/0x130 <- backing_file_write_iter) result=0x1000
             cat-1976    [001] .....    14.472059: ovldiag_open: (ovl_open+0xb2/0x100 <- ovl_open_realfile) result=0xffff88800dc19600
             cat-1980    [001] .....    14.474763: ovldiag_open: (ovl_open+0xb2/0x100 <- ovl_open_realfile) result=0xffff88800461b300
             cat-1983    [001] .....    14.477150: ovldiag_open: (ovl_open+0xb2/0x100 <- ovl_open_realfile) result=0xffff888008a69900
              dd-1984    [001] .....    14.478891: ovldiag_open: (ovl_open+0xb2/0x100 <- ovl_open_realfile) result=0xffff88800d7a8a00
              dd-1984    [001] .....    14.478918: ovldiag_ensure: (ovl_write_iter+0xaf/0x130 <- ovl_ensure_upper_and_switch) result=0x0
              dd-1984    [001] .....    14.478935: ovldiag_write: (ovl_write_iter+0x10c/0x130 <- backing_file_write_iter) result=0x1000
             cat-1990    [000] .....    14.480921: ovldiag_open: (ovl_open+0xb2/0x100 <- ovl_open_realfile) result=0xffff88800dc13200
             cat-1992    [000] .....    14.483398: ovldiag_open: (ovl_open+0xb2/0x100 <- ovl_open_realfile) result=0xffff8880072d8300
              dd-1987    [001] .....    14.483735: ovldiag_open: (ovl_open+0xb2/0x100 <- ovl_open_realfile) result=0xffff888003600800
              dd-1987    [001] .....    14.483767: ovldiag_ensure: (ovl_write_iter+0xaf/0x130 <- ovl_ensure_upper_and_switch) result=0x0
              dd-1987    [001] .....    14.483786: ovldiag_write: (ovl_write_iter+0x10c/0x130 <- backing_file_write_iter) result=0x1000
              dd-1994    [000] .....    14.485037: ovldiag_open: (ovl_open+0xb2/0x100 <- ovl_open_realfile) result=0xffff8880047ffc00
              dd-1994    [000] .....    14.485061: ovldiag_ensure: (ovl_write_iter+0xaf/0x130 <- ovl_ensure_upper_and_switch) result=0x0
              dd-1994    [000] .....    14.485461: ovldiag_write: (ovl_write_iter+0x10c/0x130 <- backing_file_write_iter) result=0x1000
              dd-1995    [000] .....    14.487825: ovldiag_open: (ovl_open+0xb2/0x100 <- ovl_open_realfile) result=0xffff888005c8c800
              dd-1995    [000] .....    14.487854: ovldiag_ensure: (ovl_write_iter+0xaf/0x130 <- ovl_ensure_upper_and_switch) result=0x0
              dd-1995    [000] .....    14.487866: ovldiag_write: (ovl_write_iter+0x10c/0x130 <- backing_file_write_iter) result=0x1000
             cat-2000    [001] .....    14.489903: ovldiag_open: (ovl_open+0xb2/0x100 <- ovl_open_realfile) result=0xffff888007160300
             cat-2002    [000] .....    14.491002: ovldiag_open: (ovl_open+0xb2/0x100 <- ovl_open_realfile) result=0xffff8880089ea000
              dd-2008    [001] .....    14.494231: ovldiag_open: (ovl_open+0xb2/0x100 <- ovl_open_realfile) result=0xffff888007162e00
              dd-2008    [001] .....    14.494260: ovldiag_ensure: (ovl_write_iter+0xaf/0x130 <- ovl_ensure_upper_and_switch) result=0x0
              dd-2008    [001] .....    14.494276: ovldiag_write: (ovl_write_iter+0x10c/0x130 <- backing_file_write_iter) result=0x1000
             cat-2007    [000] .....    14.494916: ovldiag_open: (ovl_open+0xb2/0x100 <- ovl_open_realfile) result=0xffff8880044a8500
             cat-2010    [001] .....    14.496532: ovldiag_open: (ovl_open+0xb2/0x100 <- ovl_open_realfile) result=0xffff888008944f00
              dd-2015    [001] .....    14.499881: ovldiag_open: (ovl_open+0xb2/0x100 <- ovl_open_realfile) result=0xffff8880073a8d00
              dd-2015    [001] .....    14.499912: ovldiag_ensure: (ovl_write_iter+0xaf/0x130 <- ovl_ensure_upper_and_switch) result=0x0
              dd-2015    [001] .....    14.499929: ovldiag_write: (ovl_write_iter+0x10c/0x130 <- backing_file_write_iter) result=0x1000
             cat-2017    [000] .....    14.500682: ovldiag_open: (ovl_open+0xb2/0x100 <- ovl_open_realfile) result=0xffff88800dcc4600
             cat-2014    [001] .....    14.501673: ovldiag_open: (ovl_open+0xb2/0x100 <- ovl_open_realfile) result=0xffff88800457b800
              dd-2021    [001] .....    14.504053: ovldiag_open: (ovl_open+0xb2/0x100 <- ovl_open_realfile) result=0xffff88800700f300
              dd-2021    [001] .....    14.504120: ovldiag_ensure: (ovl_write_iter+0xaf/0x130 <- ovl_ensure_upper_and_switch) result=0x0
              dd-2021    [001] .....    14.504137: ovldiag_write: (ovl_write_iter+0x10c/0x130 <- backing_file_write_iter) result=0x1000
              dd-2018    [000] .....    14.504475: ovldiag_open: (ovl_open+0xb2/0x100 <- ovl_open_realfile) result=0xffff88800724ea00
              dd-2018    [000] .....    14.504509: ovldiag_ensure: (ovl_write_iter+0xaf/0x130 <- ovl_ensure_upper_and_switch) result=0x0
              dd-2018    [000] .....    14.504522: ovldiag_write: (ovl_write_iter+0x10c/0x130 <- backing_file_write_iter) result=0x1000
             cat-2025    [000] .....    14.507361: ovldiag_open: (ovl_open+0xb2/0x100 <- ovl_open_realfile) result=0xffff88800d75d300
             cat-2029    [001] .....    14.509463: ovldiag_open: (ovl_open+0xb2/0x100 <- ovl_open_realfile) result=0xffff888005d64a00
              dd-2030    [001] .....    14.511553: ovldiag_open: (ovl_open+0xb2/0x100 <- ovl_open_realfile) result=0xffff888005cb3500
              dd-2030    [001] .....    14.511582: ovldiag_ensure: (ovl_write_iter+0xaf/0x130 <- ovl_ensure_upper_and_switch) result=0x0
              dd-2030    [001] .....    14.511598: ovldiag_write: (ovl_write_iter+0x10c/0x130 <- backing_file_write_iter) result=0x1000
             cat-2035    [001] .....    14.513950: ovldiag_open: (ovl_open+0xb2/0x100 <- ovl_open_realfile) result=0xffff8880072a6900
             cat-2036    [000] .....    14.514485: ovldiag_open: (ovl_open+0xb2/0x100 <- ovl_open_realfile) result=0xffff88800724e400
              dd-2037    [001] .....    14.516616: ovldiag_open: (ovl_open+0xb2/0x100 <- ovl_open_realfile) result=0xffff888007171500
              dd-2037    [001] .....    14.516647: ovldiag_ensure: (ovl_write_iter+0xaf/0x130 <- ovl_ensure_upper_and_switch) result=0x0
              dd-2037    [001] .....    14.516665: ovldiag_write: (ovl_write_iter+0x10c/0x130 <- backing_file_write_iter) result=0x1000
             cat-2043    [001] .....    14.519790: ovldiag_open: (ovl_open+0xb2/0x100 <- ovl_open_realfile) result=0xffff888007256100
              dd-2045    [000] .....    14.520714: ovldiag_open: (ovl_open+0xb2/0x100 <- ovl_open_realfile) result=0xffff88800dcc4300
              dd-2045    [000] .....    14.520745: ovldiag_ensure: (ovl_write_iter+0xaf/0x130 <- ovl_ensure_upper_and_switch) result=0x0
              dd-2045    [000] .....    14.520758: ovldiag_write: (ovl_write_iter+0x10c/0x130 <- backing_file_write_iter) result=0x1000
             cat-2044    [001] .....    14.520947: ovldiag_open: (ovl_open+0xb2/0x100 <- ovl_open_realfile) result=0xffff888004619b00
              dd-2047    [001] .....    14.523163: ovldiag_open: (ovl_open+0xb2/0x100 <- ovl_open_realfile) result=0xffff8880072a6500
              dd-2047    [001] .....    14.523196: ovldiag_ensure: (ovl_write_iter+0xaf/0x130 <- ovl_ensure_upper_and_switch) result=0x0
              dd-2047    [001] .....    14.523212: ovldiag_write: (ovl_write_iter+0x10c/0x130 <- backing_file_write_iter) result=0x1000
             cat-2054    [000] .....    14.526993: ovldiag_open: (ovl_open+0xb2/0x100 <- ovl_open_realfile) result=0xffff8880073aa900
              dd-2052    [001] .....    14.527276: ovldiag_open: (ovl_open+0xb2/0x100 <- ovl_open_realfile) result=0xffff88800d62b200
              dd-2052    [001] .....    14.527303: ovldiag_ensure: (ovl_write_iter+0xaf/0x130 <- ovl_ensure_upper_and_switch) result=0x0
              dd-2052    [001] .....    14.527321: ovldiag_write: (ovl_write_iter+0x10c/0x130 <- backing_file_write_iter) result=0x1000
             cat-2055    [001] .....    14.528423: ovldiag_open: (ovl_open+0xb2/0x100 <- ovl_open_realfile) result=0xffff88800724e300
              dd-2060    [000] .....    14.531688: ovldiag_open: (ovl_open+0xb2/0x100 <- ovl_open_realfile) result=0xffff8880073ba000
              dd-2060    [000] .....    14.531714: ovldiag_ensure: (ovl_write_iter+0xaf/0x130 <- ovl_ensure_upper_and_switch) result=0x0
              dd-2060    [000] .....    14.531728: ovldiag_write: (ovl_write_iter+0x10c/0x130 <- backing_file_write_iter) result=0x1000
             cat-2062    [001] .....    14.533858: ovldiag_open: (ovl_open+0xb2/0x100 <- ovl_open_realfile) result=0xffff888005c95100
              dd-2065    [001] .....    14.535108: ovldiag_open: (ovl_open+0xb2/0x100 <- ovl_open_realfile) result=0xffff888007171e00
              dd-2065    [001] .....    14.535137: ovldiag_ensure: (ovl_write_iter+0xaf/0x130 <- ovl_ensure_upper_and_switch) result=0x0
              dd-2065    [001] .....    14.535155: ovldiag_write: (ovl_write_iter+0x10c/0x130 <- backing_file_write_iter) result=0x1000
             cat-2064    [000] .....    14.535491: ovldiag_open: (ovl_open+0xb2/0x100 <- ovl_open_realfile) result=0xffff888005d46100
              dd-2070    [001] .....    14.537731: ovldiag_open: (ovl_open+0xb2/0x100 <- ovl_open_realfile) result=0xffff8880044a8e00
              dd-2070    [001] .....    14.537765: ovldiag_ensure: (ovl_write_iter+0xaf/0x130 <- ovl_ensure_upper_and_switch) result=0x0
              dd-2070    [001] .....    14.537782: ovldiag_write: (ovl_write_iter+0x10c/0x130 <- backing_file_write_iter) result=0x1000
             cat-2071    [001] .....    14.539296: ovldiag_open: (ovl_open+0xb2/0x100 <- ovl_open_realfile) result=0xffff888007162e00
             cat-2068    [000] .....    14.540202: ovldiag_open: (ovl_open+0xb2/0x100 <- ovl_open_realfile) result=0xffff888007160900
              dd-2079    [000] .....    14.545730: ovldiag_open: (ovl_open+0xb2/0x100 <- ovl_open_realfile) result=0xffff88800dd5e100
              dd-2079    [000] .....    14.545760: ovldiag_ensure: (ovl_write_iter+0xaf/0x130 <- ovl_ensure_upper_and_switch) result=0x0
              dd-2079    [000] .....    14.545774: ovldiag_write: (ovl_write_iter+0x10c/0x130 <- backing_file_write_iter) result=0x1000
              dd-2080    [001] .....    14.545935: ovldiag_open: (ovl_open+0xb2/0x100 <- ovl_open_realfile) result=0xffff888005c89e00
              dd-2080    [001] .....    14.545965: ovldiag_ensure: (ovl_write_iter+0xaf/0x130 <- ovl_ensure_upper_and_switch) result=0x0
              dd-2080    [001] .....    14.545983: ovldiag_write: (ovl_write_iter+0x10c/0x130 <- backing_file_write_iter) result=0x1000
             cat-2084    [001] .....    14.549896: ovldiag_open: (ovl_open+0xb2/0x100 <- ovl_open_realfile) result=0xffff88800d40ea00
              dd-2086    [000] .....    14.552455: ovldiag_open: (ovl_open+0xb2/0x100 <- ovl_open_realfile) result=0xffff88800abc4d00
              dd-2086    [000] .....    14.552503: ovldiag_ensure: (ovl_write_iter+0xaf/0x130 <- ovl_ensure_upper_and_switch) result=0x0
              dd-2086    [000] .....    14.552519: ovldiag_write: (ovl_write_iter+0x10c/0x130 <- backing_file_write_iter) result=0x1000
             cat-2089    [001] .....    14.552915: ovldiag_open: (ovl_open+0xb2/0x100 <- ovl_open_realfile) result=0xffff88800457b000
             cat-2088    [000] .....    14.553462: ovldiag_open: (ovl_open+0xb2/0x100 <- ovl_open_realfile) result=0xffff888005c8ce00
             cat-2091    [000] .....    14.555583: ovldiag_open: (ovl_open+0xb2/0x100 <- ovl_open_realfile) result=0xffff88800ddab600
              dd-2094    [001] .....    14.559469: ovldiag_open: (ovl_open+0xb2/0x100 <- ovl_open_realfile) result=0xffff88800d42b600
              dd-2094    [001] .....    14.559501: ovldiag_ensure: (ovl_write_iter+0xaf/0x130 <- ovl_ensure_upper_and_switch) result=0x0
              dd-2094    [001] .....    14.559521: ovldiag_write: (ovl_write_iter+0x10c/0x130 <- backing_file_write_iter) result=0x1000
              dd-2099    [001] .....    14.563284: ovldiag_open: (ovl_open+0xb2/0x100 <- ovl_open_realfile) result=0xffff888008944400
              dd-2099    [001] .....    14.563323: ovldiag_ensure: (ovl_write_iter+0xaf/0x130 <- ovl_ensure_upper_and_switch) result=0x0
              dd-2099    [001] .....    14.563341: ovldiag_write: (ovl_write_iter+0x10c/0x130 <- backing_file_write_iter) result=0x1000
              dd-2103    [000] .....    14.563501: ovldiag_open: (ovl_open+0xb2/0x100 <- ovl_open_realfile) result=0xffff888007248000
              dd-2103    [000] .....    14.563537: ovldiag_ensure: (ovl_write_iter+0xaf/0x130 <- ovl_ensure_upper_and_switch) result=0x0
              dd-2103    [000] .....    14.563550: ovldiag_write: (ovl_write_iter+0x10c/0x130 <- backing_file_write_iter) result=0x1000
             cat-2104    [001] .....    14.564750: ovldiag_open: (ovl_open+0xb2/0x100 <- ovl_open_realfile) result=0xffff88800d7ddc00
             cat-2107    [000] .....    14.565555: ovldiag_open: (ovl_open+0xb2/0x100 <- ovl_open_realfile) result=0xffff888004619400
              dd-2110    [000] .....    14.570771: ovldiag_open: (ovl_open+0xb2/0x100 <- ovl_open_realfile) result=0xffff8880046d8500
              dd-2110    [000] .....    14.570813: ovldiag_ensure: (ovl_write_iter+0xaf/0x130 <- ovl_ensure_upper_and_switch) result=0x0
              dd-2110    [000] .....    14.570826: ovldiag_write: (ovl_write_iter+0x10c/0x130 <- backing_file_write_iter) result=0x1000
             cat-2111    [000] .....    14.571371: ovldiag_open: (ovl_open+0xb2/0x100 <- ovl_open_realfile) result=0xffff88800d42bd00
             cat-2114    [001] .....    14.571871: ovldiag_open: (ovl_open+0xb2/0x100 <- ovl_open_realfile) result=0xffff888005cb7700
             cat-2121    [001] .....    14.577593: ovldiag_open: (ovl_open+0xb2/0x100 <- ovl_open_realfile) result=0xffff888005c8c000
              dd-2118    [000] .....    14.578335: ovldiag_open: (ovl_open+0xb2/0x100 <- ovl_open_realfile) result=0xffff8880072a6100
              dd-2118    [000] .....    14.578372: ovldiag_ensure: (ovl_write_iter+0xaf/0x130 <- ovl_ensure_upper_and_switch) result=0x0
              dd-2118    [000] .....    14.578385: ovldiag_write: (ovl_write_iter+0x10c/0x130 <- backing_file_write_iter) result=0x1000
             cat-2122    [001] .....    14.578639: ovldiag_open: (ovl_open+0xb2/0x100 <- ovl_open_realfile) result=0xffff88800461b000
              dd-2123    [000] .....    14.578742: ovldiag_open: (ovl_open+0xb2/0x100 <- ovl_open_realfile) result=0xffff8880072a6500
              dd-2123    [000] .....    14.578776: ovldiag_ensure: (ovl_write_iter+0xaf/0x130 <- ovl_ensure_upper_and_switch) result=0x0
              dd-2123    [000] .....    14.578786: ovldiag_write: (ovl_write_iter+0x10c/0x130 <- backing_file_write_iter) result=0x1000
             cat-2128    [000] .....    14.582046: ovldiag_open: (ovl_open+0xb2/0x100 <- ovl_open_realfile) result=0xffff88800d42b400
              dd-2126    [000] .....    14.583656: ovldiag_open: (ovl_open+0xb2/0x100 <- ovl_open_realfile) result=0xffff88800457bf00
              dd-2126    [000] .....    14.583692: ovldiag_ensure: (ovl_write_iter+0xaf/0x130 <- ovl_ensure_upper_and_switch) result=0x0
              dd-2126    [000] .....    14.583706: ovldiag_write: (ovl_write_iter+0x10c/0x130 <- backing_file_write_iter) result=0x1000
             cat-2132    [001] .....    14.586119: ovldiag_open: (ovl_open+0xb2/0x100 <- ovl_open_realfile) result=0xffff88800715df00
              dd-2133    [000] .....    14.587475: ovldiag_open: (ovl_open+0xb2/0x100 <- ovl_open_realfile) result=0xffff8880073aa600
              dd-2133    [000] .....    14.587523: ovldiag_ensure: (ovl_write_iter+0xaf/0x130 <- ovl_ensure_upper_and_switch) result=0x0
              dd-2133    [000] .....    14.587542: ovldiag_write: (ovl_write_iter+0x10c/0x130 <- backing_file_write_iter) result=0x1000
             cat-2140    [000] .....    14.591495: ovldiag_open: (ovl_open+0xb2/0x100 <- ovl_open_realfile) result=0xffff888007171300
              dd-2141    [001] .....    14.592142: ovldiag_open: (ovl_open+0xb2/0x100 <- ovl_open_realfile) result=0xffff88800d42b400
              dd-2141    [001] .....    14.592170: ovldiag_ensure: (ovl_write_iter+0xaf/0x130 <- ovl_ensure_upper_and_switch) result=0x0
              dd-2141    [001] .....    14.592189: ovldiag_write: (ovl_write_iter+0x10c/0x130 <- backing_file_write_iter) result=0x1000
             cat-2146    [000] .....    14.595376: ovldiag_open: (ovl_open+0xb2/0x100 <- ovl_open_realfile) result=0xffff888005cb3500
              dd-2145    [001] .....    14.595715: ovldiag_open: (ovl_open+0xb2/0x100 <- ovl_open_realfile) result=0xffff88800dd05600
              dd-2145    [001] .....    14.595758: ovldiag_ensure: (ovl_write_iter+0xaf/0x130 <- ovl_ensure_upper_and_switch) result=0x0
              dd-2145    [001] .....    14.595775: ovldiag_write: (ovl_write_iter+0x10c/0x130 <- backing_file_write_iter) result=0x1000
             cat-2147    [000] .....    14.597150: ovldiag_open: (ovl_open+0xb2/0x100 <- ovl_open_realfile) result=0xffff888007160500
             cat-2149    [001] .....    14.598452: ovldiag_open: (ovl_open+0xb2/0x100 <- ovl_open_realfile) result=0xffff888008944800
              dd-2150    [000] .....    14.600184: ovldiag_open: (ovl_open+0xb2/0x100 <- ovl_open_realfile) result=0xffff8880044a8b00
              dd-2150    [000] .....    14.600209: ovldiag_ensure: (ovl_write_iter+0xaf/0x130 <- ovl_ensure_upper_and_switch) result=0x0
              dd-2150    [000] .....    14.600221: ovldiag_write: (ovl_write_iter+0x10c/0x130 <- backing_file_write_iter) result=0x1000
             cat-2156    [001] .....    14.602567: ovldiag_open: (ovl_open+0xb2/0x100 <- ovl_open_realfile) result=0xffff88800dda7b00
              dd-2155    [000] .....    14.605723: ovldiag_open: (ovl_open+0xb2/0x100 <- ovl_open_realfile) result=0xffff8880072a6d00
              dd-2155    [000] .....    14.605755: ovldiag_ensure: (ovl_write_iter+0xaf/0x130 <- ovl_ensure_upper_and_switch) result=0x0
              dd-2155    [000] .....    14.605768: ovldiag_write: (ovl_write_iter+0x10c/0x130 <- backing_file_write_iter) result=0x1000
              dd-2160    [001] .....    14.608039: ovldiag_open: (ovl_open+0xb2/0x100 <- ovl_open_realfile) result=0xffff888004619600
              dd-2160    [001] .....    14.608200: ovldiag_ensure: (ovl_write_iter+0xaf/0x130 <- ovl_ensure_upper_and_switch) result=0x0
              dd-2160    [001] .....    14.608219: ovldiag_write: (ovl_write_iter+0x10c/0x130 <- backing_file_write_iter) result=0x1000
             cat-2164    [001] .....    14.609383: ovldiag_open: (ovl_open+0xb2/0x100 <- ovl_open_realfile) result=0xffff888005ccb800
              dd-2165    [000] .....    14.610263: ovldiag_open: (ovl_open+0xb2/0x100 <- ovl_open_realfile) result=0xffff888005cb7000
              dd-2165    [000] .....    14.610291: ovldiag_ensure: (ovl_write_iter+0xaf/0x130 <- ovl_ensure_upper_and_switch) result=0x0
              dd-2165    [000] .....    14.610304: ovldiag_write: (ovl_write_iter+0x10c/0x130 <- backing_file_write_iter) result=0x1000
             cat-2167    [001] .....    14.611456: ovldiag_open: (ovl_open+0xb2/0x100 <- ovl_open_realfile) result=0xffff88800724ee00
             cat-2171    [000] .....    14.616132: ovldiag_open: (ovl_open+0xb2/0x100 <- ovl_open_realfile) result=0xffff888005c8c000
              dd-2175    [000] .....    14.617707: ovldiag_open: (ovl_open+0xb2/0x100 <- ovl_open_realfile) result=0xffff8880044a8700
              dd-2175    [000] .....    14.617734: ovldiag_ensure: (ovl_write_iter+0xaf/0x130 <- ovl_ensure_upper_and_switch) result=0x0
              dd-2175    [000] .....    14.617747: ovldiag_write: (ovl_write_iter+0x10c/0x130 <- backing_file_write_iter) result=0x1000
             cat-2173    [001] .....    14.618137: ovldiag_open: (ovl_open+0xb2/0x100 <- ovl_open_realfile) result=0xffff88800700fb00
              dd-2178    [000] .....    14.620245: ovldiag_open: (ovl_open+0xb2/0x100 <- ovl_open_realfile) result=0xffff888003761d00
              dd-2178    [000] .....    14.620280: ovldiag_ensure: (ovl_write_iter+0xaf/0x130 <- ovl_ensure_upper_and_switch) result=0x0
              dd-2178    [000] .....    14.620293: ovldiag_write: (ovl_write_iter+0x10c/0x130 <- backing_file_write_iter) result=0x1000
             cat-2182    [001] .....    14.623103: ovldiag_open: (ovl_open+0xb2/0x100 <- ovl_open_realfile) result=0xffff8880072d8e00
             cat-2184    [001] .....    14.625237: ovldiag_open: (ovl_open+0xb2/0x100 <- ovl_open_realfile) result=0xffff888007162700
              dd-2187    [000] .....    14.625718: ovldiag_open: (ovl_open+0xb2/0x100 <- ovl_open_realfile) result=0xffff88800ded0600
              dd-2187    [000] .....    14.625747: ovldiag_ensure: (ovl_write_iter+0xaf/0x130 <- ovl_ensure_upper_and_switch) result=0x0
              dd-2187    [000] .....    14.625760: ovldiag_write: (ovl_write_iter+0x10c/0x130 <- backing_file_write_iter) result=0x1000
              dd-2183    [000] .n...    14.626115: ovldiag_open: (ovl_open+0xb2/0x100 <- ovl_open_realfile) result=0xffff88800ded0600
              dd-2183    [000] .....    14.626166: ovldiag_ensure: (ovl_write_iter+0xaf/0x130 <- ovl_ensure_upper_and_switch) result=0x0
              dd-2183    [000] .....    14.626177: ovldiag_write: (ovl_write_iter+0x10c/0x130 <- backing_file_write_iter) result=0x1000
              dd-2193    [001] .....    14.630775: ovldiag_open: (ovl_open+0xb2/0x100 <- ovl_open_realfile) result=0xffff8880072d8800
              dd-2193    [001] .....    14.630806: ovldiag_ensure: (ovl_write_iter+0xaf/0x130 <- ovl_ensure_upper_and_switch) result=0x0
              dd-2193    [001] .....    14.630824: ovldiag_write: (ovl_write_iter+0x10c/0x130 <- backing_file_write_iter) result=0x1000
             cat-2194    [000] .....    14.631434: ovldiag_open: (ovl_open+0xb2/0x100 <- ovl_open_realfile) result=0xffff888005c8c500
             cat-2197    [000] .....    14.633169: ovldiag_open: (ovl_open+0xb2/0x100 <- ovl_open_realfile) result=0xffff8880073a8500
              dd-2199    [000] .....    14.634889: ovldiag_open: (ovl_open+0xb2/0x100 <- ovl_open_realfile) result=0xffff88800724ea00
              dd-2199    [000] .....    14.634915: ovldiag_ensure: (ovl_write_iter+0xaf/0x130 <- ovl_ensure_upper_and_switch) result=0x0
              dd-2199    [000] .....    14.634928: ovldiag_write: (ovl_write_iter+0x10c/0x130 <- backing_file_write_iter) result=0x1000
             cat-2201    [001] .....    14.635859: ovldiag_open: (ovl_open+0xb2/0x100 <- ovl_open_realfile) result=0xffff88800d406f00
             cat-2203    [000] .....    14.638826: ovldiag_open: (ovl_open+0xb2/0x100 <- ovl_open_realfile) result=0xffff88800d64e700
             cat-2209    [001] .....    14.641562: ovldiag_open: (ovl_open+0xb2/0x100 <- ovl_open_realfile) result=0xffff888005cb3700
              dd-2208    [000] .....    14.641825: ovldiag_open: (ovl_open+0xb2/0x100 <- ovl_open_realfile) result=0xffff88800715dd00
              dd-2208    [000] .....    14.641851: ovldiag_ensure: (ovl_write_iter+0xaf/0x130 <- ovl_ensure_upper_and_switch) result=0x0
              dd-2208    [000] .....    14.641863: ovldiag_write: (ovl_write_iter+0x10c/0x130 <- backing_file_write_iter) result=0x1000
              dd-2211    [000] .....    14.645730: ovldiag_open: (ovl_open+0xb2/0x100 <- ovl_open_realfile) result=0xffff8880072d8200
              dd-2211    [000] .....    14.645768: ovldiag_ensure: (ovl_write_iter+0xaf/0x130 <- ovl_ensure_upper_and_switch) result=0x0
              dd-2211    [000] .....    14.645782: ovldiag_write: (ovl_write_iter+0x10c/0x130 <- backing_file_write_iter) result=0x1000
              dd-2213    [001] .....    14.647154: ovldiag_open: (ovl_open+0xb2/0x100 <- ovl_open_realfile) result=0xffff888007160d00
              dd-2213    [001] .....    14.647196: ovldiag_ensure: (ovl_write_iter+0xaf/0x130 <- ovl_ensure_upper_and_switch) result=0x0
              dd-2213    [001] .....    14.647213: ovldiag_write: (ovl_write_iter+0x10c/0x130 <- backing_file_write_iter) result=0x1000
             cat-2216    [000] .....    14.647642: ovldiag_open: (ovl_open+0xb2/0x100 <- ovl_open_realfile) result=0xffff888008944600
             cat-2218    [000] .....    14.648760: ovldiag_open: (ovl_open+0xb2/0x100 <- ovl_open_realfile) result=0xffff88800461b900
              dd-2220    [001] .....    14.650088: ovldiag_open: (ovl_open+0xb2/0x100 <- ovl_open_realfile) result=0xffff888005d46b00
              dd-2220    [001] .....    14.650117: ovldiag_ensure: (ovl_write_iter+0xaf/0x130 <- ovl_ensure_upper_and_switch) result=0x0
              dd-2220    [001] .....    14.650133: ovldiag_write: (ovl_write_iter+0x10c/0x130 <- backing_file_write_iter) result=0x1000
             cat-2223    [000] .....    14.653246: ovldiag_open: (ovl_open+0xb2/0x100 <- ovl_open_realfile) result=0xffff888007256800
             cat-2228    [001] .....    14.655273: ovldiag_open: (ovl_open+0xb2/0x100 <- ovl_open_realfile) result=0xffff88800700f700
              dd-2231    [000] .....    14.657907: ovldiag_open: (ovl_open+0xb2/0x100 <- ovl_open_realfile) result=0xffff8880089ddf00
              dd-2231    [000] .....    14.657943: ovldiag_ensure: (ovl_write_iter+0xaf/0x130 <- ovl_ensure_upper_and_switch) result=0x0
              dd-2231    [000] .....    14.657956: ovldiag_write: (ovl_write_iter+0x10c/0x130 <- backing_file_write_iter) result=0x1000
             cat-2234    [001] .....    14.660619: ovldiag_open: (ovl_open+0xb2/0x100 <- ovl_open_realfile) result=0xffff88800724e700
             cat-2235    [000] .....    14.660877: ovldiag_open: (ovl_open+0xb2/0x100 <- ovl_open_realfile) result=0xffff8880072d8d00
             cat-2240    [000] .....    14.663119: ovldiag_open: (ovl_open+0xb2/0x100 <- ovl_open_realfile) result=0xffff888007079b00
              dd-2237    [001] .....    14.664503: ovldiag_open: (ovl_open+0xb2/0x100 <- ovl_open_realfile) result=0xffff888005cb7a00
              dd-2237    [001] .....    14.664535: ovldiag_ensure: (ovl_write_iter+0xaf/0x130 <- ovl_ensure_upper_and_switch) result=0x0
              dd-2237    [001] .....    14.664559: ovldiag_write: (ovl_write_iter+0x10c/0x130 <- backing_file_write_iter) result=0x1000
              dd-2236    [000] .....    14.665664: ovldiag_open: (ovl_open+0xb2/0x100 <- ovl_open_realfile) result=0xffff88800de9ff00
              dd-2236    [000] .....    14.665709: ovldiag_ensure: (ovl_write_iter+0xaf/0x130 <- ovl_ensure_upper_and_switch) result=0x0
              dd-2236    [000] .....    14.665722: ovldiag_write: (ovl_write_iter+0x10c/0x130 <- backing_file_write_iter) result=0x1000
              dd-2246    [000] .....    14.669874: ovldiag_open: (ovl_open+0xb2/0x100 <- ovl_open_realfile) result=0xffff888004619500
              dd-2246    [000] .....    14.669907: ovldiag_ensure: (ovl_write_iter+0xaf/0x130 <- ovl_ensure_upper_and_switch) result=0x0
              dd-2246    [000] .....    14.669920: ovldiag_write: (ovl_write_iter+0x10c/0x130 <- backing_file_write_iter) result=0x1000
             cat-2245    [001] .....    14.669934: ovldiag_open: (ovl_open+0xb2/0x100 <- ovl_open_realfile) result=0xffff888007171d00
              dd-2250    [001] .....    14.671710: ovldiag_open: (ovl_open+0xb2/0x100 <- ovl_open_realfile) result=0xffff8880072a6200
              dd-2250    [001] .n...    14.671744: ovldiag_ensure: (ovl_write_iter+0xaf/0x130 <- ovl_ensure_upper_and_switch) result=0x0
              dd-2250    [001] .....    14.672989: ovldiag_write: (ovl_write_iter+0x10c/0x130 <- backing_file_write_iter) result=0x1000
             cat-2252    [000] .....    14.673065: ovldiag_open: (ovl_open+0xb2/0x100 <- ovl_open_realfile) result=0xffff88800de99a00
             cat-2256    [000] .....    14.675587: ovldiag_open: (ovl_open+0xb2/0x100 <- ovl_open_realfile) result=0xffff88800715d500
             cat-2257    [000] .....    14.677939: ovldiag_open: (ovl_open+0xb2/0x100 <- ovl_open_realfile) result=0xffff88800d545300
              dd-2262    [000] .....    14.680505: ovldiag_open: (ovl_open+0xb2/0x100 <- ovl_open_realfile) result=0xffff88800ddb8900
              dd-2262    [000] .....    14.680538: ovldiag_ensure: (ovl_write_iter+0xaf/0x130 <- ovl_ensure_upper_and_switch) result=0x0
              dd-2262    [000] .....    14.680554: ovldiag_write: (ovl_write_iter+0x10c/0x130 <- backing_file_write_iter) result=0x1000
             cat-2266    [001] .....    14.683843: ovldiag_open: (ovl_open+0xb2/0x100 <- ovl_open_realfile) result=0xffff888007160400
              dd-2263    [000] .....    14.684191: ovldiag_open: (ovl_open+0xb2/0x100 <- ovl_open_realfile) result=0xffff888007059500
              dd-2263    [000] .....    14.684229: ovldiag_ensure: (ovl_write_iter+0xaf/0x130 <- ovl_ensure_upper_and_switch) result=0x0
              dd-2263    [000] .....    14.684243: ovldiag_write: (ovl_write_iter+0x10c/0x130 <- backing_file_write_iter) result=0x1000
             cat-2268    [000] .....    14.685388: ovldiag_open: (ovl_open+0xb2/0x100 <- ovl_open_realfile) result=0xffff88800dd99a00
              dd-2267    [000] .....    14.685800: ovldiag_open: (ovl_open+0xb2/0x100 <- ovl_open_realfile) result=0xffff88800dd99600
              dd-2267    [000] .....    14.685830: ovldiag_ensure: (ovl_write_iter+0xaf/0x130 <- ovl_ensure_upper_and_switch) result=0x0
              dd-2267    [000] .....    14.685842: ovldiag_write: (ovl_write_iter+0x10c/0x130 <- backing_file_write_iter) result=0x1000
             cat-2274    [000] .....    14.689572: ovldiag_open: (ovl_open+0xb2/0x100 <- ovl_open_realfile) result=0xffff88800ddb8e00
              dd-2275    [001] .....    14.690479: ovldiag_open: (ovl_open+0xb2/0x100 <- ovl_open_realfile) result=0xffff8880046d8700
              dd-2275    [001] .....    14.690519: ovldiag_ensure: (ovl_write_iter+0xaf/0x130 <- ovl_ensure_upper_and_switch) result=0x0
              dd-2275    [001] .....    14.690536: ovldiag_write: (ovl_write_iter+0x10c/0x130 <- backing_file_write_iter) result=0x1000
             cat-2277    [001] .....    14.691706: ovldiag_open: (ovl_open+0xb2/0x100 <- ovl_open_realfile) result=0xffff888005c8c000
             cat-2280    [001] .....    14.694641: ovldiag_open: (ovl_open+0xb2/0x100 <- ovl_open_realfile) result=0xffff888005c8c100
              dd-2281    [000] .....    14.695678: ovldiag_open: (ovl_open+0xb2/0x100 <- ovl_open_realfile) result=0xffff8880073a8b00
              dd-2281    [000] .....    14.695705: ovldiag_ensure: (ovl_write_iter+0xaf/0x130 <- ovl_ensure_upper_and_switch) result=0x0
              dd-2281    [000] .....    14.695719: ovldiag_write: (ovl_write_iter+0x10c/0x130 <- backing_file_write_iter) result=0x1000
              dd-2287    [001] .....    14.699159: ovldiag_open: (ovl_open+0xb2/0x100 <- ovl_open_realfile) result=0xffff88800715dc00
              dd-2287    [001] .....    14.699193: ovldiag_ensure: (ovl_write_iter+0xaf/0x130 <- ovl_ensure_upper_and_switch) result=0x0
              dd-2287    [001] .....    14.699210: ovldiag_write: (ovl_write_iter+0x10c/0x130 <- backing_file_write_iter) result=0x1000
             cat-2288    [000] .....    14.699888: ovldiag_open: (ovl_open+0xb2/0x100 <- ovl_open_realfile) result=0xffff888007160d00
              dd-2289    [001] .....    14.700685: ovldiag_open: (ovl_open+0xb2/0x100 <- ovl_open_realfile) result=0xffff88800dc63700
              dd-2289    [001] .....    14.700715: ovldiag_ensure: (ovl_write_iter+0xaf/0x130 <- ovl_ensure_upper_and_switch) result=0x0
              dd-2289    [001] .....    14.700730: ovldiag_write: (ovl_write_iter+0x10c/0x130 <- backing_file_write_iter) result=0x1000
             cat-2292    [000] .....    14.704013: ovldiag_open: (ovl_open+0xb2/0x100 <- ovl_open_realfile) result=0xffff88800707b900
              dd-2296    [001] .....    14.705856: ovldiag_open: (ovl_open+0xb2/0x100 <- ovl_open_realfile) result=0xffff88800deed700
              dd-2296    [001] .....    14.705888: ovldiag_ensure: (ovl_write_iter+0xaf/0x130 <- ovl_ensure_upper_and_switch) result=0x0
              dd-2296    [001] .....    14.705906: ovldiag_write: (ovl_write_iter+0x10c/0x130 <- backing_file_write_iter) result=0x1000
             cat-2295    [001] .....    14.706355: ovldiag_open: (ovl_open+0xb2/0x100 <- ovl_open_realfile) result=0xffff88800deed800
             cat-2301    [001] .....    14.709447: ovldiag_open: (ovl_open+0xb2/0x100 <- ovl_open_realfile) result=0xffff88800461b300
              dd-2303    [000] .....    14.711033: ovldiag_open: (ovl_open+0xb2/0x100 <- ovl_open_realfile) result=0xffff88800d4f6b00
              dd-2303    [000] .....    14.711142: ovldiag_ensure: (ovl_write_iter+0xaf/0x130 <- ovl_ensure_upper_and_switch) result=0x0
              dd-2303    [000] .....    14.711156: ovldiag_write: (ovl_write_iter+0x10c/0x130 <- backing_file_write_iter) result=0x1000
             cat-2307    [000] .....    14.713457: ovldiag_open: (ovl_open+0xb2/0x100 <- ovl_open_realfile) result=0xffff88800893c600
              dd-2310    [001] .....    14.715494: ovldiag_open: (ovl_open+0xb2/0x100 <- ovl_open_realfile) result=0xffff888005cb3000
              dd-2310    [001] .....    14.715528: ovldiag_ensure: (ovl_write_iter+0xaf/0x130 <- ovl_ensure_upper_and_switch) result=0x0
              dd-2310    [001] .....    14.715549: ovldiag_write: (ovl_write_iter+0x10c/0x130 <- backing_file_write_iter) result=0x1000
              dd-2311    [000] .....    14.716193: ovldiag_open: (ovl_open+0xb2/0x100 <- ovl_open_realfile) result=0xffff88800893c800
              dd-2311    [000] .....    14.716224: ovldiag_ensure: (ovl_write_iter+0xaf/0x130 <- ovl_ensure_upper_and_switch) result=0x0
              dd-2311    [000] .....    14.716238: ovldiag_write: (ovl_write_iter+0x10c/0x130 <- backing_file_write_iter) result=0x1000
             cat-2312    [000] .....    14.717813: ovldiag_open: (ovl_open+0xb2/0x100 <- ovl_open_realfile) result=0xffff88800457bb00
              dd-2316    [001] .....    14.719147: ovldiag_open: (ovl_open+0xb2/0x100 <- ovl_open_realfile) result=0xffff88800893c800
              dd-2316    [001] .....    14.719179: ovldiag_ensure: (ovl_write_iter+0xaf/0x130 <- ovl_ensure_upper_and_switch) result=0x0
              dd-2316    [001] .....    14.719197: ovldiag_write: (ovl_write_iter+0x10c/0x130 <- backing_file_write_iter) result=0x1000
             cat-2315    [001] .....    14.719492: ovldiag_open: (ovl_open+0xb2/0x100 <- ovl_open_realfile) result=0xffff888005cb3000
             cat-2318    [001] .....    14.721493: ovldiag_open: (ovl_open+0xb2/0x100 <- ovl_open_realfile) result=0xffff88800715df00
              dd-2324    [000] .....    14.725842: ovldiag_open: (ovl_open+0xb2/0x100 <- ovl_open_realfile) result=0xffff888005c8ce00
              dd-2324    [000] .....    14.725873: ovldiag_ensure: (ovl_write_iter+0xaf/0x130 <- ovl_ensure_upper_and_switch) result=0x0
              dd-2324    [000] .....    14.725887: ovldiag_write: (ovl_write_iter+0x10c/0x130 <- backing_file_write_iter) result=0x1000
             cat-2326    [000] .....    14.726929: ovldiag_open: (ovl_open+0xb2/0x100 <- ovl_open_realfile) result=0xffff88800dc63100
              dd-2331    [000] .....    14.731051: ovldiag_open: (ovl_open+0xb2/0x100 <- ovl_open_realfile) result=0xffff888005cb7d00
              dd-2331    [000] .....    14.731129: ovldiag_ensure: (ovl_write_iter+0xaf/0x130 <- ovl_ensure_upper_and_switch) result=0x0
              dd-2331    [000] .....    14.731144: ovldiag_write: (ovl_write_iter+0x10c/0x130 <- backing_file_write_iter) result=0x1000
             cat-2332    [001] .....    14.731260: ovldiag_open: (ovl_open+0xb2/0x100 <- ovl_open_realfile) result=0xffff88800aaa1200
             cat-2333    [000] .....    14.734241: ovldiag_open: (ovl_open+0xb2/0x100 <- ovl_open_realfile) result=0xffff88800457b900
             cat-2338    [000] .....    14.736214: ovldiag_open: (ovl_open+0xb2/0x100 <- ovl_open_realfile) result=0xffff88800736eb00
              dd-2336    [000] .....    14.736574: ovldiag_open: (ovl_open+0xb2/0x100 <- ovl_open_realfile) result=0xffff88800715d500
              dd-2336    [000] .....    14.736601: ovldiag_ensure: (ovl_write_iter+0xaf/0x130 <- ovl_ensure_upper_and_switch) result=0x0
              dd-2336    [000] .....    14.736613: ovldiag_write: (ovl_write_iter+0x10c/0x130 <- backing_file_write_iter) result=0x1000
             cat-2341    [001] .....    14.737038: ovldiag_open: (ovl_open+0xb2/0x100 <- ovl_open_realfile) result=0xffff88800df32e00
              dd-2339    [000] .....    14.737742: ovldiag_open: (ovl_open+0xb2/0x100 <- ovl_open_realfile) result=0xffff88800d7a1f00
              dd-2339    [000] .....    14.737766: ovldiag_ensure: (ovl_write_iter+0xaf/0x130 <- ovl_ensure_upper_and_switch) result=0x0
              dd-2339    [000] .....    14.737777: ovldiag_write: (ovl_write_iter+0x10c/0x130 <- backing_file_write_iter) result=0x1000
              dd-2345    [001] .....    14.740995: ovldiag_open: (ovl_open+0xb2/0x100 <- ovl_open_realfile) result=0xffff888008bcd000
              dd-2345    [001] .....    14.741027: ovldiag_ensure: (ovl_write_iter+0xaf/0x130 <- ovl_ensure_upper_and_switch) result=0x0
              dd-2345    [001] .....    14.741046: ovldiag_write: (ovl_write_iter+0x10c/0x130 <- backing_file_write_iter) result=0x1000
             cat-2350    [000] .....    14.744217: ovldiag_open: (ovl_open+0xb2/0x100 <- ovl_open_realfile) result=0xffff88800d7c9400
              dd-2353    [001] .....    14.745748: ovldiag_open: (ovl_open+0xb2/0x100 <- ovl_open_realfile) result=0xffff888007046600
              dd-2353    [001] .....    14.745779: ovldiag_ensure: (ovl_write_iter+0xaf/0x130 <- ovl_ensure_upper_and_switch) result=0x0
              dd-2353    [001] .....    14.745797: ovldiag_write: (ovl_write_iter+0x10c/0x130 <- backing_file_write_iter) result=0x1000
             cat-2356    [001] .....    14.748487: ovldiag_open: (ovl_open+0xb2/0x100 <- ovl_open_realfile) result=0xffff88800d7c9f00
             cat-2357    [000] .....    14.748622: ovldiag_open: (ovl_open+0xb2/0x100 <- ovl_open_realfile) result=0xffff888005cb7a00
             cat-2359    [001] .....    14.751021: ovldiag_open: (ovl_open+0xb2/0x100 <- ovl_open_realfile) result=0xffff888008b97600
              dd-2363    [000] .....    14.753045: ovldiag_open: (ovl_open+0xb2/0x100 <- ovl_open_realfile) result=0xffff88800dde9600
              dd-2363    [000] .....    14.753099: ovldiag_ensure: (ovl_write_iter+0xaf/0x130 <- ovl_ensure_upper_and_switch) result=0x0
              dd-2363    [000] .....    14.753112: ovldiag_write: (ovl_write_iter+0x10c/0x130 <- backing_file_write_iter) result=0x1000
              dd-2366    [000] .....    14.755038: ovldiag_open: (ovl_open+0xb2/0x100 <- ovl_open_realfile) result=0xffff88800715d900
              dd-2366    [000] .....    14.755066: ovldiag_ensure: (ovl_write_iter+0xaf/0x130 <- ovl_ensure_upper_and_switch) result=0x0
             cat-2365    [000] .....    14.755897: ovldiag_open: (ovl_open+0xb2/0x100 <- ovl_open_realfile) result=0xffff8880073a9800
              dd-2368    [001] .....    14.756781: ovldiag_open: (ovl_open+0xb2/0x100 <- ovl_open_realfile) result=0xffff888007171000
              dd-2368    [001] .....    14.756810: ovldiag_ensure: (ovl_write_iter+0xaf/0x130 <- ovl_ensure_upper_and_switch) result=0x0
              dd-2368    [001] .....    14.756828: ovldiag_write: (ovl_write_iter+0x10c/0x130 <- backing_file_write_iter) result=0x1000
              dd-2366    [000] .....    14.757065: ovldiag_write: (ovl_write_iter+0x10c/0x130 <- backing_file_write_iter) result=0x1000
              dd-2372    [001] .....    14.759431: ovldiag_open: (ovl_open+0xb2/0x100 <- ovl_open_realfile) result=0xffff88800893c300
              dd-2372    [001] .....    14.759459: ovldiag_ensure: (ovl_write_iter+0xaf/0x130 <- ovl_ensure_upper_and_switch) result=0x0
              dd-2372    [001] .....    14.759476: ovldiag_write: (ovl_write_iter+0x10c/0x130 <- backing_file_write_iter) result=0x1000
             cat-2376    [001] .....    14.761047: ovldiag_open: (ovl_open+0xb2/0x100 <- ovl_open_realfile) result=0xffff88800d562c00
             cat-2375    [000] .....    14.761700: ovldiag_open: (ovl_open+0xb2/0x100 <- ovl_open_realfile) result=0xffff88800de13700
             cat-2378    [001] .....    14.763542: ovldiag_open: (ovl_open+0xb2/0x100 <- ovl_open_realfile) result=0xffff88800893c600
             cat-2386    [000] .....    14.768775: ovldiag_open: (ovl_open+0xb2/0x100 <- ovl_open_realfile) result=0xffff88800700fb00
              dd-2385    [001] .....    14.768822: ovldiag_open: (ovl_open+0xb2/0x100 <- ovl_open_realfile) result=0xffff88800d562b00
              dd-2385    [001] .....    14.768854: ovldiag_ensure: (ovl_write_iter+0xaf/0x130 <- ovl_ensure_upper_and_switch) result=0x0
              dd-2385    [001] .....    14.768871: ovldiag_write: (ovl_write_iter+0x10c/0x130 <- backing_file_write_iter) result=0x1000
              dd-2388    [001] .....    14.770373: ovldiag_open: (ovl_open+0xb2/0x100 <- ovl_open_realfile) result=0xffff888007059500
              dd-2388    [001] .....    14.770415: ovldiag_ensure: (ovl_write_iter+0xaf/0x130 <- ovl_ensure_upper_and_switch) result=0x0
              dd-2388    [001] .....    14.770431: ovldiag_write: (ovl_write_iter+0x10c/0x130 <- backing_file_write_iter) result=0x1000
             cat-2390    [000] .....    14.772008: ovldiag_open: (ovl_open+0xb2/0x100 <- ovl_open_realfile) result=0xffff88800aaa6700
              dd-2394    [001] .....    14.775207: ovldiag_open: (ovl_open+0xb2/0x100 <- ovl_open_realfile) result=0xffff88800700f300
              dd-2394    [001] .....    14.775236: ovldiag_ensure: (ovl_write_iter+0xaf/0x130 <- ovl_ensure_upper_and_switch) result=0x0
              dd-2394    [001] .....    14.775254: ovldiag_write: (ovl_write_iter+0x10c/0x130 <- backing_file_write_iter) result=0x1000
              dd-2395    [000] .....    14.776042: ovldiag_open: (ovl_open+0xb2/0x100 <- ovl_open_realfile) result=0xffff888007256500
              dd-2395    [000] .....    14.776088: ovldiag_ensure: (ovl_write_iter+0xaf/0x130 <- ovl_ensure_upper_and_switch) result=0x0
              dd-2395    [000] .....    14.776101: ovldiag_write: (ovl_write_iter+0x10c/0x130 <- backing_file_write_iter) result=0x1000
             cat-2397    [000] .....    14.776194: ovldiag_open: (ovl_open+0xb2/0x100 <- ovl_open_realfile) result=0xffff888007256400
             cat-2393    [001] .....    14.776989: ovldiag_open: (ovl_open+0xb2/0x100 <- ovl_open_realfile) result=0xffff88800de13700
             cat-2404    [000] .....    14.781769: ovldiag_open: (ovl_open+0xb2/0x100 <- ovl_open_realfile) result=0xffff888007171400
              dd-2407    [001] .....    14.783966: ovldiag_open: (ovl_open+0xb2/0x100 <- ovl_open_realfile) result=0xffff88800aba9d00
              dd-2407    [001] .....    14.784000: ovldiag_ensure: (ovl_write_iter+0xaf/0x130 <- ovl_ensure_upper_and_switch) result=0x0
              dd-2407    [001] .....    14.784018: ovldiag_write: (ovl_write_iter+0x10c/0x130 <- backing_file_write_iter) result=0x1000
              dd-2408    [001] .....    14.785171: ovldiag_open: (ovl_open+0xb2/0x100 <- ovl_open_realfile) result=0xffff8880089dd000
              dd-2408    [001] .....    14.785198: ovldiag_ensure: (ovl_write_iter+0xaf/0x130 <- ovl_ensure_upper_and_switch) result=0x0
              dd-2408    [001] .....    14.785212: ovldiag_write: (ovl_write_iter+0x10c/0x130 <- backing_file_write_iter) result=0x1000
             cat-2413    [000] .....    14.787219: ovldiag_open: (ovl_open+0xb2/0x100 <- ovl_open_realfile) result=0xffff888007160700
             cat-2412    [001] .....    14.787488: ovldiag_open: (ovl_open+0xb2/0x100 <- ovl_open_realfile) result=0xffff888007162200
             cat-2415    [001] .....    14.790709: ovldiag_open: (ovl_open+0xb2/0x100 <- ovl_open_realfile) result=0xffff888005cb7000
              dd-2419    [000] .....    14.791990: ovldiag_open: (ovl_open+0xb2/0x100 <- ovl_open_realfile) result=0xffff888007160c00
              dd-2419    [000] .....    14.792018: ovldiag_ensure: (ovl_write_iter+0xaf/0x130 <- ovl_ensure_upper_and_switch) result=0x0
              dd-2419    [000] .....    14.792032: ovldiag_write: (ovl_write_iter+0x10c/0x130 <- backing_file_write_iter) result=0x1000
             cat-2422    [000] .....    14.793532: ovldiag_open: (ovl_open+0xb2/0x100 <- ovl_open_realfile) result=0xffff888008944100
              dd-2421    [001] .....    14.794707: ovldiag_open: (ovl_open+0xb2/0x100 <- ovl_open_realfile) result=0xffff8880046d8900
              dd-2421    [001] .....    14.794738: ovldiag_ensure: (ovl_write_iter+0xaf/0x130 <- ovl_ensure_upper_and_switch) result=0x0
              dd-2421    [001] .....    14.794757: ovldiag_write: (ovl_write_iter+0x10c/0x130 <- backing_file_write_iter) result=0x1000
             cat-2429    [001] .....    14.798838: ovldiag_open: (ovl_open+0xb2/0x100 <- ovl_open_realfile) result=0xffff8880047ffc00
              dd-2428    [000] .....    14.799055: ovldiag_open: (ovl_open+0xb2/0x100 <- ovl_open_realfile) result=0xffff88800461bd00
              dd-2428    [000] .....    14.799120: ovldiag_ensure: (ovl_write_iter+0xaf/0x130 <- ovl_ensure_upper_and_switch) result=0x0
              dd-2428    [000] .....    14.799133: ovldiag_write: (ovl_write_iter+0x10c/0x130 <- backing_file_write_iter) result=0x1000
              dd-2430    [001] .....    14.799990: ovldiag_open: (ovl_open+0xb2/0x100 <- ovl_open_realfile) result=0xffff8880072d8400
              dd-2430    [001] .....    14.800021: ovldiag_ensure: (ovl_write_iter+0xaf/0x130 <- ovl_ensure_upper_and_switch) result=0x0
              dd-2430    [001] .....    14.800037: ovldiag_write: (ovl_write_iter+0x10c/0x130 <- backing_file_write_iter) result=0x1000
             cat-2431    [000] .....    14.800180: ovldiag_open: (ovl_open+0xb2/0x100 <- ovl_open_realfile) result=0xffff8880072a6600
             cat-2438    [000] .....    14.804380: ovldiag_open: (ovl_open+0xb2/0x100 <- ovl_open_realfile) result=0xffff88800dc17600
             cat-2439    [001] .....    14.805442: ovldiag_open: (ovl_open+0xb2/0x100 <- ovl_open_realfile) result=0xffff88800d562500
              dd-2442    [000] .....    14.807136: ovldiag_open: (ovl_open+0xb2/0x100 <- ovl_open_realfile) result=0xffff8880073a8b00
              dd-2442    [000] .....    14.807162: ovldiag_ensure: (ovl_write_iter+0xaf/0x130 <- ovl_ensure_upper_and_switch) result=0x0
              dd-2442    [000] .....    14.807176: ovldiag_write: (ovl_write_iter+0x10c/0x130 <- backing_file_write_iter) result=0x1000
              dd-2444    [001] .....    14.808793: ovldiag_open: (ovl_open+0xb2/0x100 <- ovl_open_realfile) result=0xffff888005d64a00
              dd-2444    [001] .....    14.808826: ovldiag_ensure: (ovl_write_iter+0xaf/0x130 <- ovl_ensure_upper_and_switch) result=0x0
              dd-2444    [001] .....    14.808843: ovldiag_write: (ovl_write_iter+0x10c/0x130 <- backing_file_write_iter) result=0x1000
             cat-2448    [000] .....    14.811678: ovldiag_open: (ovl_open+0xb2/0x100 <- ovl_open_realfile) result=0xffff88800dd03b00
             cat-2449    [001] .....    14.812153: ovldiag_open: (ovl_open+0xb2/0x100 <- ovl_open_realfile) result=0xffff88800deec600
              dd-2451    [001] .....    14.813644: ovldiag_open: (ovl_open+0xb2/0x100 <- ovl_open_realfile) result=0xffff8880072a6700
              dd-2451    [001] .....    14.813677: ovldiag_ensure: (ovl_write_iter+0xaf/0x130 <- ovl_ensure_upper_and_switch) result=0x0
              dd-2451    [001] .....    14.813693: ovldiag_write: (ovl_write_iter+0x10c/0x130 <- backing_file_write_iter) result=0x1000
              dd-2453    [001] .....    14.815232: ovldiag_open: (ovl_open+0xb2/0x100 <- ovl_open_realfile) result=0xffff88800ded7500
              dd-2453    [001] .....    14.815260: ovldiag_ensure: (ovl_write_iter+0xaf/0x130 <- ovl_ensure_upper_and_switch) result=0x0
              dd-2453    [001] .....    14.815275: ovldiag_write: (ovl_write_iter+0x10c/0x130 <- backing_file_write_iter) result=0x1000
             cat-2458    [000] .....    14.818023: ovldiag_open: (ovl_open+0xb2/0x100 <- ovl_open_realfile) result=0xffff888007059500
             cat-2459    [001] .....    14.819033: ovldiag_open: (ovl_open+0xb2/0x100 <- ovl_open_realfile) result=0xffff88800deeca00
              dd-2465    [001] .....    14.822513: ovldiag_open: (ovl_open+0xb2/0x100 <- ovl_open_realfile) result=0xffff888007162700
              dd-2465    [001] .....    14.822542: ovldiag_ensure: (ovl_write_iter+0xaf/0x130 <- ovl_ensure_upper_and_switch) result=0x0
              dd-2465    [001] .....    14.822561: ovldiag_write: (ovl_write_iter+0x10c/0x130 <- backing_file_write_iter) result=0x1000
              dd-2463    [000] .....    14.823054: ovldiag_open: (ovl_open+0xb2/0x100 <- ovl_open_realfile) result=0xffff888005cb7500
              dd-2463    [000] .....    14.823110: ovldiag_ensure: (ovl_write_iter+0xaf/0x130 <- ovl_ensure_upper_and_switch) result=0x0
              dd-2463    [000] .....    14.823125: ovldiag_write: (ovl_write_iter+0x10c/0x130 <- backing_file_write_iter) result=0x1000
             cat-2468    [001] .....    14.825199: ovldiag_open: (ovl_open+0xb2/0x100 <- ovl_open_realfile) result=0xffff888005cb3700
             cat-2469    [000] .....    14.825606: ovldiag_open: (ovl_open+0xb2/0x100 <- ovl_open_realfile) result=0xffff888007256100
              dd-2474    [000] .....    14.829715: ovldiag_open: (ovl_open+0xb2/0x100 <- ovl_open_realfile) result=0xffff8880044a8400
              dd-2474    [000] .....    14.829742: ovldiag_ensure: (ovl_write_iter+0xaf/0x130 <- ovl_ensure_upper_and_switch) result=0x0
              dd-2474    [000] .....    14.829754: ovldiag_write: (ovl_write_iter+0x10c/0x130 <- backing_file_write_iter) result=0x1000
              dd-2475    [001] .....    14.830117: ovldiag_open: (ovl_open+0xb2/0x100 <- ovl_open_realfile) result=0xffff8880046d8600
              dd-2475    [001] .....    14.830148: ovldiag_ensure: (ovl_write_iter+0xaf/0x130 <- ovl_ensure_upper_and_switch) result=0x0
              dd-2475    [001] .....    14.830167: ovldiag_write: (ovl_write_iter+0x10c/0x130 <- backing_file_write_iter) result=0x1000
             cat-2477    [000] .....    14.831958: ovldiag_open: (ovl_open+0xb2/0x100 <- ovl_open_realfile) result=0xffff888007147e00
             cat-2479    [001] .....    14.832702: ovldiag_open: (ovl_open+0xb2/0x100 <- ovl_open_realfile) result=0xffff888005c8ce00
              dd-2483    [001] .....    14.835850: ovldiag_open: (ovl_open+0xb2/0x100 <- ovl_open_realfile) result=0xffff888004619a00
              dd-2483    [001] .....    14.835878: ovldiag_ensure: (ovl_write_iter+0xaf/0x130 <- ovl_ensure_upper_and_switch) result=0x0
              dd-2483    [001] .....    14.835896: ovldiag_write: (ovl_write_iter+0x10c/0x130 <- backing_file_write_iter) result=0x1000
             cat-2484    [000] .....    14.836009: ovldiag_open: (ovl_open+0xb2/0x100 <- ovl_open_realfile) result=0xffff8880046d8700
              dd-2486    [000] .....    14.837710: ovldiag_open: (ovl_open+0xb2/0x100 <- ovl_open_realfile) result=0xffff88800893c600
              dd-2486    [000] .....    14.837740: ovldiag_ensure: (ovl_write_iter+0xaf/0x130 <- ovl_ensure_upper_and_switch) result=0x0
              dd-2486    [000] .....    14.837755: ovldiag_write: (ovl_write_iter+0x10c/0x130 <- backing_file_write_iter) result=0x1000
             cat-2487    [001] .....    14.839700: ovldiag_open: (ovl_open+0xb2/0x100 <- ovl_open_realfile) result=0xffff888005cb3d00
             cat-2493    [000] .....    14.842849: ovldiag_open: (ovl_open+0xb2/0x100 <- ovl_open_realfile) result=0xffff8880073a8300
              dd-2495    [001] .....    14.844444: ovldiag_open: (ovl_open+0xb2/0x100 <- ovl_open_realfile) result=0xffff88800736e200
              dd-2495    [001] .....    14.844476: ovldiag_ensure: (ovl_write_iter+0xaf/0x130 <- ovl_ensure_upper_and_switch) result=0x0
              dd-2495    [001] .....    14.844494: ovldiag_write: (ovl_write_iter+0x10c/0x130 <- backing_file_write_iter) result=0x1000
              dd-2497    [000] .....    14.845711: ovldiag_open: (ovl_open+0xb2/0x100 <- ovl_open_realfile) result=0xffff8880072d8200
              dd-2497    [000] .....    14.845741: ovldiag_ensure: (ovl_write_iter+0xaf/0x130 <- ovl_ensure_upper_and_switch) result=0x0
              dd-2497    [000] .....    14.845755: ovldiag_write: (ovl_write_iter+0x10c/0x130 <- backing_file_write_iter) result=0x1000
             cat-2500    [001] .....    14.847385: ovldiag_open: (ovl_open+0xb2/0x100 <- ovl_open_realfile) result=0xffff8880073bac00
             cat-2502    [000] .....    14.849033: ovldiag_open: (ovl_open+0xb2/0x100 <- ovl_open_realfile) result=0xffff8880073a8000
              dd-2506    [000] .....    14.851289: ovldiag_open: (ovl_open+0xb2/0x100 <- ovl_open_realfile) result=0xffff888007256c00
              dd-2506    [000] .....    14.851315: ovldiag_ensure: (ovl_write_iter+0xaf/0x130 <- ovl_ensure_upper_and_switch) result=0x0
              dd-2506    [000] .....    14.851327: ovldiag_write: (ovl_write_iter+0x10c/0x130 <- backing_file_write_iter) result=0x1000
             cat-2507    [001] .....    14.852760: ovldiag_open: (ovl_open+0xb2/0x100 <- ovl_open_realfile) result=0xffff888007160000
              dd-2509    [000] .....    14.852936: ovldiag_open: (ovl_open+0xb2/0x100 <- ovl_open_realfile) result=0xffff88800dc54900
              dd-2509    [000] .....    14.852961: ovldiag_ensure: (ovl_write_iter+0xaf/0x130 <- ovl_ensure_upper_and_switch) result=0x0
              dd-2509    [000] .....    14.852975: ovldiag_write: (ovl_write_iter+0x10c/0x130 <- backing_file_write_iter) result=0x1000
             cat-2510    [000] .....    14.855603: ovldiag_open: (ovl_open+0xb2/0x100 <- ovl_open_realfile) result=0xffff888007107d00
             cat-2516    [001] .....    14.858185: ovldiag_open: (ovl_open+0xb2/0x100 <- ovl_open_realfile) result=0xffff888007256300
              dd-2520    [000] .....    14.860524: ovldiag_open: (ovl_open+0xb2/0x100 <- ovl_open_realfile) result=0xffff88800715d400
              dd-2520    [000] .....    14.860554: ovldiag_ensure: (ovl_write_iter+0xaf/0x130 <- ovl_ensure_upper_and_switch) result=0x0
              dd-2520    [000] .....    14.860568: ovldiag_write: (ovl_write_iter+0x10c/0x130 <- backing_file_write_iter) result=0x1000
              dd-2517    [001] .....    14.861260: ovldiag_open: (ovl_open+0xb2/0x100 <- ovl_open_realfile) result=0xffff8880072a6a00
              dd-2517    [001] .....    14.861289: ovldiag_ensure: (ovl_write_iter+0xaf/0x130 <- ovl_ensure_upper_and_switch) result=0x0
              dd-2517    [001] .....    14.861304: ovldiag_write: (ovl_write_iter+0x10c/0x130 <- backing_file_write_iter) result=0x1000
             cat-2523    [001] .....    14.863402: ovldiag_open: (ovl_open+0xb2/0x100 <- ovl_open_realfile) result=0xffff888007256500
              dd-2526    [000] .....    14.865590: ovldiag_open: (ovl_open+0xb2/0x100 <- ovl_open_realfile) result=0xffff888008bfb400
              dd-2526    [000] .....    14.865615: ovldiag_ensure: (ovl_write_iter+0xaf/0x130 <- ovl_ensure_upper_and_switch) result=0x0
              dd-2526    [000] .....    14.865630: ovldiag_write: (ovl_write_iter+0x10c/0x130 <- backing_file_write_iter) result=0x1000
              dd-2528    [000] .....    14.867554: ovldiag_open: (ovl_open+0xb2/0x100 <- ovl_open_realfile) result=0xffff888005d64a00
              dd-2528    [000] .....    14.867580: ovldiag_ensure: (ovl_write_iter+0xaf/0x130 <- ovl_ensure_upper_and_switch) result=0x0
              dd-2528    [000] .....    14.867592: ovldiag_write: (ovl_write_iter+0x10c/0x130 <- backing_file_write_iter) result=0x1000
             cat-2527    [001] .....    14.867644: ovldiag_open: (ovl_open+0xb2/0x100 <- ovl_open_realfile) result=0xffff888005c8c400
             cat-2531    [001] .....    14.870680: ovldiag_open: (ovl_open+0xb2/0x100 <- ovl_open_realfile) result=0xffff8880044a8700
             cat-2535    [000] .....    14.871961: ovldiag_open: (ovl_open+0xb2/0x100 <- ovl_open_realfile) result=0xffff88800d53ae00
              dd-2538    [000] .....    14.873734: ovldiag_open: (ovl_open+0xb2/0x100 <- ovl_open_realfile) result=0xffff888007107d00
              dd-2538    [000] .....    14.873760: ovldiag_ensure: (ovl_write_iter+0xaf/0x130 <- ovl_ensure_upper_and_switch) result=0x0
              dd-2538    [000] .....    14.873771: ovldiag_write: (ovl_write_iter+0x10c/0x130 <- backing_file_write_iter) result=0x1000
             cat-2544    [000] .....    14.877311: ovldiag_open: (ovl_open+0xb2/0x100 <- ovl_open_realfile) result=0xffff888007160d00
              dd-2541    [001] .....    14.877533: ovldiag_open: (ovl_open+0xb2/0x100 <- ovl_open_realfile) result=0xffff88800d55da00
              dd-2541    [001] .....    14.877567: ovldiag_ensure: (ovl_write_iter+0xaf/0x130 <- ovl_ensure_upper_and_switch) result=0x0
              dd-2541    [001] .....    14.877583: ovldiag_write: (ovl_write_iter+0x10c/0x130 <- backing_file_write_iter) result=0x1000
             cat-2543    [001] .....    14.878327: ovldiag_open: (ovl_open+0xb2/0x100 <- ovl_open_realfile) result=0xffff888005c8cd00
              dd-2548    [000] .....    14.881126: ovldiag_open: (ovl_open+0xb2/0x100 <- ovl_open_realfile) result=0xffff888007162c00
              dd-2548    [000] .....    14.881154: ovldiag_ensure: (ovl_write_iter+0xaf/0x130 <- ovl_ensure_upper_and_switch) result=0x0
              dd-2548    [000] .....    14.881169: ovldiag_write: (ovl_write_iter+0x10c/0x130 <- backing_file_write_iter) result=0x1000
              dd-2553    [000] .....    14.884568: ovldiag_open: (ovl_open+0xb2/0x100 <- ovl_open_realfile) result=0xffff888007162400
              dd-2553    [000] .....    14.884598: ovldiag_ensure: (ovl_write_iter+0xaf/0x130 <- ovl_ensure_upper_and_switch) result=0x0
              dd-2553    [000] .....    14.884611: ovldiag_write: (ovl_write_iter+0x10c/0x130 <- backing_file_write_iter) result=0x1000
             cat-2550    [000] .....    14.885031: ovldiag_open: (ovl_open+0xb2/0x100 <- ovl_open_realfile) result=0xffff88800700f100
             cat-2554    [001] .....    14.885098: ovldiag_open: (ovl_open+0xb2/0x100 <- ovl_open_realfile) result=0xffff888007256b00
              dd-2558    [000] .....    14.887029: ovldiag_open: (ovl_open+0xb2/0x100 <- ovl_open_realfile) result=0xffff8880072d8400
              dd-2558    [000] .....    14.887054: ovldiag_ensure: (ovl_write_iter+0xaf/0x130 <- ovl_ensure_upper_and_switch) result=0x0
              dd-2558    [000] .....    14.887100: ovldiag_write: (ovl_write_iter+0x10c/0x130 <- backing_file_write_iter) result=0x1000
             cat-2561    [000] .....    14.891176: ovldiag_open: (ovl_open+0xb2/0x100 <- ovl_open_realfile) result=0xffff888007162600
             cat-2563    [000] .....    14.892107: ovldiag_open: (ovl_open+0xb2/0x100 <- ovl_open_realfile) result=0xffff88800724e400
              dd-2565    [001] .....    14.894004: ovldiag_open: (ovl_open+0xb2/0x100 <- ovl_open_realfile) result=0xffff88800d56ab00
              dd-2565    [001] .....    14.894036: ovldiag_ensure: (ovl_write_iter+0xaf/0x130 <- ovl_ensure_upper_and_switch) result=0x0
              dd-2565    [001] .....    14.894055: ovldiag_write: (ovl_write_iter+0x10c/0x130 <- backing_file_write_iter) result=0x1000
              dd-2570    [000] .....    14.896800: ovldiag_open: (ovl_open+0xb2/0x100 <- ovl_open_realfile) result=0xffff88800471f900
              dd-2570    [000] .....    14.896830: ovldiag_ensure: (ovl_write_iter+0xaf/0x130 <- ovl_ensure_upper_and_switch) result=0x0
              dd-2570    [000] .....    14.896843: ovldiag_write: (ovl_write_iter+0x10c/0x130 <- backing_file_write_iter) result=0x1000
             cat-2571    [001] .....    14.897484: ovldiag_open: (ovl_open+0xb2/0x100 <- ovl_open_realfile) result=0xffff88800aa9eb00
             cat-2573    [001] .....    14.898635: ovldiag_open: (ovl_open+0xb2/0x100 <- ovl_open_realfile) result=0xffff88800736eb00
              dd-2576    [001] .....    14.901586: ovldiag_open: (ovl_open+0xb2/0x100 <- ovl_open_realfile) result=0xffff88800707ba00
              dd-2576    [001] .....    14.901616: ovldiag_ensure: (ovl_write_iter+0xaf/0x130 <- ovl_ensure_upper_and_switch) result=0x0
              dd-2576    [001] .....    14.901632: ovldiag_write: (ovl_write_iter+0x10c/0x130 <- backing_file_write_iter) result=0x1000
             cat-2577    [000] .....    14.902819: ovldiag_open: (ovl_open+0xb2/0x100 <- ovl_open_realfile) result=0xffff888005cb7b00
              dd-2578    [000] .....    14.903421: ovldiag_open: (ovl_open+0xb2/0x100 <- ovl_open_realfile) result=0xffff88800471f100
              dd-2578    [000] .....    14.903449: ovldiag_ensure: (ovl_write_iter+0xaf/0x130 <- ovl_ensure_upper_and_switch) result=0x0
              dd-2578    [000] .....    14.903462: ovldiag_write: (ovl_write_iter+0x10c/0x130 <- backing_file_write_iter) result=0x1000
             cat-2583    [000] .....    14.905805: ovldiag_open: (ovl_open+0xb2/0x100 <- ovl_open_realfile) result=0xffff88800dcf8900
              dd-2587    [000] .....    14.908651: ovldiag_open: (ovl_open+0xb2/0x100 <- ovl_open_realfile) result=0xffff88800724e300
              dd-2587    [000] .....    14.908680: ovldiag_ensure: (ovl_write_iter+0xaf/0x130 <- ovl_ensure_upper_and_switch) result=0x0
              dd-2587    [000] .....    14.908695: ovldiag_write: (ovl_write_iter+0x10c/0x130 <- backing_file_write_iter) result=0x1000
              dd-2590    [000] .....    14.910387: ovldiag_open: (ovl_open+0xb2/0x100 <- ovl_open_realfile) result=0xffff88800dee7600
              dd-2590    [000] .....    14.910424: ovldiag_ensure: (ovl_write_iter+0xaf/0x130 <- ovl_ensure_upper_and_switch) result=0x0
              dd-2590    [000] .....    14.910436: ovldiag_write: (ovl_write_iter+0x10c/0x130 <- backing_file_write_iter) result=0x1000
             cat-2591    [001] .....    14.911298: ovldiag_open: (ovl_open+0xb2/0x100 <- ovl_open_realfile) result=0xffff888007162900
             cat-2595    [000] .....    14.913577: ovldiag_open: (ovl_open+0xb2/0x100 <- ovl_open_realfile) result=0xffff88800715d600
             cat-2594    [001] .....    14.913965: ovldiag_open: (ovl_open+0xb2/0x100 <- ovl_open_realfile) result=0xffff888007079a00
             cat-2598    [001] .....    14.916570: ovldiag_open: (ovl_open+0xb2/0x100 <- ovl_open_realfile) result=0xffff88800457b500
              dd-2599    [001] .....    14.917803: ovldiag_open: (ovl_open+0xb2/0x100 <- ovl_open_realfile) result=0xffff8880044a8b00
              dd-2599    [001] .....    14.917834: ovldiag_ensure: (ovl_write_iter+0xaf/0x130 <- ovl_ensure_upper_and_switch) result=0x0
              dd-2599    [001] .....    14.917853: ovldiag_write: (ovl_write_iter+0x10c/0x130 <- backing_file_write_iter) result=0x1000
              dd-2605    [001] .....    14.921190: ovldiag_open: (ovl_open+0xb2/0x100 <- ovl_open_realfile) result=0xffff888005c89300
              dd-2605    [001] .....    14.921219: ovldiag_ensure: (ovl_write_iter+0xaf/0x130 <- ovl_ensure_upper_and_switch) result=0x0
              dd-2605    [001] .....    14.921237: ovldiag_write: (ovl_write_iter+0x10c/0x130 <- backing_file_write_iter) result=0x1000
              dd-2607    [000] .....    14.923203: ovldiag_open: (ovl_open+0xb2/0x100 <- ovl_open_realfile) result=0xffff888007059700
              dd-2607    [000] .....    14.923229: ovldiag_ensure: (ovl_write_iter+0xaf/0x130 <- ovl_ensure_upper_and_switch) result=0x0
              dd-2607    [000] .....    14.923244: ovldiag_write: (ovl_write_iter+0x10c/0x130 <- backing_file_write_iter) result=0x1000
              dd-2608    [000] .....    14.924225: ovldiag_open: (ovl_open+0xb2/0x100 <- ovl_open_realfile) result=0xffff88800707bc00
              dd-2608    [000] .....    14.924249: ovldiag_ensure: (ovl_write_iter+0xaf/0x130 <- ovl_ensure_upper_and_switch) result=0x0
              dd-2608    [000] .....    14.924261: ovldiag_write: (ovl_write_iter+0x10c/0x130 <- backing_file_write_iter) result=0x1000
             cat-2613    [000] .....    14.925860: ovldiag_open: (ovl_open+0xb2/0x100 <- ovl_open_realfile) result=0xffff8880089e2800
             cat-2611    [001] .....    14.926793: ovldiag_open: (ovl_open+0xb2/0x100 <- ovl_open_realfile) result=0xffff88800abc3400
             cat-2614    [001] .....    14.927932: ovldiag_open: (ovl_open+0xb2/0x100 <- ovl_open_realfile) result=0xffff88800ab78600
             cat-2619    [000] .....    14.931949: ovldiag_open: (ovl_open+0xb2/0x100 <- ovl_open_realfile) result=0xffff888005c95500
              dd-2622    [001] .....    14.933515: ovldiag_open: (ovl_open+0xb2/0x100 <- ovl_open_realfile) result=0xffff88800d4c5800
              dd-2622    [001] .....    14.933548: ovldiag_ensure: (ovl_write_iter+0xaf/0x130 <- ovl_ensure_upper_and_switch) result=0x0
              dd-2622    [001] .....    14.933567: ovldiag_write: (ovl_write_iter+0x10c/0x130 <- backing_file_write_iter) result=0x1000
             cat-2626    [001] .....    14.936269: ovldiag_open: (ovl_open+0xb2/0x100 <- ovl_open_realfile) result=0xffff8880044a8000
              dd-2627    [000] .....    14.937026: ovldiag_open: (ovl_open+0xb2/0x100 <- ovl_open_realfile) result=0xffff88800715d000
              dd-2627    [000] .....    14.937056: ovldiag_ensure: (ovl_write_iter+0xaf/0x130 <- ovl_ensure_upper_and_switch) result=0x0
              dd-2627    [000] .n...    14.937116: ovldiag_write: (ovl_write_iter+0x10c/0x130 <- backing_file_write_iter) result=0x1000
              dd-2628    [001] .....    14.938537: ovldiag_open: (ovl_open+0xb2/0x100 <- ovl_open_realfile) result=0xffff8880072a6a00
              dd-2628    [001] .....    14.938568: ovldiag_ensure: (ovl_write_iter+0xaf/0x130 <- ovl_ensure_upper_and_switch) result=0x0
              dd-2628    [001] .....    14.938586: ovldiag_write: (ovl_write_iter+0x10c/0x130 <- backing_file_write_iter) result=0x1000
             cat-2629    [000] .....    14.938972: ovldiag_open: (ovl_open+0xb2/0x100 <- ovl_open_realfile) result=0xffff888007256f00
              dd-2631    [001] .....    14.940044: ovldiag_open: (ovl_open+0xb2/0x100 <- ovl_open_realfile) result=0xffff888008944600
              dd-2631    [001] .....    14.940105: ovldiag_ensure: (ovl_write_iter+0xaf/0x130 <- ovl_ensure_upper_and_switch) result=0x0
              dd-2631    [001] .....    14.940122: ovldiag_write: (ovl_write_iter+0x10c/0x130 <- backing_file_write_iter) result=0x1000
             cat-2633    [001] .....    14.942153: ovldiag_open: (ovl_open+0xb2/0x100 <- ovl_open_realfile) result=0xffff8880073a8b00
             cat-2637    [000] .....    14.942771: ovldiag_open: (ovl_open+0xb2/0x100 <- ovl_open_realfile) result=0xffff8880089dd800
              dd-2644    [000] .....    14.948456: ovldiag_open: (ovl_open+0xb2/0x100 <- ovl_open_realfile) result=0xffff888007079c00
              dd-2644    [000] .....    14.948485: ovldiag_ensure: (ovl_write_iter+0xaf/0x130 <- ovl_ensure_upper_and_switch) result=0x0
              dd-2644    [000] .....    14.948496: ovldiag_write: (ovl_write_iter+0x10c/0x130 <- backing_file_write_iter) result=0x1000
             cat-2648    [001] .....    14.953210: ovldiag_open: (ovl_open+0xb2/0x100 <- ovl_open_realfile) result=0xffff8880073a8e00
             cat-2647    [001] .....    14.953537: ovldiag_open: (ovl_open+0xb2/0x100 <- ovl_open_realfile) result=0xffff888007107e00
              dd-2646    [000] .....    14.958299: ovldiag_open: (ovl_open+0xb2/0x100 <- ovl_open_realfile) result=0xffff888007256e00
              dd-2646    [000] .....    14.958330: ovldiag_ensure: (ovl_write_iter+0xaf/0x130 <- ovl_ensure_upper_and_switch) result=0x0
              dd-2646    [000] .....    14.958342: ovldiag_write: (ovl_write_iter+0x10c/0x130 <- backing_file_write_iter) result=0x1000
             cat-2650    [000] .....    14.958788: ovldiag_open: (ovl_open+0xb2/0x100 <- ovl_open_realfile) result=0xffff88800453e200
              dd-2652    [000] .....    14.959906: ovldiag_open: (ovl_open+0xb2/0x100 <- ovl_open_realfile) result=0xffff888007160700
              dd-2652    [000] .....    14.959933: ovldiag_ensure: (ovl_write_iter+0xaf/0x130 <- ovl_ensure_upper_and_switch) result=0x0
              dd-2652    [000] .....    14.959946: ovldiag_write: (ovl_write_iter+0x10c/0x130 <- backing_file_write_iter) result=0x1000
              dd-2656    [001] .....    14.960515: ovldiag_open: (ovl_open+0xb2/0x100 <- ovl_open_realfile) result=0xffff8880073ba000
              dd-2656    [001] .....    14.960546: ovldiag_ensure: (ovl_write_iter+0xaf/0x130 <- ovl_ensure_upper_and_switch) result=0x0
              dd-2656    [001] .....    14.960564: ovldiag_write: (ovl_write_iter+0x10c/0x130 <- backing_file_write_iter) result=0x1000
             cat-2654    [000] .....    14.961382: ovldiag_open: (ovl_open+0xb2/0x100 <- ovl_open_realfile) result=0xffff88800736ed00
              dd-2662    [000] .....    14.965466: ovldiag_open: (ovl_open+0xb2/0x100 <- ovl_open_realfile) result=0xffff88800de4ca00
              dd-2662    [000] .....    14.965493: ovldiag_ensure: (ovl_write_iter+0xaf/0x130 <- ovl_ensure_upper_and_switch) result=0x0
              dd-2662    [000] .....    14.965505: ovldiag_write: (ovl_write_iter+0x10c/0x130 <- backing_file_write_iter) result=0x1000
             cat-2664    [001] .....    14.965896: ovldiag_open: (ovl_open+0xb2/0x100 <- ovl_open_realfile) result=0xffff888007160300
             cat-2670    [000] .....    14.970017: ovldiag_open: (ovl_open+0xb2/0x100 <- ovl_open_realfile) result=0xffff88800447f400
             cat-2673    [000] .....    14.973538: ovldiag_open: (ovl_open+0xb2/0x100 <- ovl_open_realfile) result=0xffff8880089dda00
              dd-2674    [001] .....    14.974119: ovldiag_open: (ovl_open+0xb2/0x100 <- ovl_open_realfile) result=0xffff888005dca000
              dd-2674    [001] .....    14.974153: ovldiag_ensure: (ovl_write_iter+0xaf/0x130 <- ovl_ensure_upper_and_switch) result=0x0
              dd-2674    [001] .....    14.974171: ovldiag_write: (ovl_write_iter+0x10c/0x130 <- backing_file_write_iter) result=0x1000
             cat-2676    [000] .....    14.976559: ovldiag_open: (ovl_open+0xb2/0x100 <- ovl_open_realfile) result=0xffff8880044a1200
              dd-2677    [000] .....    14.977941: ovldiag_open: (ovl_open+0xb2/0x100 <- ovl_open_realfile) result=0xffff88800700f300
              dd-2677    [000] .....    14.977972: ovldiag_ensure: (ovl_write_iter+0xaf/0x130 <- ovl_ensure_upper_and_switch) result=0x0
              dd-2677    [000] .....    14.977986: ovldiag_write: (ovl_write_iter+0x10c/0x130 <- backing_file_write_iter) result=0x1000
              dd-2681    [001] .....    14.979982: ovldiag_open: (ovl_open+0xb2/0x100 <- ovl_open_realfile) result=0xffff88800736ee00
              dd-2681    [001] .....    14.980015: ovldiag_ensure: (ovl_write_iter+0xaf/0x130 <- ovl_ensure_upper_and_switch) result=0x0
              dd-2681    [001] .....    14.980031: ovldiag_write: (ovl_write_iter+0x10c/0x130 <- backing_file_write_iter) result=0x1000
             cat-2682    [001] .....    14.980963: ovldiag_open: (ovl_open+0xb2/0x100 <- ovl_open_realfile) result=0xffff888007256b00
              dd-2684    [001] .....    14.981962: ovldiag_open: (ovl_open+0xb2/0x100 <- ovl_open_realfile) result=0xffff88800457b900
              dd-2684    [001] .....    14.981990: ovldiag_ensure: (ovl_write_iter+0xaf/0x130 <- ovl_ensure_upper_and_switch) result=0x0
              dd-2684    [001] .....    14.982006: ovldiag_write: (ovl_write_iter+0x10c/0x130 <- backing_file_write_iter) result=0x1000
             cat-2685    [000] .....    14.982152: ovldiag_open: (ovl_open+0xb2/0x100 <- ovl_open_realfile) result=0xffff88800453ee00
             cat-2692    [000] .....    14.986805: ovldiag_open: (ovl_open+0xb2/0x100 <- ovl_open_realfile) result=0xffff88800dcef600
              dd-2695    [000] .....    14.989952: ovldiag_open: (ovl_open+0xb2/0x100 <- ovl_open_realfile) result=0xffff8880043e0b00
              dd-2695    [000] .....    14.989983: ovldiag_ensure: (ovl_write_iter+0xaf/0x130 <- ovl_ensure_upper_and_switch) result=0x0
              dd-2695    [000] .....    14.989997: ovldiag_write: (ovl_write_iter+0x10c/0x130 <- backing_file_write_iter) result=0x1000
             cat-2697    [001] .....    14.990927: ovldiag_open: (ovl_open+0xb2/0x100 <- ovl_open_realfile) result=0xffff8880073ba700
              dd-2699    [001] .....    14.992498: ovldiag_open: (ovl_open+0xb2/0x100 <- ovl_open_realfile) result=0xffff888005e20400
              dd-2699    [001] .....    14.992527: ovldiag_ensure: (ovl_write_iter+0xaf/0x130 <- ovl_ensure_upper_and_switch) result=0x0
              dd-2699    [001] .....    14.992545: ovldiag_write: (ovl_write_iter+0x10c/0x130 <- backing_file_write_iter) result=0x1000
             cat-2701    [001] .....    14.995065: ovldiag_open: (ovl_open+0xb2/0x100 <- ovl_open_realfile) result=0xffff88800453e900
             cat-2702    [000] .....    14.995560: ovldiag_open: (ovl_open+0xb2/0x100 <- ovl_open_realfile) result=0xffff8880043ccc00
             cat-2705    [001] .....    14.997045: ovldiag_open: (ovl_open+0xb2/0x100 <- ovl_open_realfile) result=0xffff88800700f800
              dd-2708    [001] .....    14.999601: ovldiag_open: (ovl_open+0xb2/0x100 <- ovl_open_realfile) result=0xffff888005cb7f00
              dd-2708    [001] .....    14.999633: ovldiag_ensure: (ovl_write_iter+0xaf/0x130 <- ovl_ensure_upper_and_switch) result=0x0
              dd-2708    [001] .....    14.999652: ovldiag_write: (ovl_write_iter+0x10c/0x130 <- backing_file_write_iter) result=0x1000
              dd-2710    [001] .....    15.000805: ovldiag_open: (ovl_open+0xb2/0x100 <- ovl_open_realfile) result=0xffff88800dd1f800
              dd-2710    [001] .....    15.000834: ovldiag_ensure: (ovl_write_iter+0xaf/0x130 <- ovl_ensure_upper_and_switch) result=0x0
              dd-2710    [001] .....    15.000848: ovldiag_write: (ovl_write_iter+0x10c/0x130 <- backing_file_write_iter) result=0x1000
             cat-2717    [001] .....    15.004284: ovldiag_open: (ovl_open+0xb2/0x100 <- ovl_open_realfile) result=0xffff88800700f700
              dd-2716    [000] .....    15.004963: ovldiag_open: (ovl_open+0xb2/0x100 <- ovl_open_realfile) result=0xffff888004639200
              dd-2716    [000] .....    15.004992: ovldiag_ensure: (ovl_write_iter+0xaf/0x130 <- ovl_ensure_upper_and_switch) result=0x0
              dd-2716    [000] .....    15.005005: ovldiag_write: (ovl_write_iter+0x10c/0x130 <- backing_file_write_iter) result=0x1000
              dd-2720    [000] .....    15.006605: ovldiag_open: (ovl_open+0xb2/0x100 <- ovl_open_realfile) result=0xffff888005dcac00
              dd-2720    [000] .....    15.006634: ovldiag_ensure: (ovl_write_iter+0xaf/0x130 <- ovl_ensure_upper_and_switch) result=0x0
              dd-2720    [000] .....    15.006646: ovldiag_write: (ovl_write_iter+0x10c/0x130 <- backing_file_write_iter) result=0x1000
             cat-2723    [000] .....    15.009355: ovldiag_open: (ovl_open+0xb2/0x100 <- ovl_open_realfile) result=0xffff8880043a2b00
             cat-2724    [000] .....    15.010786: ovldiag_open: (ovl_open+0xb2/0x100 <- ovl_open_realfile) result=0xffff8880073a9300
             cat-2725    [000] .....    15.011875: ovldiag_open: (ovl_open+0xb2/0x100 <- ovl_open_realfile) result=0xffff888003761d00
              dd-2730    [001] .....    15.013966: ovldiag_open: (ovl_open+0xb2/0x100 <- ovl_open_realfile) result=0xffff8880072a6a00
              dd-2730    [001] .....    15.013998: ovldiag_ensure: (ovl_write_iter+0xaf/0x130 <- ovl_ensure_upper_and_switch) result=0x0
              dd-2730    [001] .....    15.014015: ovldiag_write: (ovl_write_iter+0x10c/0x130 <- backing_file_write_iter) result=0x1000
             cat-2731    [001] .....    15.016418: ovldiag_open: (ovl_open+0xb2/0x100 <- ovl_open_realfile) result=0xffff88800dd12f00
              dd-2735    [000] .....    15.017909: ovldiag_open: (ovl_open+0xb2/0x100 <- ovl_open_realfile) result=0xffff88800461b500
              dd-2735    [000] .....    15.017935: ovldiag_ensure: (ovl_write_iter+0xaf/0x130 <- ovl_ensure_upper_and_switch) result=0x0
              dd-2735    [000] .....    15.017949: ovldiag_write: (ovl_write_iter+0x10c/0x130 <- backing_file_write_iter) result=0x1000
             cat-2737    [001] .....    15.019337: ovldiag_open: (ovl_open+0xb2/0x100 <- ovl_open_realfile) result=0xffff888007256500
              dd-2739    [000] .....    15.020782: ovldiag_open: (ovl_open+0xb2/0x100 <- ovl_open_realfile) result=0xffff888008944e00
              dd-2739    [000] .....    15.020813: ovldiag_ensure: (ovl_write_iter+0xaf/0x130 <- ovl_ensure_upper_and_switch) result=0x0
              dd-2739    [000] .....    15.020825: ovldiag_write: (ovl_write_iter+0x10c/0x130 <- backing_file_write_iter) result=0x1000
              dd-2740    [001] .....    15.021948: ovldiag_open: (ovl_open+0xb2/0x100 <- ovl_open_realfile) result=0xffff888005dca700
              dd-2740    [001] .....    15.021978: ovldiag_ensure: (ovl_write_iter+0xaf/0x130 <- ovl_ensure_upper_and_switch) result=0x0
              dd-2740    [001] .....    15.021997: ovldiag_write: (ovl_write_iter+0x10c/0x130 <- backing_file_write_iter) result=0x1000
             cat-2744    [001] .....    15.025246: ovldiag_open: (ovl_open+0xb2/0x100 <- ovl_open_realfile) result=0xffff8880043e0700
             cat-2747    [000] .....    15.026720: ovldiag_open: (ovl_open+0xb2/0x100 <- ovl_open_realfile) result=0xffff8880044a8b00
              dd-2749    [000] .....    15.027974: ovldiag_open: (ovl_open+0xb2/0x100 <- ovl_open_realfile) result=0xffff88800724e700
              dd-2749    [000] .....    15.028002: ovldiag_ensure: (ovl_write_iter+0xaf/0x130 <- ovl_ensure_upper_and_switch) result=0x0
              dd-2749    [000] .....    15.028015: ovldiag_write: (ovl_write_iter+0x10c/0x130 <- backing_file_write_iter) result=0x1000
             cat-2753    [000] .....    15.030721: ovldiag_open: (ovl_open+0xb2/0x100 <- ovl_open_realfile) result=0xffff88800715d000
              dd-2756    [001] .....    15.032444: ovldiag_open: (ovl_open+0xb2/0x100 <- ovl_open_realfile) result=0xffff8880072d8700
              dd-2756    [001] .....    15.032474: ovldiag_ensure: (ovl_write_iter+0xaf/0x130 <- ovl_ensure_upper_and_switch) result=0x0
              dd-2756    [001] .....    15.032492: ovldiag_write: (ovl_write_iter+0x10c/0x130 <- backing_file_write_iter) result=0x1000
             cat-2758    [000] .....    15.034305: ovldiag_open: (ovl_open+0xb2/0x100 <- ovl_open_realfile) result=0xffff888005c8ce00
             cat-2761    [000] .....    15.037230: ovldiag_open: (ovl_open+0xb2/0x100 <- ovl_open_realfile) result=0xffff8880073a9800
              dd-2763    [001] .....    15.037607: ovldiag_open: (ovl_open+0xb2/0x100 <- ovl_open_realfile) result=0xffff888005c8cc00
              dd-2763    [001] .....    15.037639: ovldiag_ensure: (ovl_write_iter+0xaf/0x130 <- ovl_ensure_upper_and_switch) result=0x0
              dd-2763    [001] .....    15.037658: ovldiag_write: (ovl_write_iter+0x10c/0x130 <- backing_file_write_iter) result=0x1000
              dd-2762    [001] .....    15.038605: ovldiag_open: (ovl_open+0xb2/0x100 <- ovl_open_realfile) result=0xffff88800457bd00
              dd-2762    [001] .....    15.038630: ovldiag_ensure: (ovl_write_iter+0xaf/0x130 <- ovl_ensure_upper_and_switch) result=0x0
              dd-2762    [001] .....    15.038643: ovldiag_write: (ovl_write_iter+0x10c/0x130 <- backing_file_write_iter) result=0x1000
             cat-2764    [000] .....    15.038957: ovldiag_open: (ovl_open+0xb2/0x100 <- ovl_open_realfile) result=0xffff888004305600
              dd-2768    [000] .....    15.042016: ovldiag_open: (ovl_open+0xb2/0x100 <- ovl_open_realfile) result=0xffff88800700fb00
              dd-2768    [000] .....    15.042046: ovldiag_ensure: (ovl_write_iter+0xaf/0x130 <- ovl_ensure_upper_and_switch) result=0x0
              dd-2768    [000] .....    15.042061: ovldiag_write: (ovl_write_iter+0x10c/0x130 <- backing_file_write_iter) result=0x1000
             cat-2770    [001] .....    15.042934: ovldiag_open: (ovl_open+0xb2/0x100 <- ovl_open_realfile) result=0xffff888005ccb700
              dd-2776    [000] .....    15.046313: ovldiag_open: (ovl_open+0xb2/0x100 <- ovl_open_realfile) result=0xffff88800724ee00
              dd-2776    [000] .....    15.046342: ovldiag_ensure: (ovl_write_iter+0xaf/0x130 <- ovl_ensure_upper_and_switch) result=0x0
              dd-2776    [000] .....    15.046356: ovldiag_write: (ovl_write_iter+0x10c/0x130 <- backing_file_write_iter) result=0x1000
             cat-2778    [001] .....    15.048911: ovldiag_open: (ovl_open+0xb2/0x100 <- ovl_open_realfile) result=0xffff888005df4700
             cat-2781    [001] .....    15.051781: ovldiag_open: (ovl_open+0xb2/0x100 <- ovl_open_realfile) result=0xffff888005d89500
              dd-2782    [000] .....    15.052957: ovldiag_open: (ovl_open+0xb2/0x100 <- ovl_open_realfile) result=0xffff888007160b00
              dd-2782    [000] .....    15.053001: ovldiag_ensure: (ovl_write_iter+0xaf/0x130 <- ovl_ensure_upper_and_switch) result=0x0
              dd-2782    [000] .....    15.053015: ovldiag_write: (ovl_write_iter+0x10c/0x130 <- backing_file_write_iter) result=0x1000
             cat-2786    [000] .....    15.054746: ovldiag_open: (ovl_open+0xb2/0x100 <- ovl_open_realfile) result=0xffff8880046d8500
             cat-2789    [000] .....    15.056291: ovldiag_open: (ovl_open+0xb2/0x100 <- ovl_open_realfile) result=0xffff8880043a2200
              dd-2787    [001] .....    15.057431: ovldiag_open: (ovl_open+0xb2/0x100 <- ovl_open_realfile) result=0xffff888005d64300
              dd-2787    [001] .....    15.057466: ovldiag_ensure: (ovl_write_iter+0xaf/0x130 <- ovl_ensure_upper_and_switch) result=0x0
              dd-2787    [001] .....    15.057483: ovldiag_write: (ovl_write_iter+0x10c/0x130 <- backing_file_write_iter) result=0x1000
             cat-2792    [001] .....    15.059242: ovldiag_open: (ovl_open+0xb2/0x100 <- ovl_open_realfile) result=0xffff888008944900
              dd-2797    [001] .....    15.061653: ovldiag_open: (ovl_open+0xb2/0x100 <- ovl_open_realfile) result=0xffff888005c8c900
              dd-2797    [001] .....    15.061682: ovldiag_ensure: (ovl_write_iter+0xaf/0x130 <- ovl_ensure_upper_and_switch) result=0x0
              dd-2797    [001] .....    15.061699: ovldiag_write: (ovl_write_iter+0x10c/0x130 <- backing_file_write_iter) result=0x1000
              dd-2795    [000] .....    15.063593: ovldiag_open: (ovl_open+0xb2/0x100 <- ovl_open_realfile) result=0xffff88800461b300
              dd-2795    [000] .....    15.063620: ovldiag_ensure: (ovl_write_iter+0xaf/0x130 <- ovl_ensure_upper_and_switch) result=0x0
              dd-2795    [000] .....    15.063633: ovldiag_write: (ovl_write_iter+0x10c/0x130 <- backing_file_write_iter) result=0x1000
             cat-2800    [001] .....    15.064237: ovldiag_open: (ovl_open+0xb2/0x100 <- ovl_open_realfile) result=0xffff888007256200
              dd-2802    [001] .....    15.066314: ovldiag_open: (ovl_open+0xb2/0x100 <- ovl_open_realfile) result=0xffff8880047ffa00
              dd-2802    [001] .....    15.066345: ovldiag_ensure: (ovl_write_iter+0xaf/0x130 <- ovl_ensure_upper_and_switch) result=0x0
              dd-2802    [001] .....    15.066363: ovldiag_write: (ovl_write_iter+0x10c/0x130 <- backing_file_write_iter) result=0x1000
             cat-2806    [000] .....    15.070576: ovldiag_open: (ovl_open+0xb2/0x100 <- ovl_open_realfile) result=0xffff88800dcefa00
             cat-2807    [000] .....    15.070754: ovldiag_open: (ovl_open+0xb2/0x100 <- ovl_open_realfile) result=0xffff88800dcefc00
              dd-2809    [001] .....    15.071557: ovldiag_open: (ovl_open+0xb2/0x100 <- ovl_open_realfile) result=0xffff888005ccb200
              dd-2809    [001] .....    15.071587: ovldiag_ensure: (ovl_write_iter+0xaf/0x130 <- ovl_ensure_upper_and_switch) result=0x0
              dd-2809    [001] .....    15.071603: ovldiag_write: (ovl_write_iter+0x10c/0x130 <- backing_file_write_iter) result=0x1000
             cat-2814    [000] .....    15.075149: ovldiag_open: (ovl_open+0xb2/0x100 <- ovl_open_realfile) result=0xffff88800d4e8400
             cat-2817    [001] .....    15.076653: ovldiag_open: (ovl_open+0xb2/0x100 <- ovl_open_realfile) result=0xffff888005c95200
              dd-2818    [000] .....    15.078250: ovldiag_open: (ovl_open+0xb2/0x100 <- ovl_open_realfile) result=0xffff888007160b00
              dd-2818    [000] .....    15.078279: ovldiag_ensure: (ovl_write_iter+0xaf/0x130 <- ovl_ensure_upper_and_switch) result=0x0
              dd-2818    [000] .....    15.078293: ovldiag_write: (ovl_write_iter+0x10c/0x130 <- backing_file_write_iter) result=0x1000
              dd-2821    [000] .....    15.081095: ovldiag_open: (ovl_open+0xb2/0x100 <- ovl_open_realfile) result=0xffff88800715d900
             cat-2824    [001] .....    15.081450: ovldiag_open: (ovl_open+0xb2/0x100 <- ovl_open_realfile) result=0xffff888007046f00
              dd-2821    [000] .....    15.082625: ovldiag_ensure: (ovl_write_iter+0xaf/0x130 <- ovl_ensure_upper_and_switch) result=0x0
              dd-2821    [000] .....    15.082639: ovldiag_write: (ovl_write_iter+0x10c/0x130 <- backing_file_write_iter) result=0x1000
              dd-2825    [001] .....    15.083162: ovldiag_open: (ovl_open+0xb2/0x100 <- ovl_open_realfile) result=0xffff888007256400
              dd-2825    [001] .....    15.083191: ovldiag_ensure: (ovl_write_iter+0xaf/0x130 <- ovl_ensure_upper_and_switch) result=0x0
              dd-2825    [001] .....    15.083209: ovldiag_write: (ovl_write_iter+0x10c/0x130 <- backing_file_write_iter) result=0x1000
             cat-2827    [001] .....    15.085538: ovldiag_open: (ovl_open+0xb2/0x100 <- ovl_open_realfile) result=0xffff8880047ff000
              dd-2830    [000] .....    15.086226: ovldiag_open: (ovl_open+0xb2/0x100 <- ovl_open_realfile) result=0xffff8880044a8000
              dd-2830    [000] .....    15.086252: ovldiag_ensure: (ovl_write_iter+0xaf/0x130 <- ovl_ensure_upper_and_switch) result=0x0
              dd-2830    [000] .....    15.086264: ovldiag_write: (ovl_write_iter+0x10c/0x130 <- backing_file_write_iter) result=0x1000
             cat-2834    [000] .....    15.088039: ovldiag_open: (ovl_open+0xb2/0x100 <- ovl_open_realfile) result=0xffff88800715d600
             cat-2836    [000] .....    15.090698: ovldiag_open: (ovl_open+0xb2/0x100 <- ovl_open_realfile) result=0xffff888005cb7f00
              dd-2839    [000] .....    15.092015: ovldiag_open: (ovl_open+0xb2/0x100 <- ovl_open_realfile) result=0xffff88800d410e00
              dd-2839    [000] .....    15.092041: ovldiag_ensure: (ovl_write_iter+0xaf/0x130 <- ovl_ensure_upper_and_switch) result=0x0
              dd-2839    [000] .....    15.092054: ovldiag_write: (ovl_write_iter+0x10c/0x130 <- backing_file_write_iter) result=0x1000
             cat-2841    [001] .....    15.093242: ovldiag_open: (ovl_open+0xb2/0x100 <- ovl_open_realfile) result=0xffff8880044a8400
             cat-2847    [001] .....    15.097491: ovldiag_open: (ovl_open+0xb2/0x100 <- ovl_open_realfile) result=0xffff88800453e100
              dd-2848    [000] .....    15.098008: ovldiag_open: (ovl_open+0xb2/0x100 <- ovl_open_realfile) result=0xffff8880073aa900
              dd-2848    [000] .....    15.098032: ovldiag_ensure: (ovl_write_iter+0xaf/0x130 <- ovl_ensure_upper_and_switch) result=0x0
              dd-2848    [000] .....    15.098046: ovldiag_write: (ovl_write_iter+0x10c/0x130 <- backing_file_write_iter) result=0x1000
              dd-2846    [000] .....    15.098531: ovldiag_open: (ovl_open+0xb2/0x100 <- ovl_open_realfile) result=0xffff8880073a9000
              dd-2846    [000] .....    15.098560: ovldiag_ensure: (ovl_write_iter+0xaf/0x130 <- ovl_ensure_upper_and_switch) result=0x0
              dd-2846    [000] .....    15.098570: ovldiag_write: (ovl_write_iter+0x10c/0x130 <- backing_file_write_iter) result=0x1000
             cat-2849    [001] .....    15.100505: ovldiag_open: (ovl_open+0xb2/0x100 <- ovl_open_realfile) result=0xffff888005d64d00
             cat-2856    [000] .....    15.102425: ovldiag_open: (ovl_open+0xb2/0x100 <- ovl_open_realfile) result=0xffff8880073c2100
              dd-2854    [001] .....    15.104417: ovldiag_open: (ovl_open+0xb2/0x100 <- ovl_open_realfile) result=0xffff88800714ca00
              dd-2854    [001] .....    15.104449: ovldiag_ensure: (ovl_write_iter+0xaf/0x130 <- ovl_ensure_upper_and_switch) result=0x0
              dd-2854    [001] .....    15.104467: ovldiag_write: (ovl_write_iter+0x10c/0x130 <- backing_file_write_iter) result=0x1000
              dd-2860    [001] .....    15.106884: ovldiag_open: (ovl_open+0xb2/0x100 <- ovl_open_realfile) result=0xffff888005cb3d00
              dd-2860    [001] .....    15.106912: ovldiag_ensure: (ovl_write_iter+0xaf/0x130 <- ovl_ensure_upper_and_switch) result=0x0
             cat-2862    [000] .....    15.106913: ovldiag_open: (ovl_open+0xb2/0x100 <- ovl_open_realfile) result=0xffff8880073aa900
              dd-2860    [001] .....    15.106929: ovldiag_write: (ovl_write_iter+0x10c/0x130 <- backing_file_write_iter) result=0x1000
             cat-2865    [001] .....    15.109052: ovldiag_open: (ovl_open+0xb2/0x100 <- ovl_open_realfile) result=0xffff88800700f700
              dd-2869    [000] .....    15.111955: ovldiag_open: (ovl_open+0xb2/0x100 <- ovl_open_realfile) result=0xffff88800453ee00
              dd-2869    [000] .....    15.111982: ovldiag_ensure: (ovl_write_iter+0xaf/0x130 <- ovl_ensure_upper_and_switch) result=0x0
              dd-2869    [000] .....    15.111995: ovldiag_write: (ovl_write_iter+0x10c/0x130 <- backing_file_write_iter) result=0x1000
             cat-2868    [001] .....    15.112677: ovldiag_open: (ovl_open+0xb2/0x100 <- ovl_open_realfile) result=0xffff888007160600
              dd-2870    [000] .....    15.113653: ovldiag_open: (ovl_open+0xb2/0x100 <- ovl_open_realfile) result=0xffff888005cb3600
              dd-2870    [000] .....    15.113680: ovldiag_ensure: (ovl_write_iter+0xaf/0x130 <- ovl_ensure_upper_and_switch) result=0x0
              dd-2870    [000] .....    15.113692: ovldiag_write: (ovl_write_iter+0x10c/0x130 <- backing_file_write_iter) result=0x1000
             cat-2875    [000] .....    15.116695: ovldiag_open: (ovl_open+0xb2/0x100 <- ovl_open_realfile) result=0xffff88800453e600
             cat-2878    [000] .....    15.118272: ovldiag_open: (ovl_open+0xb2/0x100 <- ovl_open_realfile) result=0xffff8880044a1200
              dd-2882    [000] .....    15.121130: ovldiag_open: (ovl_open+0xb2/0x100 <- ovl_open_realfile) result=0xffff888004619b00
              dd-2882    [000] .....    15.121155: ovldiag_ensure: (ovl_write_iter+0xaf/0x130 <- ovl_ensure_upper_and_switch) result=0x0
              dd-2882    [000] .....    15.121167: ovldiag_write: (ovl_write_iter+0x10c/0x130 <- backing_file_write_iter) result=0x1000
              dd-2881    [001] .....    15.121318: ovldiag_open: (ovl_open+0xb2/0x100 <- ovl_open_realfile) result=0xffff8880047ffd00
              dd-2881    [001] .....    15.121352: ovldiag_ensure: (ovl_write_iter+0xaf/0x130 <- ovl_ensure_upper_and_switch) result=0x0
              dd-2881    [001] .....    15.121368: ovldiag_write: (ovl_write_iter+0x10c/0x130 <- backing_file_write_iter) result=0x1000
             cat-2885    [000] .....    15.123641: ovldiag_open: (ovl_open+0xb2/0x100 <- ovl_open_realfile) result=0xffff888005c89f00
             cat-2887    [000] .....    15.124771: ovldiag_open: (ovl_open+0xb2/0x100 <- ovl_open_realfile) result=0xffff88800700f000
              dd-2891    [000] .....    15.126806: ovldiag_open: (ovl_open+0xb2/0x100 <- ovl_open_realfile) result=0xffff8880073a8d00
              dd-2891    [000] .....    15.126831: ovldiag_ensure: (ovl_write_iter+0xaf/0x130 <- ovl_ensure_upper_and_switch) result=0x0
              dd-2891    [000] .....    15.126845: ovldiag_write: (ovl_write_iter+0x10c/0x130 <- backing_file_write_iter) result=0x1000
             cat-2890    [000] .....    15.127704: ovldiag_open: (ovl_open+0xb2/0x100 <- ovl_open_realfile) result=0xffff888007256e00
              dd-2893    [000] .....    15.129939: ovldiag_open: (ovl_open+0xb2/0x100 <- ovl_open_realfile) result=0xffff888004619100
              dd-2893    [000] .....    15.129968: ovldiag_ensure: (ovl_write_iter+0xaf/0x130 <- ovl_ensure_upper_and_switch) result=0x0
              dd-2893    [000] .....    15.129981: ovldiag_write: (ovl_write_iter+0x10c/0x130 <- backing_file_write_iter) result=0x1000
             cat-2895    [001] .....    15.131002: ovldiag_open: (ovl_open+0xb2/0x100 <- ovl_open_realfile) result=0xffff88800453e400
             cat-2903    [001] .....    15.134940: ovldiag_open: (ovl_open+0xb2/0x100 <- ovl_open_realfile) result=0xffff8880043cc700
              dd-2901    [000] .....    15.135059: ovldiag_open: (ovl_open+0xb2/0x100 <- ovl_open_realfile) result=0xffff888007058300
              dd-2901    [000] .....    15.136157: ovldiag_ensure: (ovl_write_iter+0xaf/0x130 <- ovl_ensure_upper_and_switch) result=0x0
              dd-2901    [000] .....    15.136172: ovldiag_write: (ovl_write_iter+0x10c/0x130 <- backing_file_write_iter) result=0x1000
              dd-2905    [000] .....    15.137366: ovldiag_open: (ovl_open+0xb2/0x100 <- ovl_open_realfile) result=0xffff88800893c600
              dd-2905    [000] .....    15.137390: ovldiag_ensure: (ovl_write_iter+0xaf/0x130 <- ovl_ensure_upper_and_switch) result=0x0
              dd-2905    [000] .....    15.137409: ovldiag_write: (ovl_write_iter+0x10c/0x130 <- backing_file_write_iter) result=0x1000
             cat-2909    [001] .....    15.139561: ovldiag_open: (ovl_open+0xb2/0x100 <- ovl_open_realfile) result=0xffff88800dc77700
             cat-2910    [000] .....    15.140822: ovldiag_open: (ovl_open+0xb2/0x100 <- ovl_open_realfile) result=0xffff8880043a2d00
              dd-2913    [001] .....    15.144050: ovldiag_open: (ovl_open+0xb2/0x100 <- ovl_open_realfile) result=0xffff888007162900
              dd-2913    [001] .....    15.144108: ovldiag_ensure: (ovl_write_iter+0xaf/0x130 <- ovl_ensure_upper_and_switch) result=0x0
              dd-2913    [001] .....    15.144125: ovldiag_write: (ovl_write_iter+0x10c/0x130 <- backing_file_write_iter) result=0x1000
              dd-2917    [000] .....    15.144472: ovldiag_open: (ovl_open+0xb2/0x100 <- ovl_open_realfile) result=0xffff8880043ccd00
              dd-2917    [000] .....    15.144497: ovldiag_ensure: (ovl_write_iter+0xaf/0x130 <- ovl_ensure_upper_and_switch) result=0x0
              dd-2917    [000] .....    15.144509: ovldiag_write: (ovl_write_iter+0x10c/0x130 <- backing_file_write_iter) result=0x1000
             cat-2914    [000] .....    15.146412: ovldiag_open: (ovl_open+0xb2/0x100 <- ovl_open_realfile) result=0xffff888005d64f00
             cat-2920    [000] .....    15.147763: ovldiag_open: (ovl_open+0xb2/0x100 <- ovl_open_realfile) result=0xffff8880047fff00
             cat-2922    [001] .....    15.149369: ovldiag_open: (ovl_open+0xb2/0x100 <- ovl_open_realfile) result=0xffff88800453e400
              dd-2925    [001] .....    15.152738: ovldiag_open: (ovl_open+0xb2/0x100 <- ovl_open_realfile) result=0xffff8880073a8400
              dd-2925    [001] .....    15.152772: ovldiag_ensure: (ovl_write_iter+0xaf/0x130 <- ovl_ensure_upper_and_switch) result=0x0
              dd-2925    [001] .....    15.152790: ovldiag_write: (ovl_write_iter+0x10c/0x130 <- backing_file_write_iter) result=0x1000
              dd-2926    [000] .....    15.152889: ovldiag_open: (ovl_open+0xb2/0x100 <- ovl_open_realfile) result=0xffff8880043ccc00
              dd-2926    [000] .....    15.152922: ovldiag_ensure: (ovl_write_iter+0xaf/0x130 <- ovl_ensure_upper_and_switch) result=0x0
              dd-2926    [000] .....    15.152936: ovldiag_write: (ovl_write_iter+0x10c/0x130 <- backing_file_write_iter) result=0x1000
             cat-2930    [001] .....    15.154772: ovldiag_open: (ovl_open+0xb2/0x100 <- ovl_open_realfile) result=0xffff888005cb7f00
              dd-2934    [000] .....    15.157608: ovldiag_open: (ovl_open+0xb2/0x100 <- ovl_open_realfile) result=0xffff8880072a6100
              dd-2934    [000] .....    15.157637: ovldiag_ensure: (ovl_write_iter+0xaf/0x130 <- ovl_ensure_upper_and_switch) result=0x0
              dd-2934    [000] .....    15.157651: ovldiag_write: (ovl_write_iter+0x10c/0x130 <- backing_file_write_iter) result=0x1000
             cat-2938    [000] .....    15.159561: ovldiag_open: (ovl_open+0xb2/0x100 <- ovl_open_realfile) result=0xffff888007256300
              dd-2937    [001] .....    15.160128: ovldiag_open: (ovl_open+0xb2/0x100 <- ovl_open_realfile) result=0xffff888005cb3500
              dd-2937    [001] .....    15.160157: ovldiag_ensure: (ovl_write_iter+0xaf/0x130 <- ovl_ensure_upper_and_switch) result=0x0
              dd-2937    [001] .....    15.160175: ovldiag_write: (ovl_write_iter+0x10c/0x130 <- backing_file_write_iter) result=0x1000
             cat-2935    [000] .....    15.160176: ovldiag_open: (ovl_open+0xb2/0x100 <- ovl_open_realfile) result=0xffff888008944000
             cat-2944    [001] .....    15.164179: ovldiag_open: (ovl_open+0xb2/0x100 <- ovl_open_realfile) result=0xffff88800dcefa00
              dd-2947    [000] .....    15.166058: ovldiag_open: (ovl_open+0xb2/0x100 <- ovl_open_realfile) result=0xffff8880043a2b00
              dd-2947    [000] .....    15.166116: ovldiag_ensure: (ovl_write_iter+0xaf/0x130 <- ovl_ensure_upper_and_switch) result=0x0
              dd-2947    [000] .....    15.166129: ovldiag_write: (ovl_write_iter+0x10c/0x130 <- backing_file_write_iter) result=0x1000
              dd-2950    [000] .....    15.168346: ovldiag_open: (ovl_open+0xb2/0x100 <- ovl_open_realfile) result=0xffff888004765600
              dd-2950    [000] .....    15.168372: ovldiag_ensure: (ovl_write_iter+0xaf/0x130 <- ovl_ensure_upper_and_switch) result=0x0
              dd-2950    [000] .....    15.168384: ovldiag_write: (ovl_write_iter+0x10c/0x130 <- backing_file_write_iter) result=0x1000
             cat-2951    [001] .....    15.169628: ovldiag_open: (ovl_open+0xb2/0x100 <- ovl_open_realfile) result=0xffff88800715dd00
              dd-2955    [001] .....    15.171488: ovldiag_open: (ovl_open+0xb2/0x100 <- ovl_open_realfile) result=0xffff88800d7ffb00
              dd-2955    [001] .....    15.171521: ovldiag_ensure: (ovl_write_iter+0xaf/0x130 <- ovl_ensure_upper_and_switch) result=0x0
              dd-2955    [001] .....    15.171538: ovldiag_write: (ovl_write_iter+0x10c/0x130 <- backing_file_write_iter) result=0x1000
             cat-2953    [000] .....    15.172745: ovldiag_open: (ovl_open+0xb2/0x100 <- ovl_open_realfile) result=0xffff888003ebca00
             cat-2957    [001] .....    15.173877: ovldiag_open: (ovl_open+0xb2/0x100 <- ovl_open_realfile) result=0xffff88800dcef400
              dd-2962    [000] .....    15.175752: ovldiag_open: (ovl_open+0xb2/0x100 <- ovl_open_realfile) result=0xffff888007162700
              dd-2962    [000] .....    15.175783: ovldiag_ensure: (ovl_write_iter+0xaf/0x130 <- ovl_ensure_upper_and_switch) result=0x0
              dd-2962    [000] .....    15.175796: ovldiag_write: (ovl_write_iter+0x10c/0x130 <- backing_file_write_iter) result=0x1000
             cat-2961    [001] .....    15.177507: ovldiag_open: (ovl_open+0xb2/0x100 <- ovl_open_realfile) result=0xffff88800d575b00
             cat-2968    [000] .....    15.180481: ovldiag_open: (ovl_open+0xb2/0x100 <- ovl_open_realfile) result=0xffff88800700f400
              dd-2966    [001] .....    15.181624: ovldiag_open: (ovl_open+0xb2/0x100 <- ovl_open_realfile) result=0xffff888005d46100
              dd-2966    [001] .....    15.181656: ovldiag_ensure: (ovl_write_iter+0xaf/0x130 <- ovl_ensure_upper_and_switch) result=0x0
              dd-2966    [001] .....    15.181672: ovldiag_write: (ovl_write_iter+0x10c/0x130 <- backing_file_write_iter) result=0x1000
              dd-2969    [001] .....    15.182784: ovldiag_open: (ovl_open+0xb2/0x100 <- ovl_open_realfile) result=0xffff888007160f00
              dd-2969    [001] .....    15.182815: ovldiag_ensure: (ovl_write_iter+0xaf/0x130 <- ovl_ensure_upper_and_switch) result=0x0
              dd-2969    [001] .....    15.182829: ovldiag_write: (ovl_write_iter+0x10c/0x130 <- backing_file_write_iter) result=0x1000
             cat-2975    [000] .....    15.184998: ovldiag_open: (ovl_open+0xb2/0x100 <- ovl_open_realfile) result=0xffff888005dcac00
              dd-2976    [001] .....    15.186525: ovldiag_open: (ovl_open+0xb2/0x100 <- ovl_open_realfile) result=0xffff8880043e0d00
              dd-2976    [001] .....    15.186553: ovldiag_ensure: (ovl_write_iter+0xaf/0x130 <- ovl_ensure_upper_and_switch) result=0x0
              dd-2976    [001] .....    15.186568: ovldiag_write: (ovl_write_iter+0x10c/0x130 <- backing_file_write_iter) result=0x1000
             cat-2979    [001] .....    15.188891: ovldiag_open: (ovl_open+0xb2/0x100 <- ovl_open_realfile) result=0xffff8880072d8500
              dd-2981    [001] .....    15.190091: ovldiag_open: (ovl_open+0xb2/0x100 <- ovl_open_realfile) result=0xffff888005cb3300
              dd-2981    [001] .....    15.190119: ovldiag_ensure: (ovl_write_iter+0xaf/0x130 <- ovl_ensure_upper_and_switch) result=0x0
              dd-2981    [001] .....    15.190137: ovldiag_write: (ovl_write_iter+0x10c/0x130 <- backing_file_write_iter) result=0x1000
             cat-2983    [000] .....    15.190627: ovldiag_open: (ovl_open+0xb2/0x100 <- ovl_open_realfile) result=0xffff8880043a2100
             cat-2986    [001] .....    15.193038: ovldiag_open: (ovl_open+0xb2/0x100 <- ovl_open_realfile) result=0xffff88800724e300
             cat-2990    [001] .....    15.196606: ovldiag_open: (ovl_open+0xb2/0x100 <- ovl_open_realfile) result=0xffff888007079a00
              dd-2991    [001] .....    15.197701: ovldiag_open: (ovl_open+0xb2/0x100 <- ovl_open_realfile) result=0xffff888005c8c500
              dd-2991    [001] .....    15.197728: ovldiag_ensure: (ovl_write_iter+0xaf/0x130 <- ovl_ensure_upper_and_switch) result=0x0
              dd-2991    [001] .....    15.197746: ovldiag_write: (ovl_write_iter+0x10c/0x130 <- backing_file_write_iter) result=0x1000
              dd-2992    [000] .....    15.198597: ovldiag_open: (ovl_open+0xb2/0x100 <- ovl_open_realfile) result=0xffff8880072a6b00
              dd-2992    [000] .....    15.198626: ovldiag_ensure: (ovl_write_iter+0xaf/0x130 <- ovl_ensure_upper_and_switch) result=0x0
              dd-2992    [000] .....    15.198640: ovldiag_write: (ovl_write_iter+0x10c/0x130 <- backing_file_write_iter) result=0x1000
              dd-2997    [001] .....    15.201380: ovldiag_open: (ovl_open+0xb2/0x100 <- ovl_open_realfile) result=0xffff888007256200
              dd-2997    [001] .....    15.201428: ovldiag_ensure: (ovl_write_iter+0xaf/0x130 <- ovl_ensure_upper_and_switch) result=0x0
              dd-2997    [001] .....    15.201444: ovldiag_write: (ovl_write_iter+0x10c/0x130 <- backing_file_write_iter) result=0x1000
             cat-2998    [000] .....    15.202490: ovldiag_open: (ovl_open+0xb2/0x100 <- ovl_open_realfile) result=0xffff888005d46a00
             cat-2999    [001] .....    15.202594: ovldiag_open: (ovl_open+0xb2/0x100 <- ovl_open_realfile) result=0xffff88800724e200
              dd-3002    [000] .....    15.204198: ovldiag_open: (ovl_open+0xb2/0x100 <- ovl_open_realfile) result=0xffff8880043cca00
              dd-3002    [000] .....    15.204227: ovldiag_ensure: (ovl_write_iter+0xaf/0x130 <- ovl_ensure_upper_and_switch) result=0x0
              dd-3002    [000] .....    15.204242: ovldiag_write: (ovl_write_iter+0x10c/0x130 <- backing_file_write_iter) result=0x1000
             cat-3005    [000] .n...    15.206134: ovldiag_open: (ovl_open+0xb2/0x100 <- ovl_open_realfile) result=0xffff888005d9f600
              dd-3013    [000] .....    15.211347: ovldiag_open: (ovl_open+0xb2/0x100 <- ovl_open_realfile) result=0xffff8880045a3500
              dd-3013    [000] .....    15.211376: ovldiag_ensure: (ovl_write_iter+0xaf/0x130 <- ovl_ensure_upper_and_switch) result=0x0
              dd-3013    [000] .....    15.211389: ovldiag_write: (ovl_write_iter+0x10c/0x130 <- backing_file_write_iter) result=0x1000
              dd-3011    [001] .....    15.212872: ovldiag_open: (ovl_open+0xb2/0x100 <- ovl_open_realfile) result=0xffff888007160b00
              dd-3011    [001] .....    15.212902: ovldiag_ensure: (ovl_write_iter+0xaf/0x130 <- ovl_ensure_upper_and_switch) result=0x0
              dd-3011    [001] .....    15.212920: ovldiag_write: (ovl_write_iter+0x10c/0x130 <- backing_file_write_iter) result=0x1000
             cat-3012    [001] .....    15.213030: ovldiag_open: (ovl_open+0xb2/0x100 <- ovl_open_realfile) result=0xffff888007160500
             cat-3017    [000] .....    15.214785: ovldiag_open: (ovl_open+0xb2/0x100 <- ovl_open_realfile) result=0xffff8880043a2900
             cat-3018    [000] .....    15.216451: ovldiag_open: (ovl_open+0xb2/0x100 <- ovl_open_realfile) result=0xffff888005c8c300
              dd-3021    [001] .....    15.218652: ovldiag_open: (ovl_open+0xb2/0x100 <- ovl_open_realfile) result=0xffff8880073a9d00
              dd-3021    [001] .....    15.218682: ovldiag_ensure: (ovl_write_iter+0xaf/0x130 <- ovl_ensure_upper_and_switch) result=0x0
              dd-3021    [001] .....    15.218699: ovldiag_write: (ovl_write_iter+0x10c/0x130 <- backing_file_write_iter) result=0x1000
             cat-3023    [000] .....    15.220308: ovldiag_open: (ovl_open+0xb2/0x100 <- ovl_open_realfile) result=0xffff888005c8c100
              dd-3024    [001] .....    15.221487: ovldiag_open: (ovl_open+0xb2/0x100 <- ovl_open_realfile) result=0xffff8880046d8800
              dd-3024    [001] .....    15.221520: ovldiag_ensure: (ovl_write_iter+0xaf/0x130 <- ovl_ensure_upper_and_switch) result=0x0
              dd-3024    [001] .....    15.221538: ovldiag_write: (ovl_write_iter+0x10c/0x130 <- backing_file_write_iter) result=0x1000
             cat-3028    [001] .....    15.223605: ovldiag_open: (ovl_open+0xb2/0x100 <- ovl_open_realfile) result=0xffff8880044a1800
              dd-3033    [000] .....    15.226132: ovldiag_open: (ovl_open+0xb2/0x100 <- ovl_open_realfile) result=0xffff8880073a9400
              dd-3033    [000] .....    15.226161: ovldiag_ensure: (ovl_write_iter+0xaf/0x130 <- ovl_ensure_upper_and_switch) result=0x0
              dd-3033    [000] .....    15.226175: ovldiag_write: (ovl_write_iter+0x10c/0x130 <- backing_file_write_iter) result=0x1000
              dd-3035    [001] .....    15.228729: ovldiag_open: (ovl_open+0xb2/0x100 <- ovl_open_realfile) result=0xffff888007162300
              dd-3035    [001] .....    15.228758: ovldiag_ensure: (ovl_write_iter+0xaf/0x130 <- ovl_ensure_upper_and_switch) result=0x0
              dd-3035    [001] .....    15.228775: ovldiag_write: (ovl_write_iter+0x10c/0x130 <- backing_file_write_iter) result=0x1000
             cat-3037    [000] .....    15.229261: ovldiag_open: (ovl_open+0xb2/0x100 <- ovl_open_realfile) result=0xffff88800736e100
              dd-3040    [001] .....    15.231562: ovldiag_open: (ovl_open+0xb2/0x100 <- ovl_open_realfile) result=0xffff888008944200
              dd-3040    [001] .....    15.231591: ovldiag_ensure: (ovl_write_iter+0xaf/0x130 <- ovl_ensure_upper_and_switch) result=0x0
              dd-3040    [001] .....    15.231608: ovldiag_write: (ovl_write_iter+0x10c/0x130 <- backing_file_write_iter) result=0x1000
             cat-3042    [001] .....    15.232701: ovldiag_open: (ovl_open+0xb2/0x100 <- ovl_open_realfile) result=0xffff888004619900
             cat-3043    [000] .....    15.233849: ovldiag_open: (ovl_open+0xb2/0x100 <- ovl_open_realfile) result=0xffff8880043cc700
             cat-3047    [001] .....    15.237890: ovldiag_open: (ovl_open+0xb2/0x100 <- ovl_open_realfile) result=0xffff888005cb7d00
              dd-3049    [000] .....    15.238122: ovldiag_open: (ovl_open+0xb2/0x100 <- ovl_open_realfile) result=0xffff8880043a2100
              dd-3049    [000] .....    15.238149: ovldiag_ensure: (ovl_write_iter+0xaf/0x130 <- ovl_ensure_upper_and_switch) result=0x0
              dd-3049    [000] .....    15.238162: ovldiag_write: (ovl_write_iter+0x10c/0x130 <- backing_file_write_iter) result=0x1000
              dd-3052    [000] .....    15.240922: ovldiag_open: (ovl_open+0xb2/0x100 <- ovl_open_realfile) result=0xffff888005d89100
              dd-3052    [000] .....    15.240949: ovldiag_ensure: (ovl_write_iter+0xaf/0x130 <- ovl_ensure_upper_and_switch) result=0x0
              dd-3052    [000] .....    15.240964: ovldiag_write: (ovl_write_iter+0x10c/0x130 <- backing_file_write_iter) result=0x1000
             cat-3055    [001] .....    15.242530: ovldiag_open: (ovl_open+0xb2/0x100 <- ovl_open_realfile) result=0xffff88800453e900
              dd-3056    [001] .....    15.243281: ovldiag_open: (ovl_open+0xb2/0x100 <- ovl_open_realfile) result=0xffff8880072a6f00
              dd-3056    [001] .....    15.243311: ovldiag_ensure: (ovl_write_iter+0xaf/0x130 <- ovl_ensure_upper_and_switch) result=0x0
              dd-3056    [001] .....    15.243329: ovldiag_write: (ovl_write_iter+0x10c/0x130 <- backing_file_write_iter) result=0x1000
             cat-3060    [000] .....    15.244518: ovldiag_open: (ovl_open+0xb2/0x100 <- ovl_open_realfile) result=0xffff888004619b00
             cat-3058    [000] .....    15.245844: ovldiag_open: (ovl_open+0xb2/0x100 <- ovl_open_realfile) result=0xffff88800dcef700
              dd-3064    [000] .....    15.247537: ovldiag_open: (ovl_open+0xb2/0x100 <- ovl_open_realfile) result=0xffff888007171300
              dd-3064    [000] .....    15.247565: ovldiag_ensure: (ovl_write_iter+0xaf/0x130 <- ovl_ensure_upper_and_switch) result=0x0
              dd-3064    [000] .....    15.247577: ovldiag_write: (ovl_write_iter+0x10c/0x130 <- backing_file_write_iter) result=0x1000
             cat-3068    [001] .....    15.251163: ovldiag_open: (ovl_open+0xb2/0x100 <- ovl_open_realfile) result=0xffff8880073bab00
              dd-3069    [000] .....    15.251809: ovldiag_open: (ovl_open+0xb2/0x100 <- ovl_open_realfile) result=0xffff88800724e000
              dd-3069    [000] .....    15.251838: ovldiag_ensure: (ovl_write_iter+0xaf/0x130 <- ovl_ensure_upper_and_switch) result=0x0
              dd-3069    [000] .....    15.251852: ovldiag_write: (ovl_write_iter+0x10c/0x130 <- backing_file_write_iter) result=0x1000
              dd-3073    [000] .....    15.254277: ovldiag_open: (ovl_open+0xb2/0x100 <- ovl_open_realfile) result=0xffff8880073a9c00
              dd-3073    [000] .....    15.254304: ovldiag_ensure: (ovl_write_iter+0xaf/0x130 <- ovl_ensure_upper_and_switch) result=0x0
              dd-3073    [000] .....    15.254316: ovldiag_write: (ovl_write_iter+0x10c/0x130 <- backing_file_write_iter) result=0x1000
             cat-3076    [001] .....    15.256148: ovldiag_open: (ovl_open+0xb2/0x100 <- ovl_open_realfile) result=0xffff8880047ffa00
             cat-3077    [000] .....    15.256954: ovldiag_open: (ovl_open+0xb2/0x100 <- ovl_open_realfile) result=0xffff88800aaaa900
              dd-3078    [001] .....    15.257771: ovldiag_open: (ovl_open+0xb2/0x100 <- ovl_open_realfile) result=0xffff888005c95a00
              dd-3078    [001] .....    15.257800: ovldiag_ensure: (ovl_write_iter+0xaf/0x130 <- ovl_ensure_upper_and_switch) result=0x0
              dd-3078    [001] .....    15.257817: ovldiag_write: (ovl_write_iter+0x10c/0x130 <- backing_file_write_iter) result=0x1000
             cat-3081    [001] .....    15.260989: ovldiag_open: (ovl_open+0xb2/0x100 <- ovl_open_realfile) result=0xffff88800dcef100
              dd-3084    [001] .....    15.262459: ovldiag_open: (ovl_open+0xb2/0x100 <- ovl_open_realfile) result=0xffff888005dca400
              dd-3084    [001] .....    15.262486: ovldiag_ensure: (ovl_write_iter+0xaf/0x130 <- ovl_ensure_upper_and_switch) result=0x0
              dd-3084    [001] .....    15.262503: ovldiag_write: (ovl_write_iter+0x10c/0x130 <- backing_file_write_iter) result=0x1000
             cat-3086    [000] .....    15.263627: ovldiag_open: (ovl_open+0xb2/0x100 <- ovl_open_realfile) result=0xffff888005cb7b00
              dd-3090    [000] .....    15.265351: ovldiag_open: (ovl_open+0xb2/0x100 <- ovl_open_realfile) result=0xffff888005ccb800
              dd-3090    [000] .....    15.265376: ovldiag_ensure: (ovl_write_iter+0xaf/0x130 <- ovl_ensure_upper_and_switch) result=0x0
              dd-3090    [000] .....    15.265390: ovldiag_write: (ovl_write_iter+0x10c/0x130 <- backing_file_write_iter) result=0x1000
             cat-3091    [000] .....    15.267115: ovldiag_open: (ovl_open+0xb2/0x100 <- ovl_open_realfile) result=0xffff8880044a1e00
              dd-3093    [000] .....    15.270043: ovldiag_open: (ovl_open+0xb2/0x100 <- ovl_open_realfile) result=0xffff88800724e600
              dd-3093    [000] .....    15.270080: ovldiag_ensure: (ovl_write_iter+0xaf/0x130 <- ovl_ensure_upper_and_switch) result=0x0
              dd-3093    [000] .....    15.270093: ovldiag_write: (ovl_write_iter+0x10c/0x130 <- backing_file_write_iter) result=0x1000
             cat-3097    [001] .....    15.270305: ovldiag_open: (ovl_open+0xb2/0x100 <- ovl_open_realfile) result=0xffff888007162700
              dd-3101    [000] .....    15.273991: ovldiag_open: (ovl_open+0xb2/0x100 <- ovl_open_realfile) result=0xffff88800d778b00
              dd-3101    [000] .....    15.274016: ovldiag_ensure: (ovl_write_iter+0xaf/0x130 <- ovl_ensure_upper_and_switch) result=0x0
              dd-3101    [000] .....    15.274030: ovldiag_write: (ovl_write_iter+0x10c/0x130 <- backing_file_write_iter) result=0x1000
             cat-3104    [001] .....    15.275496: ovldiag_open: (ovl_open+0xb2/0x100 <- ovl_open_realfile) result=0xffff88800df34900
              dd-3105    [000] .....    15.276713: ovldiag_open: (ovl_open+0xb2/0x100 <- ovl_open_realfile) result=0xffff88800893c600
              dd-3105    [000] .....    15.276738: ovldiag_ensure: (ovl_write_iter+0xaf/0x130 <- ovl_ensure_upper_and_switch) result=0x0
              dd-3105    [000] .....    15.276751: ovldiag_write: (ovl_write_iter+0x10c/0x130 <- backing_file_write_iter) result=0x1000
             cat-3109    [001] .....    15.279796: ovldiag_open: (ovl_open+0xb2/0x100 <- ovl_open_realfile) result=0xffff888005c8cc00
             cat-3110    [000] .....    15.280024: ovldiag_open: (ovl_open+0xb2/0x100 <- ovl_open_realfile) result=0xffff8880043e0a00
             cat-3112    [000] .....    15.281374: ovldiag_open: (ovl_open+0xb2/0x100 <- ovl_open_realfile) result=0xffff88800453e200
              dd-3111    [001] .....    15.284224: ovldiag_open: (ovl_open+0xb2/0x100 <- ovl_open_realfile) result=0xffff8880047ff500
              dd-3111    [001] .....    15.284259: ovldiag_ensure: (ovl_write_iter+0xaf/0x130 <- ovl_ensure_upper_and_switch) result=0x0
              dd-3111    [001] .....    15.284276: ovldiag_write: (ovl_write_iter+0x10c/0x130 <- backing_file_write_iter) result=0x1000
              dd-3117    [001] .....    15.286835: ovldiag_open: (ovl_open+0xb2/0x100 <- ovl_open_realfile) result=0xffff8880073a8500
              dd-3117    [001] .....    15.286864: ovldiag_ensure: (ovl_write_iter+0xaf/0x130 <- ovl_ensure_upper_and_switch) result=0x0
              dd-3117    [001] .....    15.286881: ovldiag_write: (ovl_write_iter+0x10c/0x130 <- backing_file_write_iter) result=0x1000
             cat-3121    [000] .....    15.288242: ovldiag_open: (ovl_open+0xb2/0x100 <- ovl_open_realfile) result=0xffff88800700f400
              dd-3123    [001] .....    15.289700: ovldiag_open: (ovl_open+0xb2/0x100 <- ovl_open_realfile) result=0xffff88800724ea00
              dd-3123    [001] .....    15.289728: ovldiag_ensure: (ovl_write_iter+0xaf/0x130 <- ovl_ensure_upper_and_switch) result=0x0
              dd-3123    [001] .....    15.289746: ovldiag_write: (ovl_write_iter+0x10c/0x130 <- backing_file_write_iter) result=0x1000
              dd-3125    [001] .....    15.291145: ovldiag_open: (ovl_open+0xb2/0x100 <- ovl_open_realfile) result=0xffff88800d62c900
              dd-3125    [001] .....    15.291172: ovldiag_ensure: (ovl_write_iter+0xaf/0x130 <- ovl_ensure_upper_and_switch) result=0x0
              dd-3125    [001] .....    15.291187: ovldiag_write: (ovl_write_iter+0x10c/0x130 <- backing_file_write_iter) result=0x1000
             cat-3128    [000] .....    15.293200: ovldiag_open: (ovl_open+0xb2/0x100 <- ovl_open_realfile) result=0xffff88800724e400
             cat-3130    [001] .....    15.293365: ovldiag_open: (ovl_open+0xb2/0x100 <- ovl_open_realfile) result=0xffff8880072a6e00
             cat-3133    [001] .....    15.296305: ovldiag_open: (ovl_open+0xb2/0x100 <- ovl_open_realfile) result=0xffff888007256300
              dd-3137    [000] .....    15.299015: ovldiag_open: (ovl_open+0xb2/0x100 <- ovl_open_realfile) result=0xffff888007079c00
              dd-3137    [000] .....    15.299044: ovldiag_ensure: (ovl_write_iter+0xaf/0x130 <- ovl_ensure_upper_and_switch) result=0x0
              dd-3137    [000] .....    15.299057: ovldiag_write: (ovl_write_iter+0x10c/0x130 <- backing_file_write_iter) result=0x1000
             cat-3140    [000] .....    15.300797: ovldiag_open: (ovl_open+0xb2/0x100 <- ovl_open_realfile) result=0xffff8880072a6b00
              dd-3139    [001] .....    15.301851: ovldiag_open: (ovl_open+0xb2/0x100 <- ovl_open_realfile) result=0xffff8880072d8200
              dd-3139    [001] .....    15.301883: ovldiag_ensure: (ovl_write_iter+0xaf/0x130 <- ovl_ensure_upper_and_switch) result=0x0
              dd-3139    [001] .....    15.301900: ovldiag_write: (ovl_write_iter+0x10c/0x130 <- backing_file_write_iter) result=0x1000
              dd-3143    [001] .....    15.303618: ovldiag_open: (ovl_open+0xb2/0x100 <- ovl_open_realfile) result=0xffff88800453e500
              dd-3143    [001] .....    15.303648: ovldiag_ensure: (ovl_write_iter+0xaf/0x130 <- ovl_ensure_upper_and_switch) result=0x0
              dd-3143    [001] .....    15.303665: ovldiag_write: (ovl_write_iter+0x10c/0x130 <- backing_file_write_iter) result=0x1000
             cat-3145    [000] .....    15.304850: ovldiag_open: (ovl_open+0xb2/0x100 <- ovl_open_realfile) result=0xffff8880073c2400
             cat-3148    [001] .....    15.307582: ovldiag_open: (ovl_open+0xb2/0x100 <- ovl_open_realfile) result=0xffff88800d547c00
              dd-3150    [000] .....    15.308427: ovldiag_open: (ovl_open+0xb2/0x100 <- ovl_open_realfile) result=0xffff8880044a8700
              dd-3150    [000] .....    15.308453: ovldiag_ensure: (ovl_write_iter+0xaf/0x130 <- ovl_ensure_upper_and_switch) result=0x0
              dd-3150    [000] .....    15.308466: ovldiag_write: (ovl_write_iter+0x10c/0x130 <- backing_file_write_iter) result=0x1000
             cat-3151    [001] .....    15.308678: ovldiag_open: (ovl_open+0xb2/0x100 <- ovl_open_realfile) result=0xffff8880073a6400
             cat-3157    [000] .....    15.312415: ovldiag_open: (ovl_open+0xb2/0x100 <- ovl_open_realfile) result=0xffff888005d8c900
              dd-3159    [001] .....    15.315128: ovldiag_open: (ovl_open+0xb2/0x100 <- ovl_open_realfile) result=0xffff888007171300
              dd-3159    [001] .....    15.315157: ovldiag_ensure: (ovl_write_iter+0xaf/0x130 <- ovl_ensure_upper_and_switch) result=0x0
              dd-3159    [001] .....    15.315176: ovldiag_write: (ovl_write_iter+0x10c/0x130 <- backing_file_write_iter) result=0x1000
              dd-3162    [000] .....    15.316850: ovldiag_open: (ovl_open+0xb2/0x100 <- ovl_open_realfile) result=0xffff888007248000
              dd-3162    [000] .....    15.316880: ovldiag_ensure: (ovl_write_iter+0xaf/0x130 <- ovl_ensure_upper_and_switch) result=0x0
              dd-3162    [000] .....    15.316892: ovldiag_write: (ovl_write_iter+0x10c/0x130 <- backing_file_write_iter) result=0x1000
              dd-3164    [001] .....    15.318028: ovldiag_open: (ovl_open+0xb2/0x100 <- ovl_open_realfile) result=0xffff888003d44c00
              dd-3164    [001] .....    15.318056: ovldiag_ensure: (ovl_write_iter+0xaf/0x130 <- ovl_ensure_upper_and_switch) result=0x0
             cat-3165    [000] .....    15.318551: ovldiag_open: (ovl_open+0xb2/0x100 <- ovl_open_realfile) result=0xffff88800707b300
              dd-3164    [001] .....    15.319278: ovldiag_write: (ovl_write_iter+0x10c/0x130 <- backing_file_write_iter) result=0x1000
             cat-3167    [000] .....    15.319614: ovldiag_open: (ovl_open+0xb2/0x100 <- ovl_open_realfile) result=0xffff888005d64500
             cat-3170    [001] .....    15.321325: ovldiag_open: (ovl_open+0xb2/0x100 <- ovl_open_realfile) result=0xffff88800703a800
              dd-3172    [000] .....    15.323602: ovldiag_open: (ovl_open+0xb2/0x100 <- ovl_open_realfile) result=0xffff888007256d00
              dd-3172    [000] .....    15.323628: ovldiag_ensure: (ovl_write_iter+0xaf/0x130 <- ovl_ensure_upper_and_switch) result=0x0
              dd-3172    [000] .....    15.323640: ovldiag_write: (ovl_write_iter+0x10c/0x130 <- backing_file_write_iter) result=0x1000
             cat-3174    [001] .....    15.325554: ovldiag_open: (ovl_open+0xb2/0x100 <- ovl_open_realfile) result=0xffff888005dca600
              dd-3180    [000] .....    15.329251: ovldiag_open: (ovl_open+0xb2/0x100 <- ovl_open_realfile) result=0xffff888005c95500
              dd-3180    [000] .....    15.329281: ovldiag_ensure: (ovl_write_iter+0xaf/0x130 <- ovl_ensure_upper_and_switch) result=0x0
              dd-3180    [000] .....    15.329296: ovldiag_write: (ovl_write_iter+0x10c/0x130 <- backing_file_write_iter) result=0x1000
              dd-3183    [001] .....    15.330958: ovldiag_open: (ovl_open+0xb2/0x100 <- ovl_open_realfile) result=0xffff88800457b900
              dd-3183    [001] .....    15.330993: ovldiag_ensure: (ovl_write_iter+0xaf/0x130 <- ovl_ensure_upper_and_switch) result=0x0
              dd-3183    [001] .....    15.331010: ovldiag_write: (ovl_write_iter+0x10c/0x130 <- backing_file_write_iter) result=0x1000
             cat-3184    [000] .....    15.331914: ovldiag_open: (ovl_open+0xb2/0x100 <- ovl_open_realfile) result=0xffff888008944e00
             cat-3188    [000] .....    15.333648: ovldiag_open: (ovl_open+0xb2/0x100 <- ovl_open_realfile) result=0xffff8880043cca00
              dd-3187    [001] .....    15.335144: ovldiag_open: (ovl_open+0xb2/0x100 <- ovl_open_realfile) result=0xffff888007171000
              dd-3187    [001] .....    15.335175: ovldiag_ensure: (ovl_write_iter+0xaf/0x130 <- ovl_ensure_upper_and_switch) result=0x0
              dd-3187    [001] .....    15.335193: ovldiag_write: (ovl_write_iter+0x10c/0x130 <- backing_file_write_iter) result=0x1000
             cat-3189    [000] .....    15.335256: ovldiag_open: (ovl_open+0xb2/0x100 <- ovl_open_realfile) result=0xffff8880073a8800
             cat-3191    [001] .....    15.336917: ovldiag_open: (ovl_open+0xb2/0x100 <- ovl_open_realfile) result=0xffff888007248600
              dd-3197    [001] .....    15.340726: ovldiag_open: (ovl_open+0xb2/0x100 <- ovl_open_realfile) result=0xffff888008944900
              dd-3197    [001] .....    15.340757: ovldiag_ensure: (ovl_write_iter+0xaf/0x130 <- ovl_ensure_upper_and_switch) result=0x0
              dd-3197    [001] .....    15.340774: ovldiag_write: (ovl_write_iter+0x10c/0x130 <- backing_file_write_iter) result=0x1000
              dd-3201    [001] .....    15.343793: ovldiag_open: (ovl_open+0xb2/0x100 <- ovl_open_realfile) result=0xffff888005d64c00
              dd-3201    [001] .....    15.343823: ovldiag_ensure: (ovl_write_iter+0xaf/0x130 <- ovl_ensure_upper_and_switch) result=0x0
              dd-3201    [001] .....    15.343839: ovldiag_write: (ovl_write_iter+0x10c/0x130 <- backing_file_write_iter) result=0x1000
              dd-3202    [000] .....    15.344191: ovldiag_open: (ovl_open+0xb2/0x100 <- ovl_open_realfile) result=0xffff8880044a8b00
              dd-3202    [000] .....    15.344220: ovldiag_ensure: (ovl_write_iter+0xaf/0x130 <- ovl_ensure_upper_and_switch) result=0x0
              dd-3202    [000] .....    15.344234: ovldiag_write: (ovl_write_iter+0x10c/0x130 <- backing_file_write_iter) result=0x1000
             cat-3206    [001] .....    15.346500: ovldiag_open: (ovl_open+0xb2/0x100 <- ovl_open_realfile) result=0xffff8880044a1700
             cat-3205    [000] .....    15.346648: ovldiag_open: (ovl_open+0xb2/0x100 <- ovl_open_realfile) result=0xffff888004619300
             cat-3210    [000] .....    15.349874: ovldiag_open: (ovl_open+0xb2/0x100 <- ovl_open_realfile) result=0xffff888005cb3200
             cat-3211    [000] .....    15.350986: ovldiag_open: (ovl_open+0xb2/0x100 <- ovl_open_realfile) result=0xffff8880072a6700
              dd-3212    [001] .....    15.351326: ovldiag_open: (ovl_open+0xb2/0x100 <- ovl_open_realfile) result=0xffff8880073c2c00
              dd-3212    [001] .....    15.351358: ovldiag_ensure: (ovl_write_iter+0xaf/0x130 <- ovl_ensure_upper_and_switch) result=0x0
              dd-3212    [001] .....    15.351377: ovldiag_write: (ovl_write_iter+0x10c/0x130 <- backing_file_write_iter) result=0x1000
              dd-3216    [001] .....    15.353927: ovldiag_open: (ovl_open+0xb2/0x100 <- ovl_open_realfile) result=0xffff888005cb5800
              dd-3216    [001] .....    15.353960: ovldiag_ensure: (ovl_write_iter+0xaf/0x130 <- ovl_ensure_upper_and_switch) result=0x0
              dd-3216    [001] .....    15.353978: ovldiag_write: (ovl_write_iter+0x10c/0x130 <- backing_file_write_iter) result=0x1000
             cat-3221    [001] .....    15.357910: ovldiag_open: (ovl_open+0xb2/0x100 <- ovl_open_realfile) result=0xffff888004619500
              dd-3222    [000] .....    15.358142: ovldiag_open: (ovl_open+0xb2/0x100 <- ovl_open_realfile) result=0xffff888005cb3900
              dd-3222    [000] .....    15.358172: ovldiag_ensure: (ovl_write_iter+0xaf/0x130 <- ovl_ensure_upper_and_switch) result=0x0
              dd-3222    [000] .....    15.358186: ovldiag_write: (ovl_write_iter+0x10c/0x130 <- backing_file_write_iter) result=0x1000
              dd-3223    [001] .....    15.358944: ovldiag_open: (ovl_open+0xb2/0x100 <- ovl_open_realfile) result=0xffff888008944000
              dd-3223    [001] .....    15.358975: ovldiag_ensure: (ovl_write_iter+0xaf/0x130 <- ovl_ensure_upper_and_switch) result=0x0
              dd-3223    [001] .....    15.358989: ovldiag_write: (ovl_write_iter+0x10c/0x130 <- backing_file_write_iter) result=0x1000
             cat-3224    [001] .....    15.360145: ovldiag_open: (ovl_open+0xb2/0x100 <- ovl_open_realfile) result=0xffff88800724ef00
             cat-3230    [000] .....    15.363491: ovldiag_open: (ovl_open+0xb2/0x100 <- ovl_open_realfile) result=0xffff88800dcef600
             cat-3231    [001] .....    15.364796: ovldiag_open: (ovl_open+0xb2/0x100 <- ovl_open_realfile) result=0xffff8880044a1600
              dd-3235    [001] .....    15.367119: ovldiag_open: (ovl_open+0xb2/0x100 <- ovl_open_realfile) result=0xffff88800893c800
              dd-3235    [001] .....    15.367152: ovldiag_ensure: (ovl_write_iter+0xaf/0x130 <- ovl_ensure_upper_and_switch) result=0x0
              dd-3235    [001] .....    15.367171: ovldiag_write: (ovl_write_iter+0x10c/0x130 <- backing_file_write_iter) result=0x1000
              dd-3239    [001] .....    15.369064: ovldiag_open: (ovl_open+0xb2/0x100 <- ovl_open_realfile) result=0xffff88800d574700
              dd-3239    [001] .....    15.369952: ovldiag_ensure: (ovl_write_iter+0xaf/0x130 <- ovl_ensure_upper_and_switch) result=0x0
              dd-3239    [001] .....    15.369971: ovldiag_write: (ovl_write_iter+0x10c/0x130 <- backing_file_write_iter) result=0x1000
             cat-3243    [000] .....    15.372039: ovldiag_open: (ovl_open+0xb2/0x100 <- ovl_open_realfile) result=0xffff8880044a1f00
              dd-3241    [001] .....    15.373466: ovldiag_open: (ovl_open+0xb2/0x100 <- ovl_open_realfile) result=0xffff8880046d8800
              dd-3241    [001] .....    15.373497: ovldiag_ensure: (ovl_write_iter+0xaf/0x130 <- ovl_ensure_upper_and_switch) result=0x0
              dd-3241    [001] .....    15.373514: ovldiag_write: (ovl_write_iter+0x10c/0x130 <- backing_file_write_iter) result=0x1000
             cat-3242    [001] .....    15.373627: ovldiag_open: (ovl_open+0xb2/0x100 <- ovl_open_realfile) result=0xffff8880046d8400
              dd-3245    [000] .....    15.375058: ovldiag_open: (ovl_open+0xb2/0x100 <- ovl_open_realfile) result=0xffff888008944d00
              dd-3245    [000] .....    15.375103: ovldiag_ensure: (ovl_write_iter+0xaf/0x130 <- ovl_ensure_upper_and_switch) result=0x0
              dd-3245    [000] .....    15.375118: ovldiag_write: (ovl_write_iter+0x10c/0x130 <- backing_file_write_iter) result=0x1000
             cat-3249    [001] .....    15.377244: ovldiag_open: (ovl_open+0xb2/0x100 <- ovl_open_realfile) result=0xffff88800d574a00
             cat-3251    [001] .....    15.378396: ovldiag_open: (ovl_open+0xb2/0x100 <- ovl_open_realfile) result=0xffff888007256b00
             cat-3258    [001] .....    15.382608: ovldiag_open: (ovl_open+0xb2/0x100 <- ovl_open_realfile) result=0xffff888007107800
              dd-3257    [000] .....    15.383128: ovldiag_open: (ovl_open+0xb2/0x100 <- ovl_open_realfile) result=0xffff88800dcef600
              dd-3257    [000] .....    15.383158: ovldiag_ensure: (ovl_write_iter+0xaf/0x130 <- ovl_ensure_upper_and_switch) result=0x0
              dd-3257    [000] .....    15.383172: ovldiag_write: (ovl_write_iter+0x10c/0x130 <- backing_file_write_iter) result=0x1000
              dd-3261    [000] .....    15.385925: ovldiag_open: (ovl_open+0xb2/0x100 <- ovl_open_realfile) result=0xffff88800453ed00
              dd-3261    [000] .....    15.385958: ovldiag_ensure: (ovl_write_iter+0xaf/0x130 <- ovl_ensure_upper_and_switch) result=0x0
              dd-3261    [000] .....    15.385970: ovldiag_write: (ovl_write_iter+0x10c/0x130 <- backing_file_write_iter) result=0x1000
              dd-3262    [000] .....    15.388028: ovldiag_open: (ovl_open+0xb2/0x100 <- ovl_open_realfile) result=0xffff888003d44a00
              dd-3262    [000] .....    15.388054: ovldiag_ensure: (ovl_write_iter+0xaf/0x130 <- ovl_ensure_upper_and_switch) result=0x0
              dd-3262    [000] .....    15.388083: ovldiag_write: (ovl_write_iter+0x10c/0x130 <- backing_file_write_iter) result=0x1000
             cat-3266    [001] .....    15.389058: ovldiag_open: (ovl_open+0xb2/0x100 <- ovl_open_realfile) result=0xffff8880072d8700
             cat-3265    [001] .....    15.389746: ovldiag_open: (ovl_open+0xb2/0x100 <- ovl_open_realfile) result=0xffff888005dca100
             cat-3269    [001] .....    15.392513: ovldiag_open: (ovl_open+0xb2/0x100 <- ovl_open_realfile) result=0xffff888005d64800
              dd-3272    [000] .....    15.393212: ovldiag_open: (ovl_open+0xb2/0x100 <- ovl_open_realfile) result=0xffff88800dc0e700
              dd-3272    [000] .....    15.393243: ovldiag_ensure: (ovl_write_iter+0xaf/0x130 <- ovl_ensure_upper_and_switch) result=0x0
              dd-3272    [000] .....    15.393257: ovldiag_write: (ovl_write_iter+0x10c/0x130 <- backing_file_write_iter) result=0x1000
             cat-3273    [001] .....    15.395820: ovldiag_open: (ovl_open+0xb2/0x100 <- ovl_open_realfile) result=0xffff88800707b400
              dd-3278    [000] .....    15.397343: ovldiag_open: (ovl_open+0xb2/0x100 <- ovl_open_realfile) result=0xffff888007171e00
              dd-3278    [000] .....    15.397372: ovldiag_ensure: (ovl_write_iter+0xaf/0x130 <- ovl_ensure_upper_and_switch) result=0x0
              dd-3278    [000] .....    15.397384: ovldiag_write: (ovl_write_iter+0x10c/0x130 <- backing_file_write_iter) result=0x1000
             cat-3281    [000] .....    15.399738: ovldiag_open: (ovl_open+0xb2/0x100 <- ovl_open_realfile) result=0xffff888008a2a400
              dd-3282    [001] .....    15.400033: ovldiag_open: (ovl_open+0xb2/0x100 <- ovl_open_realfile) result=0xffff888005d4ee00
              dd-3282    [001] .....    15.400084: ovldiag_ensure: (ovl_write_iter+0xaf/0x130 <- ovl_ensure_upper_and_switch) result=0x0
              dd-3282    [001] .....    15.400102: ovldiag_write: (ovl_write_iter+0x10c/0x130 <- backing_file_write_iter) result=0x1000
             cat-3288    [001] .....    15.403591: ovldiag_open: (ovl_open+0xb2/0x100 <- ovl_open_realfile) result=0xffff888007248600
              dd-3286    [000] .....    15.403840: ovldiag_open: (ovl_open+0xb2/0x100 <- ovl_open_realfile) result=0xffff88800707b100
              dd-3286    [000] .....    15.403870: ovldiag_ensure: (ovl_write_iter+0xaf/0x130 <- ovl_ensure_upper_and_switch) result=0x0
              dd-3286    [000] .....    15.403883: ovldiag_write: (ovl_write_iter+0x10c/0x130 <- backing_file_write_iter) result=0x1000
             cat-3290    [000] .....    15.406266: ovldiag_open: (ovl_open+0xb2/0x100 <- ovl_open_realfile) result=0xffff88800461b000
              dd-3294    [000] .....    15.408128: ovldiag_open: (ovl_open+0xb2/0x100 <- ovl_open_realfile) result=0xffff88800aaa4e00
              dd-3294    [000] .....    15.408160: ovldiag_ensure: (ovl_write_iter+0xaf/0x130 <- ovl_ensure_upper_and_switch) result=0x0
              dd-3294    [000] .....    15.408174: ovldiag_write: (ovl_write_iter+0x10c/0x130 <- backing_file_write_iter) result=0x1000
             cat-3295    [001] .....    15.409223: ovldiag_open: (ovl_open+0xb2/0x100 <- ovl_open_realfile) result=0xffff888005d64700
             cat-3298    [000] .....    15.410794: ovldiag_open: (ovl_open+0xb2/0x100 <- ovl_open_realfile) result=0xffff888007248400
              dd-3300    [000] .....    15.413714: ovldiag_open: (ovl_open+0xb2/0x100 <- ovl_open_realfile) result=0xffff8880043ccf00
              dd-3300    [000] .....    15.413741: ovldiag_ensure: (ovl_write_iter+0xaf/0x130 <- ovl_ensure_upper_and_switch) result=0x0
              dd-3300    [000] .....    15.413753: ovldiag_write: (ovl_write_iter+0x10c/0x130 <- backing_file_write_iter) result=0x1000
             cat-3304    [001] .....    15.415064: ovldiag_open: (ovl_open+0xb2/0x100 <- ovl_open_realfile) result=0xffff888005d64400
              dd-3303    [001] .....    15.415770: ovldiag_open: (ovl_open+0xb2/0x100 <- ovl_open_realfile) result=0xffff888007171d00
              dd-3303    [001] .....    15.415801: ovldiag_ensure: (ovl_write_iter+0xaf/0x130 <- ovl_ensure_upper_and_switch) result=0x0
              dd-3303    [001] .....    15.415813: ovldiag_write: (ovl_write_iter+0x10c/0x130 <- backing_file_write_iter) result=0x1000
              dd-3308    [000] .....    15.417810: ovldiag_open: (ovl_open+0xb2/0x100 <- ovl_open_realfile) result=0xffff88800dcef500
              dd-3308    [000] .....    15.417840: ovldiag_ensure: (ovl_write_iter+0xaf/0x130 <- ovl_ensure_upper_and_switch) result=0x0
              dd-3308    [000] .....    15.417854: ovldiag_write: (ovl_write_iter+0x10c/0x130 <- backing_file_write_iter) result=0x1000
             cat-3310    [001] .....    15.419037: ovldiag_open: (ovl_open+0xb2/0x100 <- ovl_open_realfile) result=0xffff888008944100
              dd-3314    [000] .....    15.421296: ovldiag_open: (ovl_open+0xb2/0x100 <- ovl_open_realfile) result=0xffff88800dde9600
              dd-3314    [000] .....    15.421325: ovldiag_ensure: (ovl_write_iter+0xaf/0x130 <- ovl_ensure_upper_and_switch) result=0x0
              dd-3314    [000] .....    15.421339: ovldiag_write: (ovl_write_iter+0x10c/0x130 <- backing_file_write_iter) result=0x1000
             cat-3312    [001] .....    15.422629: ovldiag_open: (ovl_open+0xb2/0x100 <- ovl_open_realfile) result=0xffff88800d55c000
             cat-3316    [000] .....    15.422844: ovldiag_open: (ovl_open+0xb2/0x100 <- ovl_open_realfile) result=0xffff88800d4f4b00
              dd-3323    [000] .....    15.427942: ovldiag_open: (ovl_open+0xb2/0x100 <- ovl_open_realfile) result=0xffff888007256800
              dd-3323    [000] .....    15.427972: ovldiag_ensure: (ovl_write_iter+0xaf/0x130 <- ovl_ensure_upper_and_switch) result=0x0
              dd-3323    [000] .....    15.427985: ovldiag_write: (ovl_write_iter+0x10c/0x130 <- backing_file_write_iter) result=0x1000
             cat-3324    [001] .....    15.428415: ovldiag_open: (ovl_open+0xb2/0x100 <- ovl_open_realfile) result=0xffff8880072d8900
              dd-3327    [000] .....    15.430388: ovldiag_open: (ovl_open+0xb2/0x100 <- ovl_open_realfile) result=0xffff8880043e0a00
              dd-3327    [000] .....    15.430424: ovldiag_ensure: (ovl_write_iter+0xaf/0x130 <- ovl_ensure_upper_and_switch) result=0x0
              dd-3327    [000] .....    15.430436: ovldiag_write: (ovl_write_iter+0x10c/0x130 <- backing_file_write_iter) result=0x1000
              dd-3328    [001] .....    15.431510: ovldiag_open: (ovl_open+0xb2/0x100 <- ovl_open_realfile) result=0xffff888005e0d900
              dd-3328    [001] .....    15.431539: ovldiag_ensure: (ovl_write_iter+0xaf/0x130 <- ovl_ensure_upper_and_switch) result=0x0
              dd-3328    [001] .....    15.431558: ovldiag_write: (ovl_write_iter+0x10c/0x130 <- backing_file_write_iter) result=0x1000
             cat-3331    [000] .....    15.432950: ovldiag_open: (ovl_open+0xb2/0x100 <- ovl_open_realfile) result=0xffff88800724e100
             cat-3335    [001] .....    15.435584: ovldiag_open: (ovl_open+0xb2/0x100 <- ovl_open_realfile) result=0xffff888005d64400
             cat-3334    [000] .....    15.435700: ovldiag_open: (ovl_open+0xb2/0x100 <- ovl_open_realfile) result=0xffff8880072d8500
              dd-3339    [000] .....    15.439452: ovldiag_open: (ovl_open+0xb2/0x100 <- ovl_open_realfile) result=0xffff8880044a8b00
              dd-3339    [000] .....    15.439478: ovldiag_ensure: (ovl_write_iter+0xaf/0x130 <- ovl_ensure_upper_and_switch) result=0x0
              dd-3339    [000] .....    15.439492: ovldiag_write: (ovl_write_iter+0x10c/0x130 <- backing_file_write_iter) result=0x1000
             cat-3342    [000] .....    15.441151: ovldiag_open: (ovl_open+0xb2/0x100 <- ovl_open_realfile) result=0xffff888007256d00
              dd-3343    [001] .....    15.442258: ovldiag_open: (ovl_open+0xb2/0x100 <- ovl_open_realfile) result=0xffff8880043e0a00
              dd-3343    [001] .....    15.442287: ovldiag_ensure: (ovl_write_iter+0xaf/0x130 <- ovl_ensure_upper_and_switch) result=0x0
              dd-3343    [001] .....    15.442304: ovldiag_write: (ovl_write_iter+0x10c/0x130 <- backing_file_write_iter) result=0x1000
              dd-3346    [000] .....    15.442962: ovldiag_open: (ovl_open+0xb2/0x100 <- ovl_open_realfile) result=0xffff8880073a8600
              dd-3346    [000] .....    15.442989: ovldiag_ensure: (ovl_write_iter+0xaf/0x130 <- ovl_ensure_upper_and_switch) result=0x0
              dd-3346    [000] .....    15.443003: ovldiag_write: (ovl_write_iter+0x10c/0x130 <- backing_file_write_iter) result=0x1000
             cat-3348    [000] .....    15.445109: ovldiag_open: (ovl_open+0xb2/0x100 <- ovl_open_realfile) result=0xffff888007248b00
              dd-3349    [001] .....    15.445688: ovldiag_open: (ovl_open+0xb2/0x100 <- ovl_open_realfile) result=0xffff8880072a6700
              dd-3349    [001] .....    15.445721: ovldiag_ensure: (ovl_write_iter+0xaf/0x130 <- ovl_ensure_upper_and_switch) result=0x0
              dd-3349    [001] .....    15.445739: ovldiag_write: (ovl_write_iter+0x10c/0x130 <- backing_file_write_iter) result=0x1000
             cat-3353    [000] .....    15.448001: ovldiag_open: (ovl_open+0xb2/0x100 <- ovl_open_realfile) result=0xffff888007171e00
             cat-3355    [001] .....    15.450937: ovldiag_open: (ovl_open+0xb2/0x100 <- ovl_open_realfile) result=0xffff888004619500
             cat-3360    [000] .....    15.453297: ovldiag_open: (ovl_open+0xb2/0x100 <- ovl_open_realfile) result=0xffff8880043cc500
              dd-3361    [001] .....    15.454104: ovldiag_open: (ovl_open+0xb2/0x100 <- ovl_open_realfile) result=0xffff888005dca300
              dd-3361    [001] .....    15.454133: ovldiag_ensure: (ovl_write_iter+0xaf/0x130 <- ovl_ensure_upper_and_switch) result=0x0
              dd-3361    [001] .....    15.454150: ovldiag_write: (ovl_write_iter+0x10c/0x130 <- backing_file_write_iter) result=0x1000
              dd-3365    [001] .....    15.456195: ovldiag_open: (ovl_open+0xb2/0x100 <- ovl_open_realfile) result=0xffff88800dd0e500
              dd-3365    [001] .....    15.456227: ovldiag_ensure: (ovl_write_iter+0xaf/0x130 <- ovl_ensure_upper_and_switch) result=0x0
              dd-3365    [001] .....    15.456245: ovldiag_write: (ovl_write_iter+0x10c/0x130 <- backing_file_write_iter) result=0x1000
             cat-3367    [001] .....    15.458502: ovldiag_open: (ovl_open+0xb2/0x100 <- ovl_open_realfile) result=0xffff888005c95700
             cat-3368    [000] .....    15.459656: ovldiag_open: (ovl_open+0xb2/0x100 <- ovl_open_realfile) result=0xffff88800707bc00
              dd-3370    [001] .....    15.459954: ovldiag_open: (ovl_open+0xb2/0x100 <- ovl_open_realfile) result=0xffff88800dc0c700
              dd-3370    [001] .....    15.459982: ovldiag_ensure: (ovl_write_iter+0xaf/0x130 <- ovl_ensure_upper_and_switch) result=0x0
              dd-3370    [001] .....    15.460000: ovldiag_write: (ovl_write_iter+0x10c/0x130 <- backing_file_write_iter) result=0x1000
              dd-3372    [000] .....    15.462711: ovldiag_open: (ovl_open+0xb2/0x100 <- ovl_open_realfile) result=0xffff8880043ccf00
              dd-3372    [000] .....    15.462737: ovldiag_ensure: (ovl_write_iter+0xaf/0x130 <- ovl_ensure_upper_and_switch) result=0x0
              dd-3372    [000] .....    15.462751: ovldiag_write: (ovl_write_iter+0x10c/0x130 <- backing_file_write_iter) result=0x1000
             cat-3375    [001] .....    15.463780: ovldiag_open: (ovl_open+0xb2/0x100 <- ovl_open_realfile) result=0xffff888007059700
             cat-3380    [000] .....    15.466321: ovldiag_open: (ovl_open+0xb2/0x100 <- ovl_open_realfile) result=0xffff8880073a9c00
              dd-3381    [001] .....    15.467980: ovldiag_open: (ovl_open+0xb2/0x100 <- ovl_open_realfile) result=0xffff88800893ce00
              dd-3381    [001] .....    15.468013: ovldiag_ensure: (ovl_write_iter+0xaf/0x130 <- ovl_ensure_upper_and_switch) result=0x0
              dd-3381    [001] .....    15.468030: ovldiag_write: (ovl_write_iter+0x10c/0x130 <- backing_file_write_iter) result=0x1000
              dd-3384    [001] .....    15.469695: ovldiag_open: (ovl_open+0xb2/0x100 <- ovl_open_realfile) result=0xffff8880047ffb00
              dd-3384    [001] .....    15.469725: ovldiag_ensure: (ovl_write_iter+0xaf/0x130 <- ovl_ensure_upper_and_switch) result=0x0
              dd-3384    [001] .....    15.469742: ovldiag_write: (ovl_write_iter+0x10c/0x130 <- backing_file_write_iter) result=0x1000
             cat-3387    [000] .....    15.471542: ovldiag_open: (ovl_open+0xb2/0x100 <- ovl_open_realfile) result=0xffff888005d64300
             cat-3390    [001] .....    15.473166: ovldiag_open: (ovl_open+0xb2/0x100 <- ovl_open_realfile) result=0xffff8880043cc500
              dd-3393    [001] .....    15.474953: ovldiag_open: (ovl_open+0xb2/0x100 <- ovl_open_realfile) result=0xffff8880072a6100
              dd-3393    [001] .....    15.474981: ovldiag_ensure: (ovl_write_iter+0xaf/0x130 <- ovl_ensure_upper_and_switch) result=0x0
              dd-3393    [001] .....    15.474998: ovldiag_write: (ovl_write_iter+0x10c/0x130 <- backing_file_write_iter) result=0x1000
             cat-3394    [001] .....    15.477551: ovldiag_open: (ovl_open+0xb2/0x100 <- ovl_open_realfile) result=0xffff8880044a1200
             cat-3398    [000] .....    15.479061: ovldiag_open: (ovl_open+0xb2/0x100 <- ovl_open_realfile) result=0xffff888005c8ce00
              dd-3395    [000] .....    15.479311: ovldiag_open: (ovl_open+0xb2/0x100 <- ovl_open_realfile) result=0xffff888007059700
              dd-3395    [000] .....    15.479340: ovldiag_ensure: (ovl_write_iter+0xaf/0x130 <- ovl_ensure_upper_and_switch) result=0x0
              dd-3395    [000] .....    15.479353: ovldiag_write: (ovl_write_iter+0x10c/0x130 <- backing_file_write_iter) result=0x1000
             cat-3403    [000] .....    15.483122: ovldiag_open: (ovl_open+0xb2/0x100 <- ovl_open_realfile) result=0xffff888008944c00
              dd-3405    [001] .....    15.483191: ovldiag_open: (ovl_open+0xb2/0x100 <- ovl_open_realfile) result=0xffff88800d69bb00
              dd-3405    [001] .....    15.483220: ovldiag_ensure: (ovl_write_iter+0xaf/0x130 <- ovl_ensure_upper_and_switch) result=0x0
              dd-3405    [001] .....    15.483238: ovldiag_write: (ovl_write_iter+0x10c/0x130 <- backing_file_write_iter) result=0x1000
             cat-3409    [000] .....    15.485875: ovldiag_open: (ovl_open+0xb2/0x100 <- ovl_open_realfile) result=0xffff888007171500
              dd-3407    [001] .....    15.486217: ovldiag_open: (ovl_open+0xb2/0x100 <- ovl_open_realfile) result=0xffff8880044a1700
              dd-3407    [001] .....    15.486250: ovldiag_ensure: (ovl_write_iter+0xaf/0x130 <- ovl_ensure_upper_and_switch) result=0x0
              dd-3407    [001] .....    15.486267: ovldiag_write: (ovl_write_iter+0x10c/0x130 <- backing_file_write_iter) result=0x1000
             cat-3414    [000] .....    15.489746: ovldiag_open: (ovl_open+0xb2/0x100 <- ovl_open_realfile) result=0xffff88800893cc00
             cat-3412    [001] .....    15.490288: ovldiag_open: (ovl_open+0xb2/0x100 <- ovl_open_realfile) result=0xffff8880045ff600
              dd-3417    [001] .....    15.491647: ovldiag_open: (ovl_open+0xb2/0x100 <- ovl_open_realfile) result=0xffff8880073a9000
              dd-3417    [001] .....    15.491674: ovldiag_ensure: (ovl_write_iter+0xaf/0x130 <- ovl_ensure_upper_and_switch) result=0x0
              dd-3417    [001] .....    15.491692: ovldiag_write: (ovl_write_iter+0x10c/0x130 <- backing_file_write_iter) result=0x1000
              dd-3420    [000] .....    15.493777: ovldiag_open: (ovl_open+0xb2/0x100 <- ovl_open_realfile) result=0xffff888007171d00
              dd-3420    [000] .....    15.493806: ovldiag_ensure: (ovl_write_iter+0xaf/0x130 <- ovl_ensure_upper_and_switch) result=0x0
              dd-3420    [000] .....    15.493822: ovldiag_write: (ovl_write_iter+0x10c/0x130 <- backing_file_write_iter) result=0x1000
             cat-3422    [000] .....    15.495317: ovldiag_open: (ovl_open+0xb2/0x100 <- ovl_open_realfile) result=0xffff888005c8c900
              dd-3426    [001] .....    15.497582: ovldiag_open: (ovl_open+0xb2/0x100 <- ovl_open_realfile) result=0xffff888005d64f00
              dd-3426    [001] .....    15.497614: ovldiag_ensure: (ovl_write_iter+0xaf/0x130 <- ovl_ensure_upper_and_switch) result=0x0
              dd-3426    [001] .....    15.497631: ovldiag_write: (ovl_write_iter+0x10c/0x130 <- backing_file_write_iter) result=0x1000
             cat-3425    [001] .....    15.498164: ovldiag_open: (ovl_open+0xb2/0x100 <- ovl_open_realfile) result=0xffff88800457b900
              dd-3431    [001] .....    15.500294: ovldiag_open: (ovl_open+0xb2/0x100 <- ovl_open_realfile) result=0xffff8880073c2500
              dd-3431    [001] .....    15.500325: ovldiag_ensure: (ovl_write_iter+0xaf/0x130 <- ovl_ensure_upper_and_switch) result=0x0
              dd-3431    [001] .....    15.500342: ovldiag_write: (ovl_write_iter+0x10c/0x130 <- backing_file_write_iter) result=0x1000
             cat-3430    [000] .....    15.501967: ovldiag_open: (ovl_open+0xb2/0x100 <- ovl_open_realfile) result=0xffff88800736e200
             cat-3432    [001] .....    15.503064: ovldiag_open: (ovl_open+0xb2/0x100 <- ovl_open_realfile) result=0xffff888005d39b00
              dd-3440    [000] .....    15.507390: ovldiag_open: (ovl_open+0xb2/0x100 <- ovl_open_realfile) result=0xffff88800dd11500
              dd-3440    [000] .....    15.507427: ovldiag_ensure: (ovl_write_iter+0xaf/0x130 <- ovl_ensure_upper_and_switch) result=0x0
              dd-3440    [000] .....    15.507441: ovldiag_write: (ovl_write_iter+0x10c/0x130 <- backing_file_write_iter) result=0x1000
             cat-3443    [001] .....    15.509308: ovldiag_open: (ovl_open+0xb2/0x100 <- ovl_open_realfile) result=0xffff88800457be00
              dd-3441    [001] .....    15.509573: ovldiag_open: (ovl_open+0xb2/0x100 <- ovl_open_realfile) result=0xffff88800457b800
              dd-3441    [001] .....    15.509600: ovldiag_ensure: (ovl_write_iter+0xaf/0x130 <- ovl_ensure_upper_and_switch) result=0x0
              dd-3441    [001] .....    15.509613: ovldiag_write: (ovl_write_iter+0x10c/0x130 <- backing_file_write_iter) result=0x1000
             cat-3444    [000] .....    15.509945: ovldiag_open: (ovl_open+0xb2/0x100 <- ovl_open_realfile) result=0xffff8880073a8e00
              dd-3448    [000] .....    15.513205: ovldiag_open: (ovl_open+0xb2/0x100 <- ovl_open_realfile) result=0xffff88800715d600
              dd-3448    [000] .....    15.513235: ovldiag_ensure: (ovl_write_iter+0xaf/0x130 <- ovl_ensure_upper_and_switch) result=0x0
              dd-3448    [000] .....    15.513249: ovldiag_write: (ovl_write_iter+0x10c/0x130 <- backing_file_write_iter) result=0x1000
             cat-3451    [001] .....    15.513658: ovldiag_open: (ovl_open+0xb2/0x100 <- ovl_open_realfile) result=0xffff8880043a2800
             cat-3450    [000] .....    15.515146: ovldiag_open: (ovl_open+0xb2/0x100 <- ovl_open_realfile) result=0xffff888007162300
              dd-3456    [000] .....    15.518732: ovldiag_open: (ovl_open+0xb2/0x100 <- ovl_open_realfile) result=0xffff888005c89300
              dd-3456    [000] .....    15.518776: ovldiag_ensure: (ovl_write_iter+0xaf/0x130 <- ovl_ensure_upper_and_switch) result=0x0
              dd-3456    [000] .....    15.518789: ovldiag_write: (ovl_write_iter+0x10c/0x130 <- backing_file_write_iter) result=0x1000
              dd-3460    [001] .....    15.521283: ovldiag_open: (ovl_open+0xb2/0x100 <- ovl_open_realfile) result=0xffff8880043a2b00
              dd-3460    [001] .....    15.521311: ovldiag_ensure: (ovl_write_iter+0xaf/0x130 <- ovl_ensure_upper_and_switch) result=0x0
              dd-3460    [001] .....    15.521328: ovldiag_write: (ovl_write_iter+0x10c/0x130 <- backing_file_write_iter) result=0x1000
             cat-3461    [000] .....    15.521677: ovldiag_open: (ovl_open+0xb2/0x100 <- ovl_open_realfile) result=0xffff88800724e200
             cat-3463    [001] .....    15.522964: ovldiag_open: (ovl_open+0xb2/0x100 <- ovl_open_realfile) result=0xffff8880072a6100
              dd-3465    [001] .....    15.525682: ovldiag_open: (ovl_open+0xb2/0x100 <- ovl_open_realfile) result=0xffff888005d89700
              dd-3465    [001] .....    15.525712: ovldiag_ensure: (ovl_write_iter+0xaf/0x130 <- ovl_ensure_upper_and_switch) result=0x0
              dd-3465    [001] .....    15.525730: ovldiag_write: (ovl_write_iter+0x10c/0x130 <- backing_file_write_iter) result=0x1000
             cat-3468    [000] .....    15.526842: ovldiag_open: (ovl_open+0xb2/0x100 <- ovl_open_realfile) result=0xffff8880047ff700
              dd-3473    [000] .....    15.529203: ovldiag_open: (ovl_open+0xb2/0x100 <- ovl_open_realfile) result=0xffff888007256400
              dd-3473    [000] .....    15.529233: ovldiag_ensure: (ovl_write_iter+0xaf/0x130 <- ovl_ensure_upper_and_switch) result=0x0
              dd-3473    [000] .....    15.529247: ovldiag_write: (ovl_write_iter+0x10c/0x130 <- backing_file_write_iter) result=0x1000
             cat-3469    [001] .....    15.529944: ovldiag_open: (ovl_open+0xb2/0x100 <- ovl_open_realfile) result=0xffff888005d9f600
              dd-3478    [000] .....    15.534032: ovldiag_open: (ovl_open+0xb2/0x100 <- ovl_open_realfile) result=0xffff88800d698400
              dd-3478    [000] .....    15.534061: ovldiag_ensure: (ovl_write_iter+0xaf/0x130 <- ovl_ensure_upper_and_switch) result=0x0
             cat-3477    [000] .....    15.534321: ovldiag_open: (ovl_open+0xb2/0x100 <- ovl_open_realfile) result=0xffff8880044a8400
              dd-3478    [000] .....    15.535111: ovldiag_write: (ovl_write_iter+0x10c/0x130 <- backing_file_write_iter) result=0x1000
             cat-3481    [001] .....    15.535675: ovldiag_open: (ovl_open+0xb2/0x100 <- ovl_open_realfile) result=0xffff888005d64400
              dd-3480    [000] .....    15.536576: ovldiag_open: (ovl_open+0xb2/0x100 <- ovl_open_realfile) result=0xffff888008944400
              dd-3480    [000] .....    15.536602: ovldiag_ensure: (ovl_write_iter+0xaf/0x130 <- ovl_ensure_upper_and_switch) result=0x0
              dd-3480    [000] .....    15.536615: ovldiag_write: (ovl_write_iter+0x10c/0x130 <- backing_file_write_iter) result=0x1000
             cat-3488    [001] .....    15.540859: ovldiag_open: (ovl_open+0xb2/0x100 <- ovl_open_realfile) result=0xffff88800361ea00
             cat-3489    [000] .....    15.540962: ovldiag_open: (ovl_open+0xb2/0x100 <- ovl_open_realfile) result=0xffff88800dd00400
              dd-3491    [000] .....    15.543132: ovldiag_open: (ovl_open+0xb2/0x100 <- ovl_open_realfile) result=0xffff888005ce2e00
              dd-3491    [000] .....    15.543160: ovldiag_ensure: (ovl_write_iter+0xaf/0x130 <- ovl_ensure_upper_and_switch) result=0x0
              dd-3491    [000] .....    15.543174: ovldiag_write: (ovl_write_iter+0x10c/0x130 <- backing_file_write_iter) result=0x1000
              dd-3493    [000] .....    15.544457: ovldiag_open: (ovl_open+0xb2/0x100 <- ovl_open_realfile) result=0xffff8880044a8f00
              dd-3493    [000] .....    15.544485: ovldiag_ensure: (ovl_write_iter+0xaf/0x130 <- ovl_ensure_upper_and_switch) result=0x0
              dd-3493    [000] .....    15.544498: ovldiag_write: (ovl_write_iter+0x10c/0x130 <- backing_file_write_iter) result=0x1000
             cat-3498    [000] .....    15.547829: ovldiag_open: (ovl_open+0xb2/0x100 <- ovl_open_realfile) result=0xffff88800361ed00
             cat-3499    [001] .....    15.548198: ovldiag_open: (ovl_open+0xb2/0x100 <- ovl_open_realfile) result=0xffff88800d4b7100
              dd-3501    [000] .....    15.549673: ovldiag_open: (ovl_open+0xb2/0x100 <- ovl_open_realfile) result=0xffff88800457b700
              dd-3501    [000] .....    15.549704: ovldiag_ensure: (ovl_write_iter+0xaf/0x130 <- ovl_ensure_upper_and_switch) result=0x0
              dd-3501    [000] .....    15.549716: ovldiag_write: (ovl_write_iter+0x10c/0x130 <- backing_file_write_iter) result=0x1000
              dd-3504    [001] .....    15.552763: ovldiag_open: (ovl_open+0xb2/0x100 <- ovl_open_realfile) result=0xffff8880072d8300
              dd-3504    [001] .....    15.552797: ovldiag_ensure: (ovl_write_iter+0xaf/0x130 <- ovl_ensure_upper_and_switch) result=0x0
              dd-3504    [001] .....    15.552814: ovldiag_write: (ovl_write_iter+0x10c/0x130 <- backing_file_write_iter) result=0x1000
             cat-3508    [000] .....    15.554237: ovldiag_open: (ovl_open+0xb2/0x100 <- ovl_open_realfile) result=0xffff88800461b300
             cat-3509    [001] .....    15.555904: ovldiag_open: (ovl_open+0xb2/0x100 <- ovl_open_realfile) result=0xffff888005cb7f00
              dd-3512    [000] .....    15.558335: ovldiag_open: (ovl_open+0xb2/0x100 <- ovl_open_realfile) result=0xffff8880043a2500
              dd-3512    [000] .....    15.558365: ovldiag_ensure: (ovl_write_iter+0xaf/0x130 <- ovl_ensure_upper_and_switch) result=0x0
              dd-3512    [000] .....    15.558378: ovldiag_write: (ovl_write_iter+0x10c/0x130 <- backing_file_write_iter) result=0x1000
             cat-3517    [000] .....    15.562265: ovldiag_open: (ovl_open+0xb2/0x100 <- ovl_open_realfile) result=0xffff88800893c700
              dd-3513    [000] .....    15.563814: ovldiag_open: (ovl_open+0xb2/0x100 <- ovl_open_realfile) result=0xffff888005d64c00
              dd-3513    [000] .....    15.563848: ovldiag_ensure: (ovl_write_iter+0xaf/0x130 <- ovl_ensure_upper_and_switch) result=0x0
              dd-3513    [000] .....    15.563865: ovldiag_write: (ovl_write_iter+0x10c/0x130 <- backing_file_write_iter) result=0x1000
              dd-3521    [000] .....    15.566502: ovldiag_open: (ovl_open+0xb2/0x100 <- ovl_open_realfile) result=0xffff8880043a2900
              dd-3521    [000] .....    15.566540: ovldiag_ensure: (ovl_write_iter+0xaf/0x130 <- ovl_ensure_upper_and_switch) result=0x0
              dd-3521    [000] .....    15.566552: ovldiag_write: (ovl_write_iter+0x10c/0x130 <- backing_file_write_iter) result=0x1000
             cat-3523    [001] .....    15.567051: ovldiag_open: (ovl_open+0xb2/0x100 <- ovl_open_realfile) result=0xffff888007162000
              dd-3526    [000] .....    15.570372: ovldiag_open: (ovl_open+0xb2/0x100 <- ovl_open_realfile) result=0xffff88800453e900
              dd-3526    [000] .....    15.570419: ovldiag_ensure: (ovl_write_iter+0xaf/0x130 <- ovl_ensure_upper_and_switch) result=0x0
              dd-3526    [000] .....    15.570432: ovldiag_write: (ovl_write_iter+0x10c/0x130 <- backing_file_write_iter) result=0x1000
             cat-3529    [001] .....    15.570447: ovldiag_open: (ovl_open+0xb2/0x100 <- ovl_open_realfile) result=0xffff8880072d8200
             cat-3531    [000] .....    15.572689: ovldiag_open: (ovl_open+0xb2/0x100 <- ovl_open_realfile) result=0xffff888004619a00
              dd-3534    [001] .....    15.575668: ovldiag_open: (ovl_open+0xb2/0x100 <- ovl_open_realfile) result=0xffff88800707bb00
              dd-3534    [001] .....    15.575718: ovldiag_ensure: (ovl_write_iter+0xaf/0x130 <- ovl_ensure_upper_and_switch) result=0x0
              dd-3534    [001] .....    15.575734: ovldiag_write: (ovl_write_iter+0x10c/0x130 <- backing_file_write_iter) result=0x1000
             cat-3537    [000] .....    15.576753: ovldiag_open: (ovl_open+0xb2/0x100 <- ovl_open_realfile) result=0xffff8880043a2100
             cat-3542    [001] .....    15.579386: ovldiag_open: (ovl_open+0xb2/0x100 <- ovl_open_realfile) result=0xffff88800707bb00
              dd-3541    [000] .....    15.580758: ovldiag_open: (ovl_open+0xb2/0x100 <- ovl_open_realfile) result=0xffff8880073a9600
              dd-3541    [000] .....    15.580796: ovldiag_ensure: (ovl_write_iter+0xaf/0x130 <- ovl_ensure_upper_and_switch) result=0x0
              dd-3541    [000] .....    15.580809: ovldiag_write: (ovl_write_iter+0x10c/0x130 <- backing_file_write_iter) result=0x1000
             cat-3547    [001] .....    15.583792: ovldiag_open: (ovl_open+0xb2/0x100 <- ovl_open_realfile) result=0xffff888005d38400
              dd-3546    [000] .....    15.584374: ovldiag_open: (ovl_open+0xb2/0x100 <- ovl_open_realfile) result=0xffff88800453ee00
              dd-3546    [000] .....    15.584421: ovldiag_ensure: (ovl_write_iter+0xaf/0x130 <- ovl_ensure_upper_and_switch) result=0x0
              dd-3546    [000] .....    15.584435: ovldiag_write: (ovl_write_iter+0x10c/0x130 <- backing_file_write_iter) result=0x1000
             cat-3551    [000] .....    15.587699: ovldiag_open: (ovl_open+0xb2/0x100 <- ovl_open_realfile) result=0xffff888007160200
              dd-3548    [000] .....    15.588105: ovldiag_open: (ovl_open+0xb2/0x100 <- ovl_open_realfile) result=0xffff888007248b00
              dd-3548    [000] .....    15.588136: ovldiag_ensure: (ovl_write_iter+0xaf/0x130 <- ovl_ensure_upper_and_switch) result=0x0
              dd-3548    [000] .....    15.588147: ovldiag_write: (ovl_write_iter+0x10c/0x130 <- backing_file_write_iter) result=0x1000
              dd-3554    [001] .....    15.589832: ovldiag_open: (ovl_open+0xb2/0x100 <- ovl_open_realfile) result=0xffff888005cb3200
              dd-3554    [001] .....    15.589876: ovldiag_ensure: (ovl_write_iter+0xaf/0x130 <- ovl_ensure_upper_and_switch) result=0x0
              dd-3554    [001] .....    15.589892: ovldiag_write: (ovl_write_iter+0x10c/0x130 <- backing_file_write_iter) result=0x1000
             cat-3556    [000] .....    15.590979: ovldiag_open: (ovl_open+0xb2/0x100 <- ovl_open_realfile) result=0xffff888007162300
             cat-3560    [000] .....    15.593786: ovldiag_open: (ovl_open+0xb2/0x100 <- ovl_open_realfile) result=0xffff88800461b500
             cat-3562    [001] .....    15.594185: ovldiag_open: (ovl_open+0xb2/0x100 <- ovl_open_realfile) result=0xffff888005c8c500
              dd-3563    [000] .....    15.597156: ovldiag_open: (ovl_open+0xb2/0x100 <- ovl_open_realfile) result=0xffff88800461be00
              dd-3563    [000] .....    15.597186: ovldiag_ensure: (ovl_write_iter+0xaf/0x130 <- ovl_ensure_upper_and_switch) result=0x0
              dd-3563    [000] .....    15.597199: ovldiag_write: (ovl_write_iter+0x10c/0x130 <- backing_file_write_iter) result=0x1000
              dd-3570    [000] .....    15.600746: ovldiag_open: (ovl_open+0xb2/0x100 <- ovl_open_realfile) result=0xffff888005d64100
              dd-3570    [000] .....    15.600778: ovldiag_ensure: (ovl_write_iter+0xaf/0x130 <- ovl_ensure_upper_and_switch) result=0x0
              dd-3570    [000] .....    15.600790: ovldiag_write: (ovl_write_iter+0x10c/0x130 <- backing_file_write_iter) result=0x1000
             cat-3571    [001] .....    15.601341: ovldiag_open: (ovl_open+0xb2/0x100 <- ovl_open_realfile) result=0xffff888007160100
             cat-3576    [001] .....    15.604063: ovldiag_open: (ovl_open+0xb2/0x100 <- ovl_open_realfile) result=0xffff888005c8c100
              dd-3573    [000] .....    15.604921: ovldiag_open: (ovl_open+0xb2/0x100 <- ovl_open_realfile) result=0xffff8880043ccf00
              dd-3573    [000] .....    15.604949: ovldiag_ensure: (ovl_write_iter+0xaf/0x130 <- ovl_ensure_upper_and_switch) result=0x0
              dd-3573    [000] .....    15.604961: ovldiag_write: (ovl_write_iter+0x10c/0x130 <- backing_file_write_iter) result=0x1000
              dd-3575    [001] .....    15.605421: ovldiag_open: (ovl_open+0xb2/0x100 <- ovl_open_realfile) result=0xffff888007171500
              dd-3575    [001] .....    15.605465: ovldiag_ensure: (ovl_write_iter+0xaf/0x130 <- ovl_ensure_upper_and_switch) result=0x0
              dd-3575    [001] .....    15.605483: ovldiag_write: (ovl_write_iter+0x10c/0x130 <- backing_file_write_iter) result=0x1000
             cat-3579    [001] .....    15.607035: ovldiag_open: (ovl_open+0xb2/0x100 <- ovl_open_realfile) result=0xffff8880073a8600
             cat-3580    [001] .....    15.609315: ovldiag_open: (ovl_open+0xb2/0x100 <- ovl_open_realfile) result=0xffff88800736eb00
              dd-3585    [000] .....    15.612292: ovldiag_open: (ovl_open+0xb2/0x100 <- ovl_open_realfile) result=0xffff8880043e0f00
              dd-3585    [000] .....    15.612325: ovldiag_ensure: (ovl_write_iter+0xaf/0x130 <- ovl_ensure_upper_and_switch) result=0x0
              dd-3585    [000] .....    15.612340: ovldiag_write: (ovl_write_iter+0x10c/0x130 <- backing_file_write_iter) result=0x1000
              dd-3590    [000] .....    15.615052: ovldiag_open: (ovl_open+0xb2/0x100 <- ovl_open_realfile) result=0xffff88800707bc00
              dd-3590    [000] .....    15.615187: ovldiag_ensure: (ovl_write_iter+0xaf/0x130 <- ovl_ensure_upper_and_switch) result=0x0
              dd-3590    [000] .....    15.615200: ovldiag_write: (ovl_write_iter+0x10c/0x130 <- backing_file_write_iter) result=0x1000
             cat-3591    [001] .....    15.615729: ovldiag_open: (ovl_open+0xb2/0x100 <- ovl_open_realfile) result=0xffff888004619400
             cat-3593    [000] .....    15.617377: ovldiag_open: (ovl_open+0xb2/0x100 <- ovl_open_realfile) result=0xffff888005cb3800
             cat-3597    [000] .....    15.620350: ovldiag_open: (ovl_open+0xb2/0x100 <- ovl_open_realfile) result=0xffff888005d38c00
              dd-3600    [001] .....    15.622002: ovldiag_open: (ovl_open+0xb2/0x100 <- ovl_open_realfile) result=0xffff888008944600
              dd-3600    [001] .....    15.622035: ovldiag_ensure: (ovl_write_iter+0xaf/0x130 <- ovl_ensure_upper_and_switch) result=0x0
              dd-3600    [001] .....    15.622053: ovldiag_write: (ovl_write_iter+0x10c/0x130 <- backing_file_write_iter) result=0x1000
             cat-3598    [001] .....    15.622827: ovldiag_open: (ovl_open+0xb2/0x100 <- ovl_open_realfile) result=0xffff8880073a8900
              dd-3602    [001] .....    15.623798: ovldiag_open: (ovl_open+0xb2/0x100 <- ovl_open_realfile) result=0xffff88800707b900
              dd-3602    [001] .....    15.623828: ovldiag_ensure: (ovl_write_iter+0xaf/0x130 <- ovl_ensure_upper_and_switch) result=0x0
              dd-3602    [001] .....    15.623846: ovldiag_write: (ovl_write_iter+0x10c/0x130 <- backing_file_write_iter) result=0x1000
             cat-3607    [001] .....    15.625933: ovldiag_open: (ovl_open+0xb2/0x100 <- ovl_open_realfile) result=0xffff8880043a2b00
              dd-3608    [001] .....    15.629671: ovldiag_open: (ovl_open+0xb2/0x100 <- ovl_open_realfile) result=0xffff888007160700
              dd-3608    [001] .....    15.629711: ovldiag_ensure: (ovl_write_iter+0xaf/0x130 <- ovl_ensure_upper_and_switch) result=0x0
              dd-3608    [001] .....    15.629727: ovldiag_write: (ovl_write_iter+0x10c/0x130 <- backing_file_write_iter) result=0x1000
              dd-3610    [000] .....    15.630382: ovldiag_open: (ovl_open+0xb2/0x100 <- ovl_open_realfile) result=0xffff88800dcea500
              dd-3610    [000] .....    15.630427: ovldiag_ensure: (ovl_write_iter+0xaf/0x130 <- ovl_ensure_upper_and_switch) result=0x0
              dd-3610    [000] .....    15.630440: ovldiag_write: (ovl_write_iter+0x10c/0x130 <- backing_file_write_iter) result=0x1000
             cat-3615    [001] .....    15.632336: ovldiag_open: (ovl_open+0xb2/0x100 <- ovl_open_realfile) result=0xffff8880046d8000
             cat-3617    [000] .....    15.634371: ovldiag_open: (ovl_open+0xb2/0x100 <- ovl_open_realfile) result=0xffff888005d64d00
              dd-3620    [001] .....    15.636504: ovldiag_open: (ovl_open+0xb2/0x100 <- ovl_open_realfile) result=0xffff88800de8ef00
              dd-3620    [001] .....    15.636532: ovldiag_ensure: (ovl_write_iter+0xaf/0x130 <- ovl_ensure_upper_and_switch) result=0x0
              dd-3620    [001] .....    15.636549: ovldiag_write: (ovl_write_iter+0x10c/0x130 <- backing_file_write_iter) result=0x1000
             cat-3622    [000] .....    15.638167: ovldiag_open: (ovl_open+0xb2/0x100 <- ovl_open_realfile) result=0xffff8880047ff500
             cat-3625    [001] .....    15.639306: ovldiag_open: (ovl_open+0xb2/0x100 <- ovl_open_realfile) result=0xffff888004619500
              dd-3624    [000] .....    15.641312: ovldiag_open: (ovl_open+0xb2/0x100 <- ovl_open_realfile) result=0xffff88800700f000
              dd-3624    [000] .....    15.641339: ovldiag_ensure: (ovl_write_iter+0xaf/0x130 <- ovl_ensure_upper_and_switch) result=0x0
              dd-3624    [000] .....    15.641351: ovldiag_write: (ovl_write_iter+0x10c/0x130 <- backing_file_write_iter) result=0x1000
             cat-3628    [001] .....    15.643622: ovldiag_open: (ovl_open+0xb2/0x100 <- ovl_open_realfile) result=0xffff888004305f00
             cat-3632    [000] .....    15.644473: ovldiag_open: (ovl_open+0xb2/0x100 <- ovl_open_realfile) result=0xffff888003761d00
              dd-3634    [000] .....    15.646665: ovldiag_open: (ovl_open+0xb2/0x100 <- ovl_open_realfile) result=0xffff8880072a6000
              dd-3634    [000] .....    15.646695: ovldiag_ensure: (ovl_write_iter+0xaf/0x130 <- ovl_ensure_upper_and_switch) result=0x0
              dd-3634    [000] .....    15.646707: ovldiag_write: (ovl_write_iter+0x10c/0x130 <- backing_file_write_iter) result=0x1000
              dd-3636    [001] .....    15.647782: ovldiag_open: (ovl_open+0xb2/0x100 <- ovl_open_realfile) result=0xffff8880043a2000
              dd-3636    [001] .....    15.647820: ovldiag_ensure: (ovl_write_iter+0xaf/0x130 <- ovl_ensure_upper_and_switch) result=0x0
              dd-3636    [001] .....    15.647837: ovldiag_write: (ovl_write_iter+0x10c/0x130 <- backing_file_write_iter) result=0x1000
             cat-3640    [000] .....    15.650508: ovldiag_open: (ovl_open+0xb2/0x100 <- ovl_open_realfile) result=0xffff88800dcea000
              dd-3642    [000] .....    15.651868: ovldiag_open: (ovl_open+0xb2/0x100 <- ovl_open_realfile) result=0xffff888005dca400
              dd-3642    [000] .....    15.651897: ovldiag_ensure: (ovl_write_iter+0xaf/0x130 <- ovl_ensure_upper_and_switch) result=0x0
              dd-3642    [000] .....    15.651911: ovldiag_write: (ovl_write_iter+0x10c/0x130 <- backing_file_write_iter) result=0x1000
             cat-3644    [000] .....    15.654138: ovldiag_open: (ovl_open+0xb2/0x100 <- ovl_open_realfile) result=0xffff88800ddc3b00
             cat-3647    [000] .....    15.655258: ovldiag_open: (ovl_open+0xb2/0x100 <- ovl_open_realfile) result=0xffff8880046d8200
              dd-3649    [000] .....    15.658096: ovldiag_open: (ovl_open+0xb2/0x100 <- ovl_open_realfile) result=0xffff8880073a8400
              dd-3649    [000] .....    15.658127: ovldiag_ensure: (ovl_write_iter+0xaf/0x130 <- ovl_ensure_upper_and_switch) result=0x0
              dd-3649    [000] .....    15.658149: ovldiag_write: (ovl_write_iter+0x10c/0x130 <- backing_file_write_iter) result=0x1000
             cat-3651    [001] .....    15.659240: ovldiag_open: (ovl_open+0xb2/0x100 <- ovl_open_realfile) result=0xffff88800724ee00
              dd-3654    [000] .....    15.662374: ovldiag_open: (ovl_open+0xb2/0x100 <- ovl_open_realfile) result=0xffff88800715d800
              dd-3654    [000] .....    15.662424: ovldiag_ensure: (ovl_write_iter+0xaf/0x130 <- ovl_ensure_upper_and_switch) result=0x0
              dd-3654    [000] .....    15.662437: ovldiag_write: (ovl_write_iter+0x10c/0x130 <- backing_file_write_iter) result=0x1000
             cat-3657    [000] .....    15.663279: ovldiag_open: (ovl_open+0xb2/0x100 <- ovl_open_realfile) result=0xffff888007162000
              dd-3658    [000] .....    15.665936: ovldiag_open: (ovl_open+0xb2/0x100 <- ovl_open_realfile) result=0xffff8880047ff500
              dd-3658    [000] .....    15.665977: ovldiag_ensure: (ovl_write_iter+0xaf/0x130 <- ovl_ensure_upper_and_switch) result=0x0
              dd-3658    [000] .....    15.665991: ovldiag_write: (ovl_write_iter+0x10c/0x130 <- backing_file_write_iter) result=0x1000
             cat-3664    [000] .....    15.668800: ovldiag_open: (ovl_open+0xb2/0x100 <- ovl_open_realfile) result=0xffff88800453e600
              dd-3663    [000] .....    15.668949: ovldiag_open: (ovl_open+0xb2/0x100 <- ovl_open_realfile) result=0xffff88800453e300
              dd-3663    [000] .....    15.668991: ovldiag_ensure: (ovl_write_iter+0xaf/0x130 <- ovl_ensure_upper_and_switch) result=0x0
              dd-3663    [000] .....    15.669004: ovldiag_write: (ovl_write_iter+0x10c/0x130 <- backing_file_write_iter) result=0x1000
             cat-3665    [001] .....    15.669109: ovldiag_open: (ovl_open+0xb2/0x100 <- ovl_open_realfile) result=0xffff88800715dc00
             cat-3669    [001] .....    15.673542: ovldiag_open: (ovl_open+0xb2/0x100 <- ovl_open_realfile) result=0xffff8880073a8400
              dd-3674    [000] .....    15.676622: ovldiag_open: (ovl_open+0xb2/0x100 <- ovl_open_realfile) result=0xffff8880073a9000
              dd-3674    [000] .....    15.676651: ovldiag_ensure: (ovl_write_iter+0xaf/0x130 <- ovl_ensure_upper_and_switch) result=0x0
              dd-3674    [000] .....    15.676664: ovldiag_write: (ovl_write_iter+0x10c/0x130 <- backing_file_write_iter) result=0x1000
             cat-3673    [000] .....    15.677174: ovldiag_open: (ovl_open+0xb2/0x100 <- ovl_open_realfile) result=0xffff8880046f1900
              dd-3677    [001] .....    15.677950: ovldiag_open: (ovl_open+0xb2/0x100 <- ovl_open_realfile) result=0xffff888007256d00
              dd-3677    [001] .....    15.677983: ovldiag_ensure: (ovl_write_iter+0xaf/0x130 <- ovl_ensure_upper_and_switch) result=0x0
              dd-3677    [001] .....    15.678001: ovldiag_write: (ovl_write_iter+0x10c/0x130 <- backing_file_write_iter) result=0x1000
             cat-3682    [000] .....    15.681292: ovldiag_open: (ovl_open+0xb2/0x100 <- ovl_open_realfile) result=0xffff888005c8cc00
             cat-3684    [001] .....    15.682626: ovldiag_open: (ovl_open+0xb2/0x100 <- ovl_open_realfile) result=0xffff888007162900
             cat-3683    [000] .....    15.683434: ovldiag_open: (ovl_open+0xb2/0x100 <- ovl_open_realfile) result=0xffff88800715d300
              dd-3686    [001] .....    15.684369: ovldiag_open: (ovl_open+0xb2/0x100 <- ovl_open_realfile) result=0xffff888005dcac00
              dd-3686    [001] .....    15.684400: ovldiag_ensure: (ovl_write_iter+0xaf/0x130 <- ovl_ensure_upper_and_switch) result=0x0
              dd-3686    [001] .....    15.684427: ovldiag_write: (ovl_write_iter+0x10c/0x130 <- backing_file_write_iter) result=0x1000
             cat-3692    [001] .....    15.688693: ovldiag_open: (ovl_open+0xb2/0x100 <- ovl_open_realfile) result=0xffff888004619400
              dd-3689    [000] .....    15.689278: ovldiag_open: (ovl_open+0xb2/0x100 <- ovl_open_realfile) result=0xffff8880073a9c00
              dd-3689    [000] .....    15.689309: ovldiag_ensure: (ovl_write_iter+0xaf/0x130 <- ovl_ensure_upper_and_switch) result=0x0
              dd-3689    [000] .....    15.689324: ovldiag_write: (ovl_write_iter+0x10c/0x130 <- backing_file_write_iter) result=0x1000
              dd-3698    [000] .....    15.692689: ovldiag_open: (ovl_open+0xb2/0x100 <- ovl_open_realfile) result=0xffff8880044a8b00
              dd-3698    [000] .....    15.692717: ovldiag_ensure: (ovl_write_iter+0xaf/0x130 <- ovl_ensure_upper_and_switch) result=0x0
              dd-3698    [000] .....    15.692730: ovldiag_write: (ovl_write_iter+0x10c/0x130 <- backing_file_write_iter) result=0x1000
              dd-3697    [001] .....    15.693104: ovldiag_open: (ovl_open+0xb2/0x100 <- ovl_open_realfile) result=0xffff8880046d8700
              dd-3697    [001] .....    15.693137: ovldiag_ensure: (ovl_write_iter+0xaf/0x130 <- ovl_ensure_upper_and_switch) result=0x0
              dd-3697    [001] .....    15.693155: ovldiag_write: (ovl_write_iter+0x10c/0x130 <- backing_file_write_iter) result=0x1000
             cat-3701    [000] .....    15.694298: ovldiag_open: (ovl_open+0xb2/0x100 <- ovl_open_realfile) result=0xffff888007256c00
             cat-3703    [001] .....    15.696171: ovldiag_open: (ovl_open+0xb2/0x100 <- ovl_open_realfile) result=0xffff888005d89100
             cat-3706    [000] .....    15.698775: ovldiag_open: (ovl_open+0xb2/0x100 <- ovl_open_realfile) result=0xffff8880072a6e00
              dd-3709    [001] .....    15.699971: ovldiag_open: (ovl_open+0xb2/0x100 <- ovl_open_realfile) result=0xffff888004305300
              dd-3709    [001] .....    15.700000: ovldiag_ensure: (ovl_write_iter+0xaf/0x130 <- ovl_ensure_upper_and_switch) result=0x0
              dd-3709    [001] .....    15.700019: ovldiag_write: (ovl_write_iter+0x10c/0x130 <- backing_file_write_iter) result=0x1000
             cat-3711    [001] .....    15.701445: ovldiag_open: (ovl_open+0xb2/0x100 <- ovl_open_realfile) result=0xffff88800700f400
              dd-3714    [001] .....    15.704218: ovldiag_open: (ovl_open+0xb2/0x100 <- ovl_open_realfile) result=0xffff888007160300
              dd-3714    [001] .....    15.704252: ovldiag_ensure: (ovl_write_iter+0xaf/0x130 <- ovl_ensure_upper_and_switch) result=0x0
              dd-3714    [001] .....    15.704269: ovldiag_write: (ovl_write_iter+0x10c/0x130 <- backing_file_write_iter) result=0x1000
             cat-3719    [001] .....    15.707951: ovldiag_open: (ovl_open+0xb2/0x100 <- ovl_open_realfile) result=0xffff888007256100
              dd-3720    [000] .....    15.708202: ovldiag_open: (ovl_open+0xb2/0x100 <- ovl_open_realfile) result=0xffff888007107d00
              dd-3720    [000] .....    15.708234: ovldiag_ensure: (ovl_write_iter+0xaf/0x130 <- ovl_ensure_upper_and_switch) result=0x0
              dd-3720    [000] .....    15.708248: ovldiag_write: (ovl_write_iter+0x10c/0x130 <- backing_file_write_iter) result=0x1000
             cat-3721    [000] .....    15.709317: ovldiag_open: (ovl_open+0xb2/0x100 <- ovl_open_realfile) result=0xffff88800447f400
              dd-3718    [000] .....    15.710542: ovldiag_open: (ovl_open+0xb2/0x100 <- ovl_open_realfile) result=0xffff88800715d500
              dd-3718    [000] .....    15.710577: ovldiag_ensure: (ovl_write_iter+0xaf/0x130 <- ovl_ensure_upper_and_switch) result=0x0
              dd-3718    [000] .....    15.710590: ovldiag_write: (ovl_write_iter+0x10c/0x130 <- backing_file_write_iter) result=0x1000
             cat-3725    [000] .....    15.711942: ovldiag_open: (ovl_open+0xb2/0x100 <- ovl_open_realfile) result=0xffff888007162c00
             cat-3727    [001] .....    15.712574: ovldiag_open: (ovl_open+0xb2/0x100 <- ovl_open_realfile) result=0xffff88800724ea00
              dd-3730    [001] .....    15.716789: ovldiag_open: (ovl_open+0xb2/0x100 <- ovl_open_realfile) result=0xffff8880046d8200
              dd-3730    [001] .....    15.716829: ovldiag_ensure: (ovl_write_iter+0xaf/0x130 <- ovl_ensure_upper_and_switch) result=0x0
              dd-3730    [001] .....    15.716847: ovldiag_write: (ovl_write_iter+0x10c/0x130 <- backing_file_write_iter) result=0x1000
              dd-3732    [000] .....    15.719581: ovldiag_open: (ovl_open+0xb2/0x100 <- ovl_open_realfile) result=0xffff88800707b400
              dd-3732    [000] .....    15.719614: ovldiag_ensure: (ovl_write_iter+0xaf/0x130 <- ovl_ensure_upper_and_switch) result=0x0
              dd-3732    [000] .....    15.719626: ovldiag_write: (ovl_write_iter+0x10c/0x130 <- backing_file_write_iter) result=0x1000
             cat-3737    [001] .....    15.720218: ovldiag_open: (ovl_open+0xb2/0x100 <- ovl_open_realfile) result=0xffff88800dde2400
              dd-3740    [000] .....    15.722578: ovldiag_open: (ovl_open+0xb2/0x100 <- ovl_open_realfile) result=0xffff88800715d800
              dd-3740    [000] .....    15.722611: ovldiag_ensure: (ovl_write_iter+0xaf/0x130 <- ovl_ensure_upper_and_switch) result=0x0
              dd-3740    [000] .....    15.722625: ovldiag_write: (ovl_write_iter+0x10c/0x130 <- backing_file_write_iter) result=0x1000
             cat-3742    [000] .....    15.724154: ovldiag_open: (ovl_open+0xb2/0x100 <- ovl_open_realfile) result=0xffff88800893c300
             cat-3744    [000] .....    15.725542: ovldiag_open: (ovl_open+0xb2/0x100 <- ovl_open_realfile) result=0xffff888004619a00
             cat-3746    [001] .....    15.726941: ovldiag_open: (ovl_open+0xb2/0x100 <- ovl_open_realfile) result=0xffff888005cb7b00
              dd-3747    [001] .....    15.729912: ovldiag_open: (ovl_open+0xb2/0x100 <- ovl_open_realfile) result=0xffff8880073a8800
              dd-3747    [001] .....    15.729950: ovldiag_ensure: (ovl_write_iter+0xaf/0x130 <- ovl_ensure_upper_and_switch) result=0x0
              dd-3747    [001] .....    15.729968: ovldiag_write: (ovl_write_iter+0x10c/0x130 <- backing_file_write_iter) result=0x1000
              dd-3752    [000] .....    15.731922: ovldiag_open: (ovl_open+0xb2/0x100 <- ovl_open_realfile) result=0xffff88800893c600
              dd-3752    [000] .....    15.731949: ovldiag_ensure: (ovl_write_iter+0xaf/0x130 <- ovl_ensure_upper_and_switch) result=0x0
              dd-3752    [000] .....    15.731964: ovldiag_write: (ovl_write_iter+0x10c/0x130 <- backing_file_write_iter) result=0x1000
             cat-3751    [001] .....    15.732614: ovldiag_open: (ovl_open+0xb2/0x100 <- ovl_open_realfile) result=0xffff888007171e00
              dd-3756    [001] .....    15.734570: ovldiag_open: (ovl_open+0xb2/0x100 <- ovl_open_realfile) result=0xffff88800453e600
              dd-3756    [001] .....    15.734602: ovldiag_ensure: (ovl_write_iter+0xaf/0x130 <- ovl_ensure_upper_and_switch) result=0x0
              dd-3756    [001] .....    15.734619: ovldiag_write: (ovl_write_iter+0x10c/0x130 <- backing_file_write_iter) result=0x1000
             cat-3759    [000] .....    15.737279: ovldiag_open: (ovl_open+0xb2/0x100 <- ovl_open_realfile) result=0xffff88800dcef200
              dd-3761    [001] .....    15.738160: ovldiag_open: (ovl_open+0xb2/0x100 <- ovl_open_realfile) result=0xffff888005cb3d00
              dd-3761    [001] .....    15.738191: ovldiag_ensure: (ovl_write_iter+0xaf/0x130 <- ovl_ensure_upper_and_switch) result=0x0
              dd-3761    [001] .....    15.738208: ovldiag_write: (ovl_write_iter+0x10c/0x130 <- backing_file_write_iter) result=0x1000
             cat-3765    [000] .....    15.740670: ovldiag_open: (ovl_open+0xb2/0x100 <- ovl_open_realfile) result=0xffff8880043ccb00
             cat-3767    [000] .....    15.741885: ovldiag_open: (ovl_open+0xb2/0x100 <- ovl_open_realfile) result=0xffff888007162c00
              dd-3770    [000] .....    15.745766: ovldiag_open: (ovl_open+0xb2/0x100 <- ovl_open_realfile) result=0xffff888007058300
              dd-3770    [000] .....    15.745795: ovldiag_ensure: (ovl_write_iter+0xaf/0x130 <- ovl_ensure_upper_and_switch) result=0x0
              dd-3770    [000] .....    15.745808: ovldiag_write: (ovl_write_iter+0x10c/0x130 <- backing_file_write_iter) result=0x1000
             cat-3773    [000] .....    15.747614: ovldiag_open: (ovl_open+0xb2/0x100 <- ovl_open_realfile) result=0xffff8880044a8a00
              dd-3775    [001] .....    15.748815: ovldiag_open: (ovl_open+0xb2/0x100 <- ovl_open_realfile) result=0xffff8880072d8300
              dd-3775    [001] .....    15.748849: ovldiag_ensure: (ovl_write_iter+0xaf/0x130 <- ovl_ensure_upper_and_switch) result=0x0
              dd-3775    [001] .....    15.748865: ovldiag_write: (ovl_write_iter+0x10c/0x130 <- backing_file_write_iter) result=0x1000
             cat-3776    [000] .....    15.748935: ovldiag_open: (ovl_open+0xb2/0x100 <- ovl_open_realfile) result=0xffff8880043cc900
              dd-3777    [001] .....    15.749434: ovldiag_open: (ovl_open+0xb2/0x100 <- ovl_open_realfile) result=0xffff88800893ce00
              dd-3777    [001] .....    15.749458: ovldiag_ensure: (ovl_write_iter+0xaf/0x130 <- ovl_ensure_upper_and_switch) result=0x0
              dd-3777    [001] .....    15.749470: ovldiag_write: (ovl_write_iter+0x10c/0x130 <- backing_file_write_iter) result=0x1000
             cat-3782    [000] .....    15.753037: ovldiag_open: (ovl_open+0xb2/0x100 <- ovl_open_realfile) result=0xffff888004619900
              dd-3783    [001] .....    15.753679: ovldiag_open: (ovl_open+0xb2/0x100 <- ovl_open_realfile) result=0xffff888005cb3300
              dd-3783    [001] .....    15.753710: ovldiag_ensure: (ovl_write_iter+0xaf/0x130 <- ovl_ensure_upper_and_switch) result=0x0
              dd-3783    [001] .....    15.753728: ovldiag_write: (ovl_write_iter+0x10c/0x130 <- backing_file_write_iter) result=0x1000
             cat-3784    [001] .....    15.754814: ovldiag_open: (ovl_open+0xb2/0x100 <- ovl_open_realfile) result=0xffff88800715df00
             cat-3791    [000] .....    15.759162: ovldiag_open: (ovl_open+0xb2/0x100 <- ovl_open_realfile) result=0xffff888007059700
              dd-3794    [001] .....    15.760918: ovldiag_open: (ovl_open+0xb2/0x100 <- ovl_open_realfile) result=0xffff888007171d00
              dd-3794    [001] .....    15.760949: ovldiag_ensure: (ovl_write_iter+0xaf/0x130 <- ovl_ensure_upper_and_switch) result=0x0
              dd-3794    [001] .....    15.760982: ovldiag_write: (ovl_write_iter+0x10c/0x130 <- backing_file_write_iter) result=0x1000
              dd-3797    [001] .....    15.762704: ovldiag_open: (ovl_open+0xb2/0x100 <- ovl_open_realfile) result=0xffff88800707b100
              dd-3797    [001] .....    15.762731: ovldiag_ensure: (ovl_write_iter+0xaf/0x130 <- ovl_ensure_upper_and_switch) result=0x0
              dd-3797    [001] .....    15.762748: ovldiag_write: (ovl_write_iter+0x10c/0x130 <- backing_file_write_iter) result=0x1000
             cat-3799    [000] .....    15.764413: ovldiag_open: (ovl_open+0xb2/0x100 <- ovl_open_realfile) result=0xffff888007107800
              dd-3800    [001] .....    15.765428: ovldiag_open: (ovl_open+0xb2/0x100 <- ovl_open_realfile) result=0xffff88800724e700
              dd-3800    [001] .....    15.765459: ovldiag_ensure: (ovl_write_iter+0xaf/0x130 <- ovl_ensure_upper_and_switch) result=0x0
              dd-3800    [001] .....    15.765477: ovldiag_write: (ovl_write_iter+0x10c/0x130 <- backing_file_write_iter) result=0x1000
             cat-3802    [001] .....    15.767522: ovldiag_open: (ovl_open+0xb2/0x100 <- ovl_open_realfile) result=0xffff888005d46b00
             cat-3804    [001] .....    15.768674: ovldiag_open: (ovl_open+0xb2/0x100 <- ovl_open_realfile) result=0xffff88800707b400
             cat-3806    [001] .....    15.769947: ovldiag_open: (ovl_open+0xb2/0x100 <- ovl_open_realfile) result=0xffff8880043a2200
              dd-3809    [001] .....    15.772977: ovldiag_open: (ovl_open+0xb2/0x100 <- ovl_open_realfile) result=0xffff8880045a3500
              dd-3809    [001] .....    15.773007: ovldiag_ensure: (ovl_write_iter+0xaf/0x130 <- ovl_ensure_upper_and_switch) result=0x0
              dd-3809    [001] .....    15.773024: ovldiag_write: (ovl_write_iter+0x10c/0x130 <- backing_file_write_iter) result=0x1000
             cat-3813    [000] .....    15.774750: ovldiag_open: (ovl_open+0xb2/0x100 <- ovl_open_realfile) result=0xffff888008944100
              dd-3818    [001] .....    15.776985: ovldiag_open: (ovl_open+0xb2/0x100 <- ovl_open_realfile) result=0xffff888005d89100
              dd-3818    [001] .....    15.777012: ovldiag_ensure: (ovl_write_iter+0xaf/0x130 <- ovl_ensure_upper_and_switch) result=0x0
              dd-3818    [001] .....    15.777030: ovldiag_write: (ovl_write_iter+0x10c/0x130 <- backing_file_write_iter) result=0x1000
              dd-3817    [000] .....    15.777556: ovldiag_open: (ovl_open+0xb2/0x100 <- ovl_open_realfile) result=0xffff8880047ffa00
              dd-3817    [000] .....    15.777586: ovldiag_ensure: (ovl_write_iter+0xaf/0x130 <- ovl_ensure_upper_and_switch) result=0x0
              dd-3817    [000] .....    15.777602: ovldiag_write: (ovl_write_iter+0x10c/0x130 <- backing_file_write_iter) result=0x1000
             cat-3820    [001] .....    15.780804: ovldiag_open: (ovl_open+0xb2/0x100 <- ovl_open_realfile) result=0xffff888007248600
             cat-3824    [000] .....    15.781040: ovldiag_open: (ovl_open+0xb2/0x100 <- ovl_open_realfile) result=0xffff888005cb7000
              dd-3823    [000] .....    15.781972: ovldiag_open: (ovl_open+0xb2/0x100 <- ovl_open_realfile) result=0xffff8880046d8600
              dd-3823    [000] .....    15.782001: ovldiag_ensure: (ovl_write_iter+0xaf/0x130 <- ovl_ensure_upper_and_switch) result=0x0
              dd-3823    [000] .....    15.782012: ovldiag_write: (ovl_write_iter+0x10c/0x130 <- backing_file_write_iter) result=0x1000
             cat-3825    [001] .....    15.782192: ovldiag_open: (ovl_open+0xb2/0x100 <- ovl_open_realfile) result=0xffff888005ccb100
              dd-3833    [000] .....    15.788239: ovldiag_open: (ovl_open+0xb2/0x100 <- ovl_open_realfile) result=0xffff88800724ee00
              dd-3833    [000] .....    15.788267: ovldiag_ensure: (ovl_write_iter+0xaf/0x130 <- ovl_ensure_upper_and_switch) result=0x0
              dd-3833    [000] .....    15.788279: ovldiag_write: (ovl_write_iter+0x10c/0x130 <- backing_file_write_iter) result=0x1000
             cat-3832    [001] .....    15.789350: ovldiag_open: (ovl_open+0xb2/0x100 <- ovl_open_realfile) result=0xffff888007160f00
              dd-3836    [000] .....    15.791738: ovldiag_open: (ovl_open+0xb2/0x100 <- ovl_open_realfile) result=0xffff8880073a9600
              dd-3836    [000] .....    15.791768: ovldiag_ensure: (ovl_write_iter+0xaf/0x130 <- ovl_ensure_upper_and_switch) result=0x0
              dd-3836    [000] .....    15.791782: ovldiag_write: (ovl_write_iter+0x10c/0x130 <- backing_file_write_iter) result=0x1000
              dd-3837    [000] .....    15.791934: ovldiag_open: (ovl_open+0xb2/0x100 <- ovl_open_realfile) result=0xffff8880073a9600
              dd-3837    [000] .....    15.791959: ovldiag_ensure: (ovl_write_iter+0xaf/0x130 <- ovl_ensure_upper_and_switch) result=0x0
              dd-3837    [000] .....    15.791965: ovldiag_write: (ovl_write_iter+0x10c/0x130 <- backing_file_write_iter) result=0x1000
             cat-3841    [000] .....    15.794355: ovldiag_open: (ovl_open+0xb2/0x100 <- ovl_open_realfile) result=0xffff888008944900
             cat-3843    [001] .....    15.796197: ovldiag_open: (ovl_open+0xb2/0x100 <- ovl_open_realfile) result=0xffff88800707bb00
              dd-3844    [001] .....    15.796868: ovldiag_open: (ovl_open+0xb2/0x100 <- ovl_open_realfile) result=0xffff88800707b400
              dd-3844    [001] .....    15.796899: ovldiag_ensure: (ovl_write_iter+0xaf/0x130 <- ovl_ensure_upper_and_switch) result=0x0
              dd-3844    [001] .....    15.796913: ovldiag_write: (ovl_write_iter+0x10c/0x130 <- backing_file_write_iter) result=0x1000
             cat-3846    [000] .....    15.797532: ovldiag_open: (ovl_open+0xb2/0x100 <- ovl_open_realfile) result=0xffff8880073a8200
              dd-3852    [000] .....    15.801305: ovldiag_open: (ovl_open+0xb2/0x100 <- ovl_open_realfile) result=0xffff888005d64f00
              dd-3852    [000] .....    15.801337: ovldiag_ensure: (ovl_write_iter+0xaf/0x130 <- ovl_ensure_upper_and_switch) result=0x0
              dd-3852    [000] .....    15.801350: ovldiag_write: (ovl_write_iter+0x10c/0x130 <- backing_file_write_iter) result=0x1000
             cat-3851    [001] .....    15.801580: ovldiag_open: (ovl_open+0xb2/0x100 <- ovl_open_realfile) result=0xffff8880044a8e00
              dd-3857    [001] .....    15.805178: ovldiag_open: (ovl_open+0xb2/0x100 <- ovl_open_realfile) result=0xffff88800893c700
              dd-3857    [001] .....    15.805210: ovldiag_ensure: (ovl_write_iter+0xaf/0x130 <- ovl_ensure_upper_and_switch) result=0x0
              dd-3857    [001] .....    15.805227: ovldiag_write: (ovl_write_iter+0x10c/0x130 <- backing_file_write_iter) result=0x1000
             cat-3860    [001] .....    15.807447: ovldiag_open: (ovl_open+0xb2/0x100 <- ovl_open_realfile) result=0xffff888007162600
              dd-3861    [000] .....    15.808569: ovldiag_open: (ovl_open+0xb2/0x100 <- ovl_open_realfile) result=0xffff888007160400
              dd-3861    [000] .....    15.808599: ovldiag_ensure: (ovl_write_iter+0xaf/0x130 <- ovl_ensure_upper_and_switch) result=0x0
              dd-3861    [000] .....    15.808611: ovldiag_write: (ovl_write_iter+0x10c/0x130 <- backing_file_write_iter) result=0x1000
             cat-3863    [000] .....    15.809738: ovldiag_open: (ovl_open+0xb2/0x100 <- ovl_open_realfile) result=0xffff8880072a6700
              dd-3867    [001] .....    15.812679: ovldiag_open: (ovl_open+0xb2/0x100 <- ovl_open_realfile) result=0xffff8880073a8d00
              dd-3867    [001] .....    15.812710: ovldiag_ensure: (ovl_write_iter+0xaf/0x130 <- ovl_ensure_upper_and_switch) result=0x0
              dd-3867    [001] .....    15.812728: ovldiag_write: (ovl_write_iter+0x10c/0x130 <- backing_file_write_iter) result=0x1000
             cat-3868    [001] .....    15.813671: ovldiag_open: (ovl_open+0xb2/0x100 <- ovl_open_realfile) result=0xffff8880043e0700
             cat-3870    [000] .....    15.814655: ovldiag_open: (ovl_open+0xb2/0x100 <- ovl_open_realfile) result=0xffff8880073aa000
              dd-3871    [001] .....    15.815972: ovldiag_open: (ovl_open+0xb2/0x100 <- ovl_open_realfile) result=0xffff88800700f700
              dd-3871    [001] .....    15.816001: ovldiag_ensure: (ovl_write_iter+0xaf/0x130 <- ovl_ensure_upper_and_switch) result=0x0
              dd-3871    [001] .....    15.816017: ovldiag_write: (ovl_write_iter+0x10c/0x130 <- backing_file_write_iter) result=0x1000
              dd-3875    [000] .....    15.819295: ovldiag_open: (ovl_open+0xb2/0x100 <- ovl_open_realfile) result=0xffff8880072a6b00
              dd-3875    [000] .....    15.819325: ovldiag_ensure: (ovl_write_iter+0xaf/0x130 <- ovl_ensure_upper_and_switch) result=0x0
              dd-3875    [000] .....    15.819339: ovldiag_write: (ovl_write_iter+0x10c/0x130 <- backing_file_write_iter) result=0x1000
             cat-3879    [001] .....    15.820296: ovldiag_open: (ovl_open+0xb2/0x100 <- ovl_open_realfile) result=0xffff888003761200
             cat-3882    [001] .....    15.822872: ovldiag_open: (ovl_open+0xb2/0x100 <- ovl_open_realfile) result=0xffff88800dcefc00
              dd-3885    [001] .....    15.825249: ovldiag_open: (ovl_open+0xb2/0x100 <- ovl_open_realfile) result=0xffff88800dca6000
              dd-3885    [001] .....    15.825281: ovldiag_ensure: (ovl_write_iter+0xaf/0x130 <- ovl_ensure_upper_and_switch) result=0x0
              dd-3885    [001] .....    15.825299: ovldiag_write: (ovl_write_iter+0x10c/0x130 <- backing_file_write_iter) result=0x1000
              dd-3888    [001] .....    15.827619: ovldiag_open: (ovl_open+0xb2/0x100 <- ovl_open_realfile) result=0xffff8880043a2900
              dd-3888    [001] .....    15.827648: ovldiag_ensure: (ovl_write_iter+0xaf/0x130 <- ovl_ensure_upper_and_switch) result=0x0
              dd-3888    [001] .....    15.827664: ovldiag_write: (ovl_write_iter+0x10c/0x130 <- backing_file_write_iter) result=0x1000
             cat-3889    [000] .....    15.828171: ovldiag_open: (ovl_open+0xb2/0x100 <- ovl_open_realfile) result=0xffff88800d681a00
             cat-3890    [001] .....    15.828800: ovldiag_open: (ovl_open+0xb2/0x100 <- ovl_open_realfile) result=0xffff888008944400
              dd-3896    [001] .....    15.832946: ovldiag_open: (ovl_open+0xb2/0x100 <- ovl_open_realfile) result=0xffff888005dca900
              dd-3896    [001] .....    15.832979: ovldiag_ensure: (ovl_write_iter+0xaf/0x130 <- ovl_ensure_upper_and_switch) result=0x0
              dd-3896    [001] .....    15.832998: ovldiag_write: (ovl_write_iter+0x10c/0x130 <- backing_file_write_iter) result=0x1000
             cat-3895    [000] .....    15.833559: ovldiag_open: (ovl_open+0xb2/0x100 <- ovl_open_realfile) result=0xffff8880073c2e00
             cat-3897    [000] .....    15.834021: ovldiag_open: (ovl_open+0xb2/0x100 <- ovl_open_realfile) result=0xffff88800707b400
              dd-3899    [001] .....    15.835234: ovldiag_open: (ovl_open+0xb2/0x100 <- ovl_open_realfile) result=0xffff888003761200
              dd-3899    [001] .....    15.835267: ovldiag_ensure: (ovl_write_iter+0xaf/0x130 <- ovl_ensure_upper_and_switch) result=0x0
              dd-3899    [001] .....    15.835284: ovldiag_write: (ovl_write_iter+0x10c/0x130 <- backing_file_write_iter) result=0x1000
              dd-3905    [001] .....    15.839264: ovldiag_open: (ovl_open+0xb2/0x100 <- ovl_open_realfile) result=0xffff88800d4a0700
              dd-3905    [001] .....    15.839297: ovldiag_ensure: (ovl_write_iter+0xaf/0x130 <- ovl_ensure_upper_and_switch) result=0x0
              dd-3905    [001] .....    15.839327: ovldiag_write: (ovl_write_iter+0x10c/0x130 <- backing_file_write_iter) result=0x1000
             cat-3906    [000] .....    15.840659: ovldiag_open: (ovl_open+0xb2/0x100 <- ovl_open_realfile) result=0xffff888007160100
             cat-3909    [001] .....    15.841680: ovldiag_open: (ovl_open+0xb2/0x100 <- ovl_open_realfile) result=0xffff888007256200
              dd-3911    [000] .....    15.842343: ovldiag_open: (ovl_open+0xb2/0x100 <- ovl_open_realfile) result=0xffff8880044a8700
              dd-3911    [000] .....    15.842369: ovldiag_ensure: (ovl_write_iter+0xaf/0x130 <- ovl_ensure_upper_and_switch) result=0x0
              dd-3911    [000] .....    15.842383: ovldiag_write: (ovl_write_iter+0x10c/0x130 <- backing_file_write_iter) result=0x1000
             cat-3915    [000] .....    15.846525: ovldiag_open: (ovl_open+0xb2/0x100 <- ovl_open_realfile) result=0xffff888005c8c000
             cat-3917    [000] .....    15.847044: ovldiag_open: (ovl_open+0xb2/0x100 <- ovl_open_realfile) result=0xffff8880044a1800
              dd-3919    [001] .....    15.849373: ovldiag_open: (ovl_open+0xb2/0x100 <- ovl_open_realfile) result=0xffff888008944a00
              dd-3919    [001] .....    15.849403: ovldiag_ensure: (ovl_write_iter+0xaf/0x130 <- ovl_ensure_upper_and_switch) result=0x0
              dd-3919    [001] .....    15.849433: ovldiag_write: (ovl_write_iter+0x10c/0x130 <- backing_file_write_iter) result=0x1000
              dd-3923    [001] .....    15.851275: ovldiag_open: (ovl_open+0xb2/0x100 <- ovl_open_realfile) result=0xffff888003d44c00
              dd-3923    [001] .....    15.851303: ovldiag_ensure: (ovl_write_iter+0xaf/0x130 <- ovl_ensure_upper_and_switch) result=0x0
              dd-3923    [001] .....    15.851319: ovldiag_write: (ovl_write_iter+0x10c/0x130 <- backing_file_write_iter) result=0x1000
             cat-3926    [001] .....    15.853425: ovldiag_open: (ovl_open+0xb2/0x100 <- ovl_open_realfile) result=0xffff888007160b00
              dd-3927    [000] .....    15.854151: ovldiag_open: (ovl_open+0xb2/0x100 <- ovl_open_realfile) result=0xffff888005c8cc00
              dd-3927    [000] .....    15.854177: ovldiag_ensure: (ovl_write_iter+0xaf/0x130 <- ovl_ensure_upper_and_switch) result=0x0
              dd-3927    [000] .....    15.854189: ovldiag_write: (ovl_write_iter+0x10c/0x130 <- backing_file_write_iter) result=0x1000
             cat-3928    [001] .....    15.854580: ovldiag_open: (ovl_open+0xb2/0x100 <- ovl_open_realfile) result=0xffff8880047fff00
              dd-3929    [001] .....    15.855692: ovldiag_open: (ovl_open+0xb2/0x100 <- ovl_open_realfile) result=0xffff88800724e100
              dd-3929    [001] .....    15.855721: ovldiag_ensure: (ovl_write_iter+0xaf/0x130 <- ovl_ensure_upper_and_switch) result=0x0
              dd-3929    [001] .....    15.855735: ovldiag_write: (ovl_write_iter+0x10c/0x130 <- backing_file_write_iter) result=0x1000
             cat-3932    [001] .....    15.857029: ovldiag_open: (ovl_open+0xb2/0x100 <- ovl_open_realfile) result=0xffff8880073c2c00
             cat-3933    [001] .....    15.859109: ovldiag_open: (ovl_open+0xb2/0x100 <- ovl_open_realfile) result=0xffff88800d759100
             cat-3943    [000] .....    15.864585: ovldiag_open: (ovl_open+0xb2/0x100 <- ovl_open_realfile) result=0xffff88800700f700
              dd-3942    [001] .....    15.865196: ovldiag_open: (ovl_open+0xb2/0x100 <- ovl_open_realfile) result=0xffff8880044a1f00
              dd-3942    [001] .....    15.865230: ovldiag_ensure: (ovl_write_iter+0xaf/0x130 <- ovl_ensure_upper_and_switch) result=0x0
              dd-3942    [001] .....    15.865248: ovldiag_write: (ovl_write_iter+0x10c/0x130 <- backing_file_write_iter) result=0x1000
              dd-3945    [001] .....    15.866367: ovldiag_open: (ovl_open+0xb2/0x100 <- ovl_open_realfile) result=0xffff88800dcef400
              dd-3945    [001] .....    15.866393: ovldiag_ensure: (ovl_write_iter+0xaf/0x130 <- ovl_ensure_upper_and_switch) result=0x0
              dd-3945    [001] .....    15.866419: ovldiag_write: (ovl_write_iter+0x10c/0x130 <- backing_file_write_iter) result=0x1000
             cat-3948    [001] .....    15.868685: ovldiag_open: (ovl_open+0xb2/0x100 <- ovl_open_realfile) result=0xffff8880073a9600
              dd-3950    [001] .....    15.870313: ovldiag_open: (ovl_open+0xb2/0x100 <- ovl_open_realfile) result=0xffff888007160c00
              dd-3950    [001] .....    15.870346: ovldiag_ensure: (ovl_write_iter+0xaf/0x130 <- ovl_ensure_upper_and_switch) result=0x0
              dd-3950    [001] .....    15.870361: ovldiag_write: (ovl_write_iter+0x10c/0x130 <- backing_file_write_iter) result=0x1000
             cat-3951    [001] .....    15.871868: ovldiag_open: (ovl_open+0xb2/0x100 <- ovl_open_realfile) result=0xffff888008a00200
              dd-3954    [001] .....    15.873101: ovldiag_open: (ovl_open+0xb2/0x100 <- ovl_open_realfile) result=0xffff8880073a9d00
              dd-3954    [001] .....    15.873132: ovldiag_ensure: (ovl_write_iter+0xaf/0x130 <- ovl_ensure_upper_and_switch) result=0x0
              dd-3954    [001] .....    15.873146: ovldiag_write: (ovl_write_iter+0x10c/0x130 <- backing_file_write_iter) result=0x1000
             cat-3955    [001] .....    15.874268: ovldiag_open: (ovl_open+0xb2/0x100 <- ovl_open_realfile) result=0xffff888007160100
             cat-3959    [000] .....    15.876037: ovldiag_open: (ovl_open+0xb2/0x100 <- ovl_open_realfile) result=0xffff888004619400
             cat-3964    [000] .....    15.879637: ovldiag_open: (ovl_open+0xb2/0x100 <- ovl_open_realfile) result=0xffff8880073a9600
              dd-3968    [000] .....    15.882190: ovldiag_open: (ovl_open+0xb2/0x100 <- ovl_open_realfile) result=0xffff88800dcef900
              dd-3968    [000] .....    15.882218: ovldiag_ensure: (ovl_write_iter+0xaf/0x130 <- ovl_ensure_upper_and_switch) result=0x0
              dd-3965    [001] .....    15.882232: ovldiag_open: (ovl_open+0xb2/0x100 <- ovl_open_realfile) result=0xffff88800893c700
              dd-3968    [000] .....    15.882232: ovldiag_write: (ovl_write_iter+0x10c/0x130 <- backing_file_write_iter) result=0x1000
              dd-3965    [001] .....    15.882264: ovldiag_ensure: (ovl_write_iter+0xaf/0x130 <- ovl_ensure_upper_and_switch) result=0x0
              dd-3965    [001] .....    15.882283: ovldiag_write: (ovl_write_iter+0x10c/0x130 <- backing_file_write_iter) result=0x1000
             cat-3972    [001] .....    15.884958: ovldiag_open: (ovl_open+0xb2/0x100 <- ovl_open_realfile) result=0xffff8880044a8000
              dd-3973    [000] .....    15.885795: ovldiag_open: (ovl_open+0xb2/0x100 <- ovl_open_realfile) result=0xffff888007107e00
              dd-3973    [000] .....    15.885820: ovldiag_ensure: (ovl_write_iter+0xaf/0x130 <- ovl_ensure_upper_and_switch) result=0x0
              dd-3973    [000] .....    15.885834: ovldiag_write: (ovl_write_iter+0x10c/0x130 <- backing_file_write_iter) result=0x1000
              dd-3975    [000] .....    15.887393: ovldiag_open: (ovl_open+0xb2/0x100 <- ovl_open_realfile) result=0xffff88800447f400
              dd-3975    [000] .....    15.887428: ovldiag_ensure: (ovl_write_iter+0xaf/0x130 <- ovl_ensure_upper_and_switch) result=0x0
              dd-3975    [000] .....    15.887440: ovldiag_write: (ovl_write_iter+0x10c/0x130 <- backing_file_write_iter) result=0x1000
             cat-3978    [000] .....    15.889182: ovldiag_open: (ovl_open+0xb2/0x100 <- ovl_open_realfile) result=0xffff88800700ff00
             cat-3979    [000] .....    15.890305: ovldiag_open: (ovl_open+0xb2/0x100 <- ovl_open_realfile) result=0xffff888004619a00
             cat-3983    [000] .....    15.892747: ovldiag_open: (ovl_open+0xb2/0x100 <- ovl_open_realfile) result=0xffff888005d38c00
             cat-3988    [001] .....    15.895318: ovldiag_open: (ovl_open+0xb2/0x100 <- ovl_open_realfile) result=0xffff888004619400
              dd-3987    [000] .n...    15.896087: ovldiag_open: (ovl_open+0xb2/0x100 <- ovl_open_realfile) result=0xffff88800893c800
              dd-3987    [000] .....    15.897159: ovldiag_ensure: (ovl_write_iter+0xaf/0x130 <- ovl_ensure_upper_and_switch) result=0x0
              dd-3987    [000] .....    15.897173: ovldiag_write: (ovl_write_iter+0x10c/0x130 <- backing_file_write_iter) result=0x1000
              dd-3990    [000] .....    15.899601: ovldiag_open: (ovl_open+0xb2/0x100 <- ovl_open_realfile) result=0xffff88800dcef200
              dd-3990    [000] .....    15.899629: ovldiag_ensure: (ovl_write_iter+0xaf/0x130 <- ovl_ensure_upper_and_switch) result=0x0
              dd-3990    [000] .....    15.899643: ovldiag_write: (ovl_write_iter+0x10c/0x130 <- backing_file_write_iter) result=0x1000
             cat-3994    [001] .....    15.900706: ovldiag_open: (ovl_open+0xb2/0x100 <- ovl_open_realfile) result=0xffff8880043a2d00
             cat-3995    [000] .....    15.900952: ovldiag_open: (ovl_open+0xb2/0x100 <- ovl_open_realfile) result=0xffff888005d64900
              dd-3997    [001] .....    15.902433: ovldiag_open: (ovl_open+0xb2/0x100 <- ovl_open_realfile) result=0xffff8880072a6200
              dd-3997    [001] .....    15.902465: ovldiag_ensure: (ovl_write_iter+0xaf/0x130 <- ovl_ensure_upper_and_switch) result=0x0
              dd-3997    [001] .....    15.902488: ovldiag_write: (ovl_write_iter+0x10c/0x130 <- backing_file_write_iter) result=0x1000
              dd-3999    [000] .....    15.903377: ovldiag_open: (ovl_open+0xb2/0x100 <- ovl_open_realfile) result=0xffff888005d38d00
              dd-3999    [000] .....    15.903403: ovldiag_ensure: (ovl_write_iter+0xaf/0x130 <- ovl_ensure_upper_and_switch) result=0x0
              dd-3999    [000] .....    15.903436: ovldiag_write: (ovl_write_iter+0x10c/0x130 <- backing_file_write_iter) result=0x1000
             cat-4004    [000] .....    15.905958: ovldiag_open: (ovl_open+0xb2/0x100 <- ovl_open_realfile) result=0xffff88800dcef100
             cat-4002    [001] .....    15.906392: ovldiag_open: (ovl_open+0xb2/0x100 <- ovl_open_realfile) result=0xffff8880072a6800
              dd-4009    [001] .....    15.910881: ovldiag_open: (ovl_open+0xb2/0x100 <- ovl_open_realfile) result=0xffff88800d52b600
              dd-4009    [001] .....    15.910912: ovldiag_ensure: (ovl_write_iter+0xaf/0x130 <- ovl_ensure_upper_and_switch) result=0x0
              dd-4009    [001] .....    15.910929: ovldiag_write: (ovl_write_iter+0x10c/0x130 <- backing_file_write_iter) result=0x1000
              dd-4013    [001] .....    15.913507: ovldiag_open: (ovl_open+0xb2/0x100 <- ovl_open_realfile) result=0xffff888007079b00
              dd-4013    [001] .....    15.913537: ovldiag_ensure: (ovl_write_iter+0xaf/0x130 <- ovl_ensure_upper_and_switch) result=0x0
              dd-4013    [001] .....    15.913553: ovldiag_write: (ovl_write_iter+0x10c/0x130 <- backing_file_write_iter) result=0x1000
             cat-4015    [000] .....    15.914933: ovldiag_open: (ovl_open+0xb2/0x100 <- ovl_open_realfile) result=0xffff8880043e0a00
             cat-4016    [001] .....    15.916052: ovldiag_open: (ovl_open+0xb2/0x100 <- ovl_open_realfile) result=0xffff88800d630800
              dd-4019    [001] .....    15.918212: ovldiag_open: (ovl_open+0xb2/0x100 <- ovl_open_realfile) result=0xffff8880043cca00
              dd-4019    [001] .....    15.918244: ovldiag_ensure: (ovl_write_iter+0xaf/0x130 <- ovl_ensure_upper_and_switch) result=0x0
              dd-4019    [001] .....    15.918262: ovldiag_write: (ovl_write_iter+0x10c/0x130 <- backing_file_write_iter) result=0x1000
             cat-4021    [001] .....    15.919679: ovldiag_open: (ovl_open+0xb2/0x100 <- ovl_open_realfile) result=0xffff888005cb7f00
             cat-4024    [000] .....    15.919948: ovldiag_open: (ovl_open+0xb2/0x100 <- ovl_open_realfile) result=0xffff8880072a6900
              dd-4023    [001] .....    15.922558: ovldiag_open: (ovl_open+0xb2/0x100 <- ovl_open_realfile) result=0xffff88800707b100
              dd-4023    [001] .....    15.922589: ovldiag_ensure: (ovl_write_iter+0xaf/0x130 <- ovl_ensure_upper_and_switch) result=0x0
              dd-4023    [001] .....    15.922607: ovldiag_write: (ovl_write_iter+0x10c/0x130 <- backing_file_write_iter) result=0x1000
             cat-4030    [000] .....    15.925223: ovldiag_open: (ovl_open+0xb2/0x100 <- ovl_open_realfile) result=0xffff888005c8c400
              dd-4028    [001] .....    15.927886: ovldiag_open: (ovl_open+0xb2/0x100 <- ovl_open_realfile) result=0xffff88800457bf00
              dd-4028    [001] .....    15.927918: ovldiag_ensure: (ovl_write_iter+0xaf/0x130 <- ovl_ensure_upper_and_switch) result=0x0
              dd-4028    [001] .....    15.927937: ovldiag_write: (ovl_write_iter+0x10c/0x130 <- backing_file_write_iter) result=0x1000
              dd-4034    [000] .....    15.928841: ovldiag_open: (ovl_open+0xb2/0x100 <- ovl_open_realfile) result=0xffff888005dca300
              dd-4034    [000] .....    15.928867: ovldiag_ensure: (ovl_write_iter+0xaf/0x130 <- ovl_ensure_upper_and_switch) result=0x0
              dd-4034    [000] .....    15.928879: ovldiag_write: (ovl_write_iter+0x10c/0x130 <- backing_file_write_iter) result=0x1000
             cat-4037    [000] .....    15.930241: ovldiag_open: (ovl_open+0xb2/0x100 <- ovl_open_realfile) result=0xffff8880072d8d00
             cat-4040    [000] .....    15.932647: ovldiag_open: (ovl_open+0xb2/0x100 <- ovl_open_realfile) result=0xffff888007256100
             cat-4041    [001] .....    15.932928: ovldiag_open: (ovl_open+0xb2/0x100 <- ovl_open_realfile) result=0xffff888005d64400
              dd-4042    [000] .....    15.935619: ovldiag_open: (ovl_open+0xb2/0x100 <- ovl_open_realfile) result=0xffff888007248600
              dd-4042    [000] .....    15.935646: ovldiag_ensure: (ovl_write_iter+0xaf/0x130 <- ovl_ensure_upper_and_switch) result=0x0
              dd-4042    [000] .....    15.935660: ovldiag_write: (ovl_write_iter+0x10c/0x130 <- backing_file_write_iter) result=0x1000
             cat-4048    [000] .....    15.937984: ovldiag_open: (ovl_open+0xb2/0x100 <- ovl_open_realfile) result=0xffff888005d38a00
              dd-4049    [001] .....    15.938986: ovldiag_open: (ovl_open+0xb2/0x100 <- ovl_open_realfile) result=0xffff8880044a1a00
              dd-4049    [001] .....    15.939014: ovldiag_ensure: (ovl_write_iter+0xaf/0x130 <- ovl_ensure_upper_and_switch) result=0x0
              dd-4049    [001] .....    15.939030: ovldiag_write: (ovl_write_iter+0x10c/0x130 <- backing_file_write_iter) result=0x1000
              dd-4053    [001] .....    15.942128: ovldiag_open: (ovl_open+0xb2/0x100 <- ovl_open_realfile) result=0xffff88800724e000
              dd-4053    [001] .....    15.942163: ovldiag_ensure: (ovl_write_iter+0xaf/0x130 <- ovl_ensure_upper_and_switch) result=0x0
              dd-4053    [001] .....    15.942180: ovldiag_write: (ovl_write_iter+0x10c/0x130 <- backing_file_write_iter) result=0x1000
              dd-4055    [001] .....    15.943308: ovldiag_open: (ovl_open+0xb2/0x100 <- ovl_open_realfile) result=0xffff8880047ff000
              dd-4055    [001] .....    15.943334: ovldiag_ensure: (ovl_write_iter+0xaf/0x130 <- ovl_ensure_upper_and_switch) result=0x0
              dd-4055    [001] .....    15.943348: ovldiag_write: (ovl_write_iter+0x10c/0x130 <- backing_file_write_iter) result=0x1000
             cat-4057    [000] .....    15.945054: ovldiag_open: (ovl_open+0xb2/0x100 <- ovl_open_realfile) result=0xffff888007256c00
             cat-4058    [001] .....    15.945133: ovldiag_open: (ovl_open+0xb2/0x100 <- ovl_open_realfile) result=0xffff888004619400
             cat-4059    [001] .....    15.946254: ovldiag_open: (ovl_open+0xb2/0x100 <- ovl_open_realfile) result=0xffff888004639200
              dd-4067    [000] .....    15.950655: ovldiag_open: (ovl_open+0xb2/0x100 <- ovl_open_realfile) result=0xffff888005d38300
              dd-4067    [000] .....    15.950682: ovldiag_ensure: (ovl_write_iter+0xaf/0x130 <- ovl_ensure_upper_and_switch) result=0x0
              dd-4067    [000] .....    15.950694: ovldiag_write: (ovl_write_iter+0x10c/0x130 <- backing_file_write_iter) result=0x1000
             cat-4064    [001] .....    15.951102: ovldiag_open: (ovl_open+0xb2/0x100 <- ovl_open_realfile) result=0xffff888005c8cc00
              dd-4071    [001] .....    15.954285: ovldiag_open: (ovl_open+0xb2/0x100 <- ovl_open_realfile) result=0xffff888007160300
              dd-4071    [001] .....    15.954314: ovldiag_ensure: (ovl_write_iter+0xaf/0x130 <- ovl_ensure_upper_and_switch) result=0x0
              dd-4071    [001] .....    15.954331: ovldiag_write: (ovl_write_iter+0x10c/0x130 <- backing_file_write_iter) result=0x1000
              dd-4073    [000] .....    15.955521: ovldiag_open: (ovl_open+0xb2/0x100 <- ovl_open_realfile) result=0xffff8880072a6b00
              dd-4073    [000] .....    15.955550: ovldiag_ensure: (ovl_write_iter+0xaf/0x130 <- ovl_ensure_upper_and_switch) result=0x0
              dd-4073    [000] .....    15.955562: ovldiag_write: (ovl_write_iter+0x10c/0x130 <- backing_file_write_iter) result=0x1000
             cat-4077    [001] .....    15.958660: ovldiag_open: (ovl_open+0xb2/0x100 <- ovl_open_realfile) result=0xffff88800ddee800
              dd-4076    [000] .....    15.958714: ovldiag_open: (ovl_open+0xb2/0x100 <- ovl_open_realfile) result=0xffff88800aa92d00
              dd-4076    [000] .....    15.958744: ovldiag_ensure: (ovl_write_iter+0xaf/0x130 <- ovl_ensure_upper_and_switch) result=0x0
              dd-4076    [000] .....    15.958756: ovldiag_write: (ovl_write_iter+0x10c/0x130 <- backing_file_write_iter) result=0x1000
             cat-4078    [000] .....    15.959825: ovldiag_open: (ovl_open+0xb2/0x100 <- ovl_open_realfile) result=0xffff888005cb7a00
             cat-4082    [001] .....    15.962573: ovldiag_open: (ovl_open+0xb2/0x100 <- ovl_open_realfile) result=0xffff8880073bac00
             cat-4083    [000] .....    15.963274: ovldiag_open: (ovl_open+0xb2/0x100 <- ovl_open_realfile) result=0xffff888007162300
              dd-4088    [000] .....    15.967749: ovldiag_open: (ovl_open+0xb2/0x100 <- ovl_open_realfile) result=0xffff8880047ffb00
              dd-4088    [000] .....    15.967776: ovldiag_ensure: (ovl_write_iter+0xaf/0x130 <- ovl_ensure_upper_and_switch) result=0x0
              dd-4088    [000] .....    15.967790: ovldiag_write: (ovl_write_iter+0x10c/0x130 <- backing_file_write_iter) result=0x1000
              dd-4090    [001] .....    15.967807: ovldiag_open: (ovl_open+0xb2/0x100 <- ovl_open_realfile) result=0xffff88800dcef200
              dd-4090    [001] .....    15.967836: ovldiag_ensure: (ovl_write_iter+0xaf/0x130 <- ovl_ensure_upper_and_switch) result=0x0
              dd-4090    [001] .....    15.967854: ovldiag_write: (ovl_write_iter+0x10c/0x130 <- backing_file_write_iter) result=0x1000
              dd-4093    [000] .....    15.970532: ovldiag_open: (ovl_open+0xb2/0x100 <- ovl_open_realfile) result=0xffff888005c8ce00
              dd-4093    [000] .....    15.970561: ovldiag_ensure: (ovl_write_iter+0xaf/0x130 <- ovl_ensure_upper_and_switch) result=0x0
              dd-4093    [000] .....    15.970573: ovldiag_write: (ovl_write_iter+0x10c/0x130 <- backing_file_write_iter) result=0x1000
             cat-4096    [000] .....    15.971922: ovldiag_open: (ovl_open+0xb2/0x100 <- ovl_open_realfile) result=0xffff888005cb3700
              dd-4097    [001] .....    15.972461: ovldiag_open: (ovl_open+0xb2/0x100 <- ovl_open_realfile) result=0xffff888007046600
              dd-4097    [001] .....    15.972493: ovldiag_ensure: (ovl_write_iter+0xaf/0x130 <- ovl_ensure_upper_and_switch) result=0x0
              dd-4097    [001] .....    15.972511: ovldiag_write: (ovl_write_iter+0x10c/0x130 <- backing_file_write_iter) result=0x1000
             cat-4095    [001] .....    15.972801: ovldiag_open: (ovl_open+0xb2/0x100 <- ovl_open_realfile) result=0xffff88800715d900
             cat-4103    [000] .....    15.976968: ovldiag_open: (ovl_open+0xb2/0x100 <- ovl_open_realfile) result=0xffff8880044a1800
             cat-4104    [001] .....    15.977339: ovldiag_open: (ovl_open+0xb2/0x100 <- ovl_open_realfile) result=0xffff888007160400
              dd-4110    [000] .....    15.981534: ovldiag_open: (ovl_open+0xb2/0x100 <- ovl_open_realfile) result=0xffff88800ab62f00
              dd-4110    [000] .....    15.981560: ovldiag_ensure: (ovl_write_iter+0xaf/0x130 <- ovl_ensure_upper_and_switch) result=0x0
              dd-4110    [000] .....    15.981573: ovldiag_write: (ovl_write_iter+0x10c/0x130 <- backing_file_write_iter) result=0x1000
              dd-4111    [001] .....    15.981939: ovldiag_open: (ovl_open+0xb2/0x100 <- ovl_open_realfile) result=0xffff88800d782f00
              dd-4111    [001] .....    15.981971: ovldiag_ensure: (ovl_write_iter+0xaf/0x130 <- ovl_ensure_upper_and_switch) result=0x0
              dd-4111    [001] .....    15.981988: ovldiag_write: (ovl_write_iter+0x10c/0x130 <- backing_file_write_iter) result=0x1000
             cat-4114    [000] .....    15.983985: ovldiag_open: (ovl_open+0xb2/0x100 <- ovl_open_realfile) result=0xffff8880044a1a00
              dd-4117    [001] .....    15.987012: ovldiag_open: (ovl_open+0xb2/0x100 <- ovl_open_realfile) result=0xffff88800dceff00
              dd-4117    [001] .....    15.987045: ovldiag_ensure: (ovl_write_iter+0xaf/0x130 <- ovl_ensure_upper_and_switch) result=0x0
              dd-4117    [001] .....    15.987062: ovldiag_write: (ovl_write_iter+0x10c/0x130 <- backing_file_write_iter) result=0x1000
             cat-4116    [000] .....    15.989033: ovldiag_open: (ovl_open+0xb2/0x100 <- ovl_open_realfile) result=0xffff88800453ed00
              dd-4119    [000] .....    15.989348: ovldiag_open: (ovl_open+0xb2/0x100 <- ovl_open_realfile) result=0xffff888005dca100
              dd-4119    [000] .....    15.989377: ovldiag_ensure: (ovl_write_iter+0xaf/0x130 <- ovl_ensure_upper_and_switch) result=0x0
              dd-4119    [000] .....    15.989388: ovldiag_write: (ovl_write_iter+0x10c/0x130 <- backing_file_write_iter) result=0x1000
             cat-4120    [001] .....    15.989468: ovldiag_open: (ovl_open+0xb2/0x100 <- ovl_open_realfile) result=0xffff88800ddd7d00
             cat-4121    [001] .....    15.990327: ovldiag_open: (ovl_open+0xb2/0x100 <- ovl_open_realfile) result=0xffff88800dcef800
              dd-4130    [000] .....    15.996300: ovldiag_open: (ovl_open+0xb2/0x100 <- ovl_open_realfile) result=0xffff888004305f00
              dd-4132    [001] .....    15.996320: ovldiag_open: (ovl_open+0xb2/0x100 <- ovl_open_realfile) result=0xffff8880073a8d00
              dd-4130    [000] .....    15.996330: ovldiag_ensure: (ovl_write_iter+0xaf/0x130 <- ovl_ensure_upper_and_switch) result=0x0
              dd-4130    [000] .....    15.996343: ovldiag_write: (ovl_write_iter+0x10c/0x130 <- backing_file_write_iter) result=0x1000
              dd-4132    [001] .....    15.996352: ovldiag_ensure: (ovl_write_iter+0xaf/0x130 <- ovl_ensure_upper_and_switch) result=0x0
              dd-4132    [001] .....    15.996372: ovldiag_write: (ovl_write_iter+0x10c/0x130 <- backing_file_write_iter) result=0x1000
             cat-4131    [000] .....    15.997111: ovldiag_open: (ovl_open+0xb2/0x100 <- ovl_open_realfile) result=0xffff8880073a9c00
             cat-4137    [000] .....    16.001565: ovldiag_open: (ovl_open+0xb2/0x100 <- ovl_open_realfile) result=0xffff888005dcaa00
              dd-4138    [001] .....    16.002597: ovldiag_open: (ovl_open+0xb2/0x100 <- ovl_open_realfile) result=0xffff8880073a8900
              dd-4138    [001] .....    16.002636: ovldiag_ensure: (ovl_write_iter+0xaf/0x130 <- ovl_ensure_upper_and_switch) result=0x0
              dd-4138    [001] .....    16.002654: ovldiag_write: (ovl_write_iter+0x10c/0x130 <- backing_file_write_iter) result=0x1000
             cat-4143    [000] .....    16.005677: ovldiag_open: (ovl_open+0xb2/0x100 <- ovl_open_realfile) result=0xffff888007171500
              dd-4144    [001] .....    16.006263: ovldiag_open: (ovl_open+0xb2/0x100 <- ovl_open_realfile) result=0xffff88800893c600
              dd-4144    [001] .....    16.006293: ovldiag_ensure: (ovl_write_iter+0xaf/0x130 <- ovl_ensure_upper_and_switch) result=0x0
              dd-4144    [001] .....    16.006310: ovldiag_write: (ovl_write_iter+0x10c/0x130 <- backing_file_write_iter) result=0x1000
             cat-4141    [001] .....    16.006710: ovldiag_open: (ovl_open+0xb2/0x100 <- ovl_open_realfile) result=0xffff8880072a6300
             cat-4147    [001] .....    16.009128: ovldiag_open: (ovl_open+0xb2/0x100 <- ovl_open_realfile) result=0xffff88800715d000
              dd-4149    [000] .....    16.009726: ovldiag_open: (ovl_open+0xb2/0x100 <- ovl_open_realfile) result=0xffff888007160700
              dd-4149    [000] .....    16.009754: ovldiag_ensure: (ovl_write_iter+0xaf/0x130 <- ovl_ensure_upper_and_switch) result=0x0
              dd-4149    [000] .....    16.009767: ovldiag_write: (ovl_write_iter+0x10c/0x130 <- backing_file_write_iter) result=0x1000
              dd-4152    [001] .....    16.012792: ovldiag_open: (ovl_open+0xb2/0x100 <- ovl_open_realfile) result=0xffff88800dcef000
              dd-4152    [001] .....    16.012823: ovldiag_ensure: (ovl_write_iter+0xaf/0x130 <- ovl_ensure_upper_and_switch) result=0x0
              dd-4152    [001] .....    16.012840: ovldiag_write: (ovl_write_iter+0x10c/0x130 <- backing_file_write_iter) result=0x1000
             cat-4158    [001] .....    16.015570: ovldiag_open: (ovl_open+0xb2/0x100 <- ovl_open_realfile) result=0xffff888007171000
             cat-4156    [000] .....    16.016020: ovldiag_open: (ovl_open+0xb2/0x100 <- ovl_open_realfile) result=0xffff888005cb7700
              dd-4160    [001] .....    16.017303: ovldiag_open: (ovl_open+0xb2/0x100 <- ovl_open_realfile) result=0xffff88800dcef200
              dd-4160    [001] .....    16.017335: ovldiag_ensure: (ovl_write_iter+0xaf/0x130 <- ovl_ensure_upper_and_switch) result=0x0
              dd-4160    [001] .....    16.017352: ovldiag_write: (ovl_write_iter+0x10c/0x130 <- backing_file_write_iter) result=0x1000
             cat-4164    [000] .....    16.020720: ovldiag_open: (ovl_open+0xb2/0x100 <- ovl_open_realfile) result=0xffff888007248a00
             cat-4165    [001] .....    16.021819: ovldiag_open: (ovl_open+0xb2/0x100 <- ovl_open_realfile) result=0xffff8880073a8900
              dd-4166    [000] .....    16.022825: ovldiag_open: (ovl_open+0xb2/0x100 <- ovl_open_realfile) result=0xffff888005d38500
              dd-4166    [000] .....    16.022852: ovldiag_ensure: (ovl_write_iter+0xaf/0x130 <- ovl_ensure_upper_and_switch) result=0x0
              dd-4166    [000] .....    16.022865: ovldiag_write: (ovl_write_iter+0x10c/0x130 <- backing_file_write_iter) result=0x1000
             cat-4173    [000] .....    16.026384: ovldiag_open: (ovl_open+0xb2/0x100 <- ovl_open_realfile) result=0xffff8880044a1a00
              dd-4174    [001] .....    16.026675: ovldiag_open: (ovl_open+0xb2/0x100 <- ovl_open_realfile) result=0xffff88800453e200
              dd-4174    [001] .....    16.026710: ovldiag_ensure: (ovl_write_iter+0xaf/0x130 <- ovl_ensure_upper_and_switch) result=0x0
              dd-4174    [001] .....    16.026727: ovldiag_write: (ovl_write_iter+0x10c/0x130 <- backing_file_write_iter) result=0x1000
              dd-4177    [000] .....    16.030030: ovldiag_open: (ovl_open+0xb2/0x100 <- ovl_open_realfile) result=0xffff88800461b500
              dd-4177    [000] .....    16.030056: ovldiag_ensure: (ovl_write_iter+0xaf/0x130 <- ovl_ensure_upper_and_switch) result=0x0
              dd-4177    [000] .....    16.030088: ovldiag_write: (ovl_write_iter+0x10c/0x130 <- backing_file_write_iter) result=0x1000
             cat-4179    [000] .....    16.031163: ovldiag_open: (ovl_open+0xb2/0x100 <- ovl_open_realfile) result=0xffff888005cb7a00
              dd-4180    [000] .....    16.032149: ovldiag_open: (ovl_open+0xb2/0x100 <- ovl_open_realfile) result=0xffff8880043ccb00
              dd-4180    [000] .....    16.032174: ovldiag_ensure: (ovl_write_iter+0xaf/0x130 <- ovl_ensure_upper_and_switch) result=0x0
              dd-4180    [000] .....    16.032184: ovldiag_write: (ovl_write_iter+0x10c/0x130 <- backing_file_write_iter) result=0x1000
             cat-4182    [001] .....    16.032789: ovldiag_open: (ovl_open+0xb2/0x100 <- ovl_open_realfile) result=0xffff8880044a8000
             cat-4188    [001] .....    16.037106: ovldiag_open: (ovl_open+0xb2/0x100 <- ovl_open_realfile) result=0xffff88800453ee00
             cat-4189    [000] .....    16.037923: ovldiag_open: (ovl_open+0xb2/0x100 <- ovl_open_realfile) result=0xffff888005c95200
              dd-4191    [000] .....    16.039047: ovldiag_open: (ovl_open+0xb2/0x100 <- ovl_open_realfile) result=0xffff888007248b00
              dd-4191    [000] .....    16.039092: ovldiag_ensure: (ovl_write_iter+0xaf/0x130 <- ovl_ensure_upper_and_switch) result=0x0
              dd-4191    [000] .....    16.039107: ovldiag_write: (ovl_write_iter+0x10c/0x130 <- backing_file_write_iter) result=0x1000
              dd-4195    [001] .....    16.043475: ovldiag_open: (ovl_open+0xb2/0x100 <- ovl_open_realfile) result=0xffff888005dca100
              dd-4195    [001] .....    16.043509: ovldiag_ensure: (ovl_write_iter+0xaf/0x130 <- ovl_ensure_upper_and_switch) result=0x0
              dd-4195    [001] .....    16.043527: ovldiag_write: (ovl_write_iter+0x10c/0x130 <- backing_file_write_iter) result=0x1000
             cat-4197    [000] .....    16.043597: ovldiag_open: (ovl_open+0xb2/0x100 <- ovl_open_realfile) result=0xffff888005d38d00
             cat-4198    [000] .....    16.044775: ovldiag_open: (ovl_open+0xb2/0x100 <- ovl_open_realfile) result=0xffff888007160f00
              dd-4201    [000] .....    16.047351: ovldiag_open: (ovl_open+0xb2/0x100 <- ovl_open_realfile) result=0xffff8880044a8f00
              dd-4201    [000] .....    16.047378: ovldiag_ensure: (ovl_write_iter+0xaf/0x130 <- ovl_ensure_upper_and_switch) result=0x0
             cat-4204    [001] .....    16.047379: ovldiag_open: (ovl_open+0xb2/0x100 <- ovl_open_realfile) result=0xffff88800dd75800
              dd-4201    [000] .....    16.047393: ovldiag_write: (ovl_write_iter+0x10c/0x130 <- backing_file_write_iter) result=0x1000
              dd-4203    [000] .....    16.049220: ovldiag_open: (ovl_open+0xb2/0x100 <- ovl_open_realfile) result=0xffff888004619500
              dd-4203    [000] .....    16.049248: ovldiag_ensure: (ovl_write_iter+0xaf/0x130 <- ovl_ensure_upper_and_switch) result=0x0
              dd-4203    [000] .....    16.049260: ovldiag_write: (ovl_write_iter+0x10c/0x130 <- backing_file_write_iter) result=0x1000
             cat-4210    [000] .....    16.053049: ovldiag_open: (ovl_open+0xb2/0x100 <- ovl_open_realfile) result=0xffff888005cb3600
              dd-4212    [000] .....    16.054112: ovldiag_open: (ovl_open+0xb2/0x100 <- ovl_open_realfile) result=0xffff8880043a2200
              dd-4212    [000] .....    16.054140: ovldiag_ensure: (ovl_write_iter+0xaf/0x130 <- ovl_ensure_upper_and_switch) result=0x0
              dd-4212    [000] .....    16.054154: ovldiag_write: (ovl_write_iter+0x10c/0x130 <- backing_file_write_iter) result=0x1000
              dd-4215    [001] .....    16.057020: ovldiag_open: (ovl_open+0xb2/0x100 <- ovl_open_realfile) result=0xffff888005c89900
              dd-4215    [001] .....    16.057050: ovldiag_ensure: (ovl_write_iter+0xaf/0x130 <- ovl_ensure_upper_and_switch) result=0x0
              dd-4215    [001] .....    16.057088: ovldiag_write: (ovl_write_iter+0x10c/0x130 <- backing_file_write_iter) result=0x1000
             cat-4218    [000] .....    16.057828: ovldiag_open: (ovl_open+0xb2/0x100 <- ovl_open_realfile) result=0xffff888004305300
             cat-4217    [001] .....    16.059052: ovldiag_open: (ovl_open+0xb2/0x100 <- ovl_open_realfile) result=0xffff88800453e900
             cat-4222    [001] .....    16.061640: ovldiag_open: (ovl_open+0xb2/0x100 <- ovl_open_realfile) result=0xffff8880043a2500
              dd-4226    [000] .....    16.063966: ovldiag_open: (ovl_open+0xb2/0x100 <- ovl_open_realfile) result=0xffff88800724ea00
              dd-4226    [000] .....    16.063992: ovldiag_ensure: (ovl_write_iter+0xaf/0x130 <- ovl_ensure_upper_and_switch) result=0x0
              dd-4226    [000] .....    16.064006: ovldiag_write: (ovl_write_iter+0x10c/0x130 <- backing_file_write_iter) result=0x1000
             cat-4229    [000] .....    16.066579: ovldiag_open: (ovl_open+0xb2/0x100 <- ovl_open_realfile) result=0xffff888005d64400
              dd-4231    [001] .....    16.068059: ovldiag_open: (ovl_open+0xb2/0x100 <- ovl_open_realfile) result=0xffff888003d44a00
              dd-4231    [001] .....    16.068105: ovldiag_ensure: (ovl_write_iter+0xaf/0x130 <- ovl_ensure_upper_and_switch) result=0x0
              dd-4231    [001] .....    16.068122: ovldiag_write: (ovl_write_iter+0x10c/0x130 <- backing_file_write_iter) result=0x1000
              dd-4228    [001] .....    16.068459: ovldiag_open: (ovl_open+0xb2/0x100 <- ovl_open_realfile) result=0xffff88800dcef500
              dd-4228    [001] .....    16.068482: ovldiag_ensure: (ovl_write_iter+0xaf/0x130 <- ovl_ensure_upper_and_switch) result=0x0
              dd-4228    [001] .....    16.068492: ovldiag_write: (ovl_write_iter+0x10c/0x130 <- backing_file_write_iter) result=0x1000
             cat-4233    [000] .....    16.069666: ovldiag_open: (ovl_open+0xb2/0x100 <- ovl_open_realfile) result=0xffff88800453e800
             cat-4235    [000] .....    16.071002: ovldiag_open: (ovl_open+0xb2/0x100 <- ovl_open_realfile) result=0xffff888005d46700
              dd-4239    [001] .....    16.073827: ovldiag_open: (ovl_open+0xb2/0x100 <- ovl_open_realfile) result=0xffff888005d38f00
              dd-4239    [001] .....    16.073858: ovldiag_ensure: (ovl_write_iter+0xaf/0x130 <- ovl_ensure_upper_and_switch) result=0x0
              dd-4239    [001] .....    16.073875: ovldiag_write: (ovl_write_iter+0x10c/0x130 <- backing_file_write_iter) result=0x1000
             cat-4242    [001] .....    16.075511: ovldiag_open: (ovl_open+0xb2/0x100 <- ovl_open_realfile) result=0xffff8880072d8400
              dd-4246    [001] .....    16.077556: ovldiag_open: (ovl_open+0xb2/0x100 <- ovl_open_realfile) result=0xffff888007171a00
              dd-4246    [001] .....    16.077584: ovldiag_ensure: (ovl_write_iter+0xaf/0x130 <- ovl_ensure_upper_and_switch) result=0x0
              dd-4246    [001] .....    16.077603: ovldiag_write: (ovl_write_iter+0x10c/0x130 <- backing_file_write_iter) result=0x1000
             cat-4249    [001] .....    16.080351: ovldiag_open: (ovl_open+0xb2/0x100 <- ovl_open_realfile) result=0xffff888007248600
              dd-4250    [001] .....    16.081575: ovldiag_open: (ovl_open+0xb2/0x100 <- ovl_open_realfile) result=0xffff8880043e0e00
              dd-4250    [001] .....    16.081607: ovldiag_ensure: (ovl_write_iter+0xaf/0x130 <- ovl_ensure_upper_and_switch) result=0x0
              dd-4250    [001] .....    16.081624: ovldiag_write: (ovl_write_iter+0x10c/0x130 <- backing_file_write_iter) result=0x1000
             cat-4252    [001] .....    16.083762: ovldiag_open: (ovl_open+0xb2/0x100 <- ovl_open_realfile) result=0xffff888003761d00
              dd-4255    [001] .....    16.084892: ovldiag_open: (ovl_open+0xb2/0x100 <- ovl_open_realfile) result=0xffff888007256400
              dd-4255    [001] .....    16.084922: ovldiag_ensure: (ovl_write_iter+0xaf/0x130 <- ovl_ensure_upper_and_switch) result=0x0
              dd-4255    [001] .....    16.084941: ovldiag_write: (ovl_write_iter+0x10c/0x130 <- backing_file_write_iter) result=0x1000
             cat-4257    [001] .....    16.086009: ovldiag_open: (ovl_open+0xb2/0x100 <- ovl_open_realfile) result=0xffff88800d4e2a00
             cat-4259    [001] .....    16.088003: ovldiag_open: (ovl_open+0xb2/0x100 <- ovl_open_realfile) result=0xffff888003d44c00
              dd-4264    [000] .....    16.091058: ovldiag_open: (ovl_open+0xb2/0x100 <- ovl_open_realfile) result=0xffff8880043e0c00
              dd-4264    [000] .....    16.091117: ovldiag_ensure: (ovl_write_iter+0xaf/0x130 <- ovl_ensure_upper_and_switch) result=0x0
              dd-4264    [000] .....    16.091131: ovldiag_write: (ovl_write_iter+0x10c/0x130 <- backing_file_write_iter) result=0x1000
             cat-4263    [001] .....    16.091325: ovldiag_open: (ovl_open+0xb2/0x100 <- ovl_open_realfile) result=0xffff888007256f00
              dd-4266    [001] .....    16.092663: ovldiag_open: (ovl_open+0xb2/0x100 <- ovl_open_realfile) result=0xffff88800736ed00
              dd-4266    [001] .....    16.092691: ovldiag_ensure: (ovl_write_iter+0xaf/0x130 <- ovl_ensure_upper_and_switch) result=0x0
              dd-4266    [001] .....    16.092710: ovldiag_write: (ovl_write_iter+0x10c/0x130 <- backing_file_write_iter) result=0x1000
             cat-4269    [000] .....    16.095500: ovldiag_open: (ovl_open+0xb2/0x100 <- ovl_open_realfile) result=0xffff888005ccb100
              dd-4274    [000] .....    16.097780: ovldiag_open: (ovl_open+0xb2/0x100 <- ovl_open_realfile) result=0xffff888004619a00
              dd-4274    [000] .....    16.097807: ovldiag_ensure: (ovl_write_iter+0xaf/0x130 <- ovl_ensure_upper_and_switch) result=0x0
              dd-4274    [000] .....    16.097820: ovldiag_write: (ovl_write_iter+0x10c/0x130 <- backing_file_write_iter) result=0x1000
              dd-4276    [000] .....    16.099241: ovldiag_open: (ovl_open+0xb2/0x100 <- ovl_open_realfile) result=0xffff888007248800
              dd-4276    [000] .....    16.099269: ovldiag_ensure: (ovl_write_iter+0xaf/0x130 <- ovl_ensure_upper_and_switch) result=0x0
              dd-4276    [000] .....    16.099282: ovldiag_write: (ovl_write_iter+0x10c/0x130 <- backing_file_write_iter) result=0x1000
             cat-4278    [000] .....    16.100513: ovldiag_open: (ovl_open+0xb2/0x100 <- ovl_open_realfile) result=0xffff8880072a6100
             cat-4279    [001] .....    16.101230: ovldiag_open: (ovl_open+0xb2/0x100 <- ovl_open_realfile) result=0xffff88800dda5700
             cat-4285    [000] .....    16.105795: ovldiag_open: (ovl_open+0xb2/0x100 <- ovl_open_realfile) result=0xffff888005c8ca00
              dd-4287    [001] .....    16.105853: ovldiag_open: (ovl_open+0xb2/0x100 <- ovl_open_realfile) result=0xffff888007046600
              dd-4287    [001] .....    16.105891: ovldiag_ensure: (ovl_write_iter+0xaf/0x130 <- ovl_ensure_upper_and_switch) result=0x0
              dd-4287    [001] .....    16.105909: ovldiag_write: (ovl_write_iter+0x10c/0x130 <- backing_file_write_iter) result=0x1000
             cat-4286    [000] .....    16.106775: ovldiag_open: (ovl_open+0xb2/0x100 <- ovl_open_realfile) result=0xffff888003d44a00
              dd-4291    [001] .....    16.109323: ovldiag_open: (ovl_open+0xb2/0x100 <- ovl_open_realfile) result=0xffff888007171e00
              dd-4291    [001] .....    16.109355: ovldiag_ensure: (ovl_write_iter+0xaf/0x130 <- ovl_ensure_upper_and_switch) result=0x0
              dd-4291    [001] .....    16.109373: ovldiag_write: (ovl_write_iter+0x10c/0x130 <- backing_file_write_iter) result=0x1000
             cat-4294    [001] .....    16.112478: ovldiag_open: (ovl_open+0xb2/0x100 <- ovl_open_realfile) result=0xffff888008944700
              dd-4297    [000] .....    16.113608: ovldiag_open: (ovl_open+0xb2/0x100 <- ovl_open_realfile) result=0xffff8880043e0e00
              dd-4297    [000] .....    16.113638: ovldiag_ensure: (ovl_write_iter+0xaf/0x130 <- ovl_ensure_upper_and_switch) result=0x0
              dd-4297    [000] .....    16.113651: ovldiag_write: (ovl_write_iter+0x10c/0x130 <- backing_file_write_iter) result=0x1000
             cat-4296    [001] .....    16.114537: ovldiag_open: (ovl_open+0xb2/0x100 <- ovl_open_realfile) result=0xffff88800893c300
              dd-4299    [000] .....    16.115289: ovldiag_open: (ovl_open+0xb2/0x100 <- ovl_open_realfile) result=0xffff8880073a8900
              dd-4299    [000] .....    16.115319: ovldiag_ensure: (ovl_write_iter+0xaf/0x130 <- ovl_ensure_upper_and_switch) result=0x0
              dd-4299    [000] .....    16.115334: ovldiag_write: (ovl_write_iter+0x10c/0x130 <- backing_file_write_iter) result=0x1000
             cat-4304    [001] .....    16.118281: ovldiag_open: (ovl_open+0xb2/0x100 <- ovl_open_realfile) result=0xffff88800707bd00
              dd-4307    [000] .....    16.121053: ovldiag_open: (ovl_open+0xb2/0x100 <- ovl_open_realfile) result=0xffff8880045a3500
              dd-4307    [000] .....    16.121096: ovldiag_ensure: (ovl_write_iter+0xaf/0x130 <- ovl_ensure_upper_and_switch) result=0x0
              dd-4307    [000] .....    16.121110: ovldiag_write: (ovl_write_iter+0x10c/0x130 <- backing_file_write_iter) result=0x1000
             cat-4309    [000] .....    16.122179: ovldiag_open: (ovl_open+0xb2/0x100 <- ovl_open_realfile) result=0xffff8880073a8300
              dd-4313    [001] .....    16.124618: ovldiag_open: (ovl_open+0xb2/0x100 <- ovl_open_realfile) result=0xffff8880047ffb00
              dd-4313    [001] .....    16.124648: ovldiag_ensure: (ovl_write_iter+0xaf/0x130 <- ovl_ensure_upper_and_switch) result=0x0
              dd-4313    [001] .....    16.124666: ovldiag_write: (ovl_write_iter+0x10c/0x130 <- backing_file_write_iter) result=0x1000
             cat-4311    [000] .....    16.124859: ovldiag_open: (ovl_open+0xb2/0x100 <- ovl_open_realfile) result=0xffff888007160400
             cat-4316    [001] .....    16.126544: ovldiag_open: (ovl_open+0xb2/0x100 <- ovl_open_realfile) result=0xffff88800700f800
              dd-4320    [001] .....    16.129882: ovldiag_open: (ovl_open+0xb2/0x100 <- ovl_open_realfile) result=0xffff888005c89200
              dd-4320    [001] .....    16.129913: ovldiag_ensure: (ovl_write_iter+0xaf/0x130 <- ovl_ensure_upper_and_switch) result=0x0
              dd-4320    [001] .....    16.129932: ovldiag_write: (ovl_write_iter+0x10c/0x130 <- backing_file_write_iter) result=0x1000
             cat-4319    [000] .....    16.130657: ovldiag_open: (ovl_open+0xb2/0x100 <- ovl_open_realfile) result=0xffff888005d38800
              dd-4322    [000] .....    16.131761: ovldiag_open: (ovl_open+0xb2/0x100 <- ovl_open_realfile) result=0xffff88800724e100
              dd-4322    [000] .....    16.131787: ovldiag_ensure: (ovl_write_iter+0xaf/0x130 <- ovl_ensure_upper_and_switch) result=0x0
              dd-4322    [000] .....    16.131801: ovldiag_write: (ovl_write_iter+0x10c/0x130 <- backing_file_write_iter) result=0x1000
             cat-4328    [001] .....    16.135050: ovldiag_open: (ovl_open+0xb2/0x100 <- ovl_open_realfile) result=0xffff8880072a6200
              dd-4329    [000] .....    16.135574: ovldiag_open: (ovl_open+0xb2/0x100 <- ovl_open_realfile) result=0xffff888007162c00
              dd-4329    [000] .....    16.135603: ovldiag_ensure: (ovl_write_iter+0xaf/0x130 <- ovl_ensure_upper_and_switch) result=0x0
              dd-4329    [000] .....    16.135617: ovldiag_write: (ovl_write_iter+0x10c/0x130 <- backing_file_write_iter) result=0x1000
             cat-4332    [000] .....    16.137219: ovldiag_open: (ovl_open+0xb2/0x100 <- ovl_open_realfile) result=0xffff888007059700
              dd-4334    [001] .....    16.139983: ovldiag_open: (ovl_open+0xb2/0x100 <- ovl_open_realfile) result=0xffff8880045a3500
              dd-4334    [001] .....    16.140018: ovldiag_ensure: (ovl_write_iter+0xaf/0x130 <- ovl_ensure_upper_and_switch) result=0x0
              dd-4334    [001] .....    16.140036: ovldiag_write: (ovl_write_iter+0x10c/0x130 <- backing_file_write_iter) result=0x1000
             cat-4336    [000] .....    16.141330: ovldiag_open: (ovl_open+0xb2/0x100 <- ovl_open_realfile) result=0xffff88800dcefb00
             cat-4339    [001] .....    16.142939: ovldiag_open: (ovl_open+0xb2/0x100 <- ovl_open_realfile) result=0xffff8880043e0e00
              dd-4342    [000] .....    16.145125: ovldiag_open: (ovl_open+0xb2/0x100 <- ovl_open_realfile) result=0xffff8880073a9000
              dd-4342    [000] .....    16.145157: ovldiag_ensure: (ovl_write_iter+0xaf/0x130 <- ovl_ensure_upper_and_switch) result=0x0
              dd-4342    [000] .....    16.145171: ovldiag_write: (ovl_write_iter+0x10c/0x130 <- backing_file_write_iter) result=0x1000
             cat-4344    [000] .....    16.147040: ovldiag_open: (ovl_open+0xb2/0x100 <- ovl_open_realfile) result=0xffff8880046d8400
              dd-4345    [001] .....    16.147238: ovldiag_open: (ovl_open+0xb2/0x100 <- ovl_open_realfile) result=0xffff888007160f00
              dd-4345    [001] .....    16.147268: ovldiag_ensure: (ovl_write_iter+0xaf/0x130 <- ovl_ensure_upper_and_switch) result=0x0
              dd-4345    [001] .....    16.147285: ovldiag_write: (ovl_write_iter+0x10c/0x130 <- backing_file_write_iter) result=0x1000
             cat-4348    [001] .....    16.150367: ovldiag_open: (ovl_open+0xb2/0x100 <- ovl_open_realfile) result=0xffff888007059700
              dd-4351    [000] .....    16.151041: ovldiag_open: (ovl_open+0xb2/0x100 <- ovl_open_realfile) result=0xffff8880073a8600
              dd-4351    [000] .....    16.151084: ovldiag_ensure: (ovl_write_iter+0xaf/0x130 <- ovl_ensure_upper_and_switch) result=0x0
              dd-4351    [000] .....    16.151097: ovldiag_write: (ovl_write_iter+0x10c/0x130 <- backing_file_write_iter) result=0x1000
             cat-4353    [001] .....    16.152011: ovldiag_open: (ovl_open+0xb2/0x100 <- ovl_open_realfile) result=0xffff888007059700
             cat-4359    [001] .....    16.156913: ovldiag_open: (ovl_open+0xb2/0x100 <- ovl_open_realfile) result=0xffff8880072a6d00
              dd-4357    [000] .....    16.157344: ovldiag_open: (ovl_open+0xb2/0x100 <- ovl_open_realfile) result=0xffff888007256100
              dd-4357    [000] .....    16.157374: ovldiag_ensure: (ovl_write_iter+0xaf/0x130 <- ovl_ensure_upper_and_switch) result=0x0
              dd-4357    [000] .....    16.157386: ovldiag_write: (ovl_write_iter+0x10c/0x130 <- backing_file_write_iter) result=0x1000
              dd-4364    [000] .....    16.159957: ovldiag_open: (ovl_open+0xb2/0x100 <- ovl_open_realfile) result=0xffff8880073aa000
              dd-4364    [000] .....    16.159985: ovldiag_ensure: (ovl_write_iter+0xaf/0x130 <- ovl_ensure_upper_and_switch) result=0x0
              dd-4364    [000] .....    16.159998: ovldiag_write: (ovl_write_iter+0x10c/0x130 <- backing_file_write_iter) result=0x1000
              dd-4365    [001] .....    16.161173: ovldiag_open: (ovl_open+0xb2/0x100 <- ovl_open_realfile) result=0xffff8880072a6b00
              dd-4365    [001] .....    16.161202: ovldiag_ensure: (ovl_write_iter+0xaf/0x130 <- ovl_ensure_upper_and_switch) result=0x0
              dd-4365    [001] .....    16.161220: ovldiag_write: (ovl_write_iter+0x10c/0x130 <- backing_file_write_iter) result=0x1000
             cat-4366    [000] .....    16.161613: ovldiag_open: (ovl_open+0xb2/0x100 <- ovl_open_realfile) result=0xffff88800d442400
             cat-4368    [001] .....    16.162868: ovldiag_open: (ovl_open+0xb2/0x100 <- ovl_open_realfile) result=0xffff88800d4d4700
             cat-4374    [001] .....    16.166055: ovldiag_open: (ovl_open+0xb2/0x100 <- ovl_open_realfile) result=0xffff8880047ff000
              dd-4373    [000] .....    16.166190: ovldiag_open: (ovl_open+0xb2/0x100 <- ovl_open_realfile) result=0xffff8880073c2c00
              dd-4373    [000] .....    16.166220: ovldiag_ensure: (ovl_write_iter+0xaf/0x130 <- ovl_ensure_upper_and_switch) result=0x0
              dd-4373    [000] .....    16.166233: ovldiag_write: (ovl_write_iter+0x10c/0x130 <- backing_file_write_iter) result=0x1000
             cat-4375    [000] .....    16.167815: ovldiag_open: (ovl_open+0xb2/0x100 <- ovl_open_realfile) result=0xffff88800453e400
              dd-4380    [000] .....    16.171422: ovldiag_open: (ovl_open+0xb2/0x100 <- ovl_open_realfile) result=0xffff88800715d500
              dd-4380    [000] .....    16.171449: ovldiag_ensure: (ovl_write_iter+0xaf/0x130 <- ovl_ensure_upper_and_switch) result=0x0
              dd-4380    [000] .....    16.171463: ovldiag_write: (ovl_write_iter+0x10c/0x130 <- backing_file_write_iter) result=0x1000
             cat-4384    [000] .....    16.173697: ovldiag_open: (ovl_open+0xb2/0x100 <- ovl_open_realfile) result=0xffff888008944e00
             cat-4386    [000] .....    16.175064: ovldiag_open: (ovl_open+0xb2/0x100 <- ovl_open_realfile) result=0xffff888007162900
              dd-4388    [001] .....    16.175635: ovldiag_open: (ovl_open+0xb2/0x100 <- ovl_open_realfile) result=0xffff888004619100
              dd-4388    [001] .....    16.175664: ovldiag_ensure: (ovl_write_iter+0xaf/0x130 <- ovl_ensure_upper_and_switch) result=0x0
              dd-4388    [001] .....    16.175682: ovldiag_write: (ovl_write_iter+0x10c/0x130 <- backing_file_write_iter) result=0x1000
              dd-4385    [000] .....    16.178178: ovldiag_open: (ovl_open+0xb2/0x100 <- ovl_open_realfile) result=0xffff8880073a8e00
              dd-4385    [000] .....    16.178205: ovldiag_ensure: (ovl_write_iter+0xaf/0x130 <- ovl_ensure_upper_and_switch) result=0x0
              dd-4385    [000] .....    16.178217: ovldiag_write: (ovl_write_iter+0x10c/0x130 <- backing_file_write_iter) result=0x1000
             cat-4392    [001] .....    16.180755: ovldiag_open: (ovl_open+0xb2/0x100 <- ovl_open_realfile) result=0xffff888003d44a00
             cat-4395    [000] .....    16.181005: ovldiag_open: (ovl_open+0xb2/0x100 <- ovl_open_realfile) result=0xffff888005debf00
              dd-4397    [000] .....    16.182725: ovldiag_open: (ovl_open+0xb2/0x100 <- ovl_open_realfile) result=0xffff888005cb3d00
              dd-4397    [000] .....    16.182754: ovldiag_ensure: (ovl_write_iter+0xaf/0x130 <- ovl_ensure_upper_and_switch) result=0x0
              dd-4397    [000] .....    16.182767: ovldiag_write: (ovl_write_iter+0x10c/0x130 <- backing_file_write_iter) result=0x1000
              dd-4401    [000] .....    16.186054: ovldiag_open: (ovl_open+0xb2/0x100 <- ovl_open_realfile) result=0xffff88800461ba00
              dd-4401    [000] .....    16.186098: ovldiag_ensure: (ovl_write_iter+0xaf/0x130 <- ovl_ensure_upper_and_switch) result=0x0
              dd-4401    [000] .....    16.186110: ovldiag_write: (ovl_write_iter+0x10c/0x130 <- backing_file_write_iter) result=0x1000
             cat-4403    [001] .....    16.186271: ovldiag_open: (ovl_open+0xb2/0x100 <- ovl_open_realfile) result=0xffff888005e26100
             cat-4406    [000] .....    16.188584: ovldiag_open: (ovl_open+0xb2/0x100 <- ovl_open_realfile) result=0xffff88800707b900
              dd-4409    [001] .....    16.191962: ovldiag_open: (ovl_open+0xb2/0x100 <- ovl_open_realfile) result=0xffff8880073bac00
              dd-4409    [001] .....    16.191994: ovldiag_ensure: (ovl_write_iter+0xaf/0x130 <- ovl_ensure_upper_and_switch) result=0x0
              dd-4409    [001] .....    16.192011: ovldiag_write: (ovl_write_iter+0x10c/0x130 <- backing_file_write_iter) result=0x1000
             cat-4411    [000] .....    16.192452: ovldiag_open: (ovl_open+0xb2/0x100 <- ovl_open_realfile) result=0xffff8880072d8700
              dd-4412    [000] .....    16.193656: ovldiag_open: (ovl_open+0xb2/0x100 <- ovl_open_realfile) result=0xffff8880073a9d00
              dd-4412    [000] .....    16.193687: ovldiag_ensure: (ovl_write_iter+0xaf/0x130 <- ovl_ensure_upper_and_switch) result=0x0
              dd-4412    [000] .....    16.193699: ovldiag_write: (ovl_write_iter+0x10c/0x130 <- backing_file_write_iter) result=0x1000
              dd-4417    [001] .....    16.196933: ovldiag_open: (ovl_open+0xb2/0x100 <- ovl_open_realfile) result=0xffff8880043e0f00
              dd-4417    [001] .....    16.196961: ovldiag_ensure: (ovl_write_iter+0xaf/0x130 <- ovl_ensure_upper_and_switch) result=0x0
              dd-4417    [001] .....    16.196978: ovldiag_write: (ovl_write_iter+0x10c/0x130 <- backing_file_write_iter) result=0x1000
             cat-4416    [000] .....    16.197124: ovldiag_open: (ovl_open+0xb2/0x100 <- ovl_open_realfile) result=0xffff88800d556100
             cat-4420    [001] .....    16.199472: ovldiag_open: (ovl_open+0xb2/0x100 <- ovl_open_realfile) result=0xffff88800707b100
             cat-4422    [000] .....    16.201013: ovldiag_open: (ovl_open+0xb2/0x100 <- ovl_open_realfile) result=0xffff888003761200
              dd-4423    [001] .....    16.201220: ovldiag_open: (ovl_open+0xb2/0x100 <- ovl_open_realfile) result=0xffff8880043e0a00
              dd-4423    [001] .....    16.201252: ovldiag_ensure: (ovl_write_iter+0xaf/0x130 <- ovl_ensure_upper_and_switch) result=0x0
              dd-4423    [001] .....    16.201268: ovldiag_write: (ovl_write_iter+0x10c/0x130 <- backing_file_write_iter) result=0x1000
              dd-4431    [001] .....    16.206036: ovldiag_open: (ovl_open+0xb2/0x100 <- ovl_open_realfile) result=0xffff88800724e800
              dd-4431    [001] .N...    16.206088: ovldiag_ensure: (ovl_write_iter+0xaf/0x130 <- ovl_ensure_upper_and_switch) result=0x0
             cat-4428    [000] .....    16.206105: ovldiag_open: (ovl_open+0xb2/0x100 <- ovl_open_realfile) result=0xffff88800715d300
              dd-4431    [001] .....    16.206536: ovldiag_write: (ovl_write_iter+0x10c/0x130 <- backing_file_write_iter) result=0x1000
              dd-4433    [001] .....    16.208712: ovldiag_open: (ovl_open+0xb2/0x100 <- ovl_open_realfile) result=0xffff8880073c2c00
              dd-4433    [001] .....    16.208744: ovldiag_ensure: (ovl_write_iter+0xaf/0x130 <- ovl_ensure_upper_and_switch) result=0x0
              dd-4433    [001] .....    16.208760: ovldiag_write: (ovl_write_iter+0x10c/0x130 <- backing_file_write_iter) result=0x1000
             cat-4436    [000] .....    16.210231: ovldiag_open: (ovl_open+0xb2/0x100 <- ovl_open_realfile) result=0xffff888008944400
              dd-4439    [000] .....    16.211832: ovldiag_open: (ovl_open+0xb2/0x100 <- ovl_open_realfile) result=0xffff888005d38b00
              dd-4439    [000] .....    16.211862: ovldiag_ensure: (ovl_write_iter+0xaf/0x130 <- ovl_ensure_upper_and_switch) result=0x0
              dd-4439    [000] .....    16.211874: ovldiag_write: (ovl_write_iter+0x10c/0x130 <- backing_file_write_iter) result=0x1000
             cat-4440    [001] .....    16.212281: ovldiag_open: (ovl_open+0xb2/0x100 <- ovl_open_realfile) result=0xffff88800724e300
             cat-4441    [000] .....    16.213465: ovldiag_open: (ovl_open+0xb2/0x100 <- ovl_open_realfile) result=0xffff8880073a8100
             cat-4444    [000] .....    16.215930: ovldiag_open: (ovl_open+0xb2/0x100 <- ovl_open_realfile) result=0xffff888005cb7d00
              dd-4451    [001] .....    16.219305: ovldiag_open: (ovl_open+0xb2/0x100 <- ovl_open_realfile) result=0xffff8880047fff00
              dd-4451    [001] .....    16.219338: ovldiag_ensure: (ovl_write_iter+0xaf/0x130 <- ovl_ensure_upper_and_switch) result=0x0
              dd-4451    [001] .....    16.219355: ovldiag_write: (ovl_write_iter+0x10c/0x130 <- backing_file_write_iter) result=0x1000
              dd-4448    [000] .....    16.219767: ovldiag_open: (ovl_open+0xb2/0x100 <- ovl_open_realfile) result=0xffff88800715dd00
              dd-4448    [000] .....    16.219795: ovldiag_ensure: (ovl_write_iter+0xaf/0x130 <- ovl_ensure_upper_and_switch) result=0x0
              dd-4448    [000] .....    16.219807: ovldiag_write: (ovl_write_iter+0x10c/0x130 <- backing_file_write_iter) result=0x1000
              dd-4453    [000] .....    16.223110: ovldiag_open: (ovl_open+0xb2/0x100 <- ovl_open_realfile) result=0xffff88800453e400
              dd-4453    [000] .....    16.223142: ovldiag_ensure: (ovl_write_iter+0xaf/0x130 <- ovl_ensure_upper_and_switch) result=0x0
              dd-4453    [000] .....    16.223156: ovldiag_write: (ovl_write_iter+0x10c/0x130 <- backing_file_write_iter) result=0x1000
             cat-4457    [001] .....    16.223806: ovldiag_open: (ovl_open+0xb2/0x100 <- ovl_open_realfile) result=0xffff88800457bf00
             cat-4456    [000] .....    16.224245: ovldiag_open: (ovl_open+0xb2/0x100 <- ovl_open_realfile) result=0xffff8880043a2900
             cat-4461    [001] .....    16.227127: ovldiag_open: (ovl_open+0xb2/0x100 <- ovl_open_realfile) result=0xffff888005d64f00
              dd-4463    [001] .....    16.228737: ovldiag_open: (ovl_open+0xb2/0x100 <- ovl_open_realfile) result=0xffff8880043cc500
              dd-4463    [001] .....    16.228766: ovldiag_ensure: (ovl_write_iter+0xaf/0x130 <- ovl_ensure_upper_and_switch) result=0x0
              dd-4463    [001] .....    16.228783: ovldiag_write: (ovl_write_iter+0x10c/0x130 <- backing_file_write_iter) result=0x1000
             cat-4467    [001] .....    16.231595: ovldiag_open: (ovl_open+0xb2/0x100 <- ovl_open_realfile) result=0xffff8880043a2200
              dd-4470    [000] .....    16.233186: ovldiag_open: (ovl_open+0xb2/0x100 <- ovl_open_realfile) result=0xffff888007248400
              dd-4470    [000] .....    16.233212: ovldiag_ensure: (ovl_write_iter+0xaf/0x130 <- ovl_ensure_upper_and_switch) result=0x0
              dd-4470    [000] .....    16.233225: ovldiag_write: (ovl_write_iter+0x10c/0x130 <- backing_file_write_iter) result=0x1000
              dd-4471    [001] .....    16.235019: ovldiag_open: (ovl_open+0xb2/0x100 <- ovl_open_realfile) result=0xffff8880073a9400
              dd-4471    [001] .....    16.235051: ovldiag_ensure: (ovl_write_iter+0xaf/0x130 <- ovl_ensure_upper_and_switch) result=0x0
              dd-4471    [001] .....    16.235084: ovldiag_write: (ovl_write_iter+0x10c/0x130 <- backing_file_write_iter) result=0x1000
             cat-4473    [000] .....    16.236047: ovldiag_open: (ovl_open+0xb2/0x100 <- ovl_open_realfile) result=0xffff888005d46700
             cat-4476    [001] .....    16.237928: ovldiag_open: (ovl_open+0xb2/0x100 <- ovl_open_realfile) result=0xffff88800dcefa00
             cat-4480    [000] .....    16.239986: ovldiag_open: (ovl_open+0xb2/0x100 <- ovl_open_realfile) result=0xffff888008926e00
              dd-4479    [001] .....    16.241200: ovldiag_open: (ovl_open+0xb2/0x100 <- ovl_open_realfile) result=0xffff888004619e00
              dd-4479    [001] .....    16.241232: ovldiag_ensure: (ovl_write_iter+0xaf/0x130 <- ovl_ensure_upper_and_switch) result=0x0
              dd-4479    [001] .....    16.241253: ovldiag_write: (ovl_write_iter+0x10c/0x130 <- backing_file_write_iter) result=0x1000
              dd-4484    [000] .....    16.244270: ovldiag_open: (ovl_open+0xb2/0x100 <- ovl_open_realfile) result=0xffff888005d38500
              dd-4484    [000] .....    16.244301: ovldiag_ensure: (ovl_write_iter+0xaf/0x130 <- ovl_ensure_upper_and_switch) result=0x0
              dd-4484    [000] .....    16.244314: ovldiag_write: (ovl_write_iter+0x10c/0x130 <- backing_file_write_iter) result=0x1000
             cat-4488    [000] .....    16.245963: ovldiag_open: (ovl_open+0xb2/0x100 <- ovl_open_realfile) result=0xffff8880073c2e00
             cat-4487    [001] .....    16.246425: ovldiag_open: (ovl_open+0xb2/0x100 <- ovl_open_realfile) result=0xffff888005d38600
              dd-4493    [001] .....    16.250018: ovldiag_open: (ovl_open+0xb2/0x100 <- ovl_open_realfile) result=0xffff888008944700
              dd-4493    [001] .....    16.250050: ovldiag_ensure: (ovl_write_iter+0xaf/0x130 <- ovl_ensure_upper_and_switch) result=0x0
              dd-4493    [001] .....    16.250128: ovldiag_write: (ovl_write_iter+0x10c/0x130 <- backing_file_write_iter) result=0x1000
             cat-4495    [000] .....    16.251220: ovldiag_open: (ovl_open+0xb2/0x100 <- ovl_open_realfile) result=0xffff888007171000
              dd-4490    [000] .....    16.251337: ovldiag_open: (ovl_open+0xb2/0x100 <- ovl_open_realfile) result=0xffff888007171400
              dd-4490    [000] .....    16.251365: ovldiag_ensure: (ovl_write_iter+0xaf/0x130 <- ovl_ensure_upper_and_switch) result=0x0
              dd-4490    [000] .....    16.251377: ovldiag_write: (ovl_write_iter+0x10c/0x130 <- backing_file_write_iter) result=0x1000
             cat-4497    [001] .....    16.252610: ovldiag_open: (ovl_open+0xb2/0x100 <- ovl_open_realfile) result=0xffff88800dcef900
              dd-4502    [001] .....    16.255853: ovldiag_open: (ovl_open+0xb2/0x100 <- ovl_open_realfile) result=0xffff888007160600
              dd-4502    [001] .....    16.255884: ovldiag_ensure: (ovl_write_iter+0xaf/0x130 <- ovl_ensure_upper_and_switch) result=0x0
              dd-4502    [001] .....    16.255902: ovldiag_write: (ovl_write_iter+0x10c/0x130 <- backing_file_write_iter) result=0x1000
             cat-4505    [000] .....    16.257373: ovldiag_open: (ovl_open+0xb2/0x100 <- ovl_open_realfile) result=0xffff8880072a6200
              dd-4506    [001] .....    16.258542: ovldiag_open: (ovl_open+0xb2/0x100 <- ovl_open_realfile) result=0xffff888005dddf00
              dd-4506    [001] .....    16.258572: ovldiag_ensure: (ovl_write_iter+0xaf/0x130 <- ovl_ensure_upper_and_switch) result=0x0
              dd-4506    [001] .....    16.258589: ovldiag_write: (ovl_write_iter+0x10c/0x130 <- backing_file_write_iter) result=0x1000
             cat-4511    [000] .....    16.261390: ovldiag_open: (ovl_open+0xb2/0x100 <- ovl_open_realfile) result=0xffff888003624700
             cat-4513    [000] .....    16.262916: ovldiag_open: (ovl_open+0xb2/0x100 <- ovl_open_realfile) result=0xffff88800457b600
              dd-4515    [001] .....    16.264811: ovldiag_open: (ovl_open+0xb2/0x100 <- ovl_open_realfile) result=0xffff8880043a2d00
              dd-4515    [001] .....    16.264842: ovldiag_ensure: (ovl_write_iter+0xaf/0x130 <- ovl_ensure_upper_and_switch) result=0x0
              dd-4515    [001] .....    16.264859: ovldiag_write: (ovl_write_iter+0x10c/0x130 <- backing_file_write_iter) result=0x1000
             cat-4516    [001] .....    16.265903: ovldiag_open: (ovl_open+0xb2/0x100 <- ovl_open_realfile) result=0xffff8880073a8500
              dd-4518    [001] .....    16.267029: ovldiag_open: (ovl_open+0xb2/0x100 <- ovl_open_realfile) result=0xffff8880072a6900
              dd-4518    [001] .....    16.267057: ovldiag_ensure: (ovl_write_iter+0xaf/0x130 <- ovl_ensure_upper_and_switch) result=0x0
             cat-4521    [000] .....    16.268448: ovldiag_open: (ovl_open+0xb2/0x100 <- ovl_open_realfile) result=0xffff88800700f100
              dd-4518    [001] .....    16.269445: ovldiag_write: (ovl_write_iter+0x10c/0x130 <- backing_file_write_iter) result=0x1000
              dd-4527    [001] .....    16.273647: ovldiag_open: (ovl_open+0xb2/0x100 <- ovl_open_realfile) result=0xffff8880072a6d00
              dd-4527    [001] .....    16.273678: ovldiag_ensure: (ovl_write_iter+0xaf/0x130 <- ovl_ensure_upper_and_switch) result=0x0
              dd-4527    [001] .....    16.273695: ovldiag_write: (ovl_write_iter+0x10c/0x130 <- backing_file_write_iter) result=0x1000
             cat-4528    [000] .....    16.273789: ovldiag_open: (ovl_open+0xb2/0x100 <- ovl_open_realfile) result=0xffff8880073baa00
              dd-4529    [001] .....    16.273934: ovldiag_open: (ovl_open+0xb2/0x100 <- ovl_open_realfile) result=0xffff8880073a8100
              dd-4529    [001] .....    16.273962: ovldiag_ensure: (ovl_write_iter+0xaf/0x130 <- ovl_ensure_upper_and_switch) result=0x0
              dd-4529    [001] .....    16.273968: ovldiag_write: (ovl_write_iter+0x10c/0x130 <- backing_file_write_iter) result=0x1000
             cat-4530    [000] .....    16.274904: ovldiag_open: (ovl_open+0xb2/0x100 <- ovl_open_realfile) result=0xffff8880072d8800
             cat-4536    [000] .....    16.278049: ovldiag_open: (ovl_open+0xb2/0x100 <- ovl_open_realfile) result=0xffff88800ddc9600
             cat-4537    [000] .....    16.280766: ovldiag_open: (ovl_open+0xb2/0x100 <- ovl_open_realfile) result=0xffff88800893c300
              dd-4540    [001] .....    16.281531: ovldiag_open: (ovl_open+0xb2/0x100 <- ovl_open_realfile) result=0xffff8880044a1900
              dd-4540    [001] .....    16.281562: ovldiag_ensure: (ovl_write_iter+0xaf/0x130 <- ovl_ensure_upper_and_switch) result=0x0
              dd-4540    [001] .....    16.281579: ovldiag_write: (ovl_write_iter+0x10c/0x130 <- backing_file_write_iter) result=0x1000
              dd-4544    [001] .....    16.284308: ovldiag_open: (ovl_open+0xb2/0x100 <- ovl_open_realfile) result=0xffff888005dca400
              dd-4544    [001] .....    16.284335: ovldiag_ensure: (ovl_write_iter+0xaf/0x130 <- ovl_ensure_upper_and_switch) result=0x0
              dd-4544    [001] .....    16.284353: ovldiag_write: (ovl_write_iter+0x10c/0x130 <- backing_file_write_iter) result=0x1000
             cat-4546    [000] .....    16.286030: ovldiag_open: (ovl_open+0xb2/0x100 <- ovl_open_realfile) result=0xffff888004305e00
             cat-4548    [001] .....    16.287016: ovldiag_open: (ovl_open+0xb2/0x100 <- ovl_open_realfile) result=0xffff888005c8ce00
              dd-4550    [001] .....    16.289011: ovldiag_open: (ovl_open+0xb2/0x100 <- ovl_open_realfile) result=0xffff88800dcef900
              dd-4550    [001] .....    16.289046: ovldiag_ensure: (ovl_write_iter+0xaf/0x130 <- ovl_ensure_upper_and_switch) result=0x0
              dd-4550    [001] .....    16.289062: ovldiag_write: (ovl_write_iter+0x10c/0x130 <- backing_file_write_iter) result=0x1000
              dd-4551    [000] .....    16.289860: ovldiag_open: (ovl_open+0xb2/0x100 <- ovl_open_realfile) result=0xffff8880047ff700
              dd-4551    [000] .....    16.289888: ovldiag_ensure: (ovl_write_iter+0xaf/0x130 <- ovl_ensure_upper_and_switch) result=0x0
              dd-4551    [000] .....    16.289902: ovldiag_write: (ovl_write_iter+0x10c/0x130 <- backing_file_write_iter) result=0x1000
             cat-4557    [000] .....    16.292757: ovldiag_open: (ovl_open+0xb2/0x100 <- ovl_open_realfile) result=0xffff8880073bac00
             cat-4554    [001] .....    16.292846: ovldiag_open: (ovl_open+0xb2/0x100 <- ovl_open_realfile) result=0xffff888008944100
              dd-4561    [001] .....    16.295565: ovldiag_open: (ovl_open+0xb2/0x100 <- ovl_open_realfile) result=0xffff88800ddc9300
              dd-4561    [001] .....    16.295593: ovldiag_ensure: (ovl_write_iter+0xaf/0x130 <- ovl_ensure_upper_and_switch) result=0x0
              dd-4561    [001] .....    16.295610: ovldiag_write: (ovl_write_iter+0x10c/0x130 <- backing_file_write_iter) result=0x1000
              dd-4562    [001] .....    16.299054: ovldiag_open: (ovl_open+0xb2/0x100 <- ovl_open_realfile) result=0xffff8880043a2000
              dd-4562    [001] .....    16.299096: ovldiag_ensure: (ovl_write_iter+0xaf/0x130 <- ovl_ensure_upper_and_switch) result=0x0
              dd-4562    [001] .....    16.299112: ovldiag_write: (ovl_write_iter+0x10c/0x130 <- backing_file_write_iter) result=0x1000
             cat-4563    [000] .....    16.299118: ovldiag_open: (ovl_open+0xb2/0x100 <- ovl_open_realfile) result=0xffff888007046600
             cat-4569    [000] .....    16.301434: ovldiag_open: (ovl_open+0xb2/0x100 <- ovl_open_realfile) result=0xffff88800707ba00
              dd-4572    [001] .....    16.304466: ovldiag_open: (ovl_open+0xb2/0x100 <- ovl_open_realfile) result=0xffff888007160d00
              dd-4572    [001] .....    16.304498: ovldiag_ensure: (ovl_write_iter+0xaf/0x130 <- ovl_ensure_upper_and_switch) result=0x0
              dd-4572    [001] .....    16.304514: ovldiag_write: (ovl_write_iter+0x10c/0x130 <- backing_file_write_iter) result=0x1000
              dd-4573    [000] .....    16.305300: ovldiag_open: (ovl_open+0xb2/0x100 <- ovl_open_realfile) result=0xffff888007171400
              dd-4573    [000] .....    16.305331: ovldiag_ensure: (ovl_write_iter+0xaf/0x130 <- ovl_ensure_upper_and_switch) result=0x0
              dd-4573    [000] .....    16.305344: ovldiag_write: (ovl_write_iter+0x10c/0x130 <- backing_file_write_iter) result=0x1000
             cat-4574    [001] .....    16.305590: ovldiag_open: (ovl_open+0xb2/0x100 <- ovl_open_realfile) result=0xffff8880043cca00
             cat-4579    [000] .....    16.307247: ovldiag_open: (ovl_open+0xb2/0x100 <- ovl_open_realfile) result=0xffff8880072d8700
             cat-4582    [001] .....    16.310646: ovldiag_open: (ovl_open+0xb2/0x100 <- ovl_open_realfile) result=0xffff8880073ba800
             cat-4585    [001] .....    16.311751: ovldiag_open: (ovl_open+0xb2/0x100 <- ovl_open_realfile) result=0xffff8880043ccf00
              dd-4583    [000] .....    16.312827: ovldiag_open: (ovl_open+0xb2/0x100 <- ovl_open_realfile) result=0xffff888005cb3800
              dd-4583    [000] .....    16.312851: ovldiag_ensure: (ovl_write_iter+0xaf/0x130 <- ovl_ensure_upper_and_switch) result=0x0
              dd-4583    [000] .....    16.312864: ovldiag_write: (ovl_write_iter+0x10c/0x130 <- backing_file_write_iter) result=0x1000
              dd-4587    [000] .....    16.314361: ovldiag_open: (ovl_open+0xb2/0x100 <- ovl_open_realfile) result=0xffff888008944200
              dd-4587    [000] .....    16.314390: ovldiag_ensure: (ovl_write_iter+0xaf/0x130 <- ovl_ensure_upper_and_switch) result=0x0
              dd-4587    [000] .....    16.314402: ovldiag_write: (ovl_write_iter+0x10c/0x130 <- backing_file_write_iter) result=0x1000
             cat-4592    [000] .....    16.317215: ovldiag_open: (ovl_open+0xb2/0x100 <- ovl_open_realfile) result=0xffff888005cb3f00
              dd-4595    [000] .....    16.319006: ovldiag_open: (ovl_open+0xb2/0x100 <- ovl_open_realfile) result=0xffff8880043ccf00
              dd-4595    [000] .....    16.319032: ovldiag_ensure: (ovl_write_iter+0xaf/0x130 <- ovl_ensure_upper_and_switch) result=0x0
              dd-4595    [000] .....    16.319044: ovldiag_write: (ovl_write_iter+0x10c/0x130 <- backing_file_write_iter) result=0x1000
             cat-4599    [000] .....    16.321234: ovldiag_open: (ovl_open+0xb2/0x100 <- ovl_open_realfile) result=0xffff888004619b00
              dd-4598    [000] .....    16.323376: ovldiag_open: (ovl_open+0xb2/0x100 <- ovl_open_realfile) result=0xffff88800dcef700
              dd-4598    [000] .....    16.323408: ovldiag_ensure: (ovl_write_iter+0xaf/0x130 <- ovl_ensure_upper_and_switch) result=0x0
              dd-4598    [000] .....    16.323431: ovldiag_write: (ovl_write_iter+0x10c/0x130 <- backing_file_write_iter) result=0x1000
             cat-4601    [001] .....    16.323506: ovldiag_open: (ovl_open+0xb2/0x100 <- ovl_open_realfile) result=0xffff88800893c800
             cat-4605    [000] .....    16.326217: ovldiag_open: (ovl_open+0xb2/0x100 <- ovl_open_realfile) result=0xffff88800dcef300
              dd-4610    [001] .....    16.329183: ovldiag_open: (ovl_open+0xb2/0x100 <- ovl_open_realfile) result=0xffff888005dcaf00
              dd-4610    [001] .....    16.329213: ovldiag_ensure: (ovl_write_iter+0xaf/0x130 <- ovl_ensure_upper_and_switch) result=0x0
              dd-4610    [001] .....    16.329231: ovldiag_write: (ovl_write_iter+0x10c/0x130 <- backing_file_write_iter) result=0x1000
             cat-4609    [001] .....    16.330340: ovldiag_open: (ovl_open+0xb2/0x100 <- ovl_open_realfile) result=0xffff8880043a2900
              dd-4607    [000] .....    16.330595: ovldiag_open: (ovl_open+0xb2/0x100 <- ovl_open_realfile) result=0xffff8880072a6200
              dd-4607    [000] .....    16.330624: ovldiag_ensure: (ovl_write_iter+0xaf/0x130 <- ovl_ensure_upper_and_switch) result=0x0
              dd-4607    [000] .....    16.330637: ovldiag_write: (ovl_write_iter+0x10c/0x130 <- backing_file_write_iter) result=0x1000
             cat-4615    [001] .....    16.333772: ovldiag_open: (ovl_open+0xb2/0x100 <- ovl_open_realfile) result=0xffff888005c8c100
              dd-4616    [000] .....    16.334246: ovldiag_open: (ovl_open+0xb2/0x100 <- ovl_open_realfile) result=0xffff88800447f400
              dd-4616    [000] .....    16.334272: ovldiag_ensure: (ovl_write_iter+0xaf/0x130 <- ovl_ensure_upper_and_switch) result=0x0
              dd-4616    [000] .....    16.334287: ovldiag_write: (ovl_write_iter+0x10c/0x130 <- backing_file_write_iter) result=0x1000
             cat-4618    [001] .....    16.336199: ovldiag_open: (ovl_open+0xb2/0x100 <- ovl_open_realfile) result=0xffff888005dca700
              dd-4621    [000] .....    16.337737: ovldiag_open: (ovl_open+0xb2/0x100 <- ovl_open_realfile) result=0xffff8880073aa600
              dd-4621    [000] .....    16.337767: ovldiag_ensure: (ovl_write_iter+0xaf/0x130 <- ovl_ensure_upper_and_switch) result=0x0
              dd-4621    [000] .....    16.337780: ovldiag_write: (ovl_write_iter+0x10c/0x130 <- backing_file_write_iter) result=0x1000
             cat-4624    [000] .....    16.339993: ovldiag_open: (ovl_open+0xb2/0x100 <- ovl_open_realfile) result=0xffff88800d4a0f00
             cat-4628    [001] .....    16.342318: ovldiag_open: (ovl_open+0xb2/0x100 <- ovl_open_realfile) result=0xffff888008944b00
              dd-4631    [000] .....    16.345272: ovldiag_open: (ovl_open+0xb2/0x100 <- ovl_open_realfile) result=0xffff88800453ef00
              dd-4631    [000] .....    16.345297: ovldiag_ensure: (ovl_write_iter+0xaf/0x130 <- ovl_ensure_upper_and_switch) result=0x0
              dd-4631    [000] .....    16.345310: ovldiag_write: (ovl_write_iter+0x10c/0x130 <- backing_file_write_iter) result=0x1000
              dd-4632    [000] .....    16.345444: ovldiag_open: (ovl_open+0xb2/0x100 <- ovl_open_realfile) result=0xffff88800453eb00
              dd-4632    [000] .....    16.345471: ovldiag_ensure: (ovl_write_iter+0xaf/0x130 <- ovl_ensure_upper_and_switch) result=0x0
              dd-4632    [000] .....    16.345477: ovldiag_write: (ovl_write_iter+0x10c/0x130 <- backing_file_write_iter) result=0x1000
             cat-4634    [001] .....    16.346632: ovldiag_open: (ovl_open+0xb2/0x100 <- ovl_open_realfile) result=0xffff888007160c00
             cat-4637    [001] .....    16.347805: ovldiag_open: (ovl_open+0xb2/0x100 <- ovl_open_realfile) result=0xffff8880043ccb00
             cat-4639    [000] .....    16.349496: ovldiag_open: (ovl_open+0xb2/0x100 <- ovl_open_realfile) result=0xffff888007162300
              dd-4641    [000] .....    16.353198: ovldiag_open: (ovl_open+0xb2/0x100 <- ovl_open_realfile) result=0xffff88800dcefc00
              dd-4641    [000] .....    16.353229: ovldiag_ensure: (ovl_write_iter+0xaf/0x130 <- ovl_ensure_upper_and_switch) result=0x0
              dd-4641    [000] .....    16.353241: ovldiag_write: (ovl_write_iter+0x10c/0x130 <- backing_file_write_iter) result=0x1000
              dd-4647    [000] .....    16.355214: ovldiag_open: (ovl_open+0xb2/0x100 <- ovl_open_realfile) result=0xffff88800d732a00
              dd-4647    [000] .....    16.355242: ovldiag_ensure: (ovl_write_iter+0xaf/0x130 <- ovl_ensure_upper_and_switch) result=0x0
              dd-4647    [000] .....    16.355254: ovldiag_write: (ovl_write_iter+0x10c/0x130 <- backing_file_write_iter) result=0x1000
             cat-4648    [001] .....    16.355923: ovldiag_open: (ovl_open+0xb2/0x100 <- ovl_open_realfile) result=0xffff8880073aa600
              dd-4651    [000] .....    16.358585: ovldiag_open: (ovl_open+0xb2/0x100 <- ovl_open_realfile) result=0xffff8880046d8500
              dd-4651    [000] .....    16.358614: ovldiag_ensure: (ovl_write_iter+0xaf/0x130 <- ovl_ensure_upper_and_switch) result=0x0
              dd-4651    [000] .....    16.358625: ovldiag_write: (ovl_write_iter+0x10c/0x130 <- backing_file_write_iter) result=0x1000
              dd-4653    [001] .....    16.360144: ovldiag_open: (ovl_open+0xb2/0x100 <- ovl_open_realfile) result=0xffff888005d89700
              dd-4653    [001] .....    16.360173: ovldiag_ensure: (ovl_write_iter+0xaf/0x130 <- ovl_ensure_upper_and_switch) result=0x0
              dd-4653    [001] .....    16.360190: ovldiag_write: (ovl_write_iter+0x10c/0x130 <- backing_file_write_iter) result=0x1000
             cat-4656    [000] .....    16.360593: ovldiag_open: (ovl_open+0xb2/0x100 <- ovl_open_realfile) result=0xffff888007248a00
             cat-4654    [001] .....    16.363137: ovldiag_open: (ovl_open+0xb2/0x100 <- ovl_open_realfile) result=0xffff8880089dd000
             cat-4659    [001] .....    16.364334: ovldiag_open: (ovl_open+0xb2/0x100 <- ovl_open_realfile) result=0xffff888005d38600
             cat-4662    [001] .....    16.365811: ovldiag_open: (ovl_open+0xb2/0x100 <- ovl_open_realfile) result=0xffff888007058300
              dd-4665    [000] .....    16.368434: ovldiag_open: (ovl_open+0xb2/0x100 <- ovl_open_realfile) result=0xffff8880073a8a00
              dd-4665    [000] .....    16.368461: ovldiag_ensure: (ovl_write_iter+0xaf/0x130 <- ovl_ensure_upper_and_switch) result=0x0
              dd-4665    [000] .....    16.368474: ovldiag_write: (ovl_write_iter+0x10c/0x130 <- backing_file_write_iter) result=0x1000
              dd-4666    [001] .....    16.368501: ovldiag_open: (ovl_open+0xb2/0x100 <- ovl_open_realfile) result=0xffff88800700ff00
              dd-4666    [001] .....    16.368531: ovldiag_ensure: (ovl_write_iter+0xaf/0x130 <- ovl_ensure_upper_and_switch) result=0x0
              dd-4666    [001] .....    16.368548: ovldiag_write: (ovl_write_iter+0x10c/0x130 <- backing_file_write_iter) result=0x1000
             cat-4670    [000] .....    16.370218: ovldiag_open: (ovl_open+0xb2/0x100 <- ovl_open_realfile) result=0xffff88800715df00
             cat-4674    [000] .....    16.373352: ovldiag_open: (ovl_open+0xb2/0x100 <- ovl_open_realfile) result=0xffff8880043a2300
              dd-4677    [000] .....    16.376423: ovldiag_open: (ovl_open+0xb2/0x100 <- ovl_open_realfile) result=0xffff888005dca400
              dd-4677    [000] .....    16.376452: ovldiag_ensure: (ovl_write_iter+0xaf/0x130 <- ovl_ensure_upper_and_switch) result=0x0
              dd-4677    [000] .....    16.376468: ovldiag_write: (ovl_write_iter+0x10c/0x130 <- backing_file_write_iter) result=0x1000
              dd-4678    [001] .....    16.376805: ovldiag_open: (ovl_open+0xb2/0x100 <- ovl_open_realfile) result=0xffff88800453ec00
              dd-4678    [001] .....    16.376834: ovldiag_ensure: (ovl_write_iter+0xaf/0x130 <- ovl_ensure_upper_and_switch) result=0x0
              dd-4678    [001] .....    16.376851: ovldiag_write: (ovl_write_iter+0x10c/0x130 <- backing_file_write_iter) result=0x1000
             cat-4682    [000] .....    16.380521: ovldiag_open: (ovl_open+0xb2/0x100 <- ovl_open_realfile) result=0xffff888005cb7900
             cat-4683    [001] .....    16.381036: ovldiag_open: (ovl_open+0xb2/0x100 <- ovl_open_realfile) result=0xffff88800893cc00
             cat-4685    [000] .....    16.382996: ovldiag_open: (ovl_open+0xb2/0x100 <- ovl_open_realfile) result=0xffff888005d38800
             cat-4690    [000] .....    16.384645: ovldiag_open: (ovl_open+0xb2/0x100 <- ovl_open_realfile) result=0xffff888003d44c00
              dd-4686    [001] .....    16.384726: ovldiag_open: (ovl_open+0xb2/0x100 <- ovl_open_realfile) result=0xffff888005cb3700
              dd-4686    [001] .....    16.384756: ovldiag_ensure: (ovl_write_iter+0xaf/0x130 <- ovl_ensure_upper_and_switch) result=0x0
              dd-4686    [001] .....    16.384774: ovldiag_write: (ovl_write_iter+0x10c/0x130 <- backing_file_write_iter) result=0x1000
              dd-4695    [001] .....    16.390436: ovldiag_open: (ovl_open+0xb2/0x100 <- ovl_open_realfile) result=0xffff888007079c00
              dd-4695    [001] .....    16.390466: ovldiag_ensure: (ovl_write_iter+0xaf/0x130 <- ovl_ensure_upper_and_switch) result=0x0
              dd-4695    [001] .....    16.390483: ovldiag_write: (ovl_write_iter+0x10c/0x130 <- backing_file_write_iter) result=0x1000
              dd-4687    [001] .....    16.390622: ovldiag_open: (ovl_open+0xb2/0x100 <- ovl_open_realfile) result=0xffff888007079c00
              dd-4687    [001] .....    16.390654: ovldiag_ensure: (ovl_write_iter+0xaf/0x130 <- ovl_ensure_upper_and_switch) result=0x0
              dd-4687    [001] .....    16.390660: ovldiag_write: (ovl_write_iter+0x10c/0x130 <- backing_file_write_iter) result=0x1000
              dd-4697    [000] .....    16.391891: ovldiag_open: (ovl_open+0xb2/0x100 <- ovl_open_realfile) result=0xffff888007248b00
              dd-4697    [000] .....    16.391924: ovldiag_ensure: (ovl_write_iter+0xaf/0x130 <- ovl_ensure_upper_and_switch) result=0x0
              dd-4697    [000] .....    16.391938: ovldiag_write: (ovl_write_iter+0x10c/0x130 <- backing_file_write_iter) result=0x1000
             cat-4702    [001] .....    16.394545: ovldiag_open: (ovl_open+0xb2/0x100 <- ovl_open_realfile) result=0xffff888005dca500
             cat-4703    [000] .....    16.395467: ovldiag_open: (ovl_open+0xb2/0x100 <- ovl_open_realfile) result=0xffff888007256300
             cat-4706    [001] .....    16.398580: ovldiag_open: (ovl_open+0xb2/0x100 <- ovl_open_realfile) result=0xffff888007248400
             cat-4709    [000] .....    16.399536: ovldiag_open: (ovl_open+0xb2/0x100 <- ovl_open_realfile) result=0xffff888007160600
              dd-4712    [001] .....    16.401858: ovldiag_open: (ovl_open+0xb2/0x100 <- ovl_open_realfile) result=0xffff888007107d00
              dd-4712    [001] .....    16.401898: ovldiag_ensure: (ovl_write_iter+0xaf/0x130 <- ovl_ensure_upper_and_switch) result=0x0
              dd-4712    [001] .....    16.401917: ovldiag_write: (ovl_write_iter+0x10c/0x130 <- backing_file_write_iter) result=0x1000
              dd-4716    [000] .....    16.404766: ovldiag_open: (ovl_open+0xb2/0x100 <- ovl_open_realfile) result=0xffff8880044a1700
              dd-4716    [000] .....    16.404797: ovldiag_ensure: (ovl_write_iter+0xaf/0x130 <- ovl_ensure_upper_and_switch) result=0x0
              dd-4716    [000] .....    16.404809: ovldiag_write: (ovl_write_iter+0x10c/0x130 <- backing_file_write_iter) result=0x1000
              dd-4717    [001] .....    16.405813: ovldiag_open: (ovl_open+0xb2/0x100 <- ovl_open_realfile) result=0xffff888005d46100
              dd-4717    [001] .....    16.405842: ovldiag_ensure: (ovl_write_iter+0xaf/0x130 <- ovl_ensure_upper_and_switch) result=0x0
              dd-4717    [001] .....    16.405858: ovldiag_write: (ovl_write_iter+0x10c/0x130 <- backing_file_write_iter) result=0x1000
             cat-4718    [000] .....    16.405873: ovldiag_open: (ovl_open+0xb2/0x100 <- ovl_open_realfile) result=0xffff88800d682d00
             cat-4719    [001] .....    16.407859: ovldiag_open: (ovl_open+0xb2/0x100 <- ovl_open_realfile) result=0xffff8880047ff500
              dd-4722    [000] .....    16.408731: ovldiag_open: (ovl_open+0xb2/0x100 <- ovl_open_realfile) result=0xffff88800df3a500
              dd-4722    [000] .....    16.408757: ovldiag_ensure: (ovl_write_iter+0xaf/0x130 <- ovl_ensure_upper_and_switch) result=0x0
              dd-4722    [000] .....    16.408770: ovldiag_write: (ovl_write_iter+0x10c/0x130 <- backing_file_write_iter) result=0x1000
             cat-4728    [000] .....    16.412318: ovldiag_open: (ovl_open+0xb2/0x100 <- ovl_open_realfile) result=0xffff888007162300
             cat-4729    [001] .....    16.412849: ovldiag_open: (ovl_open+0xb2/0x100 <- ovl_open_realfile) result=0xffff888005cb3200
              dd-4731    [001] .....    16.414542: ovldiag_open: (ovl_open+0xb2/0x100 <- ovl_open_realfile) result=0xffff88800715d800
              dd-4731    [001] .....    16.414570: ovldiag_ensure: (ovl_write_iter+0xaf/0x130 <- ovl_ensure_upper_and_switch) result=0x0
              dd-4731    [001] .....    16.414588: ovldiag_write: (ovl_write_iter+0x10c/0x130 <- backing_file_write_iter) result=0x1000
             cat-4737    [000] .....    16.418484: ovldiag_open: (ovl_open+0xb2/0x100 <- ovl_open_realfile) result=0xffff888005cb7900
              dd-4738    [001] .....    16.418970: ovldiag_open: (ovl_open+0xb2/0x100 <- ovl_open_realfile) result=0xffff888005d64100
              dd-4738    [001] .....    16.419000: ovldiag_ensure: (ovl_write_iter+0xaf/0x130 <- ovl_ensure_upper_and_switch) result=0x0
              dd-4738    [001] .....    16.419016: ovldiag_write: (ovl_write_iter+0x10c/0x130 <- backing_file_write_iter) result=0x1000
             cat-4736    [000] .....    16.420425: ovldiag_open: (ovl_open+0xb2/0x100 <- ovl_open_realfile) result=0xffff888005c8c900
             cat-4745    [001] .....    16.423463: ovldiag_open: (ovl_open+0xb2/0x100 <- ovl_open_realfile) result=0xffff8880043a2400
              dd-4742    [000] .....    16.423878: ovldiag_open: (ovl_open+0xb2/0x100 <- ovl_open_realfile) result=0xffff88800453ed00
              dd-4742    [000] .....    16.423908: ovldiag_ensure: (ovl_write_iter+0xaf/0x130 <- ovl_ensure_upper_and_switch) result=0x0
              dd-4742    [000] .....    16.423921: ovldiag_write: (ovl_write_iter+0x10c/0x130 <- backing_file_write_iter) result=0x1000
              dd-4743    [000] .....    16.426560: ovldiag_open: (ovl_open+0xb2/0x100 <- ovl_open_realfile) result=0xffff88800d4f5400
              dd-4743    [000] .....    16.426586: ovldiag_ensure: (ovl_write_iter+0xaf/0x130 <- ovl_ensure_upper_and_switch) result=0x0
              dd-4743    [000] .....    16.426599: ovldiag_write: (ovl_write_iter+0x10c/0x130 <- backing_file_write_iter) result=0x1000
             cat-4747    [000] .....    16.427644: ovldiag_open: (ovl_open+0xb2/0x100 <- ovl_open_realfile) result=0xffff888007171400
              dd-4753    [001] .....    16.429553: ovldiag_open: (ovl_open+0xb2/0x100 <- ovl_open_realfile) result=0xffff888005d38500
              dd-4753    [001] .....    16.429583: ovldiag_ensure: (ovl_write_iter+0xaf/0x130 <- ovl_ensure_upper_and_switch) result=0x0
              dd-4753    [001] .....    16.429600: ovldiag_write: (ovl_write_iter+0x10c/0x130 <- backing_file_write_iter) result=0x1000
             cat-4756    [000] .....    16.431687: ovldiag_open: (ovl_open+0xb2/0x100 <- ovl_open_realfile) result=0xffff8880073a8e00
              dd-4758    [000] .....    16.433065: ovldiag_open: (ovl_open+0xb2/0x100 <- ovl_open_realfile) result=0xffff888003d44c00
              dd-4758    [000] .....    16.433120: ovldiag_ensure: (ovl_write_iter+0xaf/0x130 <- ovl_ensure_upper_and_switch) result=0x0
              dd-4758    [000] .....    16.433134: ovldiag_write: (ovl_write_iter+0x10c/0x130 <- backing_file_write_iter) result=0x1000
             cat-4759    [001] .....    16.433476: ovldiag_open: (ovl_open+0xb2/0x100 <- ovl_open_realfile) result=0xffff8880045ffa00
             cat-4761    [000] .....    16.436119: ovldiag_open: (ovl_open+0xb2/0x100 <- ovl_open_realfile) result=0xffff88800dc55600
              dd-4769    [000] .....    16.440257: ovldiag_open: (ovl_open+0xb2/0x100 <- ovl_open_realfile) result=0xffff88800d52af00
              dd-4769    [000] .....    16.440286: ovldiag_ensure: (ovl_write_iter+0xaf/0x130 <- ovl_ensure_upper_and_switch) result=0x0
              dd-4769    [000] .....    16.440299: ovldiag_write: (ovl_write_iter+0x10c/0x130 <- backing_file_write_iter) result=0x1000
              dd-4768    [001] .....    16.441152: ovldiag_open: (ovl_open+0xb2/0x100 <- ovl_open_realfile) result=0xffff88800d66a800
             cat-4767    [000] .....    16.441156: ovldiag_open: (ovl_open+0xb2/0x100 <- ovl_open_realfile) result=0xffff88800715d800
              dd-4768    [001] .....    16.441185: ovldiag_ensure: (ovl_write_iter+0xaf/0x130 <- ovl_ensure_upper_and_switch) result=0x0
              dd-4768    [001] .....    16.441202: ovldiag_write: (ovl_write_iter+0x10c/0x130 <- backing_file_write_iter) result=0x1000
              dd-4772    [001] .....    16.443316: ovldiag_open: (ovl_open+0xb2/0x100 <- ovl_open_realfile) result=0xffff888003ebca00
              dd-4772    [001] .....    16.443347: ovldiag_ensure: (ovl_write_iter+0xaf/0x130 <- ovl_ensure_upper_and_switch) result=0x0
              dd-4772    [001] .....    16.443363: ovldiag_write: (ovl_write_iter+0x10c/0x130 <- backing_file_write_iter) result=0x1000
             cat-4776    [001] .....    16.446765: ovldiag_open: (ovl_open+0xb2/0x100 <- ovl_open_realfile) result=0xffff8880072a6b00
              dd-4778    [000] .....    16.446799: ovldiag_open: (ovl_open+0xb2/0x100 <- ovl_open_realfile) result=0xffff8880072d8d00
              dd-4778    [000] .....    16.446831: ovldiag_ensure: (ovl_write_iter+0xaf/0x130 <- ovl_ensure_upper_and_switch) result=0x0
              dd-4778    [000] .....    16.446844: ovldiag_write: (ovl_write_iter+0x10c/0x130 <- backing_file_write_iter) result=0x1000
             cat-4779    [001] .....    16.447883: ovldiag_open: (ovl_open+0xb2/0x100 <- ovl_open_realfile) result=0xffff8880044a8a00
             cat-4777    [001] .....    16.448865: ovldiag_open: (ovl_open+0xb2/0x100 <- ovl_open_realfile) result=0xffff888005cb7000
             cat-4785    [000] .....    16.451356: ovldiag_open: (ovl_open+0xb2/0x100 <- ovl_open_realfile) result=0xffff888005cb7000
              dd-4790    [000] .....    16.455837: ovldiag_open: (ovl_open+0xb2/0x100 <- ovl_open_realfile) result=0xffff88800724e600
              dd-4790    [000] .....    16.455863: ovldiag_ensure: (ovl_write_iter+0xaf/0x130 <- ovl_ensure_upper_and_switch) result=0x0
              dd-4790    [000] .....    16.455878: ovldiag_write: (ovl_write_iter+0x10c/0x130 <- backing_file_write_iter) result=0x1000
              dd-4791    [001] .....    16.456340: ovldiag_open: (ovl_open+0xb2/0x100 <- ovl_open_realfile) result=0xffff8880072a6200
              dd-4791    [001] .....    16.456369: ovldiag_ensure: (ovl_write_iter+0xaf/0x130 <- ovl_ensure_upper_and_switch) result=0x0
              dd-4791    [001] .....    16.456386: ovldiag_write: (ovl_write_iter+0x10c/0x130 <- backing_file_write_iter) result=0x1000
              dd-4793    [001] .....    16.458293: ovldiag_open: (ovl_open+0xb2/0x100 <- ovl_open_realfile) result=0xffff88800700f100
              dd-4793    [001] .....    16.458324: ovldiag_ensure: (ovl_write_iter+0xaf/0x130 <- ovl_ensure_upper_and_switch) result=0x0
              dd-4793    [001] .....    16.458341: ovldiag_write: (ovl_write_iter+0x10c/0x130 <- backing_file_write_iter) result=0x1000
             cat-4795    [000] .....    16.459158: ovldiag_open: (ovl_open+0xb2/0x100 <- ovl_open_realfile) result=0xffff88800715d800
              dd-4800    [000] .....    16.461459: ovldiag_open: (ovl_open+0xb2/0x100 <- ovl_open_realfile) result=0xffff888007160700
              dd-4800    [000] .....    16.461489: ovldiag_ensure: (ovl_write_iter+0xaf/0x130 <- ovl_ensure_upper_and_switch) result=0x0
              dd-4800    [000] .....    16.461502: ovldiag_write: (ovl_write_iter+0x10c/0x130 <- backing_file_write_iter) result=0x1000
             cat-4798    [001] .....    16.461927: ovldiag_open: (ovl_open+0xb2/0x100 <- ovl_open_realfile) result=0xffff888007162300
             cat-4799    [001] .....    16.463127: ovldiag_open: (ovl_open+0xb2/0x100 <- ovl_open_realfile) result=0xffff888007059700
             cat-4802    [001] .....    16.465661: ovldiag_open: (ovl_open+0xb2/0x100 <- ovl_open_realfile) result=0xffff888007171000
              dd-4809    [000] .....    16.468793: ovldiag_open: (ovl_open+0xb2/0x100 <- ovl_open_realfile) result=0xffff888005cb7500
              dd-4809    [000] .....    16.468824: ovldiag_ensure: (ovl_write_iter+0xaf/0x130 <- ovl_ensure_upper_and_switch) result=0x0
              dd-4809    [000] .....    16.468836: ovldiag_write: (ovl_write_iter+0x10c/0x130 <- backing_file_write_iter) result=0x1000
              dd-4812    [000] .....    16.470542: ovldiag_open: (ovl_open+0xb2/0x100 <- ovl_open_realfile) result=0xffff8880046cd700
              dd-4812    [000] .....    16.470570: ovldiag_ensure: (ovl_write_iter+0xaf/0x130 <- ovl_ensure_upper_and_switch) result=0x0
              dd-4812    [000] .....    16.470583: ovldiag_write: (ovl_write_iter+0x10c/0x130 <- backing_file_write_iter) result=0x1000
              dd-4813    [001] .....    16.472758: ovldiag_open: (ovl_open+0xb2/0x100 <- ovl_open_realfile) result=0xffff888005dca700
              dd-4813    [001] .....    16.472793: ovldiag_ensure: (ovl_write_iter+0xaf/0x130 <- ovl_ensure_upper_and_switch) result=0x0
              dd-4813    [001] .....    16.472811: ovldiag_write: (ovl_write_iter+0x10c/0x130 <- backing_file_write_iter) result=0x1000
             cat-4814    [001] .....    16.473016: ovldiag_open: (ovl_open+0xb2/0x100 <- ovl_open_realfile) result=0xffff888005ccba00
             cat-4816    [000] .....    16.474012: ovldiag_open: (ovl_open+0xb2/0x100 <- ovl_open_realfile) result=0xffff88800707b300
              dd-4819    [001] .....    16.476013: ovldiag_open: (ovl_open+0xb2/0x100 <- ovl_open_realfile) result=0xffff88800457b800
              dd-4819    [001] .....    16.476046: ovldiag_ensure: (ovl_write_iter+0xaf/0x130 <- ovl_ensure_upper_and_switch) result=0x0
              dd-4819    [001] .....    16.476063: ovldiag_write: (ovl_write_iter+0x10c/0x130 <- backing_file_write_iter) result=0x1000
             cat-4822    [000] .....    16.478341: ovldiag_open: (ovl_open+0xb2/0x100 <- ovl_open_realfile) result=0xffff888005c89200
             cat-4823    [000] .....    16.479502: ovldiag_open: (ovl_open+0xb2/0x100 <- ovl_open_realfile) result=0xffff888007256100
              dd-4830    [000] .....    16.483031: ovldiag_open: (ovl_open+0xb2/0x100 <- ovl_open_realfile) result=0xffff888007171a00
              dd-4830    [000] .....    16.483060: ovldiag_ensure: (ovl_write_iter+0xaf/0x130 <- ovl_ensure_upper_and_switch) result=0x0
              dd-4830    [000] .....    16.484110: ovldiag_write: (ovl_write_iter+0x10c/0x130 <- backing_file_write_iter) result=0x1000
             cat-4831    [001] .....    16.484135: ovldiag_open: (ovl_open+0xb2/0x100 <- ovl_open_realfile) result=0xffff8880043cc200
              dd-4832    [000] .....    16.485568: ovldiag_open: (ovl_open+0xb2/0x100 <- ovl_open_realfile) result=0xffff888005cb3900
              dd-4832    [000] .....    16.485593: ovldiag_ensure: (ovl_write_iter+0xaf/0x130 <- ovl_ensure_upper_and_switch) result=0x0
              dd-4832    [000] .....    16.485605: ovldiag_write: (ovl_write_iter+0x10c/0x130 <- backing_file_write_iter) result=0x1000
             cat-4836    [000] .....    16.486972: ovldiag_open: (ovl_open+0xb2/0x100 <- ovl_open_realfile) result=0xffff888007171500
              dd-4835    [001] .....    16.488460: ovldiag_open: (ovl_open+0xb2/0x100 <- ovl_open_realfile) result=0xffff888005d89300
              dd-4835    [001] .....    16.488492: ovldiag_ensure: (ovl_write_iter+0xaf/0x130 <- ovl_ensure_upper_and_switch) result=0x0
              dd-4835    [001] .....    16.488509: ovldiag_write: (ovl_write_iter+0x10c/0x130 <- backing_file_write_iter) result=0x1000
             cat-4841    [000] .....    16.491042: ovldiag_open: (ovl_open+0xb2/0x100 <- ovl_open_realfile) result=0xffff88800453e400
             cat-4840    [001] .....    16.491356: ovldiag_open: (ovl_open+0xb2/0x100 <- ovl_open_realfile) result=0xffff88800d766300
              dd-4844    [001] .....    16.493564: ovldiag_open: (ovl_open+0xb2/0x100 <- ovl_open_realfile) result=0xffff8880044a1c00
              dd-4844    [001] .....    16.493593: ovldiag_ensure: (ovl_write_iter+0xaf/0x130 <- ovl_ensure_upper_and_switch) result=0x0
              dd-4844    [001] .....    16.493608: ovldiag_write: (ovl_write_iter+0x10c/0x130 <- backing_file_write_iter) result=0x1000
             cat-4850    [001] .....    16.496761: ovldiag_open: (ovl_open+0xb2/0x100 <- ovl_open_realfile) result=0xffff8880089dd900
              dd-4853    [000] .....    16.498853: ovldiag_open: (ovl_open+0xb2/0x100 <- ovl_open_realfile) result=0xffff8880043cca00
              dd-4853    [000] .....    16.498886: ovldiag_ensure: (ovl_write_iter+0xaf/0x130 <- ovl_ensure_upper_and_switch) result=0x0
              dd-4853    [000] .....    16.498898: ovldiag_write: (ovl_write_iter+0x10c/0x130 <- backing_file_write_iter) result=0x1000
             cat-4852    [001] .....    16.499581: ovldiag_open: (ovl_open+0xb2/0x100 <- ovl_open_realfile) result=0xffff88800461be00
              dd-4855    [000] .....    16.500841: ovldiag_open: (ovl_open+0xb2/0x100 <- ovl_open_realfile) result=0xffff888004619100
              dd-4855    [000] .....    16.500875: ovldiag_ensure: (ovl_write_iter+0xaf/0x130 <- ovl_ensure_upper_and_switch) result=0x0
              dd-4855    [000] .....    16.500887: ovldiag_write: (ovl_write_iter+0x10c/0x130 <- backing_file_write_iter) result=0x1000
             cat-4858    [001] .....    16.503252: ovldiag_open: (ovl_open+0xb2/0x100 <- ovl_open_realfile) result=0xffff8880044a1200
              dd-4861    [000] .....    16.505059: ovldiag_open: (ovl_open+0xb2/0x100 <- ovl_open_realfile) result=0xffff88800d73ee00
             cat-4860    [000] .....    16.505562: ovldiag_open: (ovl_open+0xb2/0x100 <- ovl_open_realfile) result=0xffff888005cb3600
              dd-4861    [000] .....    16.506790: ovldiag_ensure: (ovl_write_iter+0xaf/0x130 <- ovl_ensure_upper_and_switch) result=0x0
              dd-4861    [000] .....    16.506802: ovldiag_write: (ovl_write_iter+0x10c/0x130 <- backing_file_write_iter) result=0x1000
             cat-4868    [001] .....    16.510109: ovldiag_open: (ovl_open+0xb2/0x100 <- ovl_open_realfile) result=0xffff888005d46b00
              dd-4867    [000] .....    16.510172: ovldiag_open: (ovl_open+0xb2/0x100 <- ovl_open_realfile) result=0xffff8880044a1800
              dd-4867    [000] .....    16.510199: ovldiag_ensure: (ovl_write_iter+0xaf/0x130 <- ovl_ensure_upper_and_switch) result=0x0
              dd-4867    [000] .....    16.510216: ovldiag_write: (ovl_write_iter+0x10c/0x130 <- backing_file_write_iter) result=0x1000
              dd-4872    [001] .....    16.512911: ovldiag_open: (ovl_open+0xb2/0x100 <- ovl_open_realfile) result=0xffff88800d73e300
              dd-4872    [001] .....    16.512944: ovldiag_ensure: (ovl_write_iter+0xaf/0x130 <- ovl_ensure_upper_and_switch) result=0x0
              dd-4872    [001] .....    16.512961: ovldiag_write: (ovl_write_iter+0x10c/0x130 <- backing_file_write_iter) result=0x1000
              dd-4877    [000] .....    16.514799: ovldiag_open: (ovl_open+0xb2/0x100 <- ovl_open_realfile) result=0xffff88800700f800
              dd-4877    [000] .....    16.514830: ovldiag_ensure: (ovl_write_iter+0xaf/0x130 <- ovl_ensure_upper_and_switch) result=0x0
              dd-4877    [000] .....    16.514854: ovldiag_write: (ovl_write_iter+0x10c/0x130 <- backing_file_write_iter) result=0x1000
             cat-4875    [001] .....    16.516058: ovldiag_open: (ovl_open+0xb2/0x100 <- ovl_open_realfile) result=0xffff8880043a2400
             cat-4879    [001] .....    16.517088: ovldiag_open: (ovl_open+0xb2/0x100 <- ovl_open_realfile) result=0xffff88800724e800
             cat-4874    [001] .....    16.518041: ovldiag_open: (ovl_open+0xb2/0x100 <- ovl_open_realfile) result=0xffff88800461b500
             cat-4886    [000] .....    16.522513: ovldiag_open: (ovl_open+0xb2/0x100 <- ovl_open_realfile) result=0xffff888005dca300
              dd-4887    [001] .....    16.524314: ovldiag_open: (ovl_open+0xb2/0x100 <- ovl_open_realfile) result=0xffff88800700f000
              dd-4887    [001] .....    16.524343: ovldiag_ensure: (ovl_write_iter+0xaf/0x130 <- ovl_ensure_upper_and_switch) result=0x0
              dd-4887    [001] .....    16.524360: ovldiag_write: (ovl_write_iter+0x10c/0x130 <- backing_file_write_iter) result=0x1000
              dd-4888    [001] .....    16.524712: ovldiag_open: (ovl_open+0xb2/0x100 <- ovl_open_realfile) result=0xffff888005d38800
              dd-4888    [001] .....    16.524740: ovldiag_ensure: (ovl_write_iter+0xaf/0x130 <- ovl_ensure_upper_and_switch) result=0x0
              dd-4888    [001] .....    16.524752: ovldiag_write: (ovl_write_iter+0x10c/0x130 <- backing_file_write_iter) result=0x1000
             cat-4893    [001] .....    16.527064: ovldiag_open: (ovl_open+0xb2/0x100 <- ovl_open_realfile) result=0xffff888008944b00
             cat-4894    [001] .....    16.528057: ovldiag_open: (ovl_open+0xb2/0x100 <- ovl_open_realfile) result=0xffff888005de7b00
              dd-4895    [000] .....    16.529211: ovldiag_open: (ovl_open+0xb2/0x100 <- ovl_open_realfile) result=0xffff8880043cc600
              dd-4895    [000] .....    16.529242: ovldiag_ensure: (ovl_write_iter+0xaf/0x130 <- ovl_ensure_upper_and_switch) result=0x0
              dd-4895    [000] .....    16.529255: ovldiag_write: (ovl_write_iter+0x10c/0x130 <- backing_file_write_iter) result=0x1000
             cat-4896    [000] .....    16.530677: ovldiag_open: (ovl_open+0xb2/0x100 <- ovl_open_realfile) result=0xffff8880043e0b00
              dd-4898    [001] .....    16.531802: ovldiag_open: (ovl_open+0xb2/0x100 <- ovl_open_realfile) result=0xffff888005d38900
              dd-4898    [001] .....    16.531833: ovldiag_ensure: (ovl_write_iter+0xaf/0x130 <- ovl_ensure_upper_and_switch) result=0x0
              dd-4898    [001] .....    16.531850: ovldiag_write: (ovl_write_iter+0x10c/0x130 <- backing_file_write_iter) result=0x1000
             cat-4902    [000] .....    16.534839: ovldiag_open: (ovl_open+0xb2/0x100 <- ovl_open_realfile) result=0xffff88800d76b800
              dd-4908    [000] .....    16.538261: ovldiag_open: (ovl_open+0xb2/0x100 <- ovl_open_realfile) result=0xffff888004305500
              dd-4908    [000] .....    16.538288: ovldiag_ensure: (ovl_write_iter+0xaf/0x130 <- ovl_ensure_upper_and_switch) result=0x0
              dd-4908    [000] .....    16.538302: ovldiag_write: (ovl_write_iter+0x10c/0x130 <- backing_file_write_iter) result=0x1000
              dd-4909    [000] .....    16.539480: ovldiag_open: (ovl_open+0xb2/0x100 <- ovl_open_realfile) result=0xffff888003ebca00
              dd-4909    [000] .....    16.539504: ovldiag_ensure: (ovl_write_iter+0xaf/0x130 <- ovl_ensure_upper_and_switch) result=0x0
              dd-4909    [000] .....    16.539514: ovldiag_write: (ovl_write_iter+0x10c/0x130 <- backing_file_write_iter) result=0x1000
             cat-4911    [001] .....    16.539571: ovldiag_open: (ovl_open+0xb2/0x100 <- ovl_open_realfile) result=0xffff88800724e100
             cat-4912    [000] .....    16.540789: ovldiag_open: (ovl_open+0xb2/0x100 <- ovl_open_realfile) result=0xffff8880046d8600
             cat-4919    [001] .....    16.544452: ovldiag_open: (ovl_open+0xb2/0x100 <- ovl_open_realfile) result=0xffff88800abd3600
              dd-4918    [000] .....    16.544794: ovldiag_open: (ovl_open+0xb2/0x100 <- ovl_open_realfile) result=0xffff88800dc16600
              dd-4918    [000] .....    16.544822: ovldiag_ensure: (ovl_write_iter+0xaf/0x130 <- ovl_ensure_upper_and_switch) result=0x0
              dd-4918    [000] .....    16.544836: ovldiag_write: (ovl_write_iter+0x10c/0x130 <- backing_file_write_iter) result=0x1000
             cat-4921    [000] .....    16.548235: ovldiag_open: (ovl_open+0xb2/0x100 <- ovl_open_realfile) result=0xffff888005d38700
              dd-4925    [000] .....    16.549590: ovldiag_open: (ovl_open+0xb2/0x100 <- ovl_open_realfile) result=0xffff8880043a2f00
              dd-4925    [000] .....    16.549621: ovldiag_ensure: (ovl_write_iter+0xaf/0x130 <- ovl_ensure_upper_and_switch) result=0x0
              dd-4925    [000] .....    16.549633: ovldiag_write: (ovl_write_iter+0x10c/0x130 <- backing_file_write_iter) result=0x1000
             cat-4928    [000] .....    16.551270: ovldiag_open: (ovl_open+0xb2/0x100 <- ovl_open_realfile) result=0xffff888005cb3b00
             cat-4932    [000] .....    16.553964: ovldiag_open: (ovl_open+0xb2/0x100 <- ovl_open_realfile) result=0xffff8880046d8e00
              dd-4931    [001] .....    16.554005: ovldiag_open: (ovl_open+0xb2/0x100 <- ovl_open_realfile) result=0xffff888004619b00
              dd-4931    [001] .....    16.554036: ovldiag_ensure: (ovl_write_iter+0xaf/0x130 <- ovl_ensure_upper_and_switch) result=0x0
              dd-4931    [001] .....    16.554054: ovldiag_write: (ovl_write_iter+0x10c/0x130 <- backing_file_write_iter) result=0x1000
              dd-4936    [001] .....    16.556739: ovldiag_open: (ovl_open+0xb2/0x100 <- ovl_open_realfile) result=0xffff888005cb7000
              dd-4936    [001] .....    16.556767: ovldiag_ensure: (ovl_write_iter+0xaf/0x130 <- ovl_ensure_upper_and_switch) result=0x0
              dd-4936    [001] .....    16.556785: ovldiag_write: (ovl_write_iter+0x10c/0x130 <- backing_file_write_iter) result=0x1000
             cat-4937    [000] .....    16.558003: ovldiag_open: (ovl_open+0xb2/0x100 <- ovl_open_realfile) result=0xffff8880043a2300
             cat-4940    [001] .....    16.560277: ovldiag_open: (ovl_open+0xb2/0x100 <- ovl_open_realfile) result=0xffff888007256800
              dd-4942    [000] .....    16.563523: ovldiag_open: (ovl_open+0xb2/0x100 <- ovl_open_realfile) result=0xffff888007079b00
              dd-4942    [000] .....    16.563553: ovldiag_ensure: (ovl_write_iter+0xaf/0x130 <- ovl_ensure_upper_and_switch) result=0x0
              dd-4942    [000] .....    16.563568: ovldiag_write: (ovl_write_iter+0x10c/0x130 <- backing_file_write_iter) result=0x1000
             cat-4945    [000] .....    16.563912: ovldiag_open: (ovl_open+0xb2/0x100 <- ovl_open_realfile) result=0xffff888005d46100
              dd-4947    [001] .....    16.564732: ovldiag_open: (ovl_open+0xb2/0x100 <- ovl_open_realfile) result=0xffff888005d38c00
              dd-4947    [001] .....    16.564762: ovldiag_ensure: (ovl_write_iter+0xaf/0x130 <- ovl_ensure_upper_and_switch) result=0x0
              dd-4947    [001] .....    16.564779: ovldiag_write: (ovl_write_iter+0x10c/0x130 <- backing_file_write_iter) result=0x1000
              dd-4952    [001] .....    16.568457: ovldiag_open: (ovl_open+0xb2/0x100 <- ovl_open_realfile) result=0xffff888005c8c600
              dd-4952    [001] .....    16.568497: ovldiag_ensure: (ovl_write_iter+0xaf/0x130 <- ovl_ensure_upper_and_switch) result=0x0
              dd-4952    [001] .....    16.568514: ovldiag_write: (ovl_write_iter+0x10c/0x130 <- backing_file_write_iter) result=0x1000
             cat-4953    [000] .....    16.568802: ovldiag_open: (ovl_open+0xb2/0x100 <- ovl_open_realfile) result=0xffff888007058300
             cat-4956    [001] .....    16.572551: ovldiag_open: (ovl_open+0xb2/0x100 <- ovl_open_realfile) result=0xffff8880043e0e00
             cat-4961    [001] .....    16.575309: ovldiag_open: (ovl_open+0xb2/0x100 <- ovl_open_realfile) result=0xffff888008944200
              dd-4964    [000] .....    16.576672: ovldiag_open: (ovl_open+0xb2/0x100 <- ovl_open_realfile) result=0xffff888005d64700
              dd-4964    [000] .....    16.576699: ovldiag_ensure: (ovl_write_iter+0xaf/0x130 <- ovl_ensure_upper_and_switch) result=0x0
              dd-4964    [000] .....    16.576714: ovldiag_write: (ovl_write_iter+0x10c/0x130 <- backing_file_write_iter) result=0x1000
             cat-4966    [000] .....    16.577799: ovldiag_open: (ovl_open+0xb2/0x100 <- ovl_open_realfile) result=0xffff8880044a1400
              dd-4970    [000] .....    16.580856: ovldiag_open: (ovl_open+0xb2/0x100 <- ovl_open_realfile) result=0xffff888004619300
              dd-4970    [000] .....    16.580887: ovldiag_ensure: (ovl_write_iter+0xaf/0x130 <- ovl_ensure_upper_and_switch) result=0x0
              dd-4970    [000] .....    16.580900: ovldiag_write: (ovl_write_iter+0x10c/0x130 <- backing_file_write_iter) result=0x1000
              dd-4969    [000] .....    16.581143: ovldiag_open: (ovl_open+0xb2/0x100 <- ovl_open_realfile) result=0xffff888004619a00
              dd-4969    [000] .....    16.581174: ovldiag_ensure: (ovl_write_iter+0xaf/0x130 <- ovl_ensure_upper_and_switch) result=0x0
              dd-4969    [000] .....    16.581186: ovldiag_write: (ovl_write_iter+0x10c/0x130 <- backing_file_write_iter) result=0x1000
             cat-4975    [001] .....    16.583034: ovldiag_open: (ovl_open+0xb2/0x100 <- ovl_open_realfile) result=0xffff888005d64400
             cat-4974    [000] .....    16.584621: ovldiag_open: (ovl_open+0xb2/0x100 <- ovl_open_realfile) result=0xffff888003761d00
              dd-4979    [000] .....    16.587351: ovldiag_open: (ovl_open+0xb2/0x100 <- ovl_open_realfile) result=0xffff88800de57600
              dd-4979    [000] .....    16.587381: ovldiag_ensure: (ovl_write_iter+0xaf/0x130 <- ovl_ensure_upper_and_switch) result=0x0
              dd-4979    [000] .....    16.587395: ovldiag_write: (ovl_write_iter+0x10c/0x130 <- backing_file_write_iter) result=0x1000
             cat-4980    [001] .....    16.587977: ovldiag_open: (ovl_open+0xb2/0x100 <- ovl_open_realfile) result=0xffff888005e78000
              dd-4985    [001] .....    16.591634: ovldiag_open: (ovl_open+0xb2/0x100 <- ovl_open_realfile) result=0xffff88800dcefc00
              dd-4985    [001] .....    16.591676: ovldiag_ensure: (ovl_write_iter+0xaf/0x130 <- ovl_ensure_upper_and_switch) result=0x0
              dd-4985    [001] .....    16.591692: ovldiag_write: (ovl_write_iter+0x10c/0x130 <- backing_file_write_iter) result=0x1000
             cat-4987    [000] .....    16.592978: ovldiag_open: (ovl_open+0xb2/0x100 <- ovl_open_realfile) result=0xffff888005cb3d00
              dd-4989    [001] .....    16.595176: ovldiag_open: (ovl_open+0xb2/0x100 <- ovl_open_realfile) result=0xffff888008944a00
              dd-4989    [001] .....    16.595213: ovldiag_ensure: (ovl_write_iter+0xaf/0x130 <- ovl_ensure_upper_and_switch) result=0x0
              dd-4989    [001] .....    16.595230: ovldiag_write: (ovl_write_iter+0x10c/0x130 <- backing_file_write_iter) result=0x1000
              dd-4991    [000] .....    16.597585: ovldiag_open: (ovl_open+0xb2/0x100 <- ovl_open_realfile) result=0xffff888007079a00
              dd-4991    [000] .....    16.597612: ovldiag_ensure: (ovl_write_iter+0xaf/0x130 <- ovl_ensure_upper_and_switch) result=0x0
             cat-4993    [001] .....    16.597614: ovldiag_open: (ovl_open+0xb2/0x100 <- ovl_open_realfile) result=0xffff888007256400
              dd-4991    [000] .....    16.597628: ovldiag_write: (ovl_write_iter+0x10c/0x130 <- backing_file_write_iter) result=0x1000
             cat-4992    [001] .....    16.597851: ovldiag_open: (ovl_open+0xb2/0x100 <- ovl_open_realfile) result=0xffff88800dcef800
             cat-4999    [001] .....    16.600244: ovldiag_open: (ovl_open+0xb2/0x100 <- ovl_open_realfile) result=0xffff888005cb3700
              dd-5000    [000] .....    16.604349: ovldiag_open: (ovl_open+0xb2/0x100 <- ovl_open_realfile) result=0xffff888005c95100
              dd-5000    [000] .....    16.604380: ovldiag_ensure: (ovl_write_iter+0xaf/0x130 <- ovl_ensure_upper_and_switch) result=0x0
              dd-5000    [000] .....    16.604393: ovldiag_write: (ovl_write_iter+0x10c/0x130 <- backing_file_write_iter) result=0x1000
              dd-5006    [001] .....    16.606500: ovldiag_open: (ovl_open+0xb2/0x100 <- ovl_open_realfile) result=0xffff8880073bac00
              dd-5006    [001] .....    16.606538: ovldiag_ensure: (ovl_write_iter+0xaf/0x130 <- ovl_ensure_upper_and_switch) result=0x0
              dd-5006    [001] .....    16.606553: ovldiag_write: (ovl_write_iter+0x10c/0x130 <- backing_file_write_iter) result=0x1000
             cat-5007    [000] .....    16.607043: ovldiag_open: (ovl_open+0xb2/0x100 <- ovl_open_realfile) result=0xffff888005cb3000
              dd-5010    [001] .....    16.608889: ovldiag_open: (ovl_open+0xb2/0x100 <- ovl_open_realfile) result=0xffff888004305400
              dd-5010    [001] .....    16.608919: ovldiag_ensure: (ovl_write_iter+0xaf/0x130 <- ovl_ensure_upper_and_switch) result=0x0
              dd-5010    [001] .....    16.608936: ovldiag_write: (ovl_write_iter+0x10c/0x130 <- backing_file_write_iter) result=0x1000
             cat-5014    [000] .....    16.610915: ovldiag_open: (ovl_open+0xb2/0x100 <- ovl_open_realfile) result=0xffff8880043e0f00
             cat-5012    [001] .....    16.611412: ovldiag_open: (ovl_open+0xb2/0x100 <- ovl_open_realfile) result=0xffff888007256200
             cat-5015    [001] .....    16.614542: ovldiag_open: (ovl_open+0xb2/0x100 <- ovl_open_realfile) result=0xffff8880073a9c00
              dd-5018    [000] .....    16.616356: ovldiag_open: (ovl_open+0xb2/0x100 <- ovl_open_realfile) result=0xffff8880043e0b00
              dd-5018    [000] .....    16.616392: ovldiag_ensure: (ovl_write_iter+0xaf/0x130 <- ovl_ensure_upper_and_switch) result=0x0
              dd-5018    [000] .....    16.616405: ovldiag_write: (ovl_write_iter+0x10c/0x130 <- backing_file_write_iter) result=0x1000
              dd-5023    [000] .....    16.619785: ovldiag_open: (ovl_open+0xb2/0x100 <- ovl_open_realfile) result=0xffff888005c8ca00
              dd-5023    [000] .....    16.619822: ovldiag_ensure: (ovl_write_iter+0xaf/0x130 <- ovl_ensure_upper_and_switch) result=0x0
              dd-5023    [000] .....    16.619835: ovldiag_write: (ovl_write_iter+0x10c/0x130 <- backing_file_write_iter) result=0x1000
             cat-5026    [001] .....    16.620866: ovldiag_open: (ovl_open+0xb2/0x100 <- ovl_open_realfile) result=0xffff88800de8f500
              dd-5025    [001] .....    16.621354: ovldiag_open: (ovl_open+0xb2/0x100 <- ovl_open_realfile) result=0xffff88800de8fe00
              dd-5025    [001] .....    16.621392: ovldiag_ensure: (ovl_write_iter+0xaf/0x130 <- ovl_ensure_upper_and_switch) result=0x0
              dd-5025    [001] .....    16.621408: ovldiag_write: (ovl_write_iter+0x10c/0x130 <- backing_file_write_iter) result=0x1000
              dd-5029    [000] .....    16.623784: ovldiag_open: (ovl_open+0xb2/0x100 <- ovl_open_realfile) result=0xffff8880043cca00
              dd-5029    [000] .....    16.623814: ovldiag_ensure: (ovl_write_iter+0xaf/0x130 <- ovl_ensure_upper_and_switch) result=0x0
              dd-5029    [000] .....    16.623828: ovldiag_write: (ovl_write_iter+0x10c/0x130 <- backing_file_write_iter) result=0x1000
             cat-5030    [001] .....    16.623934: ovldiag_open: (ovl_open+0xb2/0x100 <- ovl_open_realfile) result=0xffff888003761200
             cat-5031    [001] .....    16.625129: ovldiag_open: (ovl_open+0xb2/0x100 <- ovl_open_realfile) result=0xffff8880047ff500
              dd-5040    [000] .....    16.630196: ovldiag_open: (ovl_open+0xb2/0x100 <- ovl_open_realfile) result=0xffff888005cb3900
              dd-5040    [000] .....    16.630224: ovldiag_ensure: (ovl_write_iter+0xaf/0x130 <- ovl_ensure_upper_and_switch) result=0x0
              dd-5040    [000] .....    16.630238: ovldiag_write: (ovl_write_iter+0x10c/0x130 <- backing_file_write_iter) result=0x1000
             cat-5038    [001] .....    16.630439: ovldiag_open: (ovl_open+0xb2/0x100 <- ovl_open_realfile) result=0xffff888005c95a00
              dd-5044    [000] .....    16.634215: ovldiag_open: (ovl_open+0xb2/0x100 <- ovl_open_realfile) result=0xffff888005dcaa00
              dd-5044    [000] .....    16.634245: ovldiag_ensure: (ovl_write_iter+0xaf/0x130 <- ovl_ensure_upper_and_switch) result=0x0
              dd-5044    [000] .....    16.634260: ovldiag_write: (ovl_write_iter+0x10c/0x130 <- backing_file_write_iter) result=0x1000
             cat-5046    [001] .....    16.635092: ovldiag_open: (ovl_open+0xb2/0x100 <- ovl_open_realfile) result=0xffff8880043cc200
             cat-5045    [001] .....    16.635502: ovldiag_open: (ovl_open+0xb2/0x100 <- ovl_open_realfile) result=0xffff88800736ec00
             cat-5048    [001] .....    16.636809: ovldiag_open: (ovl_open+0xb2/0x100 <- ovl_open_realfile) result=0xffff88800453e200
              dd-5055    [000] .....    16.641913: ovldiag_open: (ovl_open+0xb2/0x100 <- ovl_open_realfile) result=0xffff8880043cca00
              dd-5055    [000] .....    16.641939: ovldiag_ensure: (ovl_write_iter+0xaf/0x130 <- ovl_ensure_upper_and_switch) result=0x0
              dd-5055    [000] .....    16.641953: ovldiag_write: (ovl_write_iter+0x10c/0x130 <- backing_file_write_iter) result=0x1000
             cat-5057    [001] .....    16.643298: ovldiag_open: (ovl_open+0xb2/0x100 <- ovl_open_realfile) result=0xffff88800707ba00
              dd-5058    [000] .....    16.644179: ovldiag_open: (ovl_open+0xb2/0x100 <- ovl_open_realfile) result=0xffff88800724e100
              dd-5058    [000] .....    16.644213: ovldiag_ensure: (ovl_write_iter+0xaf/0x130 <- ovl_ensure_upper_and_switch) result=0x0
              dd-5058    [000] .....    16.644226: ovldiag_write: (ovl_write_iter+0x10c/0x130 <- backing_file_write_iter) result=0x1000
              dd-5052    [000] .....    16.644394: ovldiag_open: (ovl_open+0xb2/0x100 <- ovl_open_realfile) result=0xffff88800724e300
              dd-5052    [000] .....    16.644457: ovldiag_ensure: (ovl_write_iter+0xaf/0x130 <- ovl_ensure_upper_and_switch) result=0x0
              dd-5052    [000] .....    16.644466: ovldiag_write: (ovl_write_iter+0x10c/0x130 <- backing_file_write_iter) result=0x1000
             cat-5063    [001] .....    16.647714: ovldiag_open: (ovl_open+0xb2/0x100 <- ovl_open_realfile) result=0xffff88800dcef300
              dd-5064    [000] .....    16.649006: ovldiag_open: (ovl_open+0xb2/0x100 <- ovl_open_realfile) result=0xffff888007162200
              dd-5064    [000] .....    16.649044: ovldiag_ensure: (ovl_write_iter+0xaf/0x130 <- ovl_ensure_upper_and_switch) result=0x0
              dd-5064    [000] .....    16.649058: ovldiag_write: (ovl_write_iter+0x10c/0x130 <- backing_file_write_iter) result=0x1000
             cat-5065    [001] .....    16.649807: ovldiag_open: (ovl_open+0xb2/0x100 <- ovl_open_realfile) result=0xffff88800707bb00
             cat-5068    [001] .....    16.651128: ovldiag_open: (ovl_open+0xb2/0x100 <- ovl_open_realfile) result=0xffff8880073bac00
             cat-5075    [000] .....    16.655995: ovldiag_open: (ovl_open+0xb2/0x100 <- ovl_open_realfile) result=0xffff888007058300
              dd-5076    [001] .....    16.656475: ovldiag_open: (ovl_open+0xb2/0x100 <- ovl_open_realfile) result=0xffff8880043ccc00
              dd-5076    [001] .....    16.656506: ovldiag_ensure: (ovl_write_iter+0xaf/0x130 <- ovl_ensure_upper_and_switch) result=0x0
              dd-5076    [001] .....    16.656523: ovldiag_write: (ovl_write_iter+0x10c/0x130 <- backing_file_write_iter) result=0x1000
              dd-5080    [000] .....    16.658376: ovldiag_open: (ovl_open+0xb2/0x100 <- ovl_open_realfile) result=0xffff888007160100
              dd-5080    [000] .....    16.658403: ovldiag_ensure: (ovl_write_iter+0xaf/0x130 <- ovl_ensure_upper_and_switch) result=0x0
              dd-5080    [000] .....    16.658427: ovldiag_write: (ovl_write_iter+0x10c/0x130 <- backing_file_write_iter) result=0x1000
              dd-5077    [001] .....    16.660807: ovldiag_open: (ovl_open+0xb2/0x100 <- ovl_open_realfile) result=0xffff88800ded9d00
              dd-5077    [001] .....    16.660847: ovldiag_ensure: (ovl_write_iter+0xaf/0x130 <- ovl_ensure_upper_and_switch) result=0x0
              dd-5077    [001] .....    16.660864: ovldiag_write: (ovl_write_iter+0x10c/0x130 <- backing_file_write_iter) result=0x1000
             cat-5083    [001] .....    16.662133: ovldiag_open: (ovl_open+0xb2/0x100 <- ovl_open_realfile) result=0xffff88800453e400
             cat-5084    [000] .....    16.662609: ovldiag_open: (ovl_open+0xb2/0x100 <- ovl_open_realfile) result=0xffff888007160000
              dd-5086    [000] .....    16.665287: ovldiag_open: (ovl_open+0xb2/0x100 <- ovl_open_realfile) result=0xffff8880043e0f00
              dd-5086    [000] .....    16.665334: ovldiag_ensure: (ovl_write_iter+0xaf/0x130 <- ovl_ensure_upper_and_switch) result=0x0
              dd-5086    [000] .....    16.665348: ovldiag_write: (ovl_write_iter+0x10c/0x130 <- backing_file_write_iter) result=0x1000
             cat-5090    [000] .....    16.666680: ovldiag_open: (ovl_open+0xb2/0x100 <- ovl_open_realfile) result=0xffff8880044a1400
             cat-5094    [001] .....    16.669601: ovldiag_open: (ovl_open+0xb2/0x100 <- ovl_open_realfile) result=0xffff88800700f700
              dd-5097    [000] .....    16.671869: ovldiag_open: (ovl_open+0xb2/0x100 <- ovl_open_realfile) result=0xffff88800893c400
              dd-5097    [000] .....    16.671898: ovldiag_ensure: (ovl_write_iter+0xaf/0x130 <- ovl_ensure_upper_and_switch) result=0x0
              dd-5097    [000] .....    16.671910: ovldiag_write: (ovl_write_iter+0x10c/0x130 <- backing_file_write_iter) result=0x1000
              dd-5098    [000] .....    16.673706: ovldiag_open: (ovl_open+0xb2/0x100 <- ovl_open_realfile) result=0xffff88800457b700
              dd-5098    [000] .....    16.673734: ovldiag_ensure: (ovl_write_iter+0xaf/0x130 <- ovl_ensure_upper_and_switch) result=0x0
              dd-5098    [000] .....    16.673749: ovldiag_write: (ovl_write_iter+0x10c/0x130 <- backing_file_write_iter) result=0x1000
             cat-5101    [001] .....    16.674606: ovldiag_open: (ovl_open+0xb2/0x100 <- ovl_open_realfile) result=0xffff8880073a9400
             cat-5104    [001] .....    16.677505: ovldiag_open: (ovl_open+0xb2/0x100 <- ovl_open_realfile) result=0xffff888007046600
             cat-5106    [000] .....    16.677936: ovldiag_open: (ovl_open+0xb2/0x100 <- ovl_open_realfile) result=0xffff88800453eb00
              dd-5105    [000] .....    16.679458: ovldiag_open: (ovl_open+0xb2/0x100 <- ovl_open_realfile) result=0xffff888007160300
              dd-5105    [000] .....    16.679506: ovldiag_ensure: (ovl_write_iter+0xaf/0x130 <- ovl_ensure_upper_and_switch) result=0x0
              dd-5105    [000] .....    16.679520: ovldiag_write: (ovl_write_iter+0x10c/0x130 <- backing_file_write_iter) result=0x1000
             cat-5112    [000] .....    16.682671: ovldiag_open: (ovl_open+0xb2/0x100 <- ovl_open_realfile) result=0xffff88800707b900
              dd-5109    [000] .....    16.683187: ovldiag_open: (ovl_open+0xb2/0x100 <- ovl_open_realfile) result=0xffff88800893c800
              dd-5109    [000] .....    16.683215: ovldiag_ensure: (ovl_write_iter+0xaf/0x130 <- ovl_ensure_upper_and_switch) result=0x0
              dd-5109    [000] .....    16.683225: ovldiag_write: (ovl_write_iter+0x10c/0x130 <- backing_file_write_iter) result=0x1000
              dd-5116    [000] .....    16.685355: ovldiag_open: (ovl_open+0xb2/0x100 <- ovl_open_realfile) result=0xffff888005d64a00
              dd-5116    [000] .....    16.685382: ovldiag_ensure: (ovl_write_iter+0xaf/0x130 <- ovl_ensure_upper_and_switch) result=0x0
              dd-5116    [000] .....    16.685395: ovldiag_write: (ovl_write_iter+0x10c/0x130 <- backing_file_write_iter) result=0x1000
              dd-5119    [000] .....    16.687000: ovldiag_open: (ovl_open+0xb2/0x100 <- ovl_open_realfile) result=0xffff888007107e00
              dd-5119    [000] .....    16.687027: ovldiag_ensure: (ovl_write_iter+0xaf/0x130 <- ovl_ensure_upper_and_switch) result=0x0
              dd-5119    [000] .....    16.687038: ovldiag_write: (ovl_write_iter+0x10c/0x130 <- backing_file_write_iter) result=0x1000
             cat-5117    [001] .....    16.687385: ovldiag_open: (ovl_open+0xb2/0x100 <- ovl_open_realfile) result=0xffff888008944700
             cat-5124    [000] .....    16.690023: ovldiag_open: (ovl_open+0xb2/0x100 <- ovl_open_realfile) result=0xffff8880047ffb00
             cat-5125    [001] .....    16.692122: ovldiag_open: (ovl_open+0xb2/0x100 <- ovl_open_realfile) result=0xffff888007248600
              dd-5131    [000] .....    16.695444: ovldiag_open: (ovl_open+0xb2/0x100 <- ovl_open_realfile) result=0xffff88800453e400
              dd-5131    [000] .....    16.695471: ovldiag_ensure: (ovl_write_iter+0xaf/0x130 <- ovl_ensure_upper_and_switch) result=0x0
              dd-5131    [000] .....    16.695485: ovldiag_write: (ovl_write_iter+0x10c/0x130 <- backing_file_write_iter) result=0x1000
              dd-5133    [000] .....    16.697479: ovldiag_open: (ovl_open+0xb2/0x100 <- ovl_open_realfile) result=0xffff88800457b700
              dd-5133    [000] .....    16.697507: ovldiag_ensure: (ovl_write_iter+0xaf/0x130 <- ovl_ensure_upper_and_switch) result=0x0
              dd-5133    [000] .....    16.697520: ovldiag_write: (ovl_write_iter+0x10c/0x130 <- backing_file_write_iter) result=0x1000
             cat-5134    [001] .....    16.698784: ovldiag_open: (ovl_open+0xb2/0x100 <- ovl_open_realfile) result=0xffff8880073a8b00
              dd-5137    [001] .....    16.700431: ovldiag_open: (ovl_open+0xb2/0x100 <- ovl_open_realfile) result=0xffff88800715d000
              dd-5137    [001] .....    16.700465: ovldiag_ensure: (ovl_write_iter+0xaf/0x130 <- ovl_ensure_upper_and_switch) result=0x0
              dd-5137    [001] .....    16.700499: ovldiag_write: (ovl_write_iter+0x10c/0x130 <- backing_file_write_iter) result=0x1000
              dd-5138    [001] .....    16.701918: ovldiag_open: (ovl_open+0xb2/0x100 <- ovl_open_realfile) result=0xffff888005d46b00
              dd-5138    [001] .....    16.701948: ovldiag_ensure: (ovl_write_iter+0xaf/0x130 <- ovl_ensure_upper_and_switch) result=0x0
              dd-5138    [001] .....    16.701964: ovldiag_write: (ovl_write_iter+0x10c/0x130 <- backing_file_write_iter) result=0x1000
             cat-5140    [001] .....    16.704008: ovldiag_open: (ovl_open+0xb2/0x100 <- ovl_open_realfile) result=0xffff88800707b400
             cat-5144    [001] .....    16.705240: ovldiag_open: (ovl_open+0xb2/0x100 <- ovl_open_realfile) result=0xffff888007162200
             cat-5143    [000] .....    16.705465: ovldiag_open: (ovl_open+0xb2/0x100 <- ovl_open_realfile) result=0xffff8880044a8a00
             cat-5151    [001] .....    16.710184: ovldiag_open: (ovl_open+0xb2/0x100 <- ovl_open_realfile) result=0xffff8880073bab00
              dd-5153    [000] .....    16.711111: ovldiag_open: (ovl_open+0xb2/0x100 <- ovl_open_realfile) result=0xffff888005cb7d00
              dd-5153    [000] .....    16.711139: ovldiag_ensure: (ovl_write_iter+0xaf/0x130 <- ovl_ensure_upper_and_switch) result=0x0
              dd-5153    [000] .....    16.711151: ovldiag_write: (ovl_write_iter+0x10c/0x130 <- backing_file_write_iter) result=0x1000
              dd-5152    [001] .....    16.712097: ovldiag_open: (ovl_open+0xb2/0x100 <- ovl_open_realfile) result=0xffff888005c89900
              dd-5152    [001] .....    16.712127: ovldiag_ensure: (ovl_write_iter+0xaf/0x130 <- ovl_ensure_upper_and_switch) result=0x0
              dd-5152    [001] .....    16.712149: ovldiag_write: (ovl_write_iter+0x10c/0x130 <- backing_file_write_iter) result=0x1000
              dd-5157    [000] .....    16.715094: ovldiag_open: (ovl_open+0xb2/0x100 <- ovl_open_realfile) result=0xffff888005d11800
              dd-5157    [000] .....    16.715120: ovldiag_ensure: (ovl_write_iter+0xaf/0x130 <- ovl_ensure_upper_and_switch) result=0x0
              dd-5157    [000] .....    16.715134: ovldiag_write: (ovl_write_iter+0x10c/0x130 <- backing_file_write_iter) result=0x1000
              dd-5158    [001] .....    16.716351: ovldiag_open: (ovl_open+0xb2/0x100 <- ovl_open_realfile) result=0xffff888005d3fa00
              dd-5158    [001] .....    16.716383: ovldiag_ensure: (ovl_write_iter+0xaf/0x130 <- ovl_ensure_upper_and_switch) result=0x0
              dd-5158    [001] .....    16.716401: ovldiag_write: (ovl_write_iter+0x10c/0x130 <- backing_file_write_iter) result=0x1000
             cat-5160    [000] .....    16.717529: ovldiag_open: (ovl_open+0xb2/0x100 <- ovl_open_realfile) result=0xffff8880047ff700
             cat-5162    [001] .....    16.718038: ovldiag_open: (ovl_open+0xb2/0x100 <- ovl_open_realfile) result=0xffff8880046d8400
             cat-5165    [000] .....    16.720454: ovldiag_open: (ovl_open+0xb2/0x100 <- ovl_open_realfile) result=0xffff888007248600
              dd-5170    [000] .....    16.723924: ovldiag_open: (ovl_open+0xb2/0x100 <- ovl_open_realfile) result=0xffff8880046d8d00
              dd-5170    [000] .....    16.723950: ovldiag_ensure: (ovl_write_iter+0xaf/0x130 <- ovl_ensure_upper_and_switch) result=0x0
              dd-5170    [000] .....    16.723964: ovldiag_write: (ovl_write_iter+0x10c/0x130 <- backing_file_write_iter) result=0x1000
             cat-5173    [001] .....    16.725710: ovldiag_open: (ovl_open+0xb2/0x100 <- ovl_open_realfile) result=0xffff888007256200
              dd-5174    [000] .....    16.726301: ovldiag_open: (ovl_open+0xb2/0x100 <- ovl_open_realfile) result=0xffff888005cb3000
              dd-5174    [000] .....    16.726328: ovldiag_ensure: (ovl_write_iter+0xaf/0x130 <- ovl_ensure_upper_and_switch) result=0x0
              dd-5174    [000] .....    16.726341: ovldiag_write: (ovl_write_iter+0x10c/0x130 <- backing_file_write_iter) result=0x1000
             cat-5177    [000] .....    16.727781: ovldiag_open: (ovl_open+0xb2/0x100 <- ovl_open_realfile) result=0xffff888004639200
              dd-5178    [000] .....    16.729454: ovldiag_open: (ovl_open+0xb2/0x100 <- ovl_open_realfile) result=0xffff888005d64300
              dd-5178    [000] .....    16.729483: ovldiag_ensure: (ovl_write_iter+0xaf/0x130 <- ovl_ensure_upper_and_switch) result=0x0
              dd-5178    [000] .....    16.729496: ovldiag_write: (ovl_write_iter+0x10c/0x130 <- backing_file_write_iter) result=0x1000
             cat-5181    [001] .....    16.730901: ovldiag_open: (ovl_open+0xb2/0x100 <- ovl_open_realfile) result=0xffff88800df2eb00
             cat-5182    [000] .....    16.732051: ovldiag_open: (ovl_open+0xb2/0x100 <- ovl_open_realfile) result=0xffff8880043cc500
              dd-5183    [001] .....    16.732413: ovldiag_open: (ovl_open+0xb2/0x100 <- ovl_open_realfile) result=0xffff88800d68de00
              dd-5183    [001] .....    16.732453: ovldiag_ensure: (ovl_write_iter+0xaf/0x130 <- ovl_ensure_upper_and_switch) result=0x0
              dd-5183    [001] .....    16.732471: ovldiag_write: (ovl_write_iter+0x10c/0x130 <- backing_file_write_iter) result=0x1000
             cat-5192    [001] .....    16.737675: ovldiag_open: (ovl_open+0xb2/0x100 <- ovl_open_realfile) result=0xffff8880046d8600
              dd-5191    [000] .....    16.738222: ovldiag_open: (ovl_open+0xb2/0x100 <- ovl_open_realfile) result=0xffff888005c8ca00
              dd-5191    [000] .....    16.738252: ovldiag_ensure: (ovl_write_iter+0xaf/0x130 <- ovl_ensure_upper_and_switch) result=0x0
              dd-5191    [000] .....    16.738265: ovldiag_write: (ovl_write_iter+0x10c/0x130 <- backing_file_write_iter) result=0x1000
              dd-5194    [001] .....    16.739897: ovldiag_open: (ovl_open+0xb2/0x100 <- ovl_open_realfile) result=0xffff88800d68da00
              dd-5194    [001] .....    16.739926: ovldiag_ensure: (ovl_write_iter+0xaf/0x130 <- ovl_ensure_upper_and_switch) result=0x0
              dd-5194    [001] .....    16.739944: ovldiag_write: (ovl_write_iter+0x10c/0x130 <- backing_file_write_iter) result=0x1000
             cat-5196    [001] .....    16.741027: ovldiag_open: (ovl_open+0xb2/0x100 <- ovl_open_realfile) result=0xffff8880073a9000
             cat-5199    [000] .....    16.743876: ovldiag_open: (ovl_open+0xb2/0x100 <- ovl_open_realfile) result=0xffff888005dcac00
             cat-5200    [001] .....    16.743955: ovldiag_open: (ovl_open+0xb2/0x100 <- ovl_open_realfile) result=0xffff888005c8ca00
              dd-5202    [000] .....    16.745380: ovldiag_open: (ovl_open+0xb2/0x100 <- ovl_open_realfile) result=0xffff888007160f00
              dd-5202    [000] .....    16.745410: ovldiag_ensure: (ovl_write_iter+0xaf/0x130 <- ovl_ensure_upper_and_switch) result=0x0
              dd-5202    [000] .....    16.745432: ovldiag_write: (ovl_write_iter+0x10c/0x130 <- backing_file_write_iter) result=0x1000
             cat-5208    [000] .....    16.749348: ovldiag_open: (ovl_open+0xb2/0x100 <- ovl_open_realfile) result=0xffff888005c8ce00
              dd-5209    [000] .....    16.751113: ovldiag_open: (ovl_open+0xb2/0x100 <- ovl_open_realfile) result=0xffff888005cb3800
              dd-5209    [000] .....    16.751139: ovldiag_ensure: (ovl_write_iter+0xaf/0x130 <- ovl_ensure_upper_and_switch) result=0x0
              dd-5209    [000] .....    16.751151: ovldiag_write: (ovl_write_iter+0x10c/0x130 <- backing_file_write_iter) result=0x1000
              dd-5212    [001] .....    16.752983: ovldiag_open: (ovl_open+0xb2/0x100 <- ovl_open_realfile) result=0xffff8880073a9800
              dd-5212    [001] .....    16.753016: ovldiag_ensure: (ovl_write_iter+0xaf/0x130 <- ovl_ensure_upper_and_switch) result=0x0
              dd-5212    [001] .....    16.753032: ovldiag_write: (ovl_write_iter+0x10c/0x130 <- backing_file_write_iter) result=0x1000
              dd-5215    [000] .....    16.755362: ovldiag_open: (ovl_open+0xb2/0x100 <- ovl_open_realfile) result=0xffff88800736eb00
              dd-5215    [000] .....    16.755389: ovldiag_ensure: (ovl_write_iter+0xaf/0x130 <- ovl_ensure_upper_and_switch) result=0x0
              dd-5215    [000] .....    16.755403: ovldiag_write: (ovl_write_iter+0x10c/0x130 <- backing_file_write_iter) result=0x1000
             cat-5217    [001] .....    16.756604: ovldiag_open: (ovl_open+0xb2/0x100 <- ovl_open_realfile) result=0xffff888005dca500
             cat-5219    [000] .....    16.756892: ovldiag_open: (ovl_open+0xb2/0x100 <- ovl_open_realfile) result=0xffff8880047ffb00
             cat-5221    [001] .....    16.759183: ovldiag_open: (ovl_open+0xb2/0x100 <- ovl_open_realfile) result=0xffff8880046d8600
              dd-5223    [000] .....    16.760879: ovldiag_open: (ovl_open+0xb2/0x100 <- ovl_open_realfile) result=0xffff88800453e500
              dd-5223    [000] .....    16.760905: ovldiag_ensure: (ovl_write_iter+0xaf/0x130 <- ovl_ensure_upper_and_switch) result=0x0
              dd-5223    [000] .....    16.760917: ovldiag_write: (ovl_write_iter+0x10c/0x130 <- backing_file_write_iter) result=0x1000
             cat-5226    [001] .....    16.763112: ovldiag_open: (ovl_open+0xb2/0x100 <- ovl_open_realfile) result=0xffff888005c8cc00
              dd-5229    [000] .....    16.765391: ovldiag_open: (ovl_open+0xb2/0x100 <- ovl_open_realfile) result=0xffff888007107800
              dd-5229    [000] .....    16.765437: ovldiag_ensure: (ovl_write_iter+0xaf/0x130 <- ovl_ensure_upper_and_switch) result=0x0
              dd-5229    [000] .....    16.765451: ovldiag_write: (ovl_write_iter+0x10c/0x130 <- backing_file_write_iter) result=0x1000
              dd-5234    [001] .....    16.768503: ovldiag_open: (ovl_open+0xb2/0x100 <- ovl_open_realfile) result=0xffff888007160400
              dd-5234    [001] .....    16.768532: ovldiag_ensure: (ovl_write_iter+0xaf/0x130 <- ovl_ensure_upper_and_switch) result=0x0
              dd-5234    [001] .....    16.768549: ovldiag_write: (ovl_write_iter+0x10c/0x130 <- backing_file_write_iter) result=0x1000
             cat-5233    [000] .....    16.768856: ovldiag_open: (ovl_open+0xb2/0x100 <- ovl_open_realfile) result=0xffff8880046d8d00
             cat-5236    [001] .....    16.769786: ovldiag_open: (ovl_open+0xb2/0x100 <- ovl_open_realfile) result=0xffff8880072a6f00
              dd-5238    [001] .....    16.772307: ovldiag_open: (ovl_open+0xb2/0x100 <- ovl_open_realfile) result=0xffff8880073a8600
              dd-5238    [001] .....    16.772338: ovldiag_ensure: (ovl_write_iter+0xaf/0x130 <- ovl_ensure_upper_and_switch) result=0x0
              dd-5238    [001] .....    16.772355: ovldiag_write: (ovl_write_iter+0x10c/0x130 <- backing_file_write_iter) result=0x1000
             cat-5243    [000] .....    16.774178: ovldiag_open: (ovl_open+0xb2/0x100 <- ovl_open_realfile) result=0xffff88800715dc00
              dd-5244    [001] .....    16.774700: ovldiag_open: (ovl_open+0xb2/0x100 <- ovl_open_realfile) result=0xffff8880073ba000
              dd-5244    [001] .....    16.774732: ovldiag_ensure: (ovl_write_iter+0xaf/0x130 <- ovl_ensure_upper_and_switch) result=0x0
              dd-5244    [001] .....    16.774749: ovldiag_write: (ovl_write_iter+0x10c/0x130 <- backing_file_write_iter) result=0x1000
             cat-5247    [000] .....    16.776887: ovldiag_open: (ovl_open+0xb2/0x100 <- ovl_open_realfile) result=0xffff888005ddeb00
              dd-5251    [001] .....    16.780427: ovldiag_open: (ovl_open+0xb2/0x100 <- ovl_open_realfile) result=0xffff8880046d8200
              dd-5251    [001] .....    16.780460: ovldiag_ensure: (ovl_write_iter+0xaf/0x130 <- ovl_ensure_upper_and_switch) result=0x0
              dd-5251    [001] .....    16.780477: ovldiag_write: (ovl_write_iter+0x10c/0x130 <- backing_file_write_iter) result=0x1000
             cat-5253    [000] .....    16.782204: ovldiag_open: (ovl_open+0xb2/0x100 <- ovl_open_realfile) result=0xffff888004619500
             cat-5255    [001] .....    16.782453: ovldiag_open: (ovl_open+0xb2/0x100 <- ovl_open_realfile) result=0xffff888007248800
              dd-5257    [000] .....    16.784842: ovldiag_open: (ovl_open+0xb2/0x100 <- ovl_open_realfile) result=0xffff888005dcc000
              dd-5257    [000] .....    16.784872: ovldiag_ensure: (ovl_write_iter+0xaf/0x130 <- ovl_ensure_upper_and_switch) result=0x0
              dd-5257    [000] .....    16.784887: ovldiag_write: (ovl_write_iter+0x10c/0x130 <- backing_file_write_iter) result=0x1000
              dd-5260    [001] .....    16.786227: ovldiag_open: (ovl_open+0xb2/0x100 <- ovl_open_realfile) result=0xffff88800461b300
              dd-5260    [001] .....    16.786258: ovldiag_ensure: (ovl_write_iter+0xaf/0x130 <- ovl_ensure_upper_and_switch) result=0x0
              dd-5260    [001] .....    16.786276: ovldiag_write: (ovl_write_iter+0x10c/0x130 <- backing_file_write_iter) result=0x1000
             cat-5263    [000] .....    16.788480: ovldiag_open: (ovl_open+0xb2/0x100 <- ovl_open_realfile) result=0xffff88800457b500
             cat-5264    [001] .....    16.789031: ovldiag_open: (ovl_open+0xb2/0x100 <- ovl_open_realfile) result=0xffff888007162600
              dd-5265    [000] .....    16.789588: ovldiag_open: (ovl_open+0xb2/0x100 <- ovl_open_realfile) result=0xffff8880046d8200
              dd-5265    [000] .....    16.789618: ovldiag_ensure: (ovl_write_iter+0xaf/0x130 <- ovl_ensure_upper_and_switch) result=0x0
              dd-5265    [000] .....    16.789630: ovldiag_write: (ovl_write_iter+0x10c/0x130 <- backing_file_write_iter) result=0x1000
             cat-5272    [001] .....    16.793645: ovldiag_open: (ovl_open+0xb2/0x100 <- ovl_open_realfile) result=0xffff8880043ccb00
             cat-5270    [000] .....    16.794458: ovldiag_open: (ovl_open+0xb2/0x100 <- ovl_open_realfile) result=0xffff888005e03b00
              dd-5275    [000] .....    16.796617: ovldiag_open: (ovl_open+0xb2/0x100 <- ovl_open_realfile) result=0xffff88800461b900
              dd-5275    [000] .....    16.796647: ovldiag_ensure: (ovl_write_iter+0xaf/0x130 <- ovl_ensure_upper_and_switch) result=0x0
              dd-5275    [000] .....    16.796662: ovldiag_write: (ovl_write_iter+0x10c/0x130 <- backing_file_write_iter) result=0x1000
              dd-5280    [001] .....    16.799612: ovldiag_open: (ovl_open+0xb2/0x100 <- ovl_open_realfile) result=0xffff888005c8c000
              dd-5280    [001] .....    16.799640: ovldiag_ensure: (ovl_write_iter+0xaf/0x130 <- ovl_ensure_upper_and_switch) result=0x0
              dd-5280    [001] .....    16.799657: ovldiag_write: (ovl_write_iter+0x10c/0x130 <- backing_file_write_iter) result=0x1000
             cat-5281    [000] .....    16.800621: ovldiag_open: (ovl_open+0xb2/0x100 <- ovl_open_realfile) result=0xffff888007256400
              dd-5284    [000] .....    16.802393: ovldiag_open: (ovl_open+0xb2/0x100 <- ovl_open_realfile) result=0xffff8880046d8d00
              dd-5284    [000] .....    16.802431: ovldiag_ensure: (ovl_write_iter+0xaf/0x130 <- ovl_ensure_upper_and_switch) result=0x0
              dd-5284    [000] .....    16.802444: ovldiag_write: (ovl_write_iter+0x10c/0x130 <- backing_file_write_iter) result=0x1000
             cat-5285    [000] .....    16.804674: ovldiag_open: (ovl_open+0xb2/0x100 <- ovl_open_realfile) result=0xffff88800457bd00
             cat-5288    [001] .....    16.805084: ovldiag_open: (ovl_open+0xb2/0x100 <- ovl_open_realfile) result=0xffff8880044a1400
              dd-5286    [001] .....    16.805614: ovldiag_open: (ovl_open+0xb2/0x100 <- ovl_open_realfile) result=0xffff888005cb7d00
              dd-5286    [001] .....    16.805640: ovldiag_ensure: (ovl_write_iter+0xaf/0x130 <- ovl_ensure_upper_and_switch) result=0x0
              dd-5286    [001] .....    16.805658: ovldiag_write: (ovl_write_iter+0x10c/0x130 <- backing_file_write_iter) result=0x1000
             cat-5290    [001] .....    16.808416: ovldiag_open: (ovl_open+0xb2/0x100 <- ovl_open_realfile) result=0xffff8880044a1c00
              dd-5297    [001] .....    16.811853: ovldiag_open: (ovl_open+0xb2/0x100 <- ovl_open_realfile) result=0xffff888005e03500
              dd-5297    [001] .....    16.811885: ovldiag_ensure: (ovl_write_iter+0xaf/0x130 <- ovl_ensure_upper_and_switch) result=0x0
              dd-5297    [001] .....    16.811902: ovldiag_write: (ovl_write_iter+0x10c/0x130 <- backing_file_write_iter) result=0x1000
              dd-5299    [001] .....    16.813390: ovldiag_open: (ovl_open+0xb2/0x100 <- ovl_open_realfile) result=0xffff8880046d8e00
              dd-5299    [001] .....    16.813429: ovldiag_ensure: (ovl_write_iter+0xaf/0x130 <- ovl_ensure_upper_and_switch) result=0x0
              dd-5299    [001] .....    16.813446: ovldiag_write: (ovl_write_iter+0x10c/0x130 <- backing_file_write_iter) result=0x1000
             cat-5300    [000] .....    16.813690: ovldiag_open: (ovl_open+0xb2/0x100 <- ovl_open_realfile) result=0xffff888005ce3800
             cat-5304    [000] .....    16.816590: ovldiag_open: (ovl_open+0xb2/0x100 <- ovl_open_realfile) result=0xffff888003761200
              dd-5307    [000] .....    16.818342: ovldiag_open: (ovl_open+0xb2/0x100 <- ovl_open_realfile) result=0xffff888005e00b00
              dd-5307    [000] .....    16.818368: ovldiag_ensure: (ovl_write_iter+0xaf/0x130 <- ovl_ensure_upper_and_switch) result=0x0
              dd-5307    [000] .....    16.818381: ovldiag_write: (ovl_write_iter+0x10c/0x130 <- backing_file_write_iter) result=0x1000
             cat-5308    [001] .....    16.820206: ovldiag_open: (ovl_open+0xb2/0x100 <- ovl_open_realfile) result=0xffff8880047ff000
              dd-5311    [000] .....    16.821634: ovldiag_open: (ovl_open+0xb2/0x100 <- ovl_open_realfile) result=0xffff888005c95500
              dd-5311    [000] .....    16.821661: ovldiag_ensure: (ovl_write_iter+0xaf/0x130 <- ovl_ensure_upper_and_switch) result=0x0
              dd-5311    [000] .....    16.821674: ovldiag_write: (ovl_write_iter+0x10c/0x130 <- backing_file_write_iter) result=0x1000
             cat-5309    [000] .....    16.822027: ovldiag_open: (ovl_open+0xb2/0x100 <- ovl_open_realfile) result=0xffff888007160500
             cat-5318    [001] .....    16.826452: ovldiag_open: (ovl_open+0xb2/0x100 <- ovl_open_realfile) result=0xffff888007256f00
              dd-5320    [000] .....    16.827191: ovldiag_open: (ovl_open+0xb2/0x100 <- ovl_open_realfile) result=0xffff8880043ccc00
              dd-5320    [000] .....    16.827216: ovldiag_ensure: (ovl_write_iter+0xaf/0x130 <- ovl_ensure_upper_and_switch) result=0x0
              dd-5320    [000] .....    16.827229: ovldiag_write: (ovl_write_iter+0x10c/0x130 <- backing_file_write_iter) result=0x1000
              dd-5319    [001] .....    16.827624: ovldiag_open: (ovl_open+0xb2/0x100 <- ovl_open_realfile) result=0xffff888005e00800
              dd-5319    [001] .....    16.827657: ovldiag_ensure: (ovl_write_iter+0xaf/0x130 <- ovl_ensure_upper_and_switch) result=0x0
              dd-5319    [001] .....    16.827674: ovldiag_write: (ovl_write_iter+0x10c/0x130 <- backing_file_write_iter) result=0x1000
             cat-5325    [001] .....    16.831233: ovldiag_open: (ovl_open+0xb2/0x100 <- ovl_open_realfile) result=0xffff888005dcac00
             cat-5327    [000] .....    16.831831: ovldiag_open: (ovl_open+0xb2/0x100 <- ovl_open_realfile) result=0xffff888005cb3b00
              dd-5326    [001] .....    16.832749: ovldiag_open: (ovl_open+0xb2/0x100 <- ovl_open_realfile) result=0xffff888003761d00
              dd-5326    [001] .....    16.832777: ovldiag_ensure: (ovl_write_iter+0xaf/0x130 <- ovl_ensure_upper_and_switch) result=0x0
              dd-5326    [001] .....    16.832792: ovldiag_write: (ovl_write_iter+0x10c/0x130 <- backing_file_write_iter) result=0x1000
             cat-5328    [000] .....    16.833718: ovldiag_open: (ovl_open+0xb2/0x100 <- ovl_open_realfile) result=0xffff888007256f00
              dd-5333    [001] .....    16.837295: ovldiag_open: (ovl_open+0xb2/0x100 <- ovl_open_realfile) result=0xffff888007171a00
              dd-5333    [001] .....    16.837328: ovldiag_ensure: (ovl_write_iter+0xaf/0x130 <- ovl_ensure_upper_and_switch) result=0x0
              dd-5333    [001] .....    16.837346: ovldiag_write: (ovl_write_iter+0x10c/0x130 <- backing_file_write_iter) result=0x1000
             cat-5334    [000] .....    16.838888: ovldiag_open: (ovl_open+0xb2/0x100 <- ovl_open_realfile) result=0xffff888007162e00
              dd-5340    [000] .....    16.842022: ovldiag_open: (ovl_open+0xb2/0x100 <- ovl_open_realfile) result=0xffff88800707be00
              dd-5340    [000] .....    16.842050: ovldiag_ensure: (ovl_write_iter+0xaf/0x130 <- ovl_ensure_upper_and_switch) result=0x0
              dd-5340    [000] .....    16.842064: ovldiag_write: (ovl_write_iter+0x10c/0x130 <- backing_file_write_iter) result=0x1000
              dd-5341    [001] .....    16.842117: ovldiag_open: (ovl_open+0xb2/0x100 <- ovl_open_realfile) result=0xffff8880073a9b00
              dd-5341    [001] .....    16.842147: ovldiag_ensure: (ovl_write_iter+0xaf/0x130 <- ovl_ensure_upper_and_switch) result=0x0
              dd-5341    [001] .....    16.842164: ovldiag_write: (ovl_write_iter+0x10c/0x130 <- backing_file_write_iter) result=0x1000
             cat-5345    [001] .....    16.844883: ovldiag_open: (ovl_open+0xb2/0x100 <- ovl_open_realfile) result=0xffff888005dca700
             cat-5346    [000] .....    16.845789: ovldiag_open: (ovl_open+0xb2/0x100 <- ovl_open_realfile) result=0xffff88800715d900
             cat-5347    [001] .....    16.846592: ovldiag_open: (ovl_open+0xb2/0x100 <- ovl_open_realfile) result=0xffff8880073a9c00
              dd-5350    [000] .....    16.850366: ovldiag_open: (ovl_open+0xb2/0x100 <- ovl_open_realfile) result=0xffff8880073a8200
              dd-5350    [000] .....    16.850393: ovldiag_ensure: (ovl_write_iter+0xaf/0x130 <- ovl_ensure_upper_and_switch) result=0x0
              dd-5350    [000] .....    16.850408: ovldiag_write: (ovl_write_iter+0x10c/0x130 <- backing_file_write_iter) result=0x1000
             cat-5354    [000] .....    16.851900: ovldiag_open: (ovl_open+0xb2/0x100 <- ovl_open_realfile) result=0xffff888008944900
              dd-5357    [001] .....    16.853473: ovldiag_open: (ovl_open+0xb2/0x100 <- ovl_open_realfile) result=0xffff88800700fb00
              dd-5357    [001] .....    16.853502: ovldiag_ensure: (ovl_write_iter+0xaf/0x130 <- ovl_ensure_upper_and_switch) result=0x0
              dd-5357    [001] .....    16.853519: ovldiag_write: (ovl_write_iter+0x10c/0x130 <- backing_file_write_iter) result=0x1000
              dd-5360    [000] .....    16.855901: ovldiag_open: (ovl_open+0xb2/0x100 <- ovl_open_realfile) result=0xffff888005cea400
              dd-5360    [000] .....    16.855928: ovldiag_ensure: (ovl_write_iter+0xaf/0x130 <- ovl_ensure_upper_and_switch) result=0x0
              dd-5360    [000] .....    16.855942: ovldiag_write: (ovl_write_iter+0x10c/0x130 <- backing_file_write_iter) result=0x1000
              dd-5362    [000] .....    16.857055: ovldiag_open: (ovl_open+0xb2/0x100 <- ovl_open_realfile) result=0xffff8880044a8700
             cat-5365    [001] .....    16.857876: ovldiag_open: (ovl_open+0xb2/0x100 <- ovl_open_realfile) result=0xffff888005c89e00
             cat-5363    [000] .....    16.858102: ovldiag_open: (ovl_open+0xb2/0x100 <- ovl_open_realfile) result=0xffff8880046d8e00
              dd-5362    [000] .....    16.858616: ovldiag_ensure: (ovl_write_iter+0xaf/0x130 <- ovl_ensure_upper_and_switch) result=0x0
              dd-5362    [000] .....    16.858627: ovldiag_write: (ovl_write_iter+0x10c/0x130 <- backing_file_write_iter) result=0x1000
             cat-5370    [001] .....    16.862736: ovldiag_open: (ovl_open+0xb2/0x100 <- ovl_open_realfile) result=0xffff88800dd79f00
             cat-5372    [000] .....    16.863048: ovldiag_open: (ovl_open+0xb2/0x100 <- ovl_open_realfile) result=0xffff88800d628900
              dd-5373    [000] .....    16.864702: ovldiag_open: (ovl_open+0xb2/0x100 <- ovl_open_realfile) result=0xffff88800457b000
              dd-5373    [000] .....    16.864727: ovldiag_ensure: (ovl_write_iter+0xaf/0x130 <- ovl_ensure_upper_and_switch) result=0x0
              dd-5373    [000] .....    16.864737: ovldiag_write: (ovl_write_iter+0x10c/0x130 <- backing_file_write_iter) result=0x1000
              dd-5378    [001] .....    16.868343: ovldiag_open: (ovl_open+0xb2/0x100 <- ovl_open_realfile) result=0xffff888007160700
              dd-5378    [001] .....    16.868375: ovldiag_ensure: (ovl_write_iter+0xaf/0x130 <- ovl_ensure_upper_and_switch) result=0x0
              dd-5378    [001] .....    16.868393: ovldiag_write: (ovl_write_iter+0x10c/0x130 <- backing_file_write_iter) result=0x1000
             cat-5379    [001] .....    16.870273: ovldiag_open: (ovl_open+0xb2/0x100 <- ovl_open_realfile) result=0xffff888005d89100
             cat-5382    [000] .....    16.870386: ovldiag_open: (ovl_open+0xb2/0x100 <- ovl_open_realfile) result=0xffff8880047ffa00
              dd-5383    [001] .....    16.871939: ovldiag_open: (ovl_open+0xb2/0x100 <- ovl_open_realfile) result=0xffff88800715d400
              dd-5383    [001] .....    16.871970: ovldiag_ensure: (ovl_write_iter+0xaf/0x130 <- ovl_ensure_upper_and_switch) result=0x0
              dd-5383    [001] .....    16.871987: ovldiag_write: (ovl_write_iter+0x10c/0x130 <- backing_file_write_iter) result=0x1000
              dd-5386    [000] .....    16.872108: ovldiag_open: (ovl_open+0xb2/0x100 <- ovl_open_realfile) result=0xffff88800461b900
              dd-5386    [000] .....    16.872138: ovldiag_ensure: (ovl_write_iter+0xaf/0x130 <- ovl_ensure_upper_and_switch) result=0x0
              dd-5386    [000] .....    16.872151: ovldiag_write: (ovl_write_iter+0x10c/0x130 <- backing_file_write_iter) result=0x1000
             cat-5388    [000] .....    16.874802: ovldiag_open: (ovl_open+0xb2/0x100 <- ovl_open_realfile) result=0xffff8880073a9c00
             cat-5390    [000] .....    16.877472: ovldiag_open: (ovl_open+0xb2/0x100 <- ovl_open_realfile) result=0xffff88800715d200
              dd-5394    [000] .....    16.880221: ovldiag_open: (ovl_open+0xb2/0x100 <- ovl_open_realfile) result=0xffff888005cb7900
              dd-5394    [000] .....    16.880251: ovldiag_ensure: (ovl_write_iter+0xaf/0x130 <- ovl_ensure_upper_and_switch) result=0x0
              dd-5394    [000] .....    16.880262: ovldiag_write: (ovl_write_iter+0x10c/0x130 <- backing_file_write_iter) result=0x1000
              dd-5399    [000] .....    16.882457: ovldiag_open: (ovl_open+0xb2/0x100 <- ovl_open_realfile) result=0xffff88800dcaac00
              dd-5399    [000] .....    16.882484: ovldiag_ensure: (ovl_write_iter+0xaf/0x130 <- ovl_ensure_upper_and_switch) result=0x0
              dd-5399    [000] .....    16.882497: ovldiag_write: (ovl_write_iter+0x10c/0x130 <- backing_file_write_iter) result=0x1000
             cat-5400    [001] .....    16.883375: ovldiag_open: (ovl_open+0xb2/0x100 <- ovl_open_realfile) result=0xffff88800715d200
             cat-5403    [001] .....    16.884992: ovldiag_open: (ovl_open+0xb2/0x100 <- ovl_open_realfile) result=0xffff88800453e300
              dd-5405    [000] .....    16.888049: ovldiag_open: (ovl_open+0xb2/0x100 <- ovl_open_realfile) result=0xffff8880072d8400
              dd-5405    [000] .....    16.888093: ovldiag_ensure: (ovl_write_iter+0xaf/0x130 <- ovl_ensure_upper_and_switch) result=0x0
              dd-5405    [000] .....    16.888105: ovldiag_write: (ovl_write_iter+0x10c/0x130 <- backing_file_write_iter) result=0x1000
             cat-5408    [000] .....    16.890301: ovldiag_open: (ovl_open+0xb2/0x100 <- ovl_open_realfile) result=0xffff888005c95700
              dd-5411    [001] .....    16.890547: ovldiag_open: (ovl_open+0xb2/0x100 <- ovl_open_realfile) result=0xffff88800893ca00
              dd-5411    [001] .....    16.890576: ovldiag_ensure: (ovl_write_iter+0xaf/0x130 <- ovl_ensure_upper_and_switch) result=0x0
              dd-5411    [001] .....    16.890592: ovldiag_write: (ovl_write_iter+0x10c/0x130 <- backing_file_write_iter) result=0x1000
             cat-5409    [001] .....    16.890893: ovldiag_open: (ovl_open+0xb2/0x100 <- ovl_open_realfile) result=0xffff88800453e200
             cat-5416    [001] .....    16.894712: ovldiag_open: (ovl_open+0xb2/0x100 <- ovl_open_realfile) result=0xffff88800d414500
              dd-5419    [000] .....    16.896408: ovldiag_open: (ovl_open+0xb2/0x100 <- ovl_open_realfile) result=0xffff8880046d8200
              dd-5419    [000] .....    16.896445: ovldiag_ensure: (ovl_write_iter+0xaf/0x130 <- ovl_ensure_upper_and_switch) result=0x0
              dd-5419    [000] .....    16.896458: ovldiag_write: (ovl_write_iter+0x10c/0x130 <- backing_file_write_iter) result=0x1000
              dd-5418    [001] .....    16.896547: ovldiag_open: (ovl_open+0xb2/0x100 <- ovl_open_realfile) result=0xffff8880043e0e00
              dd-5418    [001] .....    16.896581: ovldiag_ensure: (ovl_write_iter+0xaf/0x130 <- ovl_ensure_upper_and_switch) result=0x0
              dd-5418    [001] .....    16.896599: ovldiag_write: (ovl_write_iter+0x10c/0x130 <- backing_file_write_iter) result=0x1000
             cat-5421    [001] .....    16.897676: ovldiag_open: (ovl_open+0xb2/0x100 <- ovl_open_realfile) result=0xffff88800707bb00
             cat-5426    [000] .....    16.900750: ovldiag_open: (ovl_open+0xb2/0x100 <- ovl_open_realfile) result=0xffff88800dd5ea00
              dd-5427    [000] .....    16.902429: ovldiag_open: (ovl_open+0xb2/0x100 <- ovl_open_realfile) result=0xffff888007160600
              dd-5427    [000] .....    16.902459: ovldiag_ensure: (ovl_write_iter+0xaf/0x130 <- ovl_ensure_upper_and_switch) result=0x0
              dd-5427    [000] .....    16.902471: ovldiag_write: (ovl_write_iter+0x10c/0x130 <- backing_file_write_iter) result=0x1000
             cat-5432    [001] .....    16.905030: ovldiag_open: (ovl_open+0xb2/0x100 <- ovl_open_realfile) result=0xffff8880047ffd00
             cat-5433    [000] .....    16.905885: ovldiag_open: (ovl_open+0xb2/0x100 <- ovl_open_realfile) result=0xffff8880072d8200
              dd-5434    [001] .....    16.906776: ovldiag_open: (ovl_open+0xb2/0x100 <- ovl_open_realfile) result=0xffff88800dd5e600
              dd-5434    [001] .....    16.906805: ovldiag_ensure: (ovl_write_iter+0xaf/0x130 <- ovl_ensure_upper_and_switch) result=0x0
              dd-5434    [001] .....    16.906821: ovldiag_write: (ovl_write_iter+0x10c/0x130 <- backing_file_write_iter) result=0x1000
             cat-5442    [000] .....    16.911134: ovldiag_open: (ovl_open+0xb2/0x100 <- ovl_open_realfile) result=0xffff88800457be00
              dd-5439    [000] .....    16.911695: ovldiag_open: (ovl_open+0xb2/0x100 <- ovl_open_realfile) result=0xffff888007162400
              dd-5439    [000] .....    16.911723: ovldiag_ensure: (ovl_write_iter+0xaf/0x130 <- ovl_ensure_upper_and_switch) result=0x0
              dd-5439    [000] .....    16.911733: ovldiag_write: (ovl_write_iter+0x10c/0x130 <- backing_file_write_iter) result=0x1000
             cat-5440    [001] .....    16.911853: ovldiag_open: (ovl_open+0xb2/0x100 <- ovl_open_realfile) result=0xffff8880044a1900
              dd-5443    [000] .....    16.915854: ovldiag_open: (ovl_open+0xb2/0x100 <- ovl_open_realfile) result=0xffff8880044a8e00
              dd-5443    [000] .....    16.915882: ovldiag_ensure: (ovl_write_iter+0xaf/0x130 <- ovl_ensure_upper_and_switch) result=0x0
              dd-5443    [000] .....    16.915894: ovldiag_write: (ovl_write_iter+0x10c/0x130 <- backing_file_write_iter) result=0x1000
              dd-5447    [000] .....    16.916269: ovldiag_open: (ovl_open+0xb2/0x100 <- ovl_open_realfile) result=0xffff8880044a8400
              dd-5447    [000] .....    16.916303: ovldiag_ensure: (ovl_write_iter+0xaf/0x130 <- ovl_ensure_upper_and_switch) result=0x0
              dd-5447    [000] .....    16.916315: ovldiag_write: (ovl_write_iter+0x10c/0x130 <- backing_file_write_iter) result=0x1000
             cat-5452    [001] .....    16.918864: ovldiag_open: (ovl_open+0xb2/0x100 <- ovl_open_realfile) result=0xffff88800715da00
             cat-5453    [000] .....    16.919920: ovldiag_open: (ovl_open+0xb2/0x100 <- ovl_open_realfile) result=0xffff88800707b400
              dd-5455    [000] .....    16.921239: ovldiag_open: (ovl_open+0xb2/0x100 <- ovl_open_realfile) result=0xffff888005dca600
              dd-5455    [000] .....    16.921264: ovldiag_ensure: (ovl_write_iter+0xaf/0x130 <- ovl_ensure_upper_and_switch) result=0x0
              dd-5455    [000] .....    16.921276: ovldiag_write: (ovl_write_iter+0x10c/0x130 <- backing_file_write_iter) result=0x1000
             cat-5459    [001] .....    16.923651: ovldiag_open: (ovl_open+0xb2/0x100 <- ovl_open_realfile) result=0xffff8880045b4f00
              dd-5460    [000] .....    16.924977: ovldiag_open: (ovl_open+0xb2/0x100 <- ovl_open_realfile) result=0xffff888005cb3c00
              dd-5460    [000] .....    16.925002: ovldiag_ensure: (ovl_write_iter+0xaf/0x130 <- ovl_ensure_upper_and_switch) result=0x0
              dd-5460    [000] .....    16.925015: ovldiag_write: (ovl_write_iter+0x10c/0x130 <- backing_file_write_iter) result=0x1000
             cat-5461    [001] .....    16.925246: ovldiag_open: (ovl_open+0xb2/0x100 <- ovl_open_realfile) result=0xffff888007256500
              dd-5467    [000] .....    16.929713: ovldiag_open: (ovl_open+0xb2/0x100 <- ovl_open_realfile) result=0xffff8880045a3500
              dd-5467    [000] .....    16.929742: ovldiag_ensure: (ovl_write_iter+0xaf/0x130 <- ovl_ensure_upper_and_switch) result=0x0
              dd-5467    [000] .....    16.929756: ovldiag_write: (ovl_write_iter+0x10c/0x130 <- backing_file_write_iter) result=0x1000
              dd-5470    [001] .....    16.931207: ovldiag_open: (ovl_open+0xb2/0x100 <- ovl_open_realfile) result=0xffff8880043ccf00
              dd-5470    [001] .....    16.931240: ovldiag_ensure: (ovl_write_iter+0xaf/0x130 <- ovl_ensure_upper_and_switch) result=0x0
              dd-5470    [001] .....    16.931258: ovldiag_write: (ovl_write_iter+0x10c/0x130 <- backing_file_write_iter) result=0x1000
             cat-5468    [000] .....    16.931818: ovldiag_open: (ovl_open+0xb2/0x100 <- ovl_open_realfile) result=0xffff8880073ba800
             cat-5474    [001] .....    16.934506: ovldiag_open: (ovl_open+0xb2/0x100 <- ovl_open_realfile) result=0xffff888005ccba00
              dd-5476    [000] .....    16.936083: ovldiag_open: (ovl_open+0xb2/0x100 <- ovl_open_realfile) result=0xffff88800724e300
              dd-5476    [000] .....    16.936111: ovldiag_ensure: (ovl_write_iter+0xaf/0x130 <- ovl_ensure_upper_and_switch) result=0x0
              dd-5476    [000] .....    16.936125: ovldiag_write: (ovl_write_iter+0x10c/0x130 <- backing_file_write_iter) result=0x1000
             cat-5478    [001] .....    16.937043: ovldiag_open: (ovl_open+0xb2/0x100 <- ovl_open_realfile) result=0xffff888007107e00
              dd-5480    [000] .....    16.938631: ovldiag_open: (ovl_open+0xb2/0x100 <- ovl_open_realfile) result=0xffff88800700f400
              dd-5480    [000] .....    16.938657: ovldiag_ensure: (ovl_write_iter+0xaf/0x130 <- ovl_ensure_upper_and_switch) result=0x0
              dd-5480    [000] .....    16.938669: ovldiag_write: (ovl_write_iter+0x10c/0x130 <- backing_file_write_iter) result=0x1000
             cat-5482    [001] .....    16.940866: ovldiag_open: (ovl_open+0xb2/0x100 <- ovl_open_realfile) result=0xffff888008bcc300
             cat-5485    [000] .....    16.941983: ovldiag_open: (ovl_open+0xb2/0x100 <- ovl_open_realfile) result=0xffff88800724e400
              dd-5488    [000] .....    16.943676: ovldiag_open: (ovl_open+0xb2/0x100 <- ovl_open_realfile) result=0xffff88800715d800
              dd-5488    [000] .....    16.943702: ovldiag_ensure: (ovl_write_iter+0xaf/0x130 <- ovl_ensure_upper_and_switch) result=0x0
              dd-5488    [000] .....    16.943716: ovldiag_write: (ovl_write_iter+0x10c/0x130 <- backing_file_write_iter) result=0x1000
              dd-5491    [001] .....    16.946676: ovldiag_open: (ovl_open+0xb2/0x100 <- ovl_open_realfile) result=0xffff8880073a8600
              dd-5491    [001] .....    16.946704: ovldiag_ensure: (ovl_write_iter+0xaf/0x130 <- ovl_ensure_upper_and_switch) result=0x0
              dd-5491    [001] .....    16.946721: ovldiag_write: (ovl_write_iter+0x10c/0x130 <- backing_file_write_iter) result=0x1000
             cat-5494    [000] .....    16.948348: ovldiag_open: (ovl_open+0xb2/0x100 <- ovl_open_realfile) result=0xffff888007160400
              dd-5496    [001] .....    16.949521: ovldiag_open: (ovl_open+0xb2/0x100 <- ovl_open_realfile) result=0xffff888007171a00
              dd-5496    [001] .....    16.949548: ovldiag_ensure: (ovl_write_iter+0xaf/0x130 <- ovl_ensure_upper_and_switch) result=0x0
              dd-5496    [001] .....    16.949567: ovldiag_write: (ovl_write_iter+0x10c/0x130 <- backing_file_write_iter) result=0x1000
             cat-5498    [001] .....    16.951989: ovldiag_open: (ovl_open+0xb2/0x100 <- ovl_open_realfile) result=0xffff8880043cc200
              dd-5501    [000] .....    16.952413: ovldiag_open: (ovl_open+0xb2/0x100 <- ovl_open_realfile) result=0xffff888008bcc800
              dd-5501    [000] .....    16.952448: ovldiag_ensure: (ovl_write_iter+0xaf/0x130 <- ovl_ensure_upper_and_switch) result=0x0
              dd-5501    [000] .....    16.952461: ovldiag_write: (ovl_write_iter+0x10c/0x130 <- backing_file_write_iter) result=0x1000
             cat-5504    [000] .....    16.954154: ovldiag_open: (ovl_open+0xb2/0x100 <- ovl_open_realfile) result=0xffff8880072d8700
             cat-5502    [001] .....    16.954700: ovldiag_open: (ovl_open+0xb2/0x100 <- ovl_open_realfile) result=0xffff88800700f800
              dd-5512    [000] .....    16.959393: ovldiag_open: (ovl_open+0xb2/0x100 <- ovl_open_realfile) result=0xffff8880073a8600
              dd-5512    [000] .....    16.959433: ovldiag_ensure: (ovl_write_iter+0xaf/0x130 <- ovl_ensure_upper_and_switch) result=0x0
              dd-5512    [000] .....    16.959446: ovldiag_write: (ovl_write_iter+0x10c/0x130 <- backing_file_write_iter) result=0x1000
             cat-5510    [001] .....    16.960587: ovldiag_open: (ovl_open+0xb2/0x100 <- ovl_open_realfile) result=0xffff88800dceff00
              dd-5514    [000] .....    16.961546: ovldiag_open: (ovl_open+0xb2/0x100 <- ovl_open_realfile) result=0xffff888007058f00
              dd-5514    [000] .....    16.961575: ovldiag_ensure: (ovl_write_iter+0xaf/0x130 <- ovl_ensure_upper_and_switch) result=0x0
              dd-5514    [000] .....    16.961587: ovldiag_write: (ovl_write_iter+0x10c/0x130 <- backing_file_write_iter) result=0x1000
             cat-5519    [000] .....    16.963972: ovldiag_open: (ovl_open+0xb2/0x100 <- ovl_open_realfile) result=0xffff888005ccb100
              dd-5518    [001] .....    16.964749: ovldiag_open: (ovl_open+0xb2/0x100 <- ovl_open_realfile) result=0xffff8880043ccb00
              dd-5518    [001] .....    16.964780: ovldiag_ensure: (ovl_write_iter+0xaf/0x130 <- ovl_ensure_upper_and_switch) result=0x0
              dd-5518    [001] .....    16.964799: ovldiag_write: (ovl_write_iter+0x10c/0x130 <- backing_file_write_iter) result=0x1000
             cat-5521    [001] .....    16.966431: ovldiag_open: (ovl_open+0xb2/0x100 <- ovl_open_realfile) result=0xffff8880073c2400
              dd-5524    [000] .....    16.968153: ovldiag_open: (ovl_open+0xb2/0x100 <- ovl_open_realfile) result=0xffff88800dcef500
              dd-5524    [000] .....    16.968178: ovldiag_ensure: (ovl_write_iter+0xaf/0x130 <- ovl_ensure_upper_and_switch) result=0x0
              dd-5524    [000] .....    16.968190: ovldiag_write: (ovl_write_iter+0x10c/0x130 <- backing_file_write_iter) result=0x1000
             cat-5527    [001] .....    16.969617: ovldiag_open: (ovl_open+0xb2/0x100 <- ovl_open_realfile) result=0xffff888005d64700
              dd-5531    [000] .....    16.972040: ovldiag_open: (ovl_open+0xb2/0x100 <- ovl_open_realfile) result=0xffff88800715d200
              dd-5531    [000] .....    16.972092: ovldiag_ensure: (ovl_write_iter+0xaf/0x130 <- ovl_ensure_upper_and_switch) result=0x0
              dd-5531    [000] .....    16.972104: ovldiag_write: (ovl_write_iter+0x10c/0x130 <- backing_file_write_iter) result=0x1000
             cat-5529    [001] .....    16.972883: ovldiag_open: (ovl_open+0xb2/0x100 <- ovl_open_realfile) result=0xffff888008944b00
             cat-5532    [000] .....    16.974044: ovldiag_open: (ovl_open+0xb2/0x100 <- ovl_open_realfile) result=0xffff88800453e400
              dd-5534    [001] .....    16.975153: ovldiag_open: (ovl_open+0xb2/0x100 <- ovl_open_realfile) result=0xffff888004619b00
              dd-5534    [001] .....    16.975187: ovldiag_ensure: (ovl_write_iter+0xaf/0x130 <- ovl_ensure_upper_and_switch) result=0x0
              dd-5534    [001] .....    16.975203: ovldiag_write: (ovl_write_iter+0x10c/0x130 <- backing_file_write_iter) result=0x1000
              dd-5541    [000] .....    16.979596: ovldiag_open: (ovl_open+0xb2/0x100 <- ovl_open_realfile) result=0xffff888007162c00
              dd-5541    [000] .....    16.979624: ovldiag_ensure: (ovl_write_iter+0xaf/0x130 <- ovl_ensure_upper_and_switch) result=0x0
              dd-5541    [000] .....    16.979637: ovldiag_write: (ovl_write_iter+0x10c/0x130 <- backing_file_write_iter) result=0x1000
              dd-5543    [001] .....    16.981351: ovldiag_open: (ovl_open+0xb2/0x100 <- ovl_open_realfile) result=0xffff8880044a1c00
              dd-5543    [001] .....    16.981384: ovldiag_ensure: (ovl_write_iter+0xaf/0x130 <- ovl_ensure_upper_and_switch) result=0x0
              dd-5543    [001] .....    16.981403: ovldiag_write: (ovl_write_iter+0x10c/0x130 <- backing_file_write_iter) result=0x1000
             cat-5542    [000] .....    16.981984: ovldiag_open: (ovl_open+0xb2/0x100 <- ovl_open_realfile) result=0xffff888005cb3600
             cat-5547    [001] .....    16.983980: ovldiag_open: (ovl_open+0xb2/0x100 <- ovl_open_realfile) result=0xffff888007256c00
             cat-5549    [000] .....    16.985848: ovldiag_open: (ovl_open+0xb2/0x100 <- ovl_open_realfile) result=0xffff88800461b900
             cat-5551    [001] .....    16.987205: ovldiag_open: (ovl_open+0xb2/0x100 <- ovl_open_realfile) result=0xffff888005d64800
              dd-5554    [000] .....    16.990624: ovldiag_open: (ovl_open+0xb2/0x100 <- ovl_open_realfile) result=0xffff88800700fb00
              dd-5554    [000] .....    16.990655: ovldiag_ensure: (ovl_write_iter+0xaf/0x130 <- ovl_ensure_upper_and_switch) result=0x0
              dd-5554    [000] .....    16.990667: ovldiag_write: (ovl_write_iter+0x10c/0x130 <- backing_file_write_iter) result=0x1000
              dd-5556    [001] .....    16.991134: ovldiag_open: (ovl_open+0xb2/0x100 <- ovl_open_realfile) result=0xffff888005c95500
              dd-5556    [001] .....    16.991163: ovldiag_ensure: (ovl_write_iter+0xaf/0x130 <- ovl_ensure_upper_and_switch) result=0x0
              dd-5556    [001] .....    16.991181: ovldiag_write: (ovl_write_iter+0x10c/0x130 <- backing_file_write_iter) result=0x1000
             cat-5562    [000] .....    16.994526: ovldiag_open: (ovl_open+0xb2/0x100 <- ovl_open_realfile) result=0xffff888007059700
              dd-5561    [001] .....    16.994609: ovldiag_open: (ovl_open+0xb2/0x100 <- ovl_open_realfile) result=0xffff8880043a2400
              dd-5561    [001] .....    16.994640: ovldiag_ensure: (ovl_write_iter+0xaf/0x130 <- ovl_ensure_upper_and_switch) result=0x0
              dd-5561    [001] .....    16.994659: ovldiag_write: (ovl_write_iter+0x10c/0x130 <- backing_file_write_iter) result=0x1000
              dd-5563    [000] .....    16.995793: ovldiag_open: (ovl_open+0xb2/0x100 <- ovl_open_realfile) result=0xffff888005d46100
              dd-5563    [000] .....    16.995819: ovldiag_ensure: (ovl_write_iter+0xaf/0x130 <- ovl_ensure_upper_and_switch) result=0x0
              dd-5563    [000] .....    16.995831: ovldiag_write: (ovl_write_iter+0x10c/0x130 <- backing_file_write_iter) result=0x1000
             cat-5567    [000] .....    16.998585: ovldiag_open: (ovl_open+0xb2/0x100 <- ovl_open_realfile) result=0xffff88800893c800
             cat-5568    [001] .....    16.998660: ovldiag_open: (ovl_open+0xb2/0x100 <- ovl_open_realfile) result=0xffff888007256200
             cat-5572    [001] .....    17.000619: ovldiag_open: (ovl_open+0xb2/0x100 <- ovl_open_realfile) result=0xffff8880073baa00
              dd-5576    [000] .....    17.004385: ovldiag_open: (ovl_open+0xb2/0x100 <- ovl_open_realfile) result=0xffff888005dcaa00
              dd-5576    [000] .....    17.004415: ovldiag_ensure: (ovl_write_iter+0xaf/0x130 <- ovl_ensure_upper_and_switch) result=0x0
              dd-5576    [000] .....    17.004439: ovldiag_write: (ovl_write_iter+0x10c/0x130 <- backing_file_write_iter) result=0x1000
              dd-5579    [001] .....    17.006343: ovldiag_open: (ovl_open+0xb2/0x100 <- ovl_open_realfile) result=0xffff88800df2c300
              dd-5579    [001] .....    17.006374: ovldiag_ensure: (ovl_write_iter+0xaf/0x130 <- ovl_ensure_upper_and_switch) result=0x0
              dd-5579    [001] .....    17.006394: ovldiag_write: (ovl_write_iter+0x10c/0x130 <- backing_file_write_iter) result=0x1000
             cat-5581    [000] .....    17.007879: ovldiag_open: (ovl_open+0xb2/0x100 <- ovl_open_realfile) result=0xffff88800deea900
              dd-5582    [001] .....    17.009842: ovldiag_open: (ovl_open+0xb2/0x100 <- ovl_open_realfile) result=0xffff888005d89000
              dd-5582    [001] .....    17.009874: ovldiag_ensure: (ovl_write_iter+0xaf/0x130 <- ovl_ensure_upper_and_switch) result=0x0
              dd-5582    [001] .....    17.009891: ovldiag_write: (ovl_write_iter+0x10c/0x130 <- backing_file_write_iter) result=0x1000
              dd-5584    [000] .....    17.010583: ovldiag_open: (ovl_open+0xb2/0x100 <- ovl_open_realfile) result=0xffff888005c89300
              dd-5584    [000] .....    17.010612: ovldiag_ensure: (ovl_write_iter+0xaf/0x130 <- ovl_ensure_upper_and_switch) result=0x0
              dd-5584    [000] .....    17.010626: ovldiag_write: (ovl_write_iter+0x10c/0x130 <- backing_file_write_iter) result=0x1000
             cat-5585    [001] .....    17.010988: ovldiag_open: (ovl_open+0xb2/0x100 <- ovl_open_realfile) result=0xffff888007079a00
             cat-5591    [000] .....    17.014062: ovldiag_open: (ovl_open+0xb2/0x100 <- ovl_open_realfile) result=0xffff88800deead00
             cat-5589    [001] .....    17.016364: ovldiag_open: (ovl_open+0xb2/0x100 <- ovl_open_realfile) result=0xffff8880043a2000
              dd-5595    [000] .....    17.017793: ovldiag_open: (ovl_open+0xb2/0x100 <- ovl_open_realfile) result=0xffff8880072a6000
              dd-5595    [000] .....    17.017823: ovldiag_ensure: (ovl_write_iter+0xaf/0x130 <- ovl_ensure_upper_and_switch) result=0x0
              dd-5595    [000] .....    17.017838: ovldiag_write: (ovl_write_iter+0x10c/0x130 <- backing_file_write_iter) result=0x1000
              dd-5598    [000] .....    17.020390: ovldiag_open: (ovl_open+0xb2/0x100 <- ovl_open_realfile) result=0xffff888004619500
              dd-5598    [000] .....    17.020419: ovldiag_ensure: (ovl_write_iter+0xaf/0x130 <- ovl_ensure_upper_and_switch) result=0x0
              dd-5598    [000] .....    17.020443: ovldiag_write: (ovl_write_iter+0x10c/0x130 <- backing_file_write_iter) result=0x1000
             cat-5600    [000] .....    17.021115: ovldiag_open: (ovl_open+0xb2/0x100 <- ovl_open_realfile) result=0xffff8880044a1200
             cat-5602    [001] .....    17.022615: ovldiag_open: (ovl_open+0xb2/0x100 <- ovl_open_realfile) result=0xffff88800457be00
             cat-5606    [000] .....    17.026272: ovldiag_open: (ovl_open+0xb2/0x100 <- ovl_open_realfile) result=0xffff88800707ba00
              dd-5607    [000] .....    17.026483: ovldiag_open: (ovl_open+0xb2/0x100 <- ovl_open_realfile) result=0xffff88800707b100
              dd-5607    [000] .....    17.026511: ovldiag_ensure: (ovl_write_iter+0xaf/0x130 <- ovl_ensure_upper_and_switch) result=0x0
              dd-5607    [000] .....    17.026522: ovldiag_write: (ovl_write_iter+0x10c/0x130 <- backing_file_write_iter) result=0x1000
              dd-5608    [001] .....    17.027875: ovldiag_open: (ovl_open+0xb2/0x100 <- ovl_open_realfile) result=0xffff888007160f00
              dd-5608    [001] .....    17.027904: ovldiag_ensure: (ovl_write_iter+0xaf/0x130 <- ovl_ensure_upper_and_switch) result=0x0
              dd-5608    [001] .....    17.027921: ovldiag_write: (ovl_write_iter+0x10c/0x130 <- backing_file_write_iter) result=0x1000
             cat-5612    [001] .....    17.029004: ovldiag_open: (ovl_open+0xb2/0x100 <- ovl_open_realfile) result=0xffff88800453ea00
              dd-5616    [001] .....    17.032527: ovldiag_open: (ovl_open+0xb2/0x100 <- ovl_open_realfile) result=0xffff888004619600
              dd-5616    [001] .....    17.032556: ovldiag_ensure: (ovl_write_iter+0xaf/0x130 <- ovl_ensure_upper_and_switch) result=0x0
              dd-5616    [001] .....    17.032573: ovldiag_write: (ovl_write_iter+0x10c/0x130 <- backing_file_write_iter) result=0x1000
             cat-5619    [001] .....    17.034309: ovldiag_open: (ovl_open+0xb2/0x100 <- ovl_open_realfile) result=0xffff8880046d8200
             cat-5618    [000] .....    17.034368: ovldiag_open: (ovl_open+0xb2/0x100 <- ovl_open_realfile) result=0xffff88800457ba00
              dd-5620    [001] .....    17.035867: ovldiag_open: (ovl_open+0xb2/0x100 <- ovl_open_realfile) result=0xffff888005cb3500
              dd-5620    [001] .....    17.035898: ovldiag_ensure: (ovl_write_iter+0xaf/0x130 <- ovl_ensure_upper_and_switch) result=0x0
              dd-5620    [001] .....    17.035916: ovldiag_write: (ovl_write_iter+0x10c/0x130 <- backing_file_write_iter) result=0x1000
             cat-5625    [000] .....    17.038912: ovldiag_open: (ovl_open+0xb2/0x100 <- ovl_open_realfile) result=0xffff888005d64800
             cat-5626    [001] .....    17.039352: ovldiag_open: (ovl_open+0xb2/0x100 <- ovl_open_realfile) result=0xffff88800dd16100
              dd-5629    [000] .....    17.042154: ovldiag_open: (ovl_open+0xb2/0x100 <- ovl_open_realfile) result=0xffff888005cb3c00
              dd-5629    [000] .....    17.042183: ovldiag_ensure: (ovl_write_iter+0xaf/0x130 <- ovl_ensure_upper_and_switch) result=0x0
              dd-5629    [000] .....    17.042197: ovldiag_write: (ovl_write_iter+0x10c/0x130 <- backing_file_write_iter) result=0x1000
              dd-5633    [001] .....    17.043747: ovldiag_open: (ovl_open+0xb2/0x100 <- ovl_open_realfile) result=0xffff88800dd16a00
              dd-5633    [001] .....    17.043780: ovldiag_ensure: (ovl_write_iter+0xaf/0x130 <- ovl_ensure_upper_and_switch) result=0x0
              dd-5633    [001] .....    17.043798: ovldiag_write: (ovl_write_iter+0x10c/0x130 <- backing_file_write_iter) result=0x1000
             cat-5637    [001] .....    17.047389: ovldiag_open: (ovl_open+0xb2/0x100 <- ovl_open_realfile) result=0xffff888007171400
              dd-5638    [000] .....    17.047589: ovldiag_open: (ovl_open+0xb2/0x100 <- ovl_open_realfile) result=0xffff88800457b500
              dd-5638    [000] .....    17.047634: ovldiag_ensure: (ovl_write_iter+0xaf/0x130 <- ovl_ensure_upper_and_switch) result=0x0
              dd-5638    [000] .....    17.047647: ovldiag_write: (ovl_write_iter+0x10c/0x130 <- backing_file_write_iter) result=0x1000
              dd-5640    [001] .....    17.049699: ovldiag_open: (ovl_open+0xb2/0x100 <- ovl_open_realfile) result=0xffff888005c8c900
              dd-5640    [001] .....    17.049728: ovldiag_ensure: (ovl_write_iter+0xaf/0x130 <- ovl_ensure_upper_and_switch) result=0x0
              dd-5640    [001] .....    17.049745: ovldiag_write: (ovl_write_iter+0x10c/0x130 <- backing_file_write_iter) result=0x1000
             cat-5644    [000] .....    17.052135: ovldiag_open: (ovl_open+0xb2/0x100 <- ovl_open_realfile) result=0xffff888005d64500
             cat-5642    [000] .....    17.052390: ovldiag_open: (ovl_open+0xb2/0x100 <- ovl_open_realfile) result=0xffff888005d64200
             cat-5647    [000] .....    17.054083: ovldiag_open: (ovl_open+0xb2/0x100 <- ovl_open_realfile) result=0xffff8880047ffd00
              dd-5652    [001] .....    17.057939: ovldiag_open: (ovl_open+0xb2/0x100 <- ovl_open_realfile) result=0xffff888007160300
              dd-5652    [001] .....    17.057967: ovldiag_ensure: (ovl_write_iter+0xaf/0x130 <- ovl_ensure_upper_and_switch) result=0x0
              dd-5652    [001] .....    17.057984: ovldiag_write: (ovl_write_iter+0x10c/0x130 <- backing_file_write_iter) result=0x1000
              dd-5654    [000] .....    17.058407: ovldiag_open: (ovl_open+0xb2/0x100 <- ovl_open_realfile) result=0xffff88800dceff00
              dd-5654    [000] .....    17.058445: ovldiag_ensure: (ovl_write_iter+0xaf/0x130 <- ovl_ensure_upper_and_switch) result=0x0
              dd-5654    [000] .....    17.058458: ovldiag_write: (ovl_write_iter+0x10c/0x130 <- backing_file_write_iter) result=0x1000
             cat-5656    [001] .....    17.060601: ovldiag_open: (ovl_open+0xb2/0x100 <- ovl_open_realfile) result=0xffff888007046600
              dd-5658    [001] .....    17.061771: ovldiag_open: (ovl_open+0xb2/0x100 <- ovl_open_realfile) result=0xffff888007058300
              dd-5658    [001] .....    17.061803: ovldiag_ensure: (ovl_write_iter+0xaf/0x130 <- ovl_ensure_upper_and_switch) result=0x0
              dd-5658    [001] .....    17.061820: ovldiag_write: (ovl_write_iter+0x10c/0x130 <- backing_file_write_iter) result=0x1000
              dd-5661    [001] .....    17.064846: ovldiag_open: (ovl_open+0xb2/0x100 <- ovl_open_realfile) result=0xffff88800461b000
              dd-5661    [001] .....    17.064877: ovldiag_ensure: (ovl_write_iter+0xaf/0x130 <- ovl_ensure_upper_and_switch) result=0x0
              dd-5661    [001] .....    17.064896: ovldiag_write: (ovl_write_iter+0x10c/0x130 <- backing_file_write_iter) result=0x1000
             cat-5663    [000] .....    17.065017: ovldiag_open: (ovl_open+0xb2/0x100 <- ovl_open_realfile) result=0xffff888005cb3b00
             cat-5664    [000] .....    17.066171: ovldiag_open: (ovl_open+0xb2/0x100 <- ovl_open_realfile) result=0xffff88800dcefc00
             cat-5665    [001] .....    17.067643: ovldiag_open: (ovl_open+0xb2/0x100 <- ovl_open_realfile) result=0xffff888004619900
              dd-5672    [001] .....    17.071834: ovldiag_open: (ovl_open+0xb2/0x100 <- ovl_open_realfile) result=0xffff888005c89f00
              dd-5672    [001] .....    17.071865: ovldiag_ensure: (ovl_write_iter+0xaf/0x130 <- ovl_ensure_upper_and_switch) result=0x0
              dd-5672    [001] .....    17.071881: ovldiag_write: (ovl_write_iter+0x10c/0x130 <- backing_file_write_iter) result=0x1000
             cat-5674    [000] .....    17.073130: ovldiag_open: (ovl_open+0xb2/0x100 <- ovl_open_realfile) result=0xffff888005c8cd00
              dd-5676    [000] .....    17.075268: ovldiag_open: (ovl_open+0xb2/0x100 <- ovl_open_realfile) result=0xffff888005c95a00
              dd-5676    [000] .....    17.075295: ovldiag_ensure: (ovl_write_iter+0xaf/0x130 <- ovl_ensure_upper_and_switch) result=0x0
              dd-5676    [000] .....    17.075308: ovldiag_write: (ovl_write_iter+0x10c/0x130 <- backing_file_write_iter) result=0x1000
              dd-5678    [001] .....    17.075755: ovldiag_open: (ovl_open+0xb2/0x100 <- ovl_open_realfile) result=0xffff88800abb0c00
              dd-5678    [001] .....    17.075791: ovldiag_ensure: (ovl_write_iter+0xaf/0x130 <- ovl_ensure_upper_and_switch) result=0x0
              dd-5678    [001] .....    17.075807: ovldiag_write: (ovl_write_iter+0x10c/0x130 <- backing_file_write_iter) result=0x1000
             cat-5683    [000] .....    17.078649: ovldiag_open: (ovl_open+0xb2/0x100 <- ovl_open_realfile) result=0xffff888007248000
             cat-5682    [001] .....    17.078833: ovldiag_open: (ovl_open+0xb2/0x100 <- ovl_open_realfile) result=0xffff8880072d8400
              dd-5684    [000] .....    17.080059: ovldiag_open: (ovl_open+0xb2/0x100 <- ovl_open_realfile) result=0xffff888005dcad00
              dd-5684    [000] .....    17.080117: ovldiag_ensure: (ovl_write_iter+0xaf/0x130 <- ovl_ensure_upper_and_switch) result=0x0
              dd-5684    [000] .....    17.080130: ovldiag_write: (ovl_write_iter+0x10c/0x130 <- backing_file_write_iter) result=0x1000
             cat-5687    [000] .....    17.081294: ovldiag_open: (ovl_open+0xb2/0x100 <- ovl_open_realfile) result=0xffff8880072a6c00
              dd-5692    [001] .....    17.085200: ovldiag_open: (ovl_open+0xb2/0x100 <- ovl_open_realfile) result=0xffff888007248a00
              dd-5692    [001] .....    17.085232: ovldiag_ensure: (ovl_write_iter+0xaf/0x130 <- ovl_ensure_upper_and_switch) result=0x0
              dd-5692    [001] .....    17.085251: ovldiag_write: (ovl_write_iter+0x10c/0x130 <- backing_file_write_iter) result=0x1000
             cat-5693    [000] .....    17.085887: ovldiag_open: (ovl_open+0xb2/0x100 <- ovl_open_realfile) result=0xffff888004619e00
              dd-5697    [000] .....    17.088370: ovldiag_open: (ovl_open+0xb2/0x100 <- ovl_open_realfile) result=0xffff88800724ef00
              dd-5697    [000] .....    17.088401: ovldiag_ensure: (ovl_write_iter+0xaf/0x130 <- ovl_ensure_upper_and_switch) result=0x0
              dd-5697    [000] .....    17.088414: ovldiag_write: (ovl_write_iter+0x10c/0x130 <- backing_file_write_iter) result=0x1000
              dd-5698    [000] .....    17.090671: ovldiag_open: (ovl_open+0xb2/0x100 <- ovl_open_realfile) result=0xffff88800715d800
              dd-5698    [000] .....    17.090701: ovldiag_ensure: (ovl_write_iter+0xaf/0x130 <- ovl_ensure_upper_and_switch) result=0x0
              dd-5698    [000] .....    17.090714: ovldiag_write: (ovl_write_iter+0x10c/0x130 <- backing_file_write_iter) result=0x1000
             cat-5703    [001] .....    17.092386: ovldiag_open: (ovl_open+0xb2/0x100 <- ovl_open_realfile) result=0xffff888005cb3500
             cat-5701    [000] .....    17.092460: ovldiag_open: (ovl_open+0xb2/0x100 <- ovl_open_realfile) result=0xffff8880089dd800
             cat-5705    [000] .....    17.093940: ovldiag_open: (ovl_open+0xb2/0x100 <- ovl_open_realfile) result=0xffff888007058e00
             cat-5711    [000] .....    17.098301: ovldiag_open: (ovl_open+0xb2/0x100 <- ovl_open_realfile) result=0xffff888007162200
              dd-5713    [000] .....    17.099495: ovldiag_open: (ovl_open+0xb2/0x100 <- ovl_open_realfile) result=0xffff8880072d8e00
              dd-5713    [000] .....    17.099525: ovldiag_ensure: (ovl_write_iter+0xaf/0x130 <- ovl_ensure_upper_and_switch) result=0x0
              dd-5713    [000] .....    17.099537: ovldiag_write: (ovl_write_iter+0x10c/0x130 <- backing_file_write_iter) result=0x1000
              dd-5712    [001] .....    17.100210: ovldiag_open: (ovl_open+0xb2/0x100 <- ovl_open_realfile) result=0xffff88800893c300
              dd-5712    [001] .....    17.100244: ovldiag_ensure: (ovl_write_iter+0xaf/0x130 <- ovl_ensure_upper_and_switch) result=0x0
              dd-5712    [001] .....    17.100262: ovldiag_write: (ovl_write_iter+0x10c/0x130 <- backing_file_write_iter) result=0x1000
              dd-5717    [001] .....    17.102928: ovldiag_open: (ovl_open+0xb2/0x100 <- ovl_open_realfile) result=0xffff888008944400
              dd-5717    [001] .....    17.102961: ovldiag_ensure: (ovl_write_iter+0xaf/0x130 <- ovl_ensure_upper_and_switch) result=0x0
              dd-5717    [001] .....    17.102979: ovldiag_write: (ovl_write_iter+0x10c/0x130 <- backing_file_write_iter) result=0x1000
              dd-5720    [001] .....    17.104816: ovldiag_open: (ovl_open+0xb2/0x100 <- ovl_open_realfile) result=0xffff8880073c2c00
              dd-5720    [001] .....    17.104850: ovldiag_ensure: (ovl_write_iter+0xaf/0x130 <- ovl_ensure_upper_and_switch) result=0x0
              dd-5720    [001] .....    17.104867: ovldiag_write: (ovl_write_iter+0x10c/0x130 <- backing_file_write_iter) result=0x1000
             cat-5724    [000] .....    17.106738: ovldiag_open: (ovl_open+0xb2/0x100 <- ovl_open_realfile) result=0xffff8880073a8e00
             cat-5723    [001] .....    17.107027: ovldiag_open: (ovl_open+0xb2/0x100 <- ovl_open_realfile) result=0xffff88800dcefb00
             cat-5721    [000] .....    17.108399: ovldiag_open: (ovl_open+0xb2/0x100 <- ovl_open_realfile) result=0xffff888005dcaf00
             cat-5730    [000] .....    17.111661: ovldiag_open: (ovl_open+0xb2/0x100 <- ovl_open_realfile) result=0xffff888007160b00
              dd-5733    [001] .....    17.113651: ovldiag_open: (ovl_open+0xb2/0x100 <- ovl_open_realfile) result=0xffff8880073a8200
              dd-5733    [001] .....    17.113683: ovldiag_ensure: (ovl_write_iter+0xaf/0x130 <- ovl_ensure_upper_and_switch) result=0x0
              dd-5733    [001] .....    17.113700: ovldiag_write: (ovl_write_iter+0x10c/0x130 <- backing_file_write_iter) result=0x1000
              dd-5734    [001] .....    17.114925: ovldiag_open: (ovl_open+0xb2/0x100 <- ovl_open_realfile) result=0xffff8880044a8500
              dd-5734    [001] .....    17.114952: ovldiag_ensure: (ovl_write_iter+0xaf/0x130 <- ovl_ensure_upper_and_switch) result=0x0
              dd-5734    [001] .....    17.114969: ovldiag_write: (ovl_write_iter+0x10c/0x130 <- backing_file_write_iter) result=0x1000
             cat-5736    [000] .....    17.115920: ovldiag_open: (ovl_open+0xb2/0x100 <- ovl_open_realfile) result=0xffff8880073aa900
             cat-5740    [000] .....    17.118109: ovldiag_open: (ovl_open+0xb2/0x100 <- ovl_open_realfile) result=0xffff88800715d200
              dd-5742    [001] .....    17.118992: ovldiag_open: (ovl_open+0xb2/0x100 <- ovl_open_realfile) result=0xffff8880044a8b00
              dd-5742    [001] .....    17.119022: ovldiag_ensure: (ovl_write_iter+0xaf/0x130 <- ovl_ensure_upper_and_switch) result=0x0
              dd-5742    [001] .....    17.119038: ovldiag_write: (ovl_write_iter+0x10c/0x130 <- backing_file_write_iter) result=0x1000
              dd-5741    [000] .....    17.120252: ovldiag_open: (ovl_open+0xb2/0x100 <- ovl_open_realfile) result=0xffff888008944100
              dd-5741    [000] .....    17.120281: ovldiag_ensure: (ovl_write_iter+0xaf/0x130 <- ovl_ensure_upper_and_switch) result=0x0
              dd-5741    [000] .....    17.120294: ovldiag_write: (ovl_write_iter+0x10c/0x130 <- backing_file_write_iter) result=0x1000
             cat-5744    [001] .....    17.121560: ovldiag_open: (ovl_open+0xb2/0x100 <- ovl_open_realfile) result=0xffff8880073a8400
             cat-5747    [001] .....    17.122672: ovldiag_open: (ovl_open+0xb2/0x100 <- ovl_open_realfile) result=0xffff888004619e00
              dd-5754    [000] .....    17.128648: ovldiag_open: (ovl_open+0xb2/0x100 <- ovl_open_realfile) result=0xffff888005dcaf00
              dd-5754    [000] .....    17.128678: ovldiag_ensure: (ovl_write_iter+0xaf/0x130 <- ovl_ensure_upper_and_switch) result=0x0
              dd-5754    [000] .....    17.128691: ovldiag_write: (ovl_write_iter+0x10c/0x130 <- backing_file_write_iter) result=0x1000
              dd-5755    [001] .....    17.129059: ovldiag_open: (ovl_open+0xb2/0x100 <- ovl_open_realfile) result=0xffff8880045a3500
              dd-5755    [001] .....    17.129122: ovldiag_ensure: (ovl_write_iter+0xaf/0x130 <- ovl_ensure_upper_and_switch) result=0x0
              dd-5755    [001] .....    17.129140: ovldiag_write: (ovl_write_iter+0x10c/0x130 <- backing_file_write_iter) result=0x1000
             cat-5758    [000] .....    17.131184: ovldiag_open: (ovl_open+0xb2/0x100 <- ovl_open_realfile) result=0xffff88800453e900
              dd-5759    [001] .....    17.132034: ovldiag_open: (ovl_open+0xb2/0x100 <- ovl_open_realfile) result=0xffff888007256d00
              dd-5759    [001] .....    17.132078: ovldiag_ensure: (ovl_write_iter+0xaf/0x130 <- ovl_ensure_upper_and_switch) result=0x0
             cat-5760    [001] .....    17.133049: ovldiag_open: (ovl_open+0xb2/0x100 <- ovl_open_realfile) result=0xffff88800df0ea00
              dd-5759    [001] .....    17.133156: ovldiag_write: (ovl_write_iter+0x10c/0x130 <- backing_file_write_iter) result=0x1000
              dd-5764    [000] .....    17.134847: ovldiag_open: (ovl_open+0xb2/0x100 <- ovl_open_realfile) result=0xffff888007162a00
              dd-5764    [000] .....    17.134873: ovldiag_ensure: (ovl_write_iter+0xaf/0x130 <- ovl_ensure_upper_and_switch) result=0x0
              dd-5764    [000] .....    17.134886: ovldiag_write: (ovl_write_iter+0x10c/0x130 <- backing_file_write_iter) result=0x1000
             cat-5762    [001] .....    17.134943: ovldiag_open: (ovl_open+0xb2/0x100 <- ovl_open_realfile) result=0xffff888007171500
             cat-5763    [000] .....    17.137609: ovldiag_open: (ovl_open+0xb2/0x100 <- ovl_open_realfile) result=0xffff888007160900
              dd-5773    [000] .....    17.142006: ovldiag_open: (ovl_open+0xb2/0x100 <- ovl_open_realfile) result=0xffff8880073ba000
              dd-5773    [000] .....    17.142033: ovldiag_ensure: (ovl_write_iter+0xaf/0x130 <- ovl_ensure_upper_and_switch) result=0x0
              dd-5773    [000] .....    17.142047: ovldiag_write: (ovl_write_iter+0x10c/0x130 <- backing_file_write_iter) result=0x1000
             cat-5776    [000] .....    17.143702: ovldiag_open: (ovl_open+0xb2/0x100 <- ovl_open_realfile) result=0xffff8880047fff00
              dd-5777    [001] .....    17.144765: ovldiag_open: (ovl_open+0xb2/0x100 <- ovl_open_realfile) result=0xffff88800707b900
              dd-5777    [001] .....    17.144797: ovldiag_ensure: (ovl_write_iter+0xaf/0x130 <- ovl_ensure_upper_and_switch) result=0x0
              dd-5777    [001] .....    17.144814: ovldiag_write: (ovl_write_iter+0x10c/0x130 <- backing_file_write_iter) result=0x1000
             cat-5783    [001] .....    17.148293: ovldiag_open: (ovl_open+0xb2/0x100 <- ovl_open_realfile) result=0xffff88800457b500
             cat-5781    [000] .....    17.148415: ovldiag_open: (ovl_open+0xb2/0x100 <- ovl_open_realfile) result=0xffff88800453e200
              dd-5782    [000] .....    17.150252: ovldiag_open: (ovl_open+0xb2/0x100 <- ovl_open_realfile) result=0xffff88800de41400
              dd-5782    [000] .....    17.150282: ovldiag_ensure: (ovl_write_iter+0xaf/0x130 <- ovl_ensure_upper_and_switch) result=0x0
              dd-5782    [000] .....    17.150296: ovldiag_write: (ovl_write_iter+0x10c/0x130 <- backing_file_write_iter) result=0x1000
             cat-5786    [000] .....    17.152002: ovldiag_open: (ovl_open+0xb2/0x100 <- ovl_open_realfile) result=0xffff888005ccb700
             cat-5792    [000] .....    17.154642: ovldiag_open: (ovl_open+0xb2/0x100 <- ovl_open_realfile) result=0xffff8880089dd900
              dd-5789    [001] .....    17.154691: ovldiag_open: (ovl_open+0xb2/0x100 <- ovl_open_realfile) result=0xffff888005cb3f00
              dd-5789    [001] .....    17.154723: ovldiag_ensure: (ovl_write_iter+0xaf/0x130 <- ovl_ensure_upper_and_switch) result=0x0
              dd-5789    [001] .....    17.154742: ovldiag_write: (ovl_write_iter+0x10c/0x130 <- backing_file_write_iter) result=0x1000
              dd-5795    [000] .....    17.157782: ovldiag_open: (ovl_open+0xb2/0x100 <- ovl_open_realfile) result=0xffff8880073a8600
              dd-5795    [000] .....    17.157812: ovldiag_ensure: (ovl_write_iter+0xaf/0x130 <- ovl_ensure_upper_and_switch) result=0x0
              dd-5795    [000] .....    17.157824: ovldiag_write: (ovl_write_iter+0x10c/0x130 <- backing_file_write_iter) result=0x1000
              dd-5797    [001] .....    17.157921: ovldiag_open: (ovl_open+0xb2/0x100 <- ovl_open_realfile) result=0xffff88800457b500
              dd-5797    [001] .....    17.157953: ovldiag_ensure: (ovl_write_iter+0xaf/0x130 <- ovl_ensure_upper_and_switch) result=0x0
              dd-5797    [001] .....    17.157970: ovldiag_write: (ovl_write_iter+0x10c/0x130 <- backing_file_write_iter) result=0x1000
             cat-5799    [000] .....    17.161040: ovldiag_open: (ovl_open+0xb2/0x100 <- ovl_open_realfile) result=0xffff888004305600
             cat-5802    [001] .....    17.161750: ovldiag_open: (ovl_open+0xb2/0x100 <- ovl_open_realfile) result=0xffff888005d64f00
              dd-5806    [000] .....    17.164464: ovldiag_open: (ovl_open+0xb2/0x100 <- ovl_open_realfile) result=0xffff88800453e800
              dd-5806    [000] .....    17.164494: ovldiag_ensure: (ovl_write_iter+0xaf/0x130 <- ovl_ensure_upper_and_switch) result=0x0
              dd-5806    [000] .....    17.164507: ovldiag_write: (ovl_write_iter+0x10c/0x130 <- backing_file_write_iter) result=0x1000
             cat-5809    [000] .....    17.166132: ovldiag_open: (ovl_open+0xb2/0x100 <- ovl_open_realfile) result=0xffff8880044a1e00
             cat-5810    [000] .....    17.167535: ovldiag_open: (ovl_open+0xb2/0x100 <- ovl_open_realfile) result=0xffff888003761200
              dd-5812    [001] .....    17.168122: ovldiag_open: (ovl_open+0xb2/0x100 <- ovl_open_realfile) result=0xffff8880047ffa00
              dd-5812    [001] .....    17.168154: ovldiag_ensure: (ovl_write_iter+0xaf/0x130 <- ovl_ensure_upper_and_switch) result=0x0
              dd-5812    [001] .....    17.168172: ovldiag_write: (ovl_write_iter+0x10c/0x130 <- backing_file_write_iter) result=0x1000
             cat-5816    [001] .....    17.171487: ovldiag_open: (ovl_open+0xb2/0x100 <- ovl_open_realfile) result=0xffff888007171e00
              dd-5819    [001] .....    17.172929: ovldiag_open: (ovl_open+0xb2/0x100 <- ovl_open_realfile) result=0xffff888008944d00
              dd-5819    [001] .....    17.172960: ovldiag_ensure: (ovl_write_iter+0xaf/0x130 <- ovl_ensure_upper_and_switch) result=0x0
              dd-5819    [001] .....    17.172977: ovldiag_write: (ovl_write_iter+0x10c/0x130 <- backing_file_write_iter) result=0x1000
              dd-5817    [000] .....    17.174058: ovldiag_open: (ovl_open+0xb2/0x100 <- ovl_open_realfile) result=0xffff888007046600
             cat-5821    [001] .....    17.174699: ovldiag_open: (ovl_open+0xb2/0x100 <- ovl_open_realfile) result=0xffff88800dcef500
              dd-5817    [000] .....    17.174974: ovldiag_ensure: (ovl_write_iter+0xaf/0x130 <- ovl_ensure_upper_and_switch) result=0x0
              dd-5817    [000] .....    17.174988: ovldiag_write: (ovl_write_iter+0x10c/0x130 <- backing_file_write_iter) result=0x1000
             cat-5826    [001] .....    17.178725: ovldiag_open: (ovl_open+0xb2/0x100 <- ovl_open_realfile) result=0xffff88800707b900
              dd-5828    [001] .....    17.180321: ovldiag_open: (ovl_open+0xb2/0x100 <- ovl_open_realfile) result=0xffff88800715d800
              dd-5828    [001] .....    17.180350: ovldiag_ensure: (ovl_write_iter+0xaf/0x130 <- ovl_ensure_upper_and_switch) result=0x0
              dd-5828    [001] .....    17.180367: ovldiag_write: (ovl_write_iter+0x10c/0x130 <- backing_file_write_iter) result=0x1000
              dd-5830    [001] .....    17.181707: ovldiag_open: (ovl_open+0xb2/0x100 <- ovl_open_realfile) result=0xffff888007160b00
              dd-5830    [001] .....    17.181733: ovldiag_ensure: (ovl_write_iter+0xaf/0x130 <- ovl_ensure_upper_and_switch) result=0x0
              dd-5830    [001] .....    17.181750: ovldiag_write: (ovl_write_iter+0x10c/0x130 <- backing_file_write_iter) result=0x1000
             cat-5831    [001] .....    17.183696: ovldiag_open: (ovl_open+0xb2/0x100 <- ovl_open_realfile) result=0xffff8880044a8b00
             cat-5835    [001] .....    17.184843: ovldiag_open: (ovl_open+0xb2/0x100 <- ovl_open_realfile) result=0xffff888005c8ca00
             cat-5838    [001] .....    17.187722: ovldiag_open: (ovl_open+0xb2/0x100 <- ovl_open_realfile) result=0xffff888007059700
              dd-5842    [000] .....    17.189832: ovldiag_open: (ovl_open+0xb2/0x100 <- ovl_open_realfile) result=0xffff8880044a8a00
              dd-5842    [000] .....    17.189862: ovldiag_ensure: (ovl_write_iter+0xaf/0x130 <- ovl_ensure_upper_and_switch) result=0x0
              dd-5842    [000] .....    17.189876: ovldiag_write: (ovl_write_iter+0x10c/0x130 <- backing_file_write_iter) result=0x1000
              dd-5841    [000] .....    17.190319: ovldiag_open: (ovl_open+0xb2/0x100 <- ovl_open_realfile) result=0xffff888005dcac00
              dd-5841    [000] .....    17.190344: ovldiag_ensure: (ovl_write_iter+0xaf/0x130 <- ovl_ensure_upper_and_switch) result=0x0
              dd-5841    [000] .....    17.190352: ovldiag_write: (ovl_write_iter+0x10c/0x130 <- backing_file_write_iter) result=0x1000
              dd-5849    [000] .....    17.193936: ovldiag_open: (ovl_open+0xb2/0x100 <- ovl_open_realfile) result=0xffff88800724e000
              dd-5849    [000] .....    17.193962: ovldiag_ensure: (ovl_write_iter+0xaf/0x130 <- ovl_ensure_upper_and_switch) result=0x0
              dd-5849    [000] .....    17.193975: ovldiag_write: (ovl_write_iter+0x10c/0x130 <- backing_file_write_iter) result=0x1000
             cat-5848    [001] .....    17.194066: ovldiag_open: (ovl_open+0xb2/0x100 <- ovl_open_realfile) result=0xffff888004619900
             cat-5846    [001] .....    17.194543: ovldiag_open: (ovl_open+0xb2/0x100 <- ovl_open_realfile) result=0xffff888003d44c00
             cat-5851    [000] .....    17.196360: ovldiag_open: (ovl_open+0xb2/0x100 <- ovl_open_realfile) result=0xffff888007160a00
              dd-5850    [000] .....    17.197729: ovldiag_open: (ovl_open+0xb2/0x100 <- ovl_open_realfile) result=0xffff88800707b300
              dd-5850    [000] .....    17.197754: ovldiag_ensure: (ovl_write_iter+0xaf/0x130 <- ovl_ensure_upper_and_switch) result=0x0
              dd-5850    [000] .....    17.197767: ovldiag_write: (ovl_write_iter+0x10c/0x130 <- backing_file_write_iter) result=0x1000
             cat-5857    [001] .....    17.201626: ovldiag_open: (ovl_open+0xb2/0x100 <- ovl_open_realfile) result=0xffff888005d64900
              dd-5862    [000] .....    17.203663: ovldiag_open: (ovl_open+0xb2/0x100 <- ovl_open_realfile) result=0xffff888004305e00
              dd-5862    [000] .....    17.203691: ovldiag_ensure: (ovl_write_iter+0xaf/0x130 <- ovl_ensure_upper_and_switch) result=0x0
              dd-5862    [000] .....    17.203703: ovldiag_write: (ovl_write_iter+0x10c/0x130 <- backing_file_write_iter) result=0x1000
              dd-5863    [000] .....    17.204912: ovldiag_open: (ovl_open+0xb2/0x100 <- ovl_open_realfile) result=0xffff888005c95a00
              dd-5863    [000] .....    17.204937: ovldiag_ensure: (ovl_write_iter+0xaf/0x130 <- ovl_ensure_upper_and_switch) result=0x0
              dd-5863    [000] .....    17.204949: ovldiag_write: (ovl_write_iter+0x10c/0x130 <- backing_file_write_iter) result=0x1000
             cat-5867    [000] .....    17.207010: ovldiag_open: (ovl_open+0xb2/0x100 <- ovl_open_realfile) result=0xffff8880073c2500
             cat-5868    [000] .....    17.208081: ovldiag_open: (ovl_open+0xb2/0x100 <- ovl_open_realfile) result=0xffff8880043ccb00
              dd-5869    [001] .....    17.208266: ovldiag_open: (ovl_open+0xb2/0x100 <- ovl_open_realfile) result=0xffff8880046d8d00
              dd-5869    [001] .....    17.208298: ovldiag_ensure: (ovl_write_iter+0xaf/0x130 <- ovl_ensure_upper_and_switch) result=0x0
              dd-5869    [001] .....    17.208314: ovldiag_write: (ovl_write_iter+0x10c/0x130 <- backing_file_write_iter) result=0x1000
             cat-5873    [000] .....    17.211011: ovldiag_open: (ovl_open+0xb2/0x100 <- ovl_open_realfile) result=0xffff888005c8c500
             cat-5874    [001] .....    17.211996: ovldiag_open: (ovl_open+0xb2/0x100 <- ovl_open_realfile) result=0xffff888007160700
              dd-5877    [000] .....    17.214716: ovldiag_open: (ovl_open+0xb2/0x100 <- ovl_open_realfile) result=0xffff88800457be00
              dd-5877    [000] .....    17.214742: ovldiag_ensure: (ovl_write_iter+0xaf/0x130 <- ovl_ensure_upper_and_switch) result=0x0
              dd-5877    [000] .....    17.214756: ovldiag_write: (ovl_write_iter+0x10c/0x130 <- backing_file_write_iter) result=0x1000
              dd-5882    [001] .....    17.218027: ovldiag_open: (ovl_open+0xb2/0x100 <- ovl_open_realfile) result=0xffff88800de2af00
              dd-5882    [001] .....    17.218060: ovldiag_ensure: (ovl_write_iter+0xaf/0x130 <- ovl_ensure_upper_and_switch) result=0x0
              dd-5883    [000] .....    17.218224: ovldiag_open: (ovl_open+0xb2/0x100 <- ovl_open_realfile) result=0xffff88800dcf6700
              dd-5883    [000] .....    17.218252: ovldiag_ensure: (ovl_write_iter+0xaf/0x130 <- ovl_ensure_upper_and_switch) result=0x0
              dd-5883    [000] .....    17.218265: ovldiag_write: (ovl_write_iter+0x10c/0x130 <- backing_file_write_iter) result=0x1000
              dd-5882    [001] .....    17.219300: ovldiag_write: (ovl_write_iter+0x10c/0x130 <- backing_file_write_iter) result=0x1000
             cat-5886    [000] .....    17.220850: ovldiag_open: (ovl_open+0xb2/0x100 <- ovl_open_realfile) result=0xffff888007256200
              dd-5889    [000] .....    17.222552: ovldiag_open: (ovl_open+0xb2/0x100 <- ovl_open_realfile) result=0xffff888007171a00
              dd-5889    [000] .....    17.222582: ovldiag_ensure: (ovl_write_iter+0xaf/0x130 <- ovl_ensure_upper_and_switch) result=0x0
              dd-5889    [000] .....    17.222596: ovldiag_write: (ovl_write_iter+0x10c/0x130 <- backing_file_write_iter) result=0x1000
             cat-5891    [000] .....    17.224107: ovldiag_open: (ovl_open+0xb2/0x100 <- ovl_open_realfile) result=0xffff8880073aa600
             cat-5890    [001] .....    17.224557: ovldiag_open: (ovl_open+0xb2/0x100 <- ovl_open_realfile) result=0xffff8880043a2900
             cat-5895    [000] .....    17.228763: ovldiag_open: (ovl_open+0xb2/0x100 <- ovl_open_realfile) result=0xffff8880073a8b00
              dd-5899    [001] .....    17.230288: ovldiag_open: (ovl_open+0xb2/0x100 <- ovl_open_realfile) result=0xffff8880072a6f00
              dd-5899    [001] .....    17.230317: ovldiag_ensure: (ovl_write_iter+0xaf/0x130 <- ovl_ensure_upper_and_switch) result=0x0
              dd-5899    [001] .....    17.230335: ovldiag_write: (ovl_write_iter+0x10c/0x130 <- backing_file_write_iter) result=0x1000
              dd-5901    [001] .....    17.231468: ovldiag_open: (ovl_open+0xb2/0x100 <- ovl_open_realfile) result=0xffff88800724e200
              dd-5901    [001] .....    17.231495: ovldiag_ensure: (ovl_write_iter+0xaf/0x130 <- ovl_ensure_upper_and_switch) result=0x0
              dd-5901    [001] .....    17.231509: ovldiag_write: (ovl_write_iter+0x10c/0x130 <- backing_file_write_iter) result=0x1000
              dd-5904    [001] .....    17.233023: ovldiag_open: (ovl_open+0xb2/0x100 <- ovl_open_realfile) result=0xffff88800715d200
              dd-5904    [001] .....    17.233052: ovldiag_ensure: (ovl_write_iter+0xaf/0x130 <- ovl_ensure_upper_and_switch) result=0x0
              dd-5904    [001] .....    17.233093: ovldiag_write: (ovl_write_iter+0x10c/0x130 <- backing_file_write_iter) result=0x1000
             cat-5907    [001] .....    17.236240: ovldiag_open: (ovl_open+0xb2/0x100 <- ovl_open_realfile) result=0xffff8880046d8d00
             cat-5908    [000] .....    17.236332: ovldiag_open: (ovl_open+0xb2/0x100 <- ovl_open_realfile) result=0xffff888007058e00
             cat-5909    [000] .....    17.236983: ovldiag_open: (ovl_open+0xb2/0x100 <- ovl_open_realfile) result=0xffff888007107e00
              dd-5910    [000] .....    17.240817: ovldiag_open: (ovl_open+0xb2/0x100 <- ovl_open_realfile) result=0xffff888007046600
              dd-5910    [000] .....    17.240844: ovldiag_ensure: (ovl_write_iter+0xaf/0x130 <- ovl_ensure_upper_and_switch) result=0x0
              dd-5910    [000] .....    17.240856: ovldiag_write: (ovl_write_iter+0x10c/0x130 <- backing_file_write_iter) result=0x1000
             cat-5914    [000] .....    17.242260: ovldiag_open: (ovl_open+0xb2/0x100 <- ovl_open_realfile) result=0xffff8880044a8700
              dd-5920    [001] .....    17.245548: ovldiag_open: (ovl_open+0xb2/0x100 <- ovl_open_realfile) result=0xffff88800724ef00
              dd-5920    [001] .....    17.245582: ovldiag_ensure: (ovl_write_iter+0xaf/0x130 <- ovl_ensure_upper_and_switch) result=0x0
              dd-5920    [001] .....    17.245599: ovldiag_write: (ovl_write_iter+0x10c/0x130 <- backing_file_write_iter) result=0x1000
             cat-5925    [000] .....    17.247636: ovldiag_open: (ovl_open+0xb2/0x100 <- ovl_open_realfile) result=0xffff88800893ce00
              dd-5923    [001] .....    17.248917: ovldiag_open: (ovl_open+0xb2/0x100 <- ovl_open_realfile) result=0xffff8880043e0c00
              dd-5923    [001] .....    17.248948: ovldiag_ensure: (ovl_write_iter+0xaf/0x130 <- ovl_ensure_upper_and_switch) result=0x0
              dd-5923    [001] .....    17.248965: ovldiag_write: (ovl_write_iter+0x10c/0x130 <- backing_file_write_iter) result=0x1000
              dd-5924    [000] .....    17.249822: ovldiag_open: (ovl_open+0xb2/0x100 <- ovl_open_realfile) result=0xffff888007162400
              dd-5924    [000] .....    17.249863: ovldiag_ensure: (ovl_write_iter+0xaf/0x130 <- ovl_ensure_upper_and_switch) result=0x0
              dd-5924    [000] .....    17.249881: ovldiag_write: (ovl_write_iter+0x10c/0x130 <- backing_file_write_iter) result=0x1000
             cat-5926    [001] .....    17.250122: ovldiag_open: (ovl_open+0xb2/0x100 <- ovl_open_realfile) result=0xffff888004305300
             cat-5931    [001] .....    17.253951: ovldiag_open: (ovl_open+0xb2/0x100 <- ovl_open_realfile) result=0xffff88800ab0b700
             cat-5932    [000] .....    17.255024: ovldiag_open: (ovl_open+0xb2/0x100 <- ovl_open_realfile) result=0xffff88800dd13500
              dd-5935    [001] .....    17.255150: ovldiag_open: (ovl_open+0xb2/0x100 <- ovl_open_realfile) result=0xffff88800d598600
              dd-5935    [001] .....    17.255179: ovldiag_ensure: (ovl_write_iter+0xaf/0x130 <- ovl_ensure_upper_and_switch) result=0x0
              dd-5935    [001] .....    17.255196: ovldiag_write: (ovl_write_iter+0x10c/0x130 <- backing_file_write_iter) result=0x1000
              dd-5941    [001] .....    17.260214: ovldiag_open: (ovl_open+0xb2/0x100 <- ovl_open_realfile) result=0xffff88800457b000
             cat-5943    [000] .....    17.260244: ovldiag_open: (ovl_open+0xb2/0x100 <- ovl_open_realfile) result=0xffff8880073a8400
              dd-5941    [001] .....    17.260248: ovldiag_ensure: (ovl_write_iter+0xaf/0x130 <- ovl_ensure_upper_and_switch) result=0x0
              dd-5941    [001] .....    17.260266: ovldiag_write: (ovl_write_iter+0x10c/0x130 <- backing_file_write_iter) result=0x1000
             cat-5942    [001] .....    17.261568: ovldiag_open: (ovl_open+0xb2/0x100 <- ovl_open_realfile) result=0xffff88800715d300
              dd-5945    [000] .....    17.262666: ovldiag_open: (ovl_open+0xb2/0x100 <- ovl_open_realfile) result=0xffff88800d598300
              dd-5945    [000] .....    17.262704: ovldiag_ensure: (ovl_write_iter+0xaf/0x130 <- ovl_ensure_upper_and_switch) result=0x0
              dd-5945    [000] .....    17.262717: ovldiag_write: (ovl_write_iter+0x10c/0x130 <- backing_file_write_iter) result=0x1000
             cat-5952    [001] .....    17.265868: ovldiag_open: (ovl_open+0xb2/0x100 <- ovl_open_realfile) result=0xffff888007256800
             cat-5950    [000] .....    17.267283: ovldiag_open: (ovl_open+0xb2/0x100 <- ovl_open_realfile) result=0xffff88800736e100
              dd-5953    [000] .....    17.268431: ovldiag_open: (ovl_open+0xb2/0x100 <- ovl_open_realfile) result=0xffff888007160d00
              dd-5953    [000] .....    17.268460: ovldiag_ensure: (ovl_write_iter+0xaf/0x130 <- ovl_ensure_upper_and_switch) result=0x0
              dd-5953    [000] .....    17.268472: ovldiag_write: (ovl_write_iter+0x10c/0x130 <- backing_file_write_iter) result=0x1000
              dd-5955    [001] .....    17.269342: ovldiag_open: (ovl_open+0xb2/0x100 <- ovl_open_realfile) result=0xffff8880073c2300
              dd-5955    [001] .....    17.269374: ovldiag_ensure: (ovl_write_iter+0xaf/0x130 <- ovl_ensure_upper_and_switch) result=0x0
              dd-5955    [001] .....    17.269390: ovldiag_write: (ovl_write_iter+0x10c/0x130 <- backing_file_write_iter) result=0x1000
             cat-5961    [000] .....    17.272629: ovldiag_open: (ovl_open+0xb2/0x100 <- ovl_open_realfile) result=0xffff888005d89700
             cat-5963    [001] .....    17.274627: ovldiag_open: (ovl_open+0xb2/0x100 <- ovl_open_realfile) result=0xffff88800715d900
              dd-5965    [001] .....    17.275995: ovldiag_open: (ovl_open+0xb2/0x100 <- ovl_open_realfile) result=0xffff888007256100
              dd-5965    [001] .....    17.276023: ovldiag_ensure: (ovl_write_iter+0xaf/0x130 <- ovl_ensure_upper_and_switch) result=0x0
              dd-5965    [001] .....    17.276039: ovldiag_write: (ovl_write_iter+0x10c/0x130 <- backing_file_write_iter) result=0x1000
              dd-5966    [000] .....    17.276604: ovldiag_open: (ovl_open+0xb2/0x100 <- ovl_open_realfile) result=0xffff8880073ba800
              dd-5966    [000] .....    17.276633: ovldiag_ensure: (ovl_write_iter+0xaf/0x130 <- ovl_ensure_upper_and_switch) result=0x0
              dd-5966    [000] .....    17.276645: ovldiag_write: (ovl_write_iter+0x10c/0x130 <- backing_file_write_iter) result=0x1000
             cat-5971    [001] .....    17.279853: ovldiag_open: (ovl_open+0xb2/0x100 <- ovl_open_realfile) result=0xffff88800dcef400
             cat-5972    [000] .....    17.281010: ovldiag_open: (ovl_open+0xb2/0x100 <- ovl_open_realfile) result=0xffff888005d64500
              dd-5976    [000] .....    17.282644: ovldiag_open: (ovl_open+0xb2/0x100 <- ovl_open_realfile) result=0xffff888005c8c100
              dd-5976    [000] .....    17.282670: ovldiag_ensure: (ovl_write_iter+0xaf/0x130 <- ovl_ensure_upper_and_switch) result=0x0
              dd-5976    [000] .....    17.282683: ovldiag_write: (ovl_write_iter+0x10c/0x130 <- backing_file_write_iter) result=0x1000
             cat-5974    [001] .....    17.282699: ovldiag_open: (ovl_open+0xb2/0x100 <- ovl_open_realfile) result=0xffff8880043a2500
              dd-5979    [001] .....    17.285991: ovldiag_open: (ovl_open+0xb2/0x100 <- ovl_open_realfile) result=0xffff8880073c2e00
              dd-5979    [001] .....    17.286020: ovldiag_ensure: (ovl_write_iter+0xaf/0x130 <- ovl_ensure_upper_and_switch) result=0x0
              dd-5979    [001] .....    17.286038: ovldiag_write: (ovl_write_iter+0x10c/0x130 <- backing_file_write_iter) result=0x1000
             cat-5982    [000] .....    17.287689: ovldiag_open: (ovl_open+0xb2/0x100 <- ovl_open_realfile) result=0xffff888007248000
              dd-5987    [000] .....    17.290717: ovldiag_open: (ovl_open+0xb2/0x100 <- ovl_open_realfile) result=0xffff888008944c00
              dd-5987    [000] .....    17.290746: ovldiag_ensure: (ovl_write_iter+0xaf/0x130 <- ovl_ensure_upper_and_switch) result=0x0
              dd-5987    [000] .....    17.290760: ovldiag_write: (ovl_write_iter+0x10c/0x130 <- backing_file_write_iter) result=0x1000
              dd-5986    [001] .....    17.290769: ovldiag_open: (ovl_open+0xb2/0x100 <- ovl_open_realfile) result=0xffff8880072d8700
              dd-5986    [001] .....    17.290798: ovldiag_ensure: (ovl_write_iter+0xaf/0x130 <- ovl_ensure_upper_and_switch) result=0x0
              dd-5986    [001] .....    17.290815: ovldiag_write: (ovl_write_iter+0x10c/0x130 <- backing_file_write_iter) result=0x1000
             cat-5992    [000] .....    17.294038: ovldiag_open: (ovl_open+0xb2/0x100 <- ovl_open_realfile) result=0xffff8880072a6d00
             cat-5991    [001] .....    17.294619: ovldiag_open: (ovl_open+0xb2/0x100 <- ovl_open_realfile) result=0xffff8880072d8300
             cat-5995    [000] .....    17.297604: ovldiag_open: (ovl_open+0xb2/0x100 <- ovl_open_realfile) result=0xffff88800dcef600
              dd-5996    [001] .....    17.298578: ovldiag_open: (ovl_open+0xb2/0x100 <- ovl_open_realfile) result=0xffff888007160600
              dd-5996    [001] .....    17.298608: ovldiag_ensure: (ovl_write_iter+0xaf/0x130 <- ovl_ensure_upper_and_switch) result=0x0
              dd-5996    [001] .....    17.298625: ovldiag_write: (ovl_write_iter+0x10c/0x130 <- backing_file_write_iter) result=0x1000
             cat-6000    [001] .....    17.300398: ovldiag_open: (ovl_open+0xb2/0x100 <- ovl_open_realfile) result=0xffff888007256400
              dd-6001    [001] .....    17.301521: ovldiag_open: (ovl_open+0xb2/0x100 <- ovl_open_realfile) result=0xffff88800893ca00
              dd-6001    [001] .....    17.301551: ovldiag_ensure: (ovl_write_iter+0xaf/0x130 <- ovl_ensure_upper_and_switch) result=0x0
              dd-6001    [001] .....    17.301568: ovldiag_write: (ovl_write_iter+0x10c/0x130 <- backing_file_write_iter) result=0x1000
             cat-6008    [001] .....    17.305206: ovldiag_open: (ovl_open+0xb2/0x100 <- ovl_open_realfile) result=0xffff88800893c700
              dd-6006    [000] .....    17.305422: ovldiag_open: (ovl_open+0xb2/0x100 <- ovl_open_realfile) result=0xffff888004305500
              dd-6006    [000] .....    17.305459: ovldiag_ensure: (ovl_write_iter+0xaf/0x130 <- ovl_ensure_upper_and_switch) result=0x0
              dd-6006    [000] .....    17.305472: ovldiag_write: (ovl_write_iter+0x10c/0x130 <- backing_file_write_iter) result=0x1000
             cat-6011    [001] .....    17.307482: ovldiag_open: (ovl_open+0xb2/0x100 <- ovl_open_realfile) result=0xffff88800457b900
              dd-6009    [001] .....    17.308182: ovldiag_open: (ovl_open+0xb2/0x100 <- ovl_open_realfile) result=0xffff88800dd02000
              dd-6009    [001] .....    17.308209: ovldiag_ensure: (ovl_write_iter+0xaf/0x130 <- ovl_ensure_upper_and_switch) result=0x0
              dd-6009    [001] .....    17.308222: ovldiag_write: (ovl_write_iter+0x10c/0x130 <- backing_file_write_iter) result=0x1000
             cat-6017    [000] .....    17.311520: ovldiag_open: (ovl_open+0xb2/0x100 <- ovl_open_realfile) result=0xffff888007046200
             cat-6018    [001] .....    17.312732: ovldiag_open: (ovl_open+0xb2/0x100 <- ovl_open_realfile) result=0xffff888007171900
              dd-6019    [000] .....    17.313012: ovldiag_open: (ovl_open+0xb2/0x100 <- ovl_open_realfile) result=0xffff88800453ee00
              dd-6019    [000] .....    17.313038: ovldiag_ensure: (ovl_write_iter+0xaf/0x130 <- ovl_ensure_upper_and_switch) result=0x0
              dd-6019    [000] .....    17.313051: ovldiag_write: (ovl_write_iter+0x10c/0x130 <- backing_file_write_iter) result=0x1000
              dd-6023    [001] .....    17.317202: ovldiag_open: (ovl_open+0xb2/0x100 <- ovl_open_realfile) result=0xffff8880043ccc00
              dd-6023    [001] .....    17.317230: ovldiag_ensure: (ovl_write_iter+0xaf/0x130 <- ovl_ensure_upper_and_switch) result=0x0
              dd-6023    [001] .....    17.317248: ovldiag_write: (ovl_write_iter+0x10c/0x130 <- backing_file_write_iter) result=0x1000
              dd-6026    [000] .....    17.318742: ovldiag_open: (ovl_open+0xb2/0x100 <- ovl_open_realfile) result=0xffff88800453ef00
              dd-6026    [000] .....    17.318772: ovldiag_ensure: (ovl_write_iter+0xaf/0x130 <- ovl_ensure_upper_and_switch) result=0x0
              dd-6026    [000] .....    17.318786: ovldiag_write: (ovl_write_iter+0x10c/0x130 <- backing_file_write_iter) result=0x1000
             cat-6028    [001] .....    17.319126: ovldiag_open: (ovl_open+0xb2/0x100 <- ovl_open_realfile) result=0xffff888005c89e00
             cat-6029    [001] .....    17.320835: ovldiag_open: (ovl_open+0xb2/0x100 <- ovl_open_realfile) result=0xffff8880046d8200
              dd-6033    [001] .....    17.324053: ovldiag_open: (ovl_open+0xb2/0x100 <- ovl_open_realfile) result=0xffff888005cb7d00
             cat-6036    [001] .....    17.325224: ovldiag_open: (ovl_open+0xb2/0x100 <- ovl_open_realfile) result=0xffff8880044a8900
              dd-6033    [001] .....    17.325368: ovldiag_ensure: (ovl_write_iter+0xaf/0x130 <- ovl_ensure_upper_and_switch) result=0x0
              dd-6033    [001] .....    17.325385: ovldiag_write: (ovl_write_iter+0x10c/0x130 <- backing_file_write_iter) result=0x1000
             cat-6037    [000] .....    17.325507: ovldiag_open: (ovl_open+0xb2/0x100 <- ovl_open_realfile) result=0xffff8880073a9d00
              dd-6041    [001] .....    17.328576: ovldiag_open: (ovl_open+0xb2/0x100 <- ovl_open_realfile) result=0xffff88800d68bb00
              dd-6041    [001] .....    17.328607: ovldiag_ensure: (ovl_write_iter+0xaf/0x130 <- ovl_ensure_upper_and_switch) result=0x0
              dd-6041    [001] .....    17.328624: ovldiag_write: (ovl_write_iter+0x10c/0x130 <- backing_file_write_iter) result=0x1000
             cat-6042    [001] .....    17.331012: ovldiag_open: (ovl_open+0xb2/0x100 <- ovl_open_realfile) result=0xffff888004619400
             cat-6046    [000] .....    17.331218: ovldiag_open: (ovl_open+0xb2/0x100 <- ovl_open_realfile) result=0xffff888007256e00
              dd-6047    [000] .....    17.335169: ovldiag_open: (ovl_open+0xb2/0x100 <- ovl_open_realfile) result=0xffff888005e20a00
              dd-6047    [000] .....    17.335200: ovldiag_ensure: (ovl_write_iter+0xaf/0x130 <- ovl_ensure_upper_and_switch) result=0x0
              dd-6047    [000] .....    17.335213: ovldiag_write: (ovl_write_iter+0x10c/0x130 <- backing_file_write_iter) result=0x1000
              dd-6050    [001] .....    17.335286: ovldiag_open: (ovl_open+0xb2/0x100 <- ovl_open_realfile) result=0xffff88800453eb00
              dd-6050    [001] .....    17.335317: ovldiag_ensure: (ovl_write_iter+0xaf/0x130 <- ovl_ensure_upper_and_switch) result=0x0
              dd-6050    [001] .....    17.335334: ovldiag_write: (ovl_write_iter+0x10c/0x130 <- backing_file_write_iter) result=0x1000
             cat-6054    [001] .....    17.336915: ovldiag_open: (ovl_open+0xb2/0x100 <- ovl_open_realfile) result=0xffff88800dd56100
             cat-6058    [001] .....    17.339648: ovldiag_open: (ovl_open+0xb2/0x100 <- ovl_open_realfile) result=0xffff8880043a2200
              dd-6057    [000] .....    17.340043: ovldiag_open: (ovl_open+0xb2/0x100 <- ovl_open_realfile) result=0xffff8880089dda00
              dd-6057    [000] .....    17.340097: ovldiag_ensure: (ovl_write_iter+0xaf/0x130 <- ovl_ensure_upper_and_switch) result=0x0
              dd-6057    [000] .....    17.340110: ovldiag_write: (ovl_write_iter+0x10c/0x130 <- backing_file_write_iter) result=0x1000
              dd-6063    [000] .....    17.344113: ovldiag_open: (ovl_open+0xb2/0x100 <- ovl_open_realfile) result=0xffff88800ddf8900
              dd-6063    [000] .....    17.344140: ovldiag_ensure: (ovl_write_iter+0xaf/0x130 <- ovl_ensure_upper_and_switch) result=0x0
              dd-6063    [000] .....    17.344153: ovldiag_write: (ovl_write_iter+0x10c/0x130 <- backing_file_write_iter) result=0x1000
             cat-6064    [001] .....    17.344370: ovldiag_open: (ovl_open+0xb2/0x100 <- ovl_open_realfile) result=0xffff8880043a2500
             cat-6065    [000] .....    17.345255: ovldiag_open: (ovl_open+0xb2/0x100 <- ovl_open_realfile) result=0xffff888008944000
             cat-6070    [000] .....    17.349356: ovldiag_open: (ovl_open+0xb2/0x100 <- ovl_open_realfile) result=0xffff888007160600
              dd-6073    [001] .....    17.350923: ovldiag_open: (ovl_open+0xb2/0x100 <- ovl_open_realfile) result=0xffff888003761200
              dd-6073    [001] .....    17.350952: ovldiag_ensure: (ovl_write_iter+0xaf/0x130 <- ovl_ensure_upper_and_switch) result=0x0
              dd-6073    [001] .....    17.350969: ovldiag_write: (ovl_write_iter+0x10c/0x130 <- backing_file_write_iter) result=0x1000
              dd-6072    [000] .....    17.351835: ovldiag_open: (ovl_open+0xb2/0x100 <- ovl_open_realfile) result=0xffff888004619300
              dd-6072    [000] .....    17.351864: ovldiag_ensure: (ovl_write_iter+0xaf/0x130 <- ovl_ensure_upper_and_switch) result=0x0
              dd-6072    [000] .....    17.351877: ovldiag_write: (ovl_write_iter+0x10c/0x130 <- backing_file_write_iter) result=0x1000
              dd-6079    [001] .....    17.353819: ovldiag_open: (ovl_open+0xb2/0x100 <- ovl_open_realfile) result=0xffff888005cb3200
              dd-6079    [001] .....    17.353851: ovldiag_ensure: (ovl_write_iter+0xaf/0x130 <- ovl_ensure_upper_and_switch) result=0x0
              dd-6079    [001] .....    17.353868: ovldiag_write: (ovl_write_iter+0x10c/0x130 <- backing_file_write_iter) result=0x1000
             cat-6075    [000] .....    17.355418: ovldiag_open: (ovl_open+0xb2/0x100 <- ovl_open_realfile) result=0xffff888008944600
             cat-6081    [001] .....    17.356635: ovldiag_open: (ovl_open+0xb2/0x100 <- ovl_open_realfile) result=0xffff88800715d600
             cat-6082    [000] .....    17.356695: ovldiag_open: (ovl_open+0xb2/0x100 <- ovl_open_realfile) result=0xffff888005e20100
              dd-6085    [001] .....    17.359742: ovldiag_open: (ovl_open+0xb2/0x100 <- ovl_open_realfile) result=0xffff88800dcef600
              dd-6085    [001] .....    17.359774: ovldiag_ensure: (ovl_write_iter+0xaf/0x130 <- ovl_ensure_upper_and_switch) result=0x0
              dd-6085    [001] .....    17.359791: ovldiag_write: (ovl_write_iter+0x10c/0x130 <- backing_file_write_iter) result=0x1000
             cat-6091    [001] .....    17.363062: ovldiag_open: (ovl_open+0xb2/0x100 <- ovl_open_realfile) result=0xffff888005e20a00
              dd-6092    [000] .....    17.364572: ovldiag_open: (ovl_open+0xb2/0x100 <- ovl_open_realfile) result=0xffff888005e20e00
              dd-6092    [000] .....    17.364599: ovldiag_ensure: (ovl_write_iter+0xaf/0x130 <- ovl_ensure_upper_and_switch) result=0x0
              dd-6092    [000] .....    17.364612: ovldiag_write: (ovl_write_iter+0x10c/0x130 <- backing_file_write_iter) result=0x1000
              dd-6095    [000] .....    17.366244: ovldiag_open: (ovl_open+0xb2/0x100 <- ovl_open_realfile) result=0xffff888007107e00
              dd-6095    [000] .....    17.366272: ovldiag_ensure: (ovl_write_iter+0xaf/0x130 <- ovl_ensure_upper_and_switch) result=0x0
              dd-6095    [000] .....    17.366284: ovldiag_write: (ovl_write_iter+0x10c/0x130 <- backing_file_write_iter) result=0x1000
             cat-6098    [001] .....    17.368650: ovldiag_open: (ovl_open+0xb2/0x100 <- ovl_open_realfile) result=0xffff8880072d8a00
             cat-6101    [000] .....    17.369016: ovldiag_open: (ovl_open+0xb2/0x100 <- ovl_open_realfile) result=0xffff88800453e800
              dd-6099    [001] .....    17.369828: ovldiag_open: (ovl_open+0xb2/0x100 <- ovl_open_realfile) result=0xffff8880073c2100
              dd-6099    [001] .....    17.369856: ovldiag_ensure: (ovl_write_iter+0xaf/0x130 <- ovl_ensure_upper_and_switch) result=0x0
              dd-6099    [001] .....    17.369873: ovldiag_write: (ovl_write_iter+0x10c/0x130 <- backing_file_write_iter) result=0x1000
             cat-6100    [000] .....    17.370031: ovldiag_open: (ovl_open+0xb2/0x100 <- ovl_open_realfile) result=0xffff88800de49f00
              dd-6108    [001] .....    17.375488: ovldiag_open: (ovl_open+0xb2/0x100 <- ovl_open_realfile) result=0xffff88800707ba00
              dd-6108    [001] .....    17.375520: ovldiag_ensure: (ovl_write_iter+0xaf/0x130 <- ovl_ensure_upper_and_switch) result=0x0
              dd-6108    [001] .....    17.375537: ovldiag_write: (ovl_write_iter+0x10c/0x130 <- backing_file_write_iter) result=0x1000
             cat-6110    [000] .....    17.376354: ovldiag_open: (ovl_open+0xb2/0x100 <- ovl_open_realfile) result=0xffff8880047ff000
              dd-6113    [001] .....    17.378105: ovldiag_open: (ovl_open+0xb2/0x100 <- ovl_open_realfile) result=0xffff88800715d300
              dd-6113    [001] .....    17.378136: ovldiag_ensure: (ovl_write_iter+0xaf/0x130 <- ovl_ensure_upper_and_switch) result=0x0
              dd-6113    [001] .....    17.378153: ovldiag_write: (ovl_write_iter+0x10c/0x130 <- backing_file_write_iter) result=0x1000
             cat-6117    [001] .....    17.380642: ovldiag_open: (ovl_open+0xb2/0x100 <- ovl_open_realfile) result=0xffff88800453ee00
              dd-6116    [000] .....    17.380821: ovldiag_open: (ovl_open+0xb2/0x100 <- ovl_open_realfile) result=0xffff88800dcef600
              dd-6116    [000] .....    17.380847: ovldiag_ensure: (ovl_write_iter+0xaf/0x130 <- ovl_ensure_upper_and_switch) result=0x0
              dd-6116    [000] .....    17.380861: ovldiag_write: (ovl_write_iter+0x10c/0x130 <- backing_file_write_iter) result=0x1000
             cat-6118    [001] .....    17.381835: ovldiag_open: (ovl_open+0xb2/0x100 <- ovl_open_realfile) result=0xffff888005dca100
             cat-6121    [000] .....    17.384783: ovldiag_open: (ovl_open+0xb2/0x100 <- ovl_open_realfile) result=0xffff88800dcef900
              dd-6123    [001] .....    17.384900: ovldiag_open: (ovl_open+0xb2/0x100 <- ovl_open_realfile) result=0xffff88800715dc00
              dd-6123    [001] .....    17.384928: ovldiag_ensure: (ovl_write_iter+0xaf/0x130 <- ovl_ensure_upper_and_switch) result=0x0
              dd-6123    [001] .....    17.384945: ovldiag_write: (ovl_write_iter+0x10c/0x130 <- backing_file_write_iter) result=0x1000
             cat-6130    [000] .....    17.389133: ovldiag_open: (ovl_open+0xb2/0x100 <- ovl_open_realfile) result=0xffff8880043a2c00
              dd-6128    [001] .....    17.390016: ovldiag_open: (ovl_open+0xb2/0x100 <- ovl_open_realfile) result=0xffff888008944700
              dd-6128    [001] .....    17.390050: ovldiag_ensure: (ovl_write_iter+0xaf/0x130 <- ovl_ensure_upper_and_switch) result=0x0
              dd-6128    [001] .....    17.390081: ovldiag_write: (ovl_write_iter+0x10c/0x130 <- backing_file_write_iter) result=0x1000
              dd-6132    [000] .....    17.391755: ovldiag_open: (ovl_open+0xb2/0x100 <- ovl_open_realfile) result=0xffff8880072d8a00
              dd-6132    [000] .....    17.391785: ovldiag_ensure: (ovl_write_iter+0xaf/0x130 <- ovl_ensure_upper_and_switch) result=0x0
              dd-6132    [000] .....    17.391798: ovldiag_write: (ovl_write_iter+0x10c/0x130 <- backing_file_write_iter) result=0x1000
             cat-6135    [000] .....    17.392944: ovldiag_open: (ovl_open+0xb2/0x100 <- ovl_open_realfile) result=0xffff88800d705500
             cat-6137    [000] .....    17.395550: ovldiag_open: (ovl_open+0xb2/0x100 <- ovl_open_realfile) result=0xffff8880073bac00
             cat-6140    [001] .....    17.395554: ovldiag_open: (ovl_open+0xb2/0x100 <- ovl_open_realfile) result=0xffff888007160400
              dd-6139    [000] .....    17.396733: ovldiag_open: (ovl_open+0xb2/0x100 <- ovl_open_realfile) result=0xffff88800dcaf100
              dd-6139    [000] .....    17.396761: ovldiag_ensure: (ovl_write_iter+0xaf/0x130 <- ovl_ensure_upper_and_switch) result=0x0
              dd-6139    [000] .....    17.396773: ovldiag_write: (ovl_write_iter+0x10c/0x130 <- backing_file_write_iter) result=0x1000
             cat-6145    [001] .....    17.399156: ovldiag_open: (ovl_open+0xb2/0x100 <- ovl_open_realfile) result=0xffff8880073a9d00
              dd-6146    [000] .....    17.401952: ovldiag_open: (ovl_open+0xb2/0x100 <- ovl_open_realfile) result=0xffff888005cb3600
              dd-6146    [000] .....    17.401978: ovldiag_ensure: (ovl_write_iter+0xaf/0x130 <- ovl_ensure_upper_and_switch) result=0x0
              dd-6146    [000] .....    17.401991: ovldiag_write: (ovl_write_iter+0x10c/0x130 <- backing_file_write_iter) result=0x1000
              dd-6151    [001] .....    17.403843: ovldiag_open: (ovl_open+0xb2/0x100 <- ovl_open_realfile) result=0xffff8880046d8d00
              dd-6151    [001] .....    17.403876: ovldiag_ensure: (ovl_write_iter+0xaf/0x130 <- ovl_ensure_upper_and_switch) result=0x0
              dd-6151    [001] .....    17.403894: ovldiag_write: (ovl_write_iter+0x10c/0x130 <- backing_file_write_iter) result=0x1000
              dd-6154    [000] .....    17.405697: ovldiag_open: (ovl_open+0xb2/0x100 <- ovl_open_realfile) result=0xffff8880047ff000
              dd-6154    [000] .....    17.405723: ovldiag_ensure: (ovl_write_iter+0xaf/0x130 <- ovl_ensure_upper_and_switch) result=0x0
              dd-6154    [000] .....    17.405736: ovldiag_write: (ovl_write_iter+0x10c/0x130 <- backing_file_write_iter) result=0x1000
             cat-6156    [001] .....    17.407487: ovldiag_open: (ovl_open+0xb2/0x100 <- ovl_open_realfile) result=0xffff888005d64700
             cat-6158    [001] .....    17.409742: ovldiag_open: (ovl_open+0xb2/0x100 <- ovl_open_realfile) result=0xffff88800724e000
             cat-6159    [000] .....    17.410397: ovldiag_open: (ovl_open+0xb2/0x100 <- ovl_open_realfile) result=0xffff888003ebca00
             cat-6160    [001] .....    17.411542: ovldiag_open: (ovl_open+0xb2/0x100 <- ovl_open_realfile) result=0xffff888005cb3600
              dd-6168    [001] .....    17.416105: ovldiag_open: (ovl_open+0xb2/0x100 <- ovl_open_realfile) result=0xffff888005c89900
              dd-6168    [001] .....    17.416135: ovldiag_ensure: (ovl_write_iter+0xaf/0x130 <- ovl_ensure_upper_and_switch) result=0x0
              dd-6168    [001] .....    17.416153: ovldiag_write: (ovl_write_iter+0x10c/0x130 <- backing_file_write_iter) result=0x1000
              dd-6170    [001] .....    17.418062: ovldiag_open: (ovl_open+0xb2/0x100 <- ovl_open_realfile) result=0xffff88800d54cf00
              dd-6172    [000] .....    17.418847: ovldiag_open: (ovl_open+0xb2/0x100 <- ovl_open_realfile) result=0xffff88800d41b500
              dd-6172    [000] .....    17.418874: ovldiag_ensure: (ovl_write_iter+0xaf/0x130 <- ovl_ensure_upper_and_switch) result=0x0
              dd-6172    [000] .....    17.418888: ovldiag_write: (ovl_write_iter+0x10c/0x130 <- backing_file_write_iter) result=0x1000
              dd-6170    [001] .....    17.419468: ovldiag_ensure: (ovl_write_iter+0xaf/0x130 <- ovl_ensure_upper_and_switch) result=0x0
              dd-6170    [001] .....    17.419489: ovldiag_write: (ovl_write_iter+0x10c/0x130 <- backing_file_write_iter) result=0x1000
              dd-6171    [001] .....    17.419698: ovldiag_open: (ovl_open+0xb2/0x100 <- ovl_open_realfile) result=0xffff88800dda8100
              dd-6171    [001] .....    17.419724: ovldiag_ensure: (ovl_write_iter+0xaf/0x130 <- ovl_ensure_upper_and_switch) result=0x0
              dd-6171    [001] .....    17.419730: ovldiag_write: (ovl_write_iter+0x10c/0x130 <- backing_file_write_iter) result=0x1000
             cat-6174    [000] .....    17.421028: ovldiag_open: (ovl_open+0xb2/0x100 <- ovl_open_realfile) result=0xffff888005dcad00
             cat-6178    [000] .....    17.422795: ovldiag_open: (ovl_open+0xb2/0x100 <- ovl_open_realfile) result=0xffff888005cb7f00
             cat-6179    [001] .....    17.422871: ovldiag_open: (ovl_open+0xb2/0x100 <- ovl_open_realfile) result=0xffff8880072d8e00
             cat-6182    [000] .....    17.427472: ovldiag_open: (ovl_open+0xb2/0x100 <- ovl_open_realfile) result=0xffff8880073a8200
              dd-6187    [001] .....    17.429623: ovldiag_open: (ovl_open+0xb2/0x100 <- ovl_open_realfile) result=0xffff88800dc3be00
              dd-6187    [001] .....    17.429652: ovldiag_ensure: (ovl_write_iter+0xaf/0x130 <- ovl_ensure_upper_and_switch) result=0x0
              dd-6187    [001] .....    17.429669: ovldiag_write: (ovl_write_iter+0x10c/0x130 <- backing_file_write_iter) result=0x1000
              dd-6190    [000] .....    17.431558: ovldiag_open: (ovl_open+0xb2/0x100 <- ovl_open_realfile) result=0xffff8880043a2500
              dd-6190    [000] .....    17.431587: ovldiag_ensure: (ovl_write_iter+0xaf/0x130 <- ovl_ensure_upper_and_switch) result=0x0
              dd-6190    [000] .....    17.431601: ovldiag_write: (ovl_write_iter+0x10c/0x130 <- backing_file_write_iter) result=0x1000
              dd-6191    [001] .....    17.432356: ovldiag_open: (ovl_open+0xb2/0x100 <- ovl_open_realfile) result=0xffff888007256d00
              dd-6191    [001] .....    17.432388: ovldiag_ensure: (ovl_write_iter+0xaf/0x130 <- ovl_ensure_upper_and_switch) result=0x0
              dd-6191    [001] .....    17.432406: ovldiag_write: (ovl_write_iter+0x10c/0x130 <- backing_file_write_iter) result=0x1000
             cat-6194    [000] .....    17.433984: ovldiag_open: (ovl_open+0xb2/0x100 <- ovl_open_realfile) result=0xffff888007160000
             cat-6193    [001] .....    17.434944: ovldiag_open: (ovl_open+0xb2/0x100 <- ovl_open_realfile) result=0xffff888007046f00
             cat-6198    [001] .....    17.436651: ovldiag_open: (ovl_open+0xb2/0x100 <- ovl_open_realfile) result=0xffff888005dca700
             cat-6200    [000] .....    17.438018: ovldiag_open: (ovl_open+0xb2/0x100 <- ovl_open_realfile) result=0xffff8880046d8600
              dd-6197    [000] .....    17.438478: ovldiag_open: (ovl_open+0xb2/0x100 <- ovl_open_realfile) result=0xffff8880047ff500
              dd-6197    [000] .....    17.438503: ovldiag_ensure: (ovl_write_iter+0xaf/0x130 <- ovl_ensure_upper_and_switch) result=0x0
              dd-6197    [000] .....    17.439598: ovldiag_write: (ovl_write_iter+0x10c/0x130 <- backing_file_write_iter) result=0x1000
              dd-6208    [001] .....    17.443418: ovldiag_open: (ovl_open+0xb2/0x100 <- ovl_open_realfile) result=0xffff888004639200
              dd-6208    [001] .....    17.443460: ovldiag_ensure: (ovl_write_iter+0xaf/0x130 <- ovl_ensure_upper_and_switch) result=0x0
              dd-6208    [001] .....    17.443479: ovldiag_write: (ovl_write_iter+0x10c/0x130 <- backing_file_write_iter) result=0x1000
              dd-6209    [000] .....    17.444806: ovldiag_open: (ovl_open+0xb2/0x100 <- ovl_open_realfile) result=0xffff88800de4b400
              dd-6209    [000] .....    17.444833: ovldiag_ensure: (ovl_write_iter+0xaf/0x130 <- ovl_ensure_upper_and_switch) result=0x0
              dd-6209    [000] .....    17.444848: ovldiag_write: (ovl_write_iter+0x10c/0x130 <- backing_file_write_iter) result=0x1000
              dd-6211    [001] .....    17.446091: ovldiag_open: (ovl_open+0xb2/0x100 <- ovl_open_realfile) result=0xffff888007160700
              dd-6211    [001] .....    17.446124: ovldiag_ensure: (ovl_write_iter+0xaf/0x130 <- ovl_ensure_upper_and_switch) result=0x0
              dd-6211    [001] .....    17.446141: ovldiag_write: (ovl_write_iter+0x10c/0x130 <- backing_file_write_iter) result=0x1000
             cat-6213    [001] .....    17.447267: ovldiag_open: (ovl_open+0xb2/0x100 <- ovl_open_realfile) result=0xffff8880072d8400
             cat-6214    [000] .....    17.448098: ovldiag_open: (ovl_open+0xb2/0x100 <- ovl_open_realfile) result=0xffff888005cb3000
             cat-6218    [000] .....    17.449920: ovldiag_open: (ovl_open+0xb2/0x100 <- ovl_open_realfile) result=0xffff888007171e00
             cat-6221    [000] .....    17.452726: ovldiag_open: (ovl_open+0xb2/0x100 <- ovl_open_realfile) result=0xffff88800700ff00
              dd-6225    [000] .....    17.455159: ovldiag_open: (ovl_open+0xb2/0x100 <- ovl_open_realfile) result=0xffff888008944c00
              dd-6225    [000] .....    17.455186: ovldiag_ensure: (ovl_write_iter+0xaf/0x130 <- ovl_ensure_upper_and_switch) result=0x0
              dd-6225    [000] .....    17.455198: ovldiag_write: (ovl_write_iter+0x10c/0x130 <- backing_file_write_iter) result=0x1000
              dd-6226    [001] .....    17.457975: ovldiag_open: (ovl_open+0xb2/0x100 <- ovl_open_realfile) result=0xffff8880073a8f00
              dd-6226    [001] .....    17.458008: ovldiag_ensure: (ovl_write_iter+0xaf/0x130 <- ovl_ensure_upper_and_switch) result=0x0
              dd-6229    [000] .....    17.458013: ovldiag_open: (ovl_open+0xb2/0x100 <- ovl_open_realfile) result=0xffff8880044a8000
              dd-6226    [001] .....    17.458025: ovldiag_write: (ovl_write_iter+0x10c/0x130 <- backing_file_write_iter) result=0x1000
              dd-6229    [000] .....    17.458043: ovldiag_ensure: (ovl_write_iter+0xaf/0x130 <- ovl_ensure_upper_and_switch) result=0x0
              dd-6229    [000] .....    17.458056: ovldiag_write: (ovl_write_iter+0x10c/0x130 <- backing_file_write_iter) result=0x1000
             cat-6232    [000] .....    17.459987: ovldiag_open: (ovl_open+0xb2/0x100 <- ovl_open_realfile) result=0xffff8880046d8200
             cat-6231    [001] .....    17.460580: ovldiag_open: (ovl_open+0xb2/0x100 <- ovl_open_realfile) result=0xffff888007162a00
              dd-6236    [001] .....    17.464153: ovldiag_open: (ovl_open+0xb2/0x100 <- ovl_open_realfile) result=0xffff88800715d000
              dd-6236    [001] .....    17.464183: ovldiag_ensure: (ovl_write_iter+0xaf/0x130 <- ovl_ensure_upper_and_switch) result=0x0
              dd-6236    [001] .....    17.464201: ovldiag_write: (ovl_write_iter+0x10c/0x130 <- backing_file_write_iter) result=0x1000
             cat-6239    [000] .....    17.464273: ovldiag_open: (ovl_open+0xb2/0x100 <- ovl_open_realfile) result=0xffff888008944f00
             cat-6237    [001] .....    17.465322: ovldiag_open: (ovl_open+0xb2/0x100 <- ovl_open_realfile) result=0xffff888005cb3500
              dd-6246    [000] .....    17.470350: ovldiag_open: (ovl_open+0xb2/0x100 <- ovl_open_realfile) result=0xffff88800715d800
              dd-6246    [000] .....    17.470380: ovldiag_ensure: (ovl_write_iter+0xaf/0x130 <- ovl_ensure_upper_and_switch) result=0x0
              dd-6246    [000] .....    17.470394: ovldiag_write: (ovl_write_iter+0x10c/0x130 <- backing_file_write_iter) result=0x1000
              dd-6247    [001] .....    17.471227: ovldiag_open: (ovl_open+0xb2/0x100 <- ovl_open_realfile) result=0xffff888004305f00
              dd-6247    [001] .....    17.471257: ovldiag_ensure: (ovl_write_iter+0xaf/0x130 <- ovl_ensure_upper_and_switch) result=0x0
              dd-6247    [001] .....    17.471276: ovldiag_write: (ovl_write_iter+0x10c/0x130 <- backing_file_write_iter) result=0x1000
              dd-6249    [000] .....    17.472189: ovldiag_open: (ovl_open+0xb2/0x100 <- ovl_open_realfile) result=0xffff888008944800
              dd-6249    [000] .....    17.472219: ovldiag_ensure: (ovl_write_iter+0xaf/0x130 <- ovl_ensure_upper_and_switch) result=0x0
              dd-6249    [000] .....    17.472232: ovldiag_write: (ovl_write_iter+0x10c/0x130 <- backing_file_write_iter) result=0x1000
             cat-6251    [001] .....    17.474415: ovldiag_open: (ovl_open+0xb2/0x100 <- ovl_open_realfile) result=0xffff88800453e600
             cat-6253    [000] .....    17.474707: ovldiag_open: (ovl_open+0xb2/0x100 <- ovl_open_realfile) result=0xffff888005cb3200
             cat-6254    [001] .....    17.476389: ovldiag_open: (ovl_open+0xb2/0x100 <- ovl_open_realfile) result=0xffff8880043cc200
             cat-6255    [000] .....    17.476395: ovldiag_open: (ovl_open+0xb2/0x100 <- ovl_open_realfile) result=0xffff8880072d8400
              dd-6260    [000] .....    17.480389: ovldiag_open: (ovl_open+0xb2/0x100 <- ovl_open_realfile) result=0xffff8880072d8500
              dd-6260    [000] .....    17.480417: ovldiag_ensure: (ovl_write_iter+0xaf/0x130 <- ovl_ensure_upper_and_switch) result=0x0
              dd-6260    [000] .....    17.480441: ovldiag_write: (ovl_write_iter+0x10c/0x130 <- backing_file_write_iter) result=0x1000
              dd-6266    [000] .....    17.483888: ovldiag_open: (ovl_open+0xb2/0x100 <- ovl_open_realfile) result=0xffff888007171400
              dd-6266    [000] .....    17.483919: ovldiag_ensure: (ovl_write_iter+0xaf/0x130 <- ovl_ensure_upper_and_switch) result=0x0
              dd-6266    [000] .....    17.483932: ovldiag_write: (ovl_write_iter+0x10c/0x130 <- backing_file_write_iter) result=0x1000
              dd-6268    [001] .....    17.485963: ovldiag_open: (ovl_open+0xb2/0x100 <- ovl_open_realfile) result=0xffff888005d64900
              dd-6268    [001] .....    17.485993: ovldiag_ensure: (ovl_write_iter+0xaf/0x130 <- ovl_ensure_upper_and_switch) result=0x0
              dd-6268    [001] .....    17.486011: ovldiag_write: (ovl_write_iter+0x10c/0x130 <- backing_file_write_iter) result=0x1000
              dd-6269    [000] .....    17.486103: ovldiag_open: (ovl_open+0xb2/0x100 <- ovl_open_realfile) result=0xffff88800453e400
              dd-6269    [000] .....    17.486134: ovldiag_ensure: (ovl_write_iter+0xaf/0x130 <- ovl_ensure_upper_and_switch) result=0x0
              dd-6269    [000] .....    17.486147: ovldiag_write: (ovl_write_iter+0x10c/0x130 <- backing_file_write_iter) result=0x1000
             cat-6271    [001] .....    17.487784: ovldiag_open: (ovl_open+0xb2/0x100 <- ovl_open_realfile) result=0xffff88800447f400
             cat-6275    [001] .....    17.490155: ovldiag_open: (ovl_open+0xb2/0x100 <- ovl_open_realfile) result=0xffff88800457b600
             cat-6276    [000] .....    17.491572: ovldiag_open: (ovl_open+0xb2/0x100 <- ovl_open_realfile) result=0xffff888005cb3f00
             cat-6274    [000] .....    17.492064: ovldiag_open: (ovl_open+0xb2/0x100 <- ovl_open_realfile) result=0xffff8880043cc400
              dd-6281    [000] .....    17.495849: ovldiag_open: (ovl_open+0xb2/0x100 <- ovl_open_realfile) result=0xffff8880043e0e00
              dd-6281    [000] .....    17.495878: ovldiag_ensure: (ovl_write_iter+0xaf/0x130 <- ovl_ensure_upper_and_switch) result=0x0
              dd-6281    [000] .....    17.495890: ovldiag_write: (ovl_write_iter+0x10c/0x130 <- backing_file_write_iter) result=0x1000
              dd-6286    [000] .....    17.498281: ovldiag_open: (ovl_open+0xb2/0x100 <- ovl_open_realfile) result=0xffff88800dcef800
              dd-6286    [000] .....    17.498311: ovldiag_ensure: (ovl_write_iter+0xaf/0x130 <- ovl_ensure_upper_and_switch) result=0x0
              dd-6286    [000] .....    17.498323: ovldiag_write: (ovl_write_iter+0x10c/0x130 <- backing_file_write_iter) result=0x1000
              dd-6288    [000] .....    17.499849: ovldiag_open: (ovl_open+0xb2/0x100 <- ovl_open_realfile) result=0xffff8880043cc600
              dd-6288    [000] .....    17.499879: ovldiag_ensure: (ovl_write_iter+0xaf/0x130 <- ovl_ensure_upper_and_switch) result=0x0
              dd-6288    [000] .....    17.499893: ovldiag_write: (ovl_write_iter+0x10c/0x130 <- backing_file_write_iter) result=0x1000
             cat-6287    [001] .....    17.500400: ovldiag_open: (ovl_open+0xb2/0x100 <- ovl_open_realfile) result=0xffff8880089ddf00
              dd-6289    [001] .....    17.503042: ovldiag_open: (ovl_open+0xb2/0x100 <- ovl_open_realfile) result=0xffff88800724e600
              dd-6289    [001] .....    17.503094: ovldiag_ensure: (ovl_write_iter+0xaf/0x130 <- ovl_ensure_upper_and_switch) result=0x0
              dd-6289    [001] .....    17.503110: ovldiag_write: (ovl_write_iter+0x10c/0x130 <- backing_file_write_iter) result=0x1000
             cat-6294    [000] .....    17.503215: ovldiag_open: (ovl_open+0xb2/0x100 <- ovl_open_realfile) result=0xffff888004619b00
             cat-6293    [001] .....    17.505859: ovldiag_open: (ovl_open+0xb2/0x100 <- ovl_open_realfile) result=0xffff8880046d8400
             cat-6298    [000] .....    17.506987: ovldiag_open: (ovl_open+0xb2/0x100 <- ovl_open_realfile) result=0xffff88800ab05f00
              dd-6303    [001] .....    17.510310: ovldiag_open: (ovl_open+0xb2/0x100 <- ovl_open_realfile) result=0xffff8880073a8f00
              dd-6303    [001] .....    17.510340: ovldiag_ensure: (ovl_write_iter+0xaf/0x130 <- ovl_ensure_upper_and_switch) result=0x0
              dd-6303    [001] .....    17.510357: ovldiag_write: (ovl_write_iter+0x10c/0x130 <- backing_file_write_iter) result=0x1000
              dd-6306    [000] .....    17.512342: ovldiag_open: (ovl_open+0xb2/0x100 <- ovl_open_realfile) result=0xffff8880072a6800
              dd-6306    [000] .....    17.512371: ovldiag_ensure: (ovl_write_iter+0xaf/0x130 <- ovl_ensure_upper_and_switch) result=0x0
              dd-6306    [000] .....    17.512385: ovldiag_write: (ovl_write_iter+0x10c/0x130 <- backing_file_write_iter) result=0x1000
             cat-6307    [001] .....    17.512780: ovldiag_open: (ovl_open+0xb2/0x100 <- ovl_open_realfile) result=0xffff888007046200
              dd-6309    [000] .....    17.514906: ovldiag_open: (ovl_open+0xb2/0x100 <- ovl_open_realfile) result=0xffff888005cb7900
              dd-6309    [000] .....    17.514932: ovldiag_ensure: (ovl_write_iter+0xaf/0x130 <- ovl_ensure_upper_and_switch) result=0x0
              dd-6309    [000] .....    17.514945: ovldiag_write: (ovl_write_iter+0x10c/0x130 <- backing_file_write_iter) result=0x1000
             cat-6311    [000] .....    17.516044: ovldiag_open: (ovl_open+0xb2/0x100 <- ovl_open_realfile) result=0xffff888007171e00
              dd-6313    [001] .....    17.517419: ovldiag_open: (ovl_open+0xb2/0x100 <- ovl_open_realfile) result=0xffff88800453e400
              dd-6313    [001] .....    17.517461: ovldiag_ensure: (ovl_write_iter+0xaf/0x130 <- ovl_ensure_upper_and_switch) result=0x0
              dd-6313    [001] .....    17.517477: ovldiag_write: (ovl_write_iter+0x10c/0x130 <- backing_file_write_iter) result=0x1000
             cat-6315    [000] .....    17.518622: ovldiag_open: (ovl_open+0xb2/0x100 <- ovl_open_realfile) result=0xffff88800dcad500
             cat-6318    [000] .....    17.520056: ovldiag_open: (ovl_open+0xb2/0x100 <- ovl_open_realfile) result=0xffff8880043a2100
             cat-6322    [001] .....    17.523237: ovldiag_open: (ovl_open+0xb2/0x100 <- ovl_open_realfile) result=0xffff8880073a8300
              dd-6324    [001] .....    17.524945: ovldiag_open: (ovl_open+0xb2/0x100 <- ovl_open_realfile) result=0xffff888005d64c00
              dd-6324    [001] .....    17.524977: ovldiag_ensure: (ovl_write_iter+0xaf/0x130 <- ovl_ensure_upper_and_switch) result=0x0
              dd-6324    [001] .....    17.524994: ovldiag_write: (ovl_write_iter+0x10c/0x130 <- backing_file_write_iter) result=0x1000
              dd-6327    [000] .....    17.526203: ovldiag_open: (ovl_open+0xb2/0x100 <- ovl_open_realfile) result=0xffff88800d473800
              dd-6327    [000] .....    17.526230: ovldiag_ensure: (ovl_write_iter+0xaf/0x130 <- ovl_ensure_upper_and_switch) result=0x0
              dd-6327    [000] .....    17.526244: ovldiag_write: (ovl_write_iter+0x10c/0x130 <- backing_file_write_iter) result=0x1000
              dd-6332    [000] .....    17.529034: ovldiag_open: (ovl_open+0xb2/0x100 <- ovl_open_realfile) result=0xffff88800707b300
              dd-6332    [000] .....    17.529064: ovldiag_ensure: (ovl_write_iter+0xaf/0x130 <- ovl_ensure_upper_and_switch) result=0x0
              dd-6332    [000] .....    17.529088: ovldiag_write: (ovl_write_iter+0x10c/0x130 <- backing_file_write_iter) result=0x1000
             cat-6331    [001] .....    17.529639: ovldiag_open: (ovl_open+0xb2/0x100 <- ovl_open_realfile) result=0xffff8880072a6800
             cat-6335    [001] .....    17.531994: ovldiag_open: (ovl_open+0xb2/0x100 <- ovl_open_realfile) result=0xffff88800461b900
              dd-6336    [000] .....    17.532616: ovldiag_open: (ovl_open+0xb2/0x100 <- ovl_open_realfile) result=0xffff888007160600
              dd-6336    [000] .....    17.532645: ovldiag_ensure: (ovl_write_iter+0xaf/0x130 <- ovl_ensure_upper_and_switch) result=0x0
              dd-6336    [000] .....    17.532657: ovldiag_write: (ovl_write_iter+0x10c/0x130 <- backing_file_write_iter) result=0x1000
             cat-6337    [001] .....    17.533808: ovldiag_open: (ovl_open+0xb2/0x100 <- ovl_open_realfile) result=0xffff888004639200
             cat-6342    [000] .....    17.536897: ovldiag_open: (ovl_open+0xb2/0x100 <- ovl_open_realfile) result=0xffff888007256800
              dd-6346    [000] .....    17.539294: ovldiag_open: (ovl_open+0xb2/0x100 <- ovl_open_realfile) result=0xffff888007248600
              dd-6346    [000] .....    17.539320: ovldiag_ensure: (ovl_write_iter+0xaf/0x130 <- ovl_ensure_upper_and_switch) result=0x0
              dd-6346    [000] .....    17.539331: ovldiag_write: (ovl_write_iter+0x10c/0x130 <- backing_file_write_iter) result=0x1000
             cat-6349    [001] .....    17.541577: ovldiag_open: (ovl_open+0xb2/0x100 <- ovl_open_realfile) result=0xffff8880046d8200
              dd-6350    [000] .....    17.542174: ovldiag_open: (ovl_open+0xb2/0x100 <- ovl_open_realfile) result=0xffff888007162400
              dd-6350    [000] .....    17.542201: ovldiag_ensure: (ovl_write_iter+0xaf/0x130 <- ovl_ensure_upper_and_switch) result=0x0
              dd-6350    [000] .....    17.542214: ovldiag_write: (ovl_write_iter+0x10c/0x130 <- backing_file_write_iter) result=0x1000
              dd-6351    [000] .....    17.543288: ovldiag_open: (ovl_open+0xb2/0x100 <- ovl_open_realfile) result=0xffff88800724e600
              dd-6351    [000] .....    17.543313: ovldiag_ensure: (ovl_write_iter+0xaf/0x130 <- ovl_ensure_upper_and_switch) result=0x0
              dd-6351    [000] .....    17.543323: ovldiag_write: (ovl_write_iter+0x10c/0x130 <- backing_file_write_iter) result=0x1000
             cat-6353    [000] .....    17.545667: ovldiag_open: (ovl_open+0xb2/0x100 <- ovl_open_realfile) result=0xffff888005ccb100
             cat-6357    [001] .....    17.547862: ovldiag_open: (ovl_open+0xb2/0x100 <- ovl_open_realfile) result=0xffff8880044a1700
              dd-6359    [000] .....    17.548618: ovldiag_open: (ovl_open+0xb2/0x100 <- ovl_open_realfile) result=0xffff88800453e000
              dd-6359    [000] .....    17.548645: ovldiag_ensure: (ovl_write_iter+0xaf/0x130 <- ovl_ensure_upper_and_switch) result=0x0
              dd-6359    [000] .....    17.548658: ovldiag_write: (ovl_write_iter+0x10c/0x130 <- backing_file_write_iter) result=0x1000
             cat-6360    [001] .....    17.549286: ovldiag_open: (ovl_open+0xb2/0x100 <- ovl_open_realfile) result=0xffff8880043a2100
             cat-6368    [001] .....    17.552962: ovldiag_open: (ovl_open+0xb2/0x100 <- ovl_open_realfile) result=0xffff888007160b00
              dd-6365    [000] .....    17.554193: ovldiag_open: (ovl_open+0xb2/0x100 <- ovl_open_realfile) result=0xffff888004619200
              dd-6365    [000] .....    17.554222: ovldiag_ensure: (ovl_write_iter+0xaf/0x130 <- ovl_ensure_upper_and_switch) result=0x0
              dd-6365    [000] .....    17.554236: ovldiag_write: (ovl_write_iter+0x10c/0x130 <- backing_file_write_iter) result=0x1000
              dd-6373    [001] .....    17.557020: ovldiag_open: (ovl_open+0xb2/0x100 <- ovl_open_realfile) result=0xffff8880072d8500
              dd-6373    [001] .....    17.557047: ovldiag_ensure: (ovl_write_iter+0xaf/0x130 <- ovl_ensure_upper_and_switch) result=0x0
              dd-6373    [001] .....    17.557061: ovldiag_write: (ovl_write_iter+0x10c/0x130 <- backing_file_write_iter) result=0x1000
             cat-6374    [000] .....    17.557206: ovldiag_open: (ovl_open+0xb2/0x100 <- ovl_open_realfile) result=0xffff888008944800
              dd-6372    [001] .....    17.558315: ovldiag_open: (ovl_open+0xb2/0x100 <- ovl_open_realfile) result=0xffff888007256800
              dd-6372    [001] .....    17.558340: ovldiag_ensure: (ovl_write_iter+0xaf/0x130 <- ovl_ensure_upper_and_switch) result=0x0
              dd-6372    [001] .....    17.558354: ovldiag_write: (ovl_write_iter+0x10c/0x130 <- backing_file_write_iter) result=0x1000
             cat-6378    [000] .....    17.560651: ovldiag_open: (ovl_open+0xb2/0x100 <- ovl_open_realfile) result=0xffff888005c8c100
             cat-6380    [000] .....    17.561836: ovldiag_open: (ovl_open+0xb2/0x100 <- ovl_open_realfile) result=0xffff8880073a8e00
              dd-6381    [001] .....    17.562605: ovldiag_open: (ovl_open+0xb2/0x100 <- ovl_open_realfile) result=0xffff88800457b700
              dd-6381    [001] .....    17.562629: ovldiag_ensure: (ovl_write_iter+0xaf/0x130 <- ovl_ensure_upper_and_switch) result=0x0
              dd-6381    [001] .....    17.562643: ovldiag_write: (ovl_write_iter+0x10c/0x130 <- backing_file_write_iter) result=0x1000
             cat-6383    [001] .....    17.563623: ovldiag_open: (ovl_open+0xb2/0x100 <- ovl_open_realfile) result=0xffff888007171000
             cat-6389    [001] .....    17.567259: ovldiag_open: (ovl_open+0xb2/0x100 <- ovl_open_realfile) result=0xffff8880043cca00
              dd-6390    [000] .....    17.568367: ovldiag_open: (ovl_open+0xb2/0x100 <- ovl_open_realfile) result=0xffff8880046d8d00
              dd-6390    [000] .....    17.568397: ovldiag_ensure: (ovl_write_iter+0xaf/0x130 <- ovl_ensure_upper_and_switch) result=0x0
              dd-6390    [000] .....    17.568411: ovldiag_write: (ovl_write_iter+0x10c/0x130 <- backing_file_write_iter) result=0x1000
              dd-6394    [000] .....    17.570010: ovldiag_open: (ovl_open+0xb2/0x100 <- ovl_open_realfile) result=0xffff888005dca300
              dd-6394    [000] .....    17.570035: ovldiag_ensure: (ovl_write_iter+0xaf/0x130 <- ovl_ensure_upper_and_switch) result=0x0
              dd-6394    [000] .....    17.570047: ovldiag_write: (ovl_write_iter+0x10c/0x130 <- backing_file_write_iter) result=0x1000
             cat-6398    [001] .....    17.572249: ovldiag_open: (ovl_open+0xb2/0x100 <- ovl_open_realfile) result=0xffff8880047ffa00
              dd-6396    [001] .....    17.572587: ovldiag_open: (ovl_open+0xb2/0x100 <- ovl_open_realfile) result=0xffff88800461b900
              dd-6396    [001] .....    17.572610: ovldiag_ensure: (ovl_write_iter+0xaf/0x130 <- ovl_ensure_upper_and_switch) result=0x0
              dd-6396    [001] .....    17.572624: ovldiag_write: (ovl_write_iter+0x10c/0x130 <- backing_file_write_iter) result=0x1000
             cat-6399    [000] .....    17.573734: ovldiag_open: (ovl_open+0xb2/0x100 <- ovl_open_realfile) result=0xffff888004619200
             cat-6405    [001] .....    17.577046: ovldiag_open: (ovl_open+0xb2/0x100 <- ovl_open_realfile) result=0xffff88800dc0a600
              dd-6406    [000] .....    17.579046: ovldiag_open: (ovl_open+0xb2/0x100 <- ovl_open_realfile) result=0xffff888007171500
              dd-6406    [000] .n...    17.579085: ovldiag_ensure: (ovl_write_iter+0xaf/0x130 <- ovl_ensure_upper_and_switch) result=0x0
              dd-6406    [000] .....    17.579672: ovldiag_write: (ovl_write_iter+0x10c/0x130 <- backing_file_write_iter) result=0x1000
             cat-6409    [001] .....    17.581000: ovldiag_open: (ovl_open+0xb2/0x100 <- ovl_open_realfile) result=0xffff8880073a9d00
              dd-6416    [000] .....    17.584538: ovldiag_open: (ovl_open+0xb2/0x100 <- ovl_open_realfile) result=0xffff888005cb3000
              dd-6416    [000] .....    17.584570: ovldiag_ensure: (ovl_write_iter+0xaf/0x130 <- ovl_ensure_upper_and_switch) result=0x0
              dd-6416    [000] .....    17.584585: ovldiag_write: (ovl_write_iter+0x10c/0x130 <- backing_file_write_iter) result=0x1000
             cat-6418    [001] .....    17.585341: ovldiag_open: (ovl_open+0xb2/0x100 <- ovl_open_realfile) result=0xffff88800893c400
              dd-6415    [000] .....    17.585538: ovldiag_open: (ovl_open+0xb2/0x100 <- ovl_open_realfile) result=0xffff888005d64300
              dd-6415    [000] .....    17.585568: ovldiag_ensure: (ovl_write_iter+0xaf/0x130 <- ovl_ensure_upper_and_switch) result=0x0
              dd-6415    [000] .....    17.585580: ovldiag_write: (ovl_write_iter+0x10c/0x130 <- backing_file_write_iter) result=0x1000
              dd-6421    [001] .....    17.587929: ovldiag_open: (ovl_open+0xb2/0x100 <- ovl_open_realfile) result=0xffff88800ab90800
              dd-6421    [001] .....    17.587959: ovldiag_ensure: (ovl_write_iter+0xaf/0x130 <- ovl_ensure_upper_and_switch) result=0x0
              dd-6421    [001] .....    17.587973: ovldiag_write: (ovl_write_iter+0x10c/0x130 <- backing_file_write_iter) result=0x1000
             cat-6423    [000] .....    17.589867: ovldiag_open: (ovl_open+0xb2/0x100 <- ovl_open_realfile) result=0xffff88800deb0500
             cat-6425    [001] .....    17.590176: ovldiag_open: (ovl_open+0xb2/0x100 <- ovl_open_realfile) result=0xffff88800715d400
             cat-6428    [000] .....    17.592867: ovldiag_open: (ovl_open+0xb2/0x100 <- ovl_open_realfile) result=0xffff8880047ff000
              dd-6433    [000] .....    17.594998: ovldiag_open: (ovl_open+0xb2/0x100 <- ovl_open_realfile) result=0xffff88800453e900
              dd-6433    [000] .....    17.595029: ovldiag_ensure: (ovl_write_iter+0xaf/0x130 <- ovl_ensure_upper_and_switch) result=0x0
              dd-6433    [000] .....    17.595041: ovldiag_write: (ovl_write_iter+0x10c/0x130 <- backing_file_write_iter) result=0x1000
             cat-6436    [001] .....    17.597767: ovldiag_open: (ovl_open+0xb2/0x100 <- ovl_open_realfile) result=0xffff88800dcefa00
              dd-6437    [000] .....    17.598767: ovldiag_open: (ovl_open+0xb2/0x100 <- ovl_open_realfile) result=0xffff88800453e900
              dd-6437    [000] .....    17.598796: ovldiag_ensure: (ovl_write_iter+0xaf/0x130 <- ovl_ensure_upper_and_switch) result=0x0
              dd-6437    [000] .....    17.598809: ovldiag_write: (ovl_write_iter+0x10c/0x130 <- backing_file_write_iter) result=0x1000
              dd-6442    [001] .....    17.600818: ovldiag_open: (ovl_open+0xb2/0x100 <- ovl_open_realfile) result=0xffff888005d64c00
              dd-6442    [001] .....    17.600843: ovldiag_ensure: (ovl_write_iter+0xaf/0x130 <- ovl_ensure_upper_and_switch) result=0x0
              dd-6442    [001] .....    17.600860: ovldiag_write: (ovl_write_iter+0x10c/0x130 <- backing_file_write_iter) result=0x1000
              dd-6439    [000] .....    17.602253: ovldiag_open: (ovl_open+0xb2/0x100 <- ovl_open_realfile) result=0xffff88800893ca00
              dd-6439    [000] .....    17.602288: ovldiag_ensure: (ovl_write_iter+0xaf/0x130 <- ovl_ensure_upper_and_switch) result=0x0
              dd-6439    [000] .....    17.602301: ovldiag_write: (ovl_write_iter+0x10c/0x130 <- backing_file_write_iter) result=0x1000
             cat-6444    [001] .....    17.603106: ovldiag_open: (ovl_open+0xb2/0x100 <- ovl_open_realfile) result=0xffff888005c95100
             cat-6445    [001] .....    17.603926: ovldiag_open: (ovl_open+0xb2/0x100 <- ovl_open_realfile) result=0xffff8880043e0c00
             cat-6446    [000] .....    17.604214: ovldiag_open: (ovl_open+0xb2/0x100 <- ovl_open_realfile) result=0xffff8880043a2900
              dd-6452    [001] .....    17.608953: ovldiag_open: (ovl_open+0xb2/0x100 <- ovl_open_realfile) result=0xffff888008944b00
              dd-6452    [001] .....    17.608995: ovldiag_ensure: (ovl_write_iter+0xaf/0x130 <- ovl_ensure_upper_and_switch) result=0x0
              dd-6452    [001] .....    17.609008: ovldiag_write: (ovl_write_iter+0x10c/0x130 <- backing_file_write_iter) result=0x1000
             cat-6455    [001] .....    17.610323: ovldiag_open: (ovl_open+0xb2/0x100 <- ovl_open_realfile) result=0xffff88800700fb00
              dd-6460    [001] .....    17.613571: ovldiag_open: (ovl_open+0xb2/0x100 <- ovl_open_realfile) result=0xffff88800453e300
              dd-6460    [001] .....    17.613593: ovldiag_ensure: (ovl_write_iter+0xaf/0x130 <- ovl_ensure_upper_and_switch) result=0x0
              dd-6460    [001] .....    17.613609: ovldiag_write: (ovl_write_iter+0x10c/0x130 <- backing_file_write_iter) result=0x1000
              dd-6459    [000] .....    17.613952: ovldiag_open: (ovl_open+0xb2/0x100 <- ovl_open_realfile) result=0xffff888007162e00
              dd-6459    [000] .....    17.613979: ovldiag_ensure: (ovl_write_iter+0xaf/0x130 <- ovl_ensure_upper_and_switch) result=0x0
              dd-6459    [000] .....    17.613989: ovldiag_write: (ovl_write_iter+0x10c/0x130 <- backing_file_write_iter) result=0x1000
             cat-6462    [000] .....    17.615326: ovldiag_open: (ovl_open+0xb2/0x100 <- ovl_open_realfile) result=0xffff8880072a6d00
             cat-6464    [000] .....    17.616577: ovldiag_open: (ovl_open+0xb2/0x100 <- ovl_open_realfile) result=0xffff8880072d8200
             cat-6466    [001] .....    17.617169: ovldiag_open: (ovl_open+0xb2/0x100 <- ovl_open_realfile) result=0xffff888005cb1b00
              dd-6465    [001] .....    17.619699: ovldiag_open: (ovl_open+0xb2/0x100 <- ovl_open_realfile) result=0xffff88800707bb00
              dd-6465    [001] .....    17.619738: ovldiag_ensure: (ovl_write_iter+0xaf/0x130 <- ovl_ensure_upper_and_switch) result=0x0
              dd-6465    [001] .....    17.619753: ovldiag_write: (ovl_write_iter+0x10c/0x130 <- backing_file_write_iter) result=0x1000
             cat-6471    [001] .....    17.622135: ovldiag_open: (ovl_open+0xb2/0x100 <- ovl_open_realfile) result=0xffff88800893c400
              dd-6474    [000] .....    17.624178: ovldiag_open: (ovl_open+0xb2/0x100 <- ovl_open_realfile) result=0xffff8880072a6b00
              dd-6474    [000] .....    17.624222: ovldiag_ensure: (ovl_write_iter+0xaf/0x130 <- ovl_ensure_upper_and_switch) result=0x0
              dd-6474    [000] .....    17.624235: ovldiag_write: (ovl_write_iter+0x10c/0x130 <- backing_file_write_iter) result=0x1000
              dd-6480    [001] .....    17.627417: ovldiag_open: (ovl_open+0xb2/0x100 <- ovl_open_realfile) result=0xffff888007256300
              dd-6480    [001] .....    17.627450: ovldiag_ensure: (ovl_write_iter+0xaf/0x130 <- ovl_ensure_upper_and_switch) result=0x0
              dd-6480    [001] .....    17.627465: ovldiag_write: (ovl_write_iter+0x10c/0x130 <- backing_file_write_iter) result=0x1000
              dd-6478    [000] .....    17.627860: ovldiag_open: (ovl_open+0xb2/0x100 <- ovl_open_realfile) result=0xffff8880043cc600
              dd-6478    [000] .....    17.627896: ovldiag_ensure: (ovl_write_iter+0xaf/0x130 <- ovl_ensure_upper_and_switch) result=0x0
              dd-6478    [000] .....    17.627909: ovldiag_write: (ovl_write_iter+0x10c/0x130 <- backing_file_write_iter) result=0x1000
             cat-6481    [000] .....    17.628561: ovldiag_open: (ovl_open+0xb2/0x100 <- ovl_open_realfile) result=0xffff8880043e0c00
             cat-6483    [000] .....    17.629992: ovldiag_open: (ovl_open+0xb2/0x100 <- ovl_open_realfile) result=0xffff8880044a8400
             cat-6486    [000] .....    17.631916: ovldiag_open: (ovl_open+0xb2/0x100 <- ovl_open_realfile) result=0xffff888005c8cc00
              dd-6488    [000] .....    17.633414: ovldiag_open: (ovl_open+0xb2/0x100 <- ovl_open_realfile) result=0xffff888005c8c400
              dd-6488    [000] .....    17.633470: ovldiag_ensure: (ovl_write_iter+0xaf/0x130 <- ovl_ensure_upper_and_switch) result=0x0
              dd-6488    [000] .....    17.633483: ovldiag_write: (ovl_write_iter+0x10c/0x130 <- backing_file_write_iter) result=0x1000
             cat-6493    [000] .....    17.635586: ovldiag_open: (ovl_open+0xb2/0x100 <- ovl_open_realfile) result=0xffff8880043e0d00
              dd-6495    [000] .....    17.637373: ovldiag_open: (ovl_open+0xb2/0x100 <- ovl_open_realfile) result=0xffff888005cb7b00
              dd-6495    [000] .....    17.637400: ovldiag_ensure: (ovl_write_iter+0xaf/0x130 <- ovl_ensure_upper_and_switch) result=0x0
              dd-6495    [000] .....    17.637414: ovldiag_write: (ovl_write_iter+0x10c/0x130 <- backing_file_write_iter) result=0x1000
             cat-6496    [001] .....    17.637810: ovldiag_open: (ovl_open+0xb2/0x100 <- ovl_open_realfile) result=0xffff88800457bd00
             cat-6502    [001] .....    17.642113: ovldiag_open: (ovl_open+0xb2/0x100 <- ovl_open_realfile) result=0xffff8880043a2300
              dd-6504    [000] .....    17.642507: ovldiag_open: (ovl_open+0xb2/0x100 <- ovl_open_realfile) result=0xffff8880044a8f00
              dd-6504    [000] .....    17.642533: ovldiag_ensure: (ovl_write_iter+0xaf/0x130 <- ovl_ensure_upper_and_switch) result=0x0
              dd-6504    [000] .....    17.642543: ovldiag_write: (ovl_write_iter+0x10c/0x130 <- backing_file_write_iter) result=0x1000
              dd-6500    [000] .....    17.642708: ovldiag_open: (ovl_open+0xb2/0x100 <- ovl_open_realfile) result=0xffff8880044a8e00
              dd-6500    [000] .....    17.642744: ovldiag_ensure: (ovl_write_iter+0xaf/0x130 <- ovl_ensure_upper_and_switch) result=0x0
              dd-6500    [000] .....    17.642751: ovldiag_write: (ovl_write_iter+0x10c/0x130 <- backing_file_write_iter) result=0x1000
             cat-6508    [000] .....    17.645935: ovldiag_open: (ovl_open+0xb2/0x100 <- ovl_open_realfile) result=0xffff8880047fff00
             cat-6512    [001] .....    17.647865: ovldiag_open: (ovl_open+0xb2/0x100 <- ovl_open_realfile) result=0xffff8880044a8f00
              dd-6510    [000] .....    17.648472: ovldiag_open: (ovl_open+0xb2/0x100 <- ovl_open_realfile) result=0xffff888005dca300
              dd-6510    [000] .....    17.648516: ovldiag_ensure: (ovl_write_iter+0xaf/0x130 <- ovl_ensure_upper_and_switch) result=0x0
              dd-6510    [000] .....    17.648529: ovldiag_write: (ovl_write_iter+0x10c/0x130 <- backing_file_write_iter) result=0x1000
              dd-6518    [000] .....    17.651660: ovldiag_open: (ovl_open+0xb2/0x100 <- ovl_open_realfile) result=0xffff88800893c300
              dd-6518    [000] .....    17.651686: ovldiag_ensure: (ovl_write_iter+0xaf/0x130 <- ovl_ensure_upper_and_switch) result=0x0
              dd-6518    [000] .....    17.651701: ovldiag_write: (ovl_write_iter+0x10c/0x130 <- backing_file_write_iter) result=0x1000
             cat-6517    [001] .....    17.651941: ovldiag_open: (ovl_open+0xb2/0x100 <- ovl_open_realfile) result=0xffff888007162600
             cat-6521    [000] .....    17.654046: ovldiag_open: (ovl_open+0xb2/0x100 <- ovl_open_realfile) result=0xffff8880044a8700
              dd-6524    [000] .....    17.656985: ovldiag_open: (ovl_open+0xb2/0x100 <- ovl_open_realfile) result=0xffff8880073a9300
              dd-6524    [000] .....    17.657027: ovldiag_ensure: (ovl_write_iter+0xaf/0x130 <- ovl_ensure_upper_and_switch) result=0x0
              dd-6524    [000] .....    17.657040: ovldiag_write: (ovl_write_iter+0x10c/0x130 <- backing_file_write_iter) result=0x1000
             cat-6527    [001] .....    17.658146: ovldiag_open: (ovl_open+0xb2/0x100 <- ovl_open_realfile) result=0xffff888005cb7a00
              dd-6525    [000] .....    17.658456: ovldiag_open: (ovl_open+0xb2/0x100 <- ovl_open_realfile) result=0xffff8880043e0a00
              dd-6525    [000] .....    17.658489: ovldiag_ensure: (ovl_write_iter+0xaf/0x130 <- ovl_ensure_upper_and_switch) result=0x0
              dd-6525    [000] .....    17.658502: ovldiag_write: (ovl_write_iter+0x10c/0x130 <- backing_file_write_iter) result=0x1000
             cat-6527    [000] .....    17.659809: ovldiag_open: (ovl_real_fdget_meta+0x1c4/0x1f0 <- ovl_open_realfile) result=0xffff888008944b00
             cat-6527    [000] .....    17.659822: ovldiag_open: (ovl_real_fdget_meta+0x1c4/0x1f0 <- ovl_open_realfile) result=0xffff888008944600
             cat-6529    [001] .....    17.659912: ovldiag_open: (ovl_open+0xb2/0x100 <- ovl_open_realfile) result=0xffff888007256b00
             cat-6532    [001] .....    17.661277: ovldiag_open: (ovl_open+0xb2/0x100 <- ovl_open_realfile) result=0xffff8880072d8a00
              dd-6535    [000] .....    17.664160: ovldiag_open: (ovl_open+0xb2/0x100 <- ovl_open_realfile) result=0xffff888005e95f00
              dd-6535    [000] .....    17.664191: ovldiag_ensure: (ovl_write_iter+0xaf/0x130 <- ovl_ensure_upper_and_switch) result=0x0
              dd-6535    [000] .....    17.664204: ovldiag_write: (ovl_write_iter+0x10c/0x130 <- backing_file_write_iter) result=0x1000
             cat-6537    [001] .....    17.664962: ovldiag_open: (ovl_open+0xb2/0x100 <- ovl_open_realfile) result=0xffff888007058300
              dd-6540    [001] .....    17.665836: ovldiag_open: (ovl_open+0xb2/0x100 <- ovl_open_realfile) result=0xffff88800707b300
              dd-6540    [001] .....    17.665861: ovldiag_ensure: (ovl_write_iter+0xaf/0x130 <- ovl_ensure_upper_and_switch) result=0x0
              dd-6540    [001] .....    17.666039: ovldiag_write: (ovl_write_iter+0x10c/0x130 <- backing_file_write_iter) result=0x1000
             cat-6545    [001] .....    17.669354: ovldiag_open: (ovl_open+0xb2/0x100 <- ovl_open_realfile) result=0xffff8880043cc700
              dd-6548    [000] .....    17.671212: ovldiag_open: (ovl_open+0xb2/0x100 <- ovl_open_realfile) result=0xffff888008be2800
              dd-6548    [000] .....    17.671241: ovldiag_ensure: (ovl_write_iter+0xaf/0x130 <- ovl_ensure_upper_and_switch) result=0x0
              dd-6548    [000] .....    17.671254: ovldiag_write: (ovl_write_iter+0x10c/0x130 <- backing_file_write_iter) result=0x1000
              dd-6547    [001] .....    17.671568: ovldiag_open: (ovl_open+0xb2/0x100 <- ovl_open_realfile) result=0xffff8880073bab00
              dd-6547    [001] .....    17.671593: ovldiag_ensure: (ovl_write_iter+0xaf/0x130 <- ovl_ensure_upper_and_switch) result=0x0
              dd-6547    [001] .....    17.671610: ovldiag_write: (ovl_write_iter+0x10c/0x130 <- backing_file_write_iter) result=0x1000
             cat-6552    [000] .....    17.673998: ovldiag_open: (ovl_open+0xb2/0x100 <- ovl_open_realfile) result=0xffff88800893cc00
             cat-6553    [001] .....    17.674287: ovldiag_open: (ovl_open+0xb2/0x100 <- ovl_open_realfile) result=0xffff888007079a00
             cat-6554    [001] .....    17.676634: ovldiag_open: (ovl_open+0xb2/0x100 <- ovl_open_realfile) result=0xffff88800453e200
              dd-6557    [001] .....    17.677532: ovldiag_open: (ovl_open+0xb2/0x100 <- ovl_open_realfile) result=0xffff888005cea900
              dd-6557    [001] .....    17.677557: ovldiag_ensure: (ovl_write_iter+0xaf/0x130 <- ovl_ensure_upper_and_switch) result=0x0
              dd-6557    [001] .....    17.677572: ovldiag_write: (ovl_write_iter+0x10c/0x130 <- backing_file_write_iter) result=0x1000
              dd-6563    [000] .....    17.680455: ovldiag_open: (ovl_open+0xb2/0x100 <- ovl_open_realfile) result=0xffff8880089dd000
              dd-6563    [000] .....    17.680488: ovldiag_ensure: (ovl_write_iter+0xaf/0x130 <- ovl_ensure_upper_and_switch) result=0x0
              dd-6563    [000] .....    17.680500: ovldiag_write: (ovl_write_iter+0x10c/0x130 <- backing_file_write_iter) result=0x1000
             cat-6562    [001] .....    17.680913: ovldiag_open: (ovl_open+0xb2/0x100 <- ovl_open_realfile) result=0xffff88800453e600
              dd-6567    [000] .....    17.684266: ovldiag_open: (ovl_open+0xb2/0x100 <- ovl_open_realfile) result=0xffff888005c8cc00
              dd-6567    [000] .....    17.684296: ovldiag_ensure: (ovl_write_iter+0xaf/0x130 <- ovl_ensure_upper_and_switch) result=0x0
              dd-6567    [000] .....    17.684310: ovldiag_write: (ovl_write_iter+0x10c/0x130 <- backing_file_write_iter) result=0x1000
              dd-6570    [000] .....    17.686251: ovldiag_open: (ovl_open+0xb2/0x100 <- ovl_open_realfile) result=0xffff88800453eb00
              dd-6570    [000] .....    17.686297: ovldiag_ensure: (ovl_write_iter+0xaf/0x130 <- ovl_ensure_upper_and_switch) result=0x0
              dd-6570    [000] .....    17.686311: ovldiag_write: (ovl_write_iter+0x10c/0x130 <- backing_file_write_iter) result=0x1000
             cat-6569    [001] .....    17.686443: ovldiag_open: (ovl_open+0xb2/0x100 <- ovl_open_realfile) result=0xffff88800457bd00
             cat-6574    [001] .....    17.688158: ovldiag_open: (ovl_open+0xb2/0x100 <- ovl_open_realfile) result=0xffff88800dcefa00
             cat-6575    [001] .....    17.689839: ovldiag_open: (ovl_open+0xb2/0x100 <- ovl_open_realfile) result=0xffff888008944e00
              dd-6580    [000] .....    17.692871: ovldiag_open: (ovl_open+0xb2/0x100 <- ovl_open_realfile) result=0xffff88800dcefb00
              dd-6580    [000] .....    17.692901: ovldiag_ensure: (ovl_write_iter+0xaf/0x130 <- ovl_ensure_upper_and_switch) result=0x0
              dd-6580    [000] .....    17.692913: ovldiag_write: (ovl_write_iter+0x10c/0x130 <- backing_file_write_iter) result=0x1000
             cat-6578    [001] .....    17.693365: ovldiag_open: (ovl_open+0xb2/0x100 <- ovl_open_realfile) result=0xffff8880043a2200
              dd-6582    [000] .....    17.695973: ovldiag_open: (ovl_open+0xb2/0x100 <- ovl_open_realfile) result=0xffff888007256500
              dd-6582    [000] .....    17.696005: ovldiag_ensure: (ovl_write_iter+0xaf/0x130 <- ovl_ensure_upper_and_switch) result=0x0
              dd-6582    [000] .....    17.696019: ovldiag_write: (ovl_write_iter+0x10c/0x130 <- backing_file_write_iter) result=0x1000
             cat-6587    [000] .....    17.697450: ovldiag_open: (ovl_open+0xb2/0x100 <- ovl_open_realfile) result=0xffff888007162200
             cat-6589    [001] .....    17.698145: ovldiag_open: (ovl_open+0xb2/0x100 <- ovl_open_realfile) result=0xffff88800715d500
              dd-6591    [001] .....    17.699206: ovldiag_open: (ovl_open+0xb2/0x100 <- ovl_open_realfile) result=0xffff888005e6f600
              dd-6591    [001] .....    17.699229: ovldiag_ensure: (ovl_write_iter+0xaf/0x130 <- ovl_ensure_upper_and_switch) result=0x0
              dd-6591    [001] .....    17.699246: ovldiag_write: (ovl_write_iter+0x10c/0x130 <- backing_file_write_iter) result=0x1000
              dd-6594    [000] .....    17.702451: ovldiag_open: (ovl_open+0xb2/0x100 <- ovl_open_realfile) result=0xffff88800d745500
              dd-6594    [000] .....    17.702481: ovldiag_ensure: (ovl_write_iter+0xaf/0x130 <- ovl_ensure_upper_and_switch) result=0x0
              dd-6594    [000] .....    17.702495: ovldiag_write: (ovl_write_iter+0x10c/0x130 <- backing_file_write_iter) result=0x1000
             cat-6598    [001] .....    17.703416: ovldiag_open: (ovl_open+0xb2/0x100 <- ovl_open_realfile) result=0xffff888005c89300
             cat-6597    [000] .....    17.703489: ovldiag_open: (ovl_open+0xb2/0x100 <- ovl_open_realfile) result=0xffff8880043e0e00
              dd-6602    [000] .....    17.706671: ovldiag_open: (ovl_open+0xb2/0x100 <- ovl_open_realfile) result=0xffff88800457b800
              dd-6602    [000] .....    17.706697: ovldiag_ensure: (ovl_write_iter+0xaf/0x130 <- ovl_ensure_upper_and_switch) result=0x0
              dd-6602    [000] .....    17.706710: ovldiag_write: (ovl_write_iter+0x10c/0x130 <- backing_file_write_iter) result=0x1000
              dd-6605    [001] .....    17.708444: ovldiag_open: (ovl_open+0xb2/0x100 <- ovl_open_realfile) result=0xffff8880073c2e00
              dd-6605    [001] .....    17.708466: ovldiag_ensure: (ovl_write_iter+0xaf/0x130 <- ovl_ensure_upper_and_switch) result=0x0
              dd-6605    [001] .....    17.708487: ovldiag_write: (ovl_write_iter+0x10c/0x130 <- backing_file_write_iter) result=0x1000
             cat-6608    [001] .....    17.709785: ovldiag_open: (ovl_open+0xb2/0x100 <- ovl_open_realfile) result=0xffff8880046d8800
             cat-6607    [000] .....    17.710927: ovldiag_open: (ovl_open+0xb2/0x100 <- ovl_open_realfile) result=0xffff888005d46a00
             cat-6615    [000] .....    17.714266: ovldiag_open: (ovl_open+0xb2/0x100 <- ovl_open_realfile) result=0xffff888007107800
              dd-6613    [001] .....    17.714555: ovldiag_open: (ovl_open+0xb2/0x100 <- ovl_open_realfile) result=0xffff88800707bc00
              dd-6613    [001] .....    17.714583: ovldiag_ensure: (ovl_write_iter+0xaf/0x130 <- ovl_ensure_upper_and_switch) result=0x0
              dd-6613    [001] .....    17.714596: ovldiag_write: (ovl_write_iter+0x10c/0x130 <- backing_file_write_iter) result=0x1000
              dd-6618    [000] .....    17.716643: ovldiag_open: (ovl_open+0xb2/0x100 <- ovl_open_realfile) result=0xffff888005dcaa00
              dd-6618    [000] .....    17.716672: ovldiag_ensure: (ovl_write_iter+0xaf/0x130 <- ovl_ensure_upper_and_switch) result=0x0
              dd-6618    [000] .....    17.716685: ovldiag_write: (ovl_write_iter+0x10c/0x130 <- backing_file_write_iter) result=0x1000
             cat-6619    [001] .....    17.717441: ovldiag_open: (ovl_open+0xb2/0x100 <- ovl_open_realfile) result=0xffff888005cb3300
             cat-6623    [000] .....    17.720171: ovldiag_open: (ovl_open+0xb2/0x100 <- ovl_open_realfile) result=0xffff888005c8c700
             cat-6626    [001] .....    17.721347: ovldiag_open: (ovl_open+0xb2/0x100 <- ovl_open_realfile) result=0xffff8880073a8e00
              dd-6625    [000] .....    17.722416: ovldiag_open: (ovl_open+0xb2/0x100 <- ovl_open_realfile) result=0xffff8880044a8b00
              dd-6625    [000] .....    17.722455: ovldiag_ensure: (ovl_write_iter+0xaf/0x130 <- ovl_ensure_upper_and_switch) result=0x0
              dd-6625    [000] .....    17.722467: ovldiag_write: (ovl_write_iter+0x10c/0x130 <- backing_file_write_iter) result=0x1000
              dd-6628    [001] .....    17.722689: ovldiag_open: (ovl_open+0xb2/0x100 <- ovl_open_realfile) result=0xffff88800724ea00
              dd-6628    [001] .....    17.722714: ovldiag_ensure: (ovl_write_iter+0xaf/0x130 <- ovl_ensure_upper_and_switch) result=0x0
              dd-6628    [001] .....    17.722731: ovldiag_write: (ovl_write_iter+0x10c/0x130 <- backing_file_write_iter) result=0x1000
             cat-6634    [001] .....    17.726791: ovldiag_open: (ovl_open+0xb2/0x100 <- ovl_open_realfile) result=0xffff88800736eb00
             cat-6635    [001] .....    17.727696: ovldiag_open: (ovl_open+0xb2/0x100 <- ovl_open_realfile) result=0xffff8880072a6d00
              dd-6636    [000] .....    17.727963: ovldiag_open: (ovl_open+0xb2/0x100 <- ovl_open_realfile) result=0xffff88800457b800
              dd-6636    [000] .....    17.727992: ovldiag_ensure: (ovl_write_iter+0xaf/0x130 <- ovl_ensure_upper_and_switch) result=0x0
              dd-6636    [000] .....    17.728005: ovldiag_write: (ovl_write_iter+0x10c/0x130 <- backing_file_write_iter) result=0x1000
              dd-6640    [000] .....    17.730755: ovldiag_open: (ovl_open+0xb2/0x100 <- ovl_open_realfile) result=0xffff888005dca400
              dd-6640    [000] .....    17.730786: ovldiag_ensure: (ovl_write_iter+0xaf/0x130 <- ovl_ensure_upper_and_switch) result=0x0
              dd-6640    [000] .....    17.730798: ovldiag_write: (ovl_write_iter+0x10c/0x130 <- backing_file_write_iter) result=0x1000
             cat-6644    [000] .....    17.733259: ovldiag_open: (ovl_open+0xb2/0x100 <- ovl_open_realfile) result=0xffff888005dca500
             cat-6645    [001] .....    17.733415: ovldiag_open: (ovl_open+0xb2/0x100 <- ovl_open_realfile) result=0xffff888007046600
              dd-6650    [000] .....    17.737106: ovldiag_open: (ovl_open+0xb2/0x100 <- ovl_open_realfile) result=0xffff88800d68e600
              dd-6650    [000] .....    17.737137: ovldiag_ensure: (ovl_write_iter+0xaf/0x130 <- ovl_ensure_upper_and_switch) result=0x0
              dd-6650    [000] .....    17.737150: ovldiag_write: (ovl_write_iter+0x10c/0x130 <- backing_file_write_iter) result=0x1000
             cat-6651    [001] .....    17.737150: ovldiag_open: (ovl_open+0xb2/0x100 <- ovl_open_realfile) result=0xffff88800dc14c00
             cat-6654    [001] .....    17.738875: ovldiag_open: (ovl_open+0xb2/0x100 <- ovl_open_realfile) result=0xffff888008944e00
              dd-6655    [000] .....    17.739781: ovldiag_open: (ovl_open+0xb2/0x100 <- ovl_open_realfile) result=0xffff888005cb3700
              dd-6655    [000] .....    17.739809: ovldiag_ensure: (ovl_write_iter+0xaf/0x130 <- ovl_ensure_upper_and_switch) result=0x0
              dd-6655    [000] .....    17.739823: ovldiag_write: (ovl_write_iter+0x10c/0x130 <- backing_file_write_iter) result=0x1000
              dd-6658    [000] .....    17.742315: ovldiag_open: (ovl_open+0xb2/0x100 <- ovl_open_realfile) result=0xffff888007162400
              dd-6658    [000] .....    17.742344: ovldiag_ensure: (ovl_write_iter+0xaf/0x130 <- ovl_ensure_upper_and_switch) result=0x0
              dd-6658    [000] .....    17.742358: ovldiag_write: (ovl_write_iter+0x10c/0x130 <- backing_file_write_iter) result=0x1000
             cat-6660    [001] .....    17.743134: ovldiag_open: (ovl_open+0xb2/0x100 <- ovl_open_realfile) result=0xffff888007248600
             cat-6661    [000] .....    17.743914: ovldiag_open: (ovl_open+0xb2/0x100 <- ovl_open_realfile) result=0xffff888005e83500
             cat-6669    [001] .....    17.748292: ovldiag_open: (ovl_open+0xb2/0x100 <- ovl_open_realfile) result=0xffff888005ea4d00
              dd-6666    [000] .....    17.748321: ovldiag_open: (ovl_open+0xb2/0x100 <- ovl_open_realfile) result=0xffff8880073c2e00
              dd-6666    [000] .....    17.748348: ovldiag_ensure: (ovl_write_iter+0xaf/0x130 <- ovl_ensure_upper_and_switch) result=0x0
              dd-6666    [000] .....    17.748360: ovldiag_write: (ovl_write_iter+0x10c/0x130 <- backing_file_write_iter) result=0x1000
             cat-6673    [001] .....    17.750859: ovldiag_open: (ovl_open+0xb2/0x100 <- ovl_open_realfile) result=0xffff888005c95700
              dd-6672    [000] .....    17.751642: ovldiag_open: (ovl_open+0xb2/0x100 <- ovl_open_realfile) result=0xffff8880073c2e00
              dd-6672    [000] .....    17.751680: ovldiag_ensure: (ovl_write_iter+0xaf/0x130 <- ovl_ensure_upper_and_switch) result=0x0
              dd-6672    [000] .....    17.751694: ovldiag_write: (ovl_write_iter+0x10c/0x130 <- backing_file_write_iter) result=0x1000
             cat-6677    [000] .....    17.753919: ovldiag_open: (ovl_open+0xb2/0x100 <- ovl_open_realfile) result=0xffff8880044a1f00
              dd-6679    [000] .....    17.755417: ovldiag_open: (ovl_open+0xb2/0x100 <- ovl_open_realfile) result=0xffff88800d7d8a00
              dd-6679    [000] .....    17.755451: ovldiag_ensure: (ovl_write_iter+0xaf/0x130 <- ovl_ensure_upper_and_switch) result=0x0
              dd-6679    [000] .....    17.755464: ovldiag_write: (ovl_write_iter+0x10c/0x130 <- backing_file_write_iter) result=0x1000
             cat-6680    [001] .....    17.755670: ovldiag_open: (ovl_open+0xb2/0x100 <- ovl_open_realfile) result=0xffff888007162900
              dd-6684    [001] .....    17.758611: ovldiag_open: (ovl_open+0xb2/0x100 <- ovl_open_realfile) result=0xffff888004305300
              dd-6684    [001] .....    17.758636: ovldiag_ensure: (ovl_write_iter+0xaf/0x130 <- ovl_ensure_upper_and_switch) result=0x0
              dd-6684    [001] .....    17.758650: ovldiag_write: (ovl_write_iter+0x10c/0x130 <- backing_file_write_iter) result=0x1000
             cat-6686    [000] .....    17.760098: ovldiag_open: (ovl_open+0xb2/0x100 <- ovl_open_realfile) result=0xffff88800dc30200
             cat-6689    [001] .....    17.760292: ovldiag_open: (ovl_open+0xb2/0x100 <- ovl_open_realfile) result=0xffff88800abf1100
              dd-6693    [000] .....    17.763335: ovldiag_open: (ovl_open+0xb2/0x100 <- ovl_open_realfile) result=0xffff888008944800
              dd-6693    [000] .....    17.763365: ovldiag_ensure: (ovl_write_iter+0xaf/0x130 <- ovl_ensure_upper_and_switch) result=0x0
              dd-6693    [000] .....    17.763377: ovldiag_write: (ovl_write_iter+0x10c/0x130 <- backing_file_write_iter) result=0x1000
              dd-6695    [001] .....    17.765548: ovldiag_open: (ovl_open+0xb2/0x100 <- ovl_open_realfile) result=0xffff88800724e300
              dd-6695    [001] .....    17.765576: ovldiag_ensure: (ovl_write_iter+0xaf/0x130 <- ovl_ensure_upper_and_switch) result=0x0
              dd-6695    [001] .....    17.765590: ovldiag_write: (ovl_write_iter+0x10c/0x130 <- backing_file_write_iter) result=0x1000
             cat-6697    [000] .....    17.766338: ovldiag_open: (ovl_open+0xb2/0x100 <- ovl_open_realfile) result=0xffff8880072a6200
             cat-6700    [001] .....    17.767771: ovldiag_open: (ovl_open+0xb2/0x100 <- ovl_open_realfile) result=0xffff888004305f00
             cat-6704    [000] .....    17.770046: ovldiag_open: (ovl_open+0xb2/0x100 <- ovl_open_realfile) result=0xffff888007162e00
              dd-6703    [001] .....    17.770629: ovldiag_open: (ovl_open+0xb2/0x100 <- ovl_open_realfile) result=0xffff88800dee8f00
              dd-6703    [001] .....    17.770653: ovldiag_ensure: (ovl_write_iter+0xaf/0x130 <- ovl_ensure_upper_and_switch) result=0x0
              dd-6703    [001] .....    17.770668: ovldiag_write: (ovl_write_iter+0x10c/0x130 <- backing_file_write_iter) result=0x1000
             cat-6707    [001] .....    17.772879: ovldiag_open: (ovl_open+0xb2/0x100 <- ovl_open_realfile) result=0xffff888007160a00
              dd-6711    [000] .....    17.775208: ovldiag_open: (ovl_open+0xb2/0x100 <- ovl_open_realfile) result=0xffff888007248a00
              dd-6711    [000] .....    17.775240: ovldiag_ensure: (ovl_write_iter+0xaf/0x130 <- ovl_ensure_upper_and_switch) result=0x0
              dd-6711    [000] .....    17.775254: ovldiag_write: (ovl_write_iter+0x10c/0x130 <- backing_file_write_iter) result=0x1000
              dd-6713    [001] .....    17.776328: ovldiag_open: (ovl_open+0xb2/0x100 <- ovl_open_realfile) result=0xffff8880072a6800
              dd-6713    [001] .....    17.776350: ovldiag_ensure: (ovl_write_iter+0xaf/0x130 <- ovl_ensure_upper_and_switch) result=0x0
              dd-6713    [001] .....    17.776364: ovldiag_write: (ovl_write_iter+0x10c/0x130 <- backing_file_write_iter) result=0x1000
             cat-6714    [000] .....    17.776683: ovldiag_open: (ovl_open+0xb2/0x100 <- ovl_open_realfile) result=0xffff8880043ccf00
              dd-6717    [001] .....    17.777968: ovldiag_open: (ovl_open+0xb2/0x100 <- ovl_open_realfile) result=0xffff888003761d00
              dd-6717    [001] .....    17.777992: ovldiag_ensure: (ovl_write_iter+0xaf/0x130 <- ovl_ensure_upper_and_switch) result=0x0
              dd-6717    [001] .....    17.778007: ovldiag_write: (ovl_write_iter+0x10c/0x130 <- backing_file_write_iter) result=0x1000
             cat-6719    [001] .....    17.779316: ovldiag_open: (ovl_open+0xb2/0x100 <- ovl_open_realfile) result=0xffff88800abf1c00
             cat-6722    [001] .....    17.782500: ovldiag_open: (ovl_open+0xb2/0x100 <- ovl_open_realfile) result=0xffff888007171500
             cat-6724    [000] .....    17.783662: ovldiag_open: (ovl_open+0xb2/0x100 <- ovl_open_realfile) result=0xffff8880043a2400
              dd-6728    [001] .....    17.785971: ovldiag_open: (ovl_open+0xb2/0x100 <- ovl_open_realfile) result=0xffff8880043e0d00
              dd-6728    [001] .....    17.785993: ovldiag_ensure: (ovl_write_iter+0xaf/0x130 <- ovl_ensure_upper_and_switch) result=0x0
              dd-6728    [001] .....    17.786009: ovldiag_write: (ovl_write_iter+0x10c/0x130 <- backing_file_write_iter) result=0x1000
             cat-6732    [000] .....    17.789059: ovldiag_open: (ovl_open+0xb2/0x100 <- ovl_open_realfile) result=0xffff88800d414600
             cat-6734    [001] .....    17.789833: ovldiag_open: (ovl_open+0xb2/0x100 <- ovl_open_realfile) result=0xffff888007171500
              dd-6733    [001] .....    17.791741: ovldiag_open: (ovl_open+0xb2/0x100 <- ovl_open_realfile) result=0xffff888007256300
              dd-6733    [001] .....    17.791776: ovldiag_ensure: (ovl_write_iter+0xaf/0x130 <- ovl_ensure_upper_and_switch) result=0x0
              dd-6733    [001] .....    17.791789: ovldiag_write: (ovl_write_iter+0x10c/0x130 <- backing_file_write_iter) result=0x1000
              dd-6737    [000] .....    17.792457: ovldiag_open: (ovl_open+0xb2/0x100 <- ovl_open_realfile) result=0xffff8880073aa000
              dd-6737    [000] .....    17.792487: ovldiag_ensure: (ovl_write_iter+0xaf/0x130 <- ovl_ensure_upper_and_switch) result=0x0
              dd-6737    [000] .....    17.792500: ovldiag_write: (ovl_write_iter+0x10c/0x130 <- backing_file_write_iter) result=0x1000
             cat-6739    [001] .....    17.792958: ovldiag_open: (ovl_open+0xb2/0x100 <- ovl_open_realfile) result=0xffff8880044a1700
             cat-6742    [000] .....    17.795031: ovldiag_open: (ovl_open+0xb2/0x100 <- ovl_open_realfile) result=0xffff8880072d8500
              dd-6743    [000] .....    17.796390: ovldiag_open: (ovl_open+0xb2/0x100 <- ovl_open_realfile) result=0xffff888005cb3c00
              dd-6743    [000] .....    17.796419: ovldiag_ensure: (ovl_write_iter+0xaf/0x130 <- ovl_ensure_upper_and_switch) result=0x0
              dd-6743    [000] .....    17.796442: ovldiag_write: (ovl_write_iter+0x10c/0x130 <- backing_file_write_iter) result=0x1000
              dd-6748    [001] .....    17.798651: ovldiag_open: (ovl_open+0xb2/0x100 <- ovl_open_realfile) result=0xffff888007256800
              dd-6748    [001] .....    17.798676: ovldiag_ensure: (ovl_write_iter+0xaf/0x130 <- ovl_ensure_upper_and_switch) result=0x0
              dd-6748    [001] .....    17.798692: ovldiag_write: (ovl_write_iter+0x10c/0x130 <- backing_file_write_iter) result=0x1000
             cat-6753    [000] .....    17.801130: ovldiag_open: (ovl_open+0xb2/0x100 <- ovl_open_realfile) result=0xffff8880043a2d00
             cat-6751    [001] .....    17.801376: ovldiag_open: (ovl_open+0xb2/0x100 <- ovl_open_realfile) result=0xffff888005d64a00
             cat-6758    [000] .....    17.804886: ovldiag_open: (ovl_open+0xb2/0x100 <- ovl_open_realfile) result=0xffff88800ddd2100
              dd-6759    [001] .....    17.805149: ovldiag_open: (ovl_open+0xb2/0x100 <- ovl_open_realfile) result=0xffff88800d5ee900
              dd-6759    [001] .....    17.805171: ovldiag_ensure: (ovl_write_iter+0xaf/0x130 <- ovl_ensure_upper_and_switch) result=0x0
              dd-6759    [001] .....    17.805186: ovldiag_write: (ovl_write_iter+0x10c/0x130 <- backing_file_write_iter) result=0x1000
             cat-6762    [001] .....    17.807261: ovldiag_open: (ovl_open+0xb2/0x100 <- ovl_open_realfile) result=0xffff888003ebca00
              dd-6765    [000] .....    17.808967: ovldiag_open: (ovl_open+0xb2/0x100 <- ovl_open_realfile) result=0xffff888005cea000
              dd-6765    [000] .....    17.809010: ovldiag_ensure: (ovl_write_iter+0xaf/0x130 <- ovl_ensure_upper_and_switch) result=0x0
              dd-6765    [000] .....    17.809025: ovldiag_write: (ovl_write_iter+0x10c/0x130 <- backing_file_write_iter) result=0x1000
              dd-6769    [001] .....    17.811094: ovldiag_open: (ovl_open+0xb2/0x100 <- ovl_open_realfile) result=0xffff8880072d8e00
              dd-6769    [001] .....    17.811121: ovldiag_ensure: (ovl_write_iter+0xaf/0x130 <- ovl_ensure_upper_and_switch) result=0x0
              dd-6769    [001] .....    17.811136: ovldiag_write: (ovl_write_iter+0x10c/0x130 <- backing_file_write_iter) result=0x1000
              dd-6767    [001] .....    17.811900: ovldiag_open: (ovl_open+0xb2/0x100 <- ovl_open_realfile) result=0xffff8880089dd900
              dd-6767    [001] .....    17.811924: ovldiag_ensure: (ovl_write_iter+0xaf/0x130 <- ovl_ensure_upper_and_switch) result=0x0
              dd-6767    [001] .....    17.811935: ovldiag_write: (ovl_write_iter+0x10c/0x130 <- backing_file_write_iter) result=0x1000
             cat-6771    [000] .....    17.812059: ovldiag_open: (ovl_open+0xb2/0x100 <- ovl_open_realfile) result=0xffff888005cb7000
             cat-6770    [000] .....    17.812983: ovldiag_open: (ovl_open+0xb2/0x100 <- ovl_open_realfile) result=0xffff88800700f300
             cat-6776    [001] .....    17.815059: ovldiag_open: (ovl_open+0xb2/0x100 <- ovl_open_realfile) result=0xffff8880046d8d00
             cat-6778    [001] .....    17.816349: ovldiag_open: (ovl_open+0xb2/0x100 <- ovl_open_realfile) result=0xffff888005c95500
              dd-6780    [001] .....    17.818792: ovldiag_open: (ovl_open+0xb2/0x100 <- ovl_open_realfile) result=0xffff88800de58000
              dd-6780    [001] .....    17.818815: ovldiag_ensure: (ovl_write_iter+0xaf/0x130 <- ovl_ensure_upper_and_switch) result=0x0
              dd-6780    [001] .....    17.818831: ovldiag_write: (ovl_write_iter+0x10c/0x130 <- backing_file_write_iter) result=0x1000
              dd-6786    [001] .....    17.821860: ovldiag_open: (ovl_open+0xb2/0x100 <- ovl_open_realfile) result=0xffff88800715da00
              dd-6786    [001] .....    17.821885: ovldiag_ensure: (ovl_write_iter+0xaf/0x130 <- ovl_ensure_upper_and_switch) result=0x0
              dd-6786    [001] .....    17.821898: ovldiag_write: (ovl_write_iter+0x10c/0x130 <- backing_file_write_iter) result=0x1000
              dd-6788    [000] .....    17.824308: ovldiag_open: (ovl_open+0xb2/0x100 <- ovl_open_realfile) result=0xffff888008944f00
              dd-6788    [000] .....    17.824339: ovldiag_ensure: (ovl_write_iter+0xaf/0x130 <- ovl_ensure_upper_and_switch) result=0x0
              dd-6788    [000] .....    17.824353: ovldiag_write: (ovl_write_iter+0x10c/0x130 <- backing_file_write_iter) result=0x1000
              dd-6789    [001] .....    17.825002: ovldiag_open: (ovl_open+0xb2/0x100 <- ovl_open_realfile) result=0xffff888005cb7b00
              dd-6789    [001] .....    17.825024: ovldiag_ensure: (ovl_write_iter+0xaf/0x130 <- ovl_ensure_upper_and_switch) result=0x0
              dd-6789    [001] .....    17.825039: ovldiag_write: (ovl_write_iter+0x10c/0x130 <- backing_file_write_iter) result=0x1000
             cat-6791    [001] .....    17.825987: ovldiag_open: (ovl_open+0xb2/0x100 <- ovl_open_realfile) result=0xffff8880044a1200
             cat-6796    [000] .....    17.828690: ovldiag_open: (ovl_open+0xb2/0x100 <- ovl_open_realfile) result=0xffff888005e85b00
             cat-6792    [000] .....    17.828937: ovldiag_open: (ovl_open+0xb2/0x100 <- ovl_open_realfile) result=0xffff888007162300
             cat-6795    [001] .....    17.829293: ovldiag_open: (ovl_open+0xb2/0x100 <- ovl_open_realfile) result=0xffff8880045a3500
              dd-6802    [001] .....    17.834274: ovldiag_open: (ovl_open+0xb2/0x100 <- ovl_open_realfile) result=0xffff888003d44a00
              dd-6802    [001] .....    17.834306: ovldiag_ensure: (ovl_write_iter+0xaf/0x130 <- ovl_ensure_upper_and_switch) result=0x0
              dd-6802    [001] .....    17.834319: ovldiag_write: (ovl_write_iter+0x10c/0x130 <- backing_file_write_iter) result=0x1000
              dd-6805    [001] .....    17.835361: ovldiag_open: (ovl_open+0xb2/0x100 <- ovl_open_realfile) result=0xffff888003d44c00
              dd-6805    [001] .....    17.835383: ovldiag_ensure: (ovl_write_iter+0xaf/0x130 <- ovl_ensure_upper_and_switch) result=0x0
              dd-6805    [001] .....    17.835395: ovldiag_write: (ovl_write_iter+0x10c/0x130 <- backing_file_write_iter) result=0x1000
              dd-6808    [001] .....    17.837293: ovldiag_open: (ovl_open+0xb2/0x100 <- ovl_open_realfile) result=0xffff8880044a1900
              dd-6808    [001] .....    17.837317: ovldiag_ensure: (ovl_write_iter+0xaf/0x130 <- ovl_ensure_upper_and_switch) result=0x0
              dd-6808    [001] .....    17.837333: ovldiag_write: (ovl_write_iter+0x10c/0x130 <- backing_file_write_iter) result=0x1000
             cat-6809    [000] .....    17.837782: ovldiag_open: (ovl_open+0xb2/0x100 <- ovl_open_realfile) result=0xffff8880043cc500
             cat-6812    [001] .....    17.839247: ovldiag_open: (ovl_open+0xb2/0x100 <- ovl_open_realfile) result=0xffff88800453e800
             cat-6813    [001] .....    17.840977: ovldiag_open: (ovl_open+0xb2/0x100 <- ovl_open_realfile) result=0xffff88800461ba00
             cat-6814    [000] .....    17.841006: ovldiag_open: (ovl_open+0xb2/0x100 <- ovl_open_realfile) result=0xffff888007058e00
              dd-6817    [001] .....    17.843485: ovldiag_open: (ovl_open+0xb2/0x100 <- ovl_open_realfile) result=0xffff8880072a6600
              dd-6817    [001] .....    17.843508: ovldiag_ensure: (ovl_write_iter+0xaf/0x130 <- ovl_ensure_upper_and_switch) result=0x0
              dd-6817    [001] .....    17.843523: ovldiag_write: (ovl_write_iter+0x10c/0x130 <- backing_file_write_iter) result=0x1000
              dd-6824    [001] .....    17.847286: ovldiag_open: (ovl_open+0xb2/0x100 <- ovl_open_realfile) result=0xffff88800453ef00
              dd-6824    [001] .....    17.847309: ovldiag_ensure: (ovl_write_iter+0xaf/0x130 <- ovl_ensure_upper_and_switch) result=0x0
              dd-6824    [001] .....    17.847325: ovldiag_write: (ovl_write_iter+0x10c/0x130 <- backing_file_write_iter) result=0x1000
              dd-6825    [001] .....    17.849015: ovldiag_open: (ovl_open+0xb2/0x100 <- ovl_open_realfile) result=0xffff888005cb3c00
              dd-6825    [001] .....    17.849037: ovldiag_ensure: (ovl_write_iter+0xaf/0x130 <- ovl_ensure_upper_and_switch) result=0x0
              dd-6825    [001] .....    17.849051: ovldiag_write: (ovl_write_iter+0x10c/0x130 <- backing_file_write_iter) result=0x1000
             cat-6827    [000] .....    17.849175: ovldiag_open: (ovl_open+0xb2/0x100 <- ovl_open_realfile) result=0xffff888003ebca00
              dd-6828    [001] .....    17.849943: ovldiag_open: (ovl_open+0xb2/0x100 <- ovl_open_realfile) result=0xffff88800724e100
              dd-6828    [001] .....    17.849979: ovldiag_ensure: (ovl_write_iter+0xaf/0x130 <- ovl_ensure_upper_and_switch) result=0x0
              dd-6828    [001] .....    17.849993: ovldiag_write: (ovl_write_iter+0x10c/0x130 <- backing_file_write_iter) result=0x1000
             cat-6832    [001] .....    17.851367: ovldiag_open: (ovl_open+0xb2/0x100 <- ovl_open_realfile) result=0xffff88800453e900
             cat-6834    [001] .....    17.853649: ovldiag_open: (ovl_open+0xb2/0x100 <- ovl_open_realfile) result=0xffff8880046d8e00
             cat-6835    [001] .....    17.854630: ovldiag_open: (ovl_open+0xb2/0x100 <- ovl_open_realfile) result=0xffff888005d64700
              dd-6840    [001] .....    17.858326: ovldiag_open: (ovl_open+0xb2/0x100 <- ovl_open_realfile) result=0xffff88800707b100
              dd-6840    [001] .....    17.858350: ovldiag_ensure: (ovl_write_iter+0xaf/0x130 <- ovl_ensure_upper_and_switch) result=0x0
              dd-6840    [001] .....    17.858366: ovldiag_write: (ovl_write_iter+0x10c/0x130 <- backing_file_write_iter) result=0x1000
              dd-6844    [001] .....    17.860197: ovldiag_open: (ovl_open+0xb2/0x100 <- ovl_open_realfile) result=0xffff888005c89900
              dd-6844    [001] .....    17.860222: ovldiag_ensure: (ovl_write_iter+0xaf/0x130 <- ovl_ensure_upper_and_switch) result=0x0
              dd-6844    [001] .....    17.860237: ovldiag_write: (ovl_write_iter+0x10c/0x130 <- backing_file_write_iter) result=0x1000
             cat-6845    [000] .....    17.861274: ovldiag_open: (ovl_open+0xb2/0x100 <- ovl_open_realfile) result=0xffff888007162000
             cat-6847    [000] .....    17.862462: ovldiag_open: (ovl_open+0xb2/0x100 <- ovl_open_realfile) result=0xffff888004639200
              dd-6848    [001] .....    17.862872: ovldiag_open: (ovl_open+0xb2/0x100 <- ovl_open_realfile) result=0xffff888007256e00
              dd-6848    [001] .....    17.862898: ovldiag_ensure: (ovl_write_iter+0xaf/0x130 <- ovl_ensure_upper_and_switch) result=0x0
              dd-6848    [001] .....    17.862911: ovldiag_write: (ovl_write_iter+0x10c/0x130 <- backing_file_write_iter) result=0x1000
             cat-6852    [001] .....    17.864412: ovldiag_open: (ovl_open+0xb2/0x100 <- ovl_open_realfile) result=0xffff888007248b00
             cat-6857    [001] .....    17.868757: ovldiag_open: (ovl_open+0xb2/0x100 <- ovl_open_realfile) result=0xffff8880073c2100
              dd-6853    [000] .....    17.868860: ovldiag_open: (ovl_open+0xb2/0x100 <- ovl_open_realfile) result=0xffff88800700fb00
              dd-6853    [000] .....    17.868888: ovldiag_ensure: (ovl_write_iter+0xaf/0x130 <- ovl_ensure_upper_and_switch) result=0x0
              dd-6853    [000] .....    17.868901: ovldiag_write: (ovl_write_iter+0x10c/0x130 <- backing_file_write_iter) result=0x1000
              dd-6861    [001] .....    17.871121: ovldiag_open: (ovl_open+0xb2/0x100 <- ovl_open_realfile) result=0xffff888004639200
              dd-6861    [001] .....    17.871143: ovldiag_ensure: (ovl_write_iter+0xaf/0x130 <- ovl_ensure_upper_and_switch) result=0x0
              dd-6861    [001] .....    17.871159: ovldiag_write: (ovl_write_iter+0x10c/0x130 <- backing_file_write_iter) result=0x1000
              dd-6864    [001] .....    17.872531: ovldiag_open: (ovl_open+0xb2/0x100 <- ovl_open_realfile) result=0xffff8880046d8000
              dd-6864    [001] .....    17.872552: ovldiag_ensure: (ovl_write_iter+0xaf/0x130 <- ovl_ensure_upper_and_switch) result=0x0
              dd-6864    [001] .....    17.872568: ovldiag_write: (ovl_write_iter+0x10c/0x130 <- backing_file_write_iter) result=0x1000
             cat-6866    [001] .....    17.873860: ovldiag_open: (ovl_open+0xb2/0x100 <- ovl_open_realfile) result=0xffff888005c8cd00
             cat-6868    [000] .....    17.875524: ovldiag_open: (ovl_open+0xb2/0x100 <- ovl_open_realfile) result=0xffff8880072a6a00
             cat-6869    [001] .....    17.875877: ovldiag_open: (ovl_open+0xb2/0x100 <- ovl_open_realfile) result=0xffff888005dca000
              dd-6876    [001] .....    17.879670: ovldiag_open: (ovl_open+0xb2/0x100 <- ovl_open_realfile) result=0xffff8880072d8900
              dd-6876    [001] .....    17.879693: ovldiag_ensure: (ovl_write_iter+0xaf/0x130 <- ovl_ensure_upper_and_switch) result=0x0
              dd-6876    [001] .....    17.879708: ovldiag_write: (ovl_write_iter+0x10c/0x130 <- backing_file_write_iter) result=0x1000
             cat-6875    [000] .....    17.880119: ovldiag_open: (ovl_open+0xb2/0x100 <- ovl_open_realfile) result=0xffff888005c2d400
              dd-6879    [001] .....    17.881764: ovldiag_open: (ovl_open+0xb2/0x100 <- ovl_open_realfile) result=0xffff88800707be00
              dd-6879    [001] .....    17.881789: ovldiag_ensure: (ovl_write_iter+0xaf/0x130 <- ovl_ensure_upper_and_switch) result=0x0
              dd-6879    [001] .....    17.881804: ovldiag_write: (ovl_write_iter+0x10c/0x130 <- backing_file_write_iter) result=0x1000
              dd-6882    [000] .....    17.883845: ovldiag_open: (ovl_open+0xb2/0x100 <- ovl_open_realfile) result=0xffff888008a2a600
              dd-6882    [000] .....    17.883869: ovldiag_ensure: (ovl_write_iter+0xaf/0x130 <- ovl_ensure_upper_and_switch) result=0x0
              dd-6882    [000] .....    17.883881: ovldiag_write: (ovl_write_iter+0x10c/0x130 <- backing_file_write_iter) result=0x1000
             cat-6883    [001] .....    17.884993: ovldiag_open: (ovl_open+0xb2/0x100 <- ovl_open_realfile) result=0xffff8880073a9d00
              dd-6884    [000] .....    17.885888: ovldiag_open: (ovl_open+0xb2/0x100 <- ovl_open_realfile) result=0xffff8880072d8300
              dd-6884    [000] .....    17.885912: ovldiag_ensure: (ovl_write_iter+0xaf/0x130 <- ovl_ensure_upper_and_switch) result=0x0
              dd-6884    [000] .....    17.885922: ovldiag_write: (ovl_write_iter+0x10c/0x130 <- backing_file_write_iter) result=0x1000
             cat-6886    [001] .n...    17.886083: ovldiag_open: (ovl_open+0xb2/0x100 <- ovl_open_realfile) result=0xffff88800df2e000
             cat-6888    [000] .....    17.887157: ovldiag_open: (ovl_open+0xb2/0x100 <- ovl_open_realfile) result=0xffff88800ddbd600
             cat-6893    [000] .....    17.890184: ovldiag_open: (ovl_open+0xb2/0x100 <- ovl_open_realfile) result=0xffff88800d4da900
              dd-6897    [001] .....    17.892101: ovldiag_open: (ovl_open+0xb2/0x100 <- ovl_open_realfile) result=0xffff8880072d8e00
              dd-6897    [001] .....    17.892124: ovldiag_ensure: (ovl_write_iter+0xaf/0x130 <- ovl_ensure_upper_and_switch) result=0x0
              dd-6897    [001] .....    17.892142: ovldiag_write: (ovl_write_iter+0x10c/0x130 <- backing_file_write_iter) result=0x1000
              dd-6900    [000] .....    17.894137: ovldiag_open: (ovl_open+0xb2/0x100 <- ovl_open_realfile) result=0xffff88800de5e600
              dd-6900    [000] .....    17.894161: ovldiag_ensure: (ovl_write_iter+0xaf/0x130 <- ovl_ensure_upper_and_switch) result=0x0
              dd-6900    [000] .....    17.894173: ovldiag_write: (ovl_write_iter+0x10c/0x130 <- backing_file_write_iter) result=0x1000
             cat-6902    [001] .....    17.895526: ovldiag_open: (ovl_open+0xb2/0x100 <- ovl_open_realfile) result=0xffff8880073c2e00
              dd-6903    [000] .....    17.896231: ovldiag_open: (ovl_open+0xb2/0x100 <- ovl_open_realfile) result=0xffff888004619b00
              dd-6903    [000] .....    17.896252: ovldiag_ensure: (ovl_write_iter+0xaf/0x130 <- ovl_ensure_upper_and_switch) result=0x0
              dd-6903    [000] .....    17.896263: ovldiag_write: (ovl_write_iter+0x10c/0x130 <- backing_file_write_iter) result=0x1000
             cat-6905    [000] .....    17.897309: ovldiag_open: (ovl_open+0xb2/0x100 <- ovl_open_realfile) result=0xffff888004305300
             cat-6907    [001] .....    17.898664: ovldiag_open: (ovl_open+0xb2/0x100 <- ovl_open_realfile) result=0xffff888005ccb800
             cat-6910    [000] .....    17.899982: ovldiag_open: (ovl_open+0xb2/0x100 <- ovl_open_realfile) result=0xffff88800893c300
              dd-6911    [001] .....    17.901423: ovldiag_open: (ovl_open+0xb2/0x100 <- ovl_open_realfile) result=0xffff888007256e00
              dd-6911    [001] .....    17.901459: ovldiag_ensure: (ovl_write_iter+0xaf/0x130 <- ovl_ensure_upper_and_switch) result=0x0
              dd-6911    [001] .....    17.901475: ovldiag_write: (ovl_write_iter+0x10c/0x130 <- backing_file_write_iter) result=0x1000
              dd-6918    [001] .....    17.904593: ovldiag_open: (ovl_open+0xb2/0x100 <- ovl_open_realfile) result=0xffff88800df15e00
              dd-6918    [001] .....    17.904614: ovldiag_ensure: (ovl_write_iter+0xaf/0x130 <- ovl_ensure_upper_and_switch) result=0x0
              dd-6918    [001] .....    17.904629: ovldiag_write: (ovl_write_iter+0x10c/0x130 <- backing_file_write_iter) result=0x1000
             cat-6919    [000] .....    17.905026: ovldiag_open: (ovl_open+0xb2/0x100 <- ovl_open_realfile) result=0xffff888005d7c800
              dd-6921    [001] .....    17.906526: ovldiag_open: (ovl_open+0xb2/0x100 <- ovl_open_realfile) result=0xffff88800dd0c800
              dd-6921    [001] .....    17.906552: ovldiag_ensure: (ovl_write_iter+0xaf/0x130 <- ovl_ensure_upper_and_switch) result=0x0
              dd-6921    [001] .....    17.906569: ovldiag_write: (ovl_write_iter+0x10c/0x130 <- backing_file_write_iter) result=0x1000
             cat-6925    [000] .....    17.908715: ovldiag_open: (ovl_open+0xb2/0x100 <- ovl_open_realfile) result=0xffff888008944600
              dd-6926    [001] .....    17.909053: ovldiag_open: (ovl_open+0xb2/0x100 <- ovl_open_realfile) result=0xffff88800724e100
              dd-6926    [001] .....    17.909121: ovldiag_ensure: (ovl_write_iter+0xaf/0x130 <- ovl_ensure_upper_and_switch) result=0x0
              dd-6926    [001] .....    17.909136: ovldiag_write: (ovl_write_iter+0x10c/0x130 <- backing_file_write_iter) result=0x1000
             cat-6928    [000] .....    17.910431: ovldiag_open: (ovl_open+0xb2/0x100 <- ovl_open_realfile) result=0xffff888005d89000
             cat-6929    [000] .....    17.911489: ovldiag_open: (ovl_open+0xb2/0x100 <- ovl_open_realfile) result=0xffff8880072a6000
             cat-6935    [000] .....    17.914851: ovldiag_open: (ovl_open+0xb2/0x100 <- ovl_open_realfile) result=0xffff888007160700
              dd-6936    [001] .....    17.914862: ovldiag_open: (ovl_open+0xb2/0x100 <- ovl_open_realfile) result=0xffff888004619300
              dd-6936    [001] .....    17.914895: ovldiag_ensure: (ovl_write_iter+0xaf/0x130 <- ovl_ensure_upper_and_switch) result=0x0
              dd-6936    [001] .....    17.914910: ovldiag_write: (ovl_write_iter+0x10c/0x130 <- backing_file_write_iter) result=0x1000
              dd-6940    [001] .....    17.917001: ovldiag_open: (ovl_open+0xb2/0x100 <- ovl_open_realfile) result=0xffff88800724e600
              dd-6940    [001] .....    17.917023: ovldiag_ensure: (ovl_write_iter+0xaf/0x130 <- ovl_ensure_upper_and_switch) result=0x0
              dd-6940    [001] .....    17.917036: ovldiag_write: (ovl_write_iter+0x10c/0x130 <- backing_file_write_iter) result=0x1000
              dd-6943    [001] .....    17.919040: ovldiag_open: (ovl_open+0xb2/0x100 <- ovl_open_realfile) result=0xffff88800703a400
              dd-6943    [001] .....    17.919065: ovldiag_ensure: (ovl_write_iter+0xaf/0x130 <- ovl_ensure_upper_and_switch) result=0x0
              dd-6943    [001] .....    17.919180: ovldiag_write: (ovl_write_iter+0x10c/0x130 <- backing_file_write_iter) result=0x1000
             cat-6944    [000] .....    17.919365: ovldiag_open: (ovl_open+0xb2/0x100 <- ovl_open_realfile) result=0xffff88800453e200
             cat-6945    [001] .....    17.920419: ovldiag_open: (ovl_open+0xb2/0x100 <- ovl_open_realfile) result=0xffff88800dceff00
             cat-6950    [001] .....    17.922927: ovldiag_open: (ovl_open+0xb2/0x100 <- ovl_open_realfile) result=0xffff8880073baa00
             cat-6954    [000] .....    17.924278: ovldiag_open: (ovl_open+0xb2/0x100 <- ovl_open_realfile) result=0xffff888007256d00
              dd-6951    [001] .....    17.924444: ovldiag_open: (ovl_open+0xb2/0x100 <- ovl_open_realfile) result=0xffff88800df15300
              dd-6951    [001] .....    17.924468: ovldiag_ensure: (ovl_write_iter+0xaf/0x130 <- ovl_ensure_upper_and_switch) result=0x0
              dd-6951    [001] .....    17.924484: ovldiag_write: (ovl_write_iter+0x10c/0x130 <- backing_file_write_iter) result=0x1000
              dd-6959    [001] .....    17.927951: ovldiag_open: (ovl_open+0xb2/0x100 <- ovl_open_realfile) result=0xffff88800dcef900
              dd-6959    [001] .....    17.927976: ovldiag_ensure: (ovl_write_iter+0xaf/0x130 <- ovl_ensure_upper_and_switch) result=0x0
              dd-6959    [001] .....    17.927990: ovldiag_write: (ovl_write_iter+0x10c/0x130 <- backing_file_write_iter) result=0x1000
             cat-6960    [000] .....    17.928771: ovldiag_open: (ovl_open+0xb2/0x100 <- ovl_open_realfile) result=0xffff888007171400
              dd-6962    [001] .....    17.930019: ovldiag_open: (ovl_open+0xb2/0x100 <- ovl_open_realfile) result=0xffff888007256200
              dd-6962    [001] .....    17.930046: ovldiag_ensure: (ovl_write_iter+0xaf/0x130 <- ovl_ensure_upper_and_switch) result=0x0
              dd-6962    [001] .....    17.930062: ovldiag_write: (ovl_write_iter+0x10c/0x130 <- backing_file_write_iter) result=0x1000
             cat-6965    [000] .....    17.931715: ovldiag_open: (ovl_open+0xb2/0x100 <- ovl_open_realfile) result=0xffff88800de64d00
              dd-6967    [000] .....    17.932796: ovldiag_open: (ovl_open+0xb2/0x100 <- ovl_open_realfile) result=0xffff88800d626f00
              dd-6967    [000] .....    17.932818: ovldiag_ensure: (ovl_write_iter+0xaf/0x130 <- ovl_ensure_upper_and_switch) result=0x0
              dd-6967    [000] .....    17.932829: ovldiag_write: (ovl_write_iter+0x10c/0x130 <- backing_file_write_iter) result=0x1000
             cat-6970    [000] .....    17.934806: ovldiag_open: (ovl_open+0xb2/0x100 <- ovl_open_realfile) result=0xffff8880045a3500
             cat-6971    [001] .....    17.935170: ovldiag_open: (ovl_open+0xb2/0x100 <- ovl_open_realfile) result=0xffff88800715d300
              dd-6975    [001] .....    17.938000: ovldiag_open: (ovl_open+0xb2/0x100 <- ovl_open_realfile) result=0xffff888007160700
              dd-6975    [001] .....    17.938023: ovldiag_ensure: (ovl_write_iter+0xaf/0x130 <- ovl_ensure_upper_and_switch) result=0x0
              dd-6975    [001] .....    17.938040: ovldiag_write: (ovl_write_iter+0x10c/0x130 <- backing_file_write_iter) result=0x1000
             cat-6978    [000] .....    17.938725: ovldiag_open: (ovl_open+0xb2/0x100 <- ovl_open_realfile) result=0xffff88800dc8f300
              dd-6981    [000] .....    17.940542: ovldiag_open: (ovl_open+0xb2/0x100 <- ovl_open_realfile) result=0xffff8880073a8a00
              dd-6981    [000] .....    17.940563: ovldiag_ensure: (ovl_write_iter+0xaf/0x130 <- ovl_ensure_upper_and_switch) result=0x0
              dd-6981    [000] .....    17.940573: ovldiag_write: (ovl_write_iter+0x10c/0x130 <- backing_file_write_iter) result=0x1000
             cat-6982    [001] .....    17.940917: ovldiag_open: (ovl_open+0xb2/0x100 <- ovl_open_realfile) result=0xffff888005d12900
              dd-6986    [001] .....    17.943274: ovldiag_open: (ovl_open+0xb2/0x100 <- ovl_open_realfile) result=0xffff88800457b800
              dd-6986    [001] .....    17.943298: ovldiag_ensure: (ovl_write_iter+0xaf/0x130 <- ovl_ensure_upper_and_switch) result=0x0
              dd-6986    [001] .....    17.943313: ovldiag_write: (ovl_write_iter+0x10c/0x130 <- backing_file_write_iter) result=0x1000
             cat-6988    [000] .....    17.944603: ovldiag_open: (ovl_open+0xb2/0x100 <- ovl_open_realfile) result=0xffff88800dd06600
              dd-6992    [000] .....    17.946005: ovldiag_open: (ovl_open+0xb2/0x100 <- ovl_open_realfile) result=0xffff8880073a9c00
              dd-6992    [000] .....    17.946028: ovldiag_ensure: (ovl_write_iter+0xaf/0x130 <- ovl_ensure_upper_and_switch) result=0x0
              dd-6992    [000] .....    17.946039: ovldiag_write: (ovl_write_iter+0x10c/0x130 <- backing_file_write_iter) result=0x1000
             cat-6987    [001] .....    17.946822: ovldiag_open: (ovl_open+0xb2/0x100 <- ovl_open_realfile) result=0xffff88800736eb00
             cat-6996    [000] .....    17.948671: ovldiag_open: (ovl_open+0xb2/0x100 <- ovl_open_realfile) result=0xffff88800dd06000
              dd-6999    [001] .....    17.950458: ovldiag_open: (ovl_open+0xb2/0x100 <- ovl_open_realfile) result=0xffff888007079a00
              dd-6999    [001] .....    17.950480: ovldiag_ensure: (ovl_write_iter+0xaf/0x130 <- ovl_ensure_upper_and_switch) result=0x0
              dd-6999    [001] .....    17.950495: ovldiag_write: (ovl_write_iter+0x10c/0x130 <- backing_file_write_iter) result=0x1000
             cat-7001    [001] .....    17.951620: ovldiag_open: (ovl_open+0xb2/0x100 <- ovl_open_realfile) result=0xffff8880043cc900
              dd-7004    [000] .....    17.953685: ovldiag_open: (ovl_open+0xb2/0x100 <- ovl_open_realfile) result=0xffff888004619b00
              dd-7004    [000] .....    17.953710: ovldiag_ensure: (ovl_write_iter+0xaf/0x130 <- ovl_ensure_upper_and_switch) result=0x0
              dd-7004    [000] .....    17.953721: ovldiag_write: (ovl_write_iter+0x10c/0x130 <- backing_file_write_iter) result=0x1000
             cat-7007    [000] .....    17.954878: ovldiag_open: (ovl_open+0xb2/0x100 <- ovl_open_realfile) result=0xffff88800457bf00
             cat-7008    [000] .....    17.955762: ovldiag_open: (ovl_open+0xb2/0x100 <- ovl_open_realfile) result=0xffff88800453ea00
              dd-7013    [001] .....    17.958712: ovldiag_open: (ovl_open+0xb2/0x100 <- ovl_open_realfile) result=0xffff888007162700
              dd-7013    [001] .....    17.958740: ovldiag_ensure: (ovl_write_iter+0xaf/0x130 <- ovl_ensure_upper_and_switch) result=0x0
              dd-7013    [001] .....    17.958754: ovldiag_write: (ovl_write_iter+0x10c/0x130 <- backing_file_write_iter) result=0x1000
              dd-7015    [000] .....    17.959628: ovldiag_open: (ovl_open+0xb2/0x100 <- ovl_open_realfile) result=0xffff8880046d8400
              dd-7015    [000] .....    17.959648: ovldiag_ensure: (ovl_write_iter+0xaf/0x130 <- ovl_ensure_upper_and_switch) result=0x0
              dd-7015    [000] .....    17.959658: ovldiag_write: (ovl_write_iter+0x10c/0x130 <- backing_file_write_iter) result=0x1000
             cat-7012    [000] .....    17.959912: ovldiag_open: (ovl_open+0xb2/0x100 <- ovl_open_realfile) result=0xffff888008944600
             cat-7017    [001] .....    17.960887: ovldiag_open: (ovl_open+0xb2/0x100 <- ovl_open_realfile) result=0xffff88800dd55c00
              dd-7021    [000] .....    17.963457: ovldiag_open: (ovl_open+0xb2/0x100 <- ovl_open_realfile) result=0xffff888007171400
              dd-7021    [000] .....    17.963478: ovldiag_ensure: (ovl_write_iter+0xaf/0x130 <- ovl_ensure_upper_and_switch) result=0x0
              dd-7021    [000] .....    17.963491: ovldiag_write: (ovl_write_iter+0x10c/0x130 <- backing_file_write_iter) result=0x1000
             cat-7022    [001] .....    17.964379: ovldiag_open: (ovl_open+0xb2/0x100 <- ovl_open_realfile) result=0xffff888007160c00
             cat-7027    [001] .....    17.966728: ovldiag_open: (ovl_open+0xb2/0x100 <- ovl_open_realfile) result=0xffff8880073a9000
              dd-7028    [000] .....    17.966730: ovldiag_open: (ovl_open+0xb2/0x100 <- ovl_open_realfile) result=0xffff8880044a1200
              dd-7028    [000] .....    17.966753: ovldiag_ensure: (ovl_write_iter+0xaf/0x130 <- ovl_ensure_upper_and_switch) result=0x0
              dd-7028    [000] .....    17.966763: ovldiag_write: (ovl_write_iter+0x10c/0x130 <- backing_file_write_iter) result=0x1000
             cat-7033    [001] .....    17.971019: ovldiag_open: (ovl_open+0xb2/0x100 <- ovl_open_realfile) result=0xffff88800453e000
              dd-7035    [000] .....    17.971052: ovldiag_open: (ovl_open+0xb2/0x100 <- ovl_open_realfile) result=0xffff888007160300
              dd-7035    [000] .....    17.971124: ovldiag_ensure: (ovl_write_iter+0xaf/0x130 <- ovl_ensure_upper_and_switch) result=0x0
              dd-7035    [000] .....    17.971136: ovldiag_write: (ovl_write_iter+0x10c/0x130 <- backing_file_write_iter) result=0x1000
             cat-7034    [001] .....    17.972048: ovldiag_open: (ovl_open+0xb2/0x100 <- ovl_open_realfile) result=0xffff888004619200
              dd-7037    [000] .....    17.973232: ovldiag_open: (ovl_open+0xb2/0x100 <- ovl_open_realfile) result=0xffff888005cb3800
              dd-7037    [000] .....    17.973253: ovldiag_ensure: (ovl_write_iter+0xaf/0x130 <- ovl_ensure_upper_and_switch) result=0x0
              dd-7037    [000] .....    17.973262: ovldiag_write: (ovl_write_iter+0x10c/0x130 <- backing_file_write_iter) result=0x1000
             cat-7042    [000] .....    17.975155: ovldiag_open: (ovl_open+0xb2/0x100 <- ovl_open_realfile) result=0xffff888007160c00
             cat-7043    [000] .....    17.976017: ovldiag_open: (ovl_open+0xb2/0x100 <- ovl_open_realfile) result=0xffff88800ab13500
              dd-7045    [000] .....    17.977316: ovldiag_open: (ovl_open+0xb2/0x100 <- ovl_open_realfile) result=0xffff88800700f700
              dd-7045    [000] .....    17.977335: ovldiag_ensure: (ovl_write_iter+0xaf/0x130 <- ovl_ensure_upper_and_switch) result=0x0
              dd-7045    [000] .....    17.977346: ovldiag_write: (ovl_write_iter+0x10c/0x130 <- backing_file_write_iter) result=0x1000
              dd-7050    [001] .....    17.979431: ovldiag_open: (ovl_open+0xb2/0x100 <- ovl_open_realfile) result=0xffff888004619600
              dd-7050    [001] .....    17.979468: ovldiag_ensure: (ovl_write_iter+0xaf/0x130 <- ovl_ensure_upper_and_switch) result=0x0
              dd-7050    [001] .....    17.979484: ovldiag_write: (ovl_write_iter+0x10c/0x130 <- backing_file_write_iter) result=0x1000
             cat-7053    [001] .....    17.981469: ovldiag_open: (ovl_open+0xb2/0x100 <- ovl_open_realfile) result=0xffff8880072d8200
             cat-7055    [001] .....    17.982848: ovldiag_open: (ovl_open+0xb2/0x100 <- ovl_open_realfile) result=0xffff888005cb3200
              dd-7056    [001] .....    17.984052: ovldiag_open: (ovl_open+0xb2/0x100 <- ovl_open_realfile) result=0xffff8880072a6f00
              dd-7059    [000] .....    17.985315: ovldiag_open: (ovl_open+0xb2/0x100 <- ovl_open_realfile) result=0xffff888004305300
              dd-7059    [000] .....    17.985335: ovldiag_ensure: (ovl_write_iter+0xaf/0x130 <- ovl_ensure_upper_and_switch) result=0x0
              dd-7059    [000] .....    17.985347: ovldiag_write: (ovl_write_iter+0x10c/0x130 <- backing_file_write_iter) result=0x1000
              dd-7056    [001] .....    17.986126: ovldiag_ensure: (ovl_write_iter+0xaf/0x130 <- ovl_ensure_upper_and_switch) result=0x0
              dd-7056    [001] .....    17.986146: ovldiag_write: (ovl_write_iter+0x10c/0x130 <- backing_file_write_iter) result=0x1000
             cat-7063    [000] .....    17.987369: ovldiag_open: (ovl_open+0xb2/0x100 <- ovl_open_realfile) result=0xffff888007171a00
             cat-7060    [001] .....    17.988081: ovldiag_open: (ovl_open+0xb2/0x100 <- ovl_open_realfile) result=0xffff8880043a2f00
             cat-7069    [000] .....    17.990487: ovldiag_open: (ovl_open+0xb2/0x100 <- ovl_open_realfile) result=0xffff88800aa94500
              dd-7072    [001] .....    17.992038: ovldiag_open: (ovl_open+0xb2/0x100 <- ovl_open_realfile) result=0xffff8880072a6c00
              dd-7072    [001] .....    17.992062: ovldiag_ensure: (ovl_write_iter+0xaf/0x130 <- ovl_ensure_upper_and_switch) result=0x0
              dd-7072    [001] .....    17.992133: ovldiag_write: (ovl_write_iter+0x10c/0x130 <- backing_file_write_iter) result=0x1000
              dd-7070    [001] .....    17.992735: ovldiag_open: (ovl_open+0xb2/0x100 <- ovl_open_realfile) result=0xffff8880043cc200
              dd-7070    [001] .....    17.992757: ovldiag_ensure: (ovl_write_iter+0xaf/0x130 <- ovl_ensure_upper_and_switch) result=0x0
              dd-7070    [001] .....    17.992767: ovldiag_write: (ovl_write_iter+0x10c/0x130 <- backing_file_write_iter) result=0x1000
             cat-7076    [001] .....    17.994181: ovldiag_open: (ovl_open+0xb2/0x100 <- ovl_open_realfile) result=0xffff888008944200
             cat-7078    [001] .....    17.995601: ovldiag_open: (ovl_open+0xb2/0x100 <- ovl_open_realfile) result=0xffff888004619300
             cat-7080    [000] .....    17.996944: ovldiag_open: (ovl_open+0xb2/0x100 <- ovl_open_realfile) result=0xffff888005c89e00
             cat-7084    [000] .....    17.998710: ovldiag_open: (ovl_open+0xb2/0x100 <- ovl_open_realfile) result=0xffff888005dcae00
              dd-7082    [001] .....    17.999030: ovldiag_open: (ovl_open+0xb2/0x100 <- ovl_open_realfile) result=0xffff888005cb7900
              dd-7082    [001] .....    17.999054: ovldiag_ensure: (ovl_write_iter+0xaf/0x130 <- ovl_ensure_upper_and_switch) result=0x0
              dd-7082    [001] .....    17.999100: ovldiag_write: (ovl_write_iter+0x10c/0x130 <- backing_file_write_iter) result=0x1000
              dd-7088    [001] .....    18.002209: ovldiag_open: (ovl_open+0xb2/0x100 <- ovl_open_realfile) result=0xffff8880073ba700
              dd-7088    [001] .....    18.002231: ovldiag_ensure: (ovl_write_iter+0xaf/0x130 <- ovl_ensure_upper_and_switch) result=0x0
              dd-7088    [001] .....    18.002246: ovldiag_write: (ovl_write_iter+0x10c/0x130 <- backing_file_write_iter) result=0x1000
             cat-7092    [000] .....    18.003908: ovldiag_open: (ovl_open+0xb2/0x100 <- ovl_open_realfile) result=0xffff888004619500
              dd-7094    [000] .....    18.005178: ovldiag_open: (ovl_open+0xb2/0x100 <- ovl_open_realfile) result=0xffff888005c8c500
              dd-7094    [000] .....    18.005197: ovldiag_ensure: (ovl_write_iter+0xaf/0x130 <- ovl_ensure_upper_and_switch) result=0x0
              dd-7094    [000] .....    18.005210: ovldiag_write: (ovl_write_iter+0x10c/0x130 <- backing_file_write_iter) result=0x1000
              dd-7095    [001] .....    18.006517: ovldiag_open: (ovl_open+0xb2/0x100 <- ovl_open_realfile) result=0xffff88800dcef000
              dd-7095    [001] .....    18.006540: ovldiag_ensure: (ovl_write_iter+0xaf/0x130 <- ovl_ensure_upper_and_switch) result=0x0
              dd-7095    [001] .....    18.006557: ovldiag_write: (ovl_write_iter+0x10c/0x130 <- backing_file_write_iter) result=0x1000
             cat-7097    [000] .....    18.007066: ovldiag_open: (ovl_open+0xb2/0x100 <- ovl_open_realfile) result=0xffff8880073a8d00
             cat-7100    [000] .....    18.009413: ovldiag_open: (ovl_open+0xb2/0x100 <- ovl_open_realfile) result=0xffff8880072a6f00
             cat-7102    [001] .....    18.009464: ovldiag_open: (ovl_open+0xb2/0x100 <- ovl_open_realfile) result=0xffff8880043a2b00
              dd-7108    [000] .....    18.013599: ovldiag_open: (ovl_open+0xb2/0x100 <- ovl_open_realfile) result=0xffff88800d7c8b00
              dd-7108    [000] .....    18.013622: ovldiag_ensure: (ovl_write_iter+0xaf/0x130 <- ovl_ensure_upper_and_switch) result=0x0
              dd-7108    [000] .....    18.013633: ovldiag_write: (ovl_write_iter+0x10c/0x130 <- backing_file_write_iter) result=0x1000
             cat-7109    [001] .....    18.013897: ovldiag_open: (ovl_open+0xb2/0x100 <- ovl_open_realfile) result=0xffff88800de80b00
              dd-7110    [000] .....    18.014896: ovldiag_open: (ovl_open+0xb2/0x100 <- ovl_open_realfile) result=0xffff8880043e0a00
              dd-7110    [000] .....    18.014916: ovldiag_ensure: (ovl_write_iter+0xaf/0x130 <- ovl_ensure_upper_and_switch) result=0x0
              dd-7110    [000] .....    18.014927: ovldiag_write: (ovl_write_iter+0x10c/0x130 <- backing_file_write_iter) result=0x1000
             cat-7115    [000] .....    18.017128: ovldiag_open: (ovl_open+0xb2/0x100 <- ovl_open_realfile) result=0xffff888005dca300
              dd-7116    [001] .....    18.018032: ovldiag_open: (ovl_open+0xb2/0x100 <- ovl_open_realfile) result=0xffff88800715d000
              dd-7116    [001] .....    18.018055: ovldiag_ensure: (ovl_write_iter+0xaf/0x130 <- ovl_ensure_upper_and_switch) result=0x0
              dd-7116    [001] .....    18.018097: ovldiag_write: (ovl_write_iter+0x10c/0x130 <- backing_file_write_iter) result=0x1000
             cat-7117    [000] .....    18.019741: ovldiag_open: (ovl_open+0xb2/0x100 <- ovl_open_realfile) result=0xffff88800dcefc00
              dd-7120    [001] .....    18.020298: ovldiag_open: (ovl_open+0xb2/0x100 <- ovl_open_realfile) result=0xffff8880089ddf00
              dd-7120    [001] .....    18.020322: ovldiag_ensure: (ovl_write_iter+0xaf/0x130 <- ovl_ensure_upper_and_switch) result=0x0
              dd-7120    [001] .....    18.020338: ovldiag_write: (ovl_write_iter+0x10c/0x130 <- backing_file_write_iter) result=0x1000
             cat-7121    [001] .....    18.021459: ovldiag_open: (ovl_open+0xb2/0x100 <- ovl_open_realfile) result=0xffff88800de80600
             cat-7127    [001] .....    18.024020: ovldiag_open: (ovl_open+0xb2/0x100 <- ovl_open_realfile) result=0xffff888007256d00
              dd-7131    [000] .....    18.027428: ovldiag_open: (ovl_open+0xb2/0x100 <- ovl_open_realfile) result=0xffff88800deeaa00
              dd-7131    [000] .....    18.027459: ovldiag_ensure: (ovl_write_iter+0xaf/0x130 <- ovl_ensure_upper_and_switch) result=0x0
              dd-7131    [000] .....    18.027469: ovldiag_write: (ovl_write_iter+0x10c/0x130 <- backing_file_write_iter) result=0x1000
              dd-7133    [001] .....    18.028064: ovldiag_open: (ovl_open+0xb2/0x100 <- ovl_open_realfile) result=0xffff888005c89200
              dd-7133    [001] .....    18.028110: ovldiag_ensure: (ovl_write_iter+0xaf/0x130 <- ovl_ensure_upper_and_switch) result=0x0
              dd-7133    [001] .....    18.028126: ovldiag_write: (ovl_write_iter+0x10c/0x130 <- backing_file_write_iter) result=0x1000
             cat-7132    [000] .....    18.028284: ovldiag_open: (ovl_open+0xb2/0x100 <- ovl_open_realfile) result=0xffff8880043cc600
             cat-7137    [000] .....    18.030838: ovldiag_open: (ovl_open+0xb2/0x100 <- ovl_open_realfile) result=0xffff88800461b000
              dd-7139    [001] .....    18.031183: ovldiag_open: (ovl_open+0xb2/0x100 <- ovl_open_realfile) result=0xffff888005cb3c00
              dd-7139    [001] .....    18.031209: ovldiag_ensure: (ovl_write_iter+0xaf/0x130 <- ovl_ensure_upper_and_switch) result=0x0
              dd-7139    [001] .....    18.031224: ovldiag_write: (ovl_write_iter+0x10c/0x130 <- backing_file_write_iter) result=0x1000
             cat-7138    [000] .....    18.031685: ovldiag_open: (ovl_open+0xb2/0x100 <- ovl_open_realfile) result=0xffff88800dd0a000
             cat-7143    [000] .....    18.033771: ovldiag_open: (ovl_open+0xb2/0x100 <- ovl_open_realfile) result=0xffff88800d566f00
              dd-7145    [001] .....    18.034646: ovldiag_open: (ovl_open+0xb2/0x100 <- ovl_open_realfile) result=0xffff888005d64200
              dd-7145    [001] .....    18.034668: ovldiag_ensure: (ovl_write_iter+0xaf/0x130 <- ovl_ensure_upper_and_switch) result=0x0
              dd-7145    [001] .....    18.034684: ovldiag_write: (ovl_write_iter+0x10c/0x130 <- backing_file_write_iter) result=0x1000
             cat-7151    [001] .....    18.038812: ovldiag_open: (ovl_open+0xb2/0x100 <- ovl_open_realfile) result=0xffff888003d44a00
              dd-7153    [001] .....    18.040432: ovldiag_open: (ovl_open+0xb2/0x100 <- ovl_open_realfile) result=0xffff888007256800
              dd-7153    [001] .....    18.040468: ovldiag_ensure: (ovl_write_iter+0xaf/0x130 <- ovl_ensure_upper_and_switch) result=0x0
              dd-7153    [001] .....    18.040483: ovldiag_write: (ovl_write_iter+0x10c/0x130 <- backing_file_write_iter) result=0x1000
             cat-7157    [001] .....    18.042113: ovldiag_open: (ovl_open+0xb2/0x100 <- ovl_open_realfile) result=0xffff8880073a9c00
              dd-7156    [000] .....    18.042595: ovldiag_open: (ovl_open+0xb2/0x100 <- ovl_open_realfile) result=0xffff8880072a6600
              dd-7156    [000] .....    18.042617: ovldiag_ensure: (ovl_write_iter+0xaf/0x130 <- ovl_ensure_upper_and_switch) result=0x0
              dd-7156    [000] .....    18.042629: ovldiag_write: (ovl_write_iter+0x10c/0x130 <- backing_file_write_iter) result=0x1000
             cat-7161    [000] .n...    18.044086: ovldiag_open: (ovl_open+0xb2/0x100 <- ovl_open_realfile) result=0xffff88800707b100
              dd-7159    [001] .....    18.044624: ovldiag_open: (ovl_open+0xb2/0x100 <- ovl_open_realfile) result=0xffff888005dc7800
              dd-7159    [001] .....    18.044650: ovldiag_ensure: (ovl_write_iter+0xaf/0x130 <- ovl_ensure_upper_and_switch) result=0x0
              dd-7159    [001] .....    18.044665: ovldiag_write: (ovl_write_iter+0x10c/0x130 <- backing_file_write_iter) result=0x1000
             cat-7160    [001] .....    18.045580: ovldiag_open: (ovl_open+0xb2/0x100 <- ovl_open_realfile) result=0xffff8880044a8f00
             cat-7167    [000] .....    18.047836: ovldiag_open: (ovl_open+0xb2/0x100 <- ovl_open_realfile) result=0xffff888007248400
              dd-7169    [000] .....    18.049446: ovldiag_open: (ovl_open+0xb2/0x100 <- ovl_open_realfile) result=0xffff88800724ef00
              dd-7169    [000] .....    18.049468: ovldiag_ensure: (ovl_write_iter+0xaf/0x130 <- ovl_ensure_upper_and_switch) result=0x0
              dd-7169    [000] .....    18.049477: ovldiag_write: (ovl_write_iter+0x10c/0x130 <- backing_file_write_iter) result=0x1000
              dd-7174    [000] .....    18.052928: ovldiag_open: (ovl_open+0xb2/0x100 <- ovl_open_realfile) result=0xffff8880043a2200
              dd-7174    [000] .....    18.052951: ovldiag_ensure: (ovl_write_iter+0xaf/0x130 <- ovl_ensure_upper_and_switch) result=0x0
              dd-7174    [000] .....    18.052962: ovldiag_write: (ovl_write_iter+0x10c/0x130 <- backing_file_write_iter) result=0x1000
             cat-7175    [001] .....    18.053564: ovldiag_open: (ovl_open+0xb2/0x100 <- ovl_open_realfile) result=0xffff8880072d8200
             cat-7178    [000] .....    18.054973: ovldiag_open: (ovl_open+0xb2/0x100 <- ovl_open_realfile) result=0xffff88800457b600
              dd-7180    [000] .....    18.056184: ovldiag_open: (ovl_open+0xb2/0x100 <- ovl_open_realfile) result=0xffff888007256e00
              dd-7180    [000] .....    18.056206: ovldiag_ensure: (ovl_write_iter+0xaf/0x130 <- ovl_ensure_upper_and_switch) result=0x0
              dd-7180    [000] .....    18.056219: ovldiag_write: (ovl_write_iter+0x10c/0x130 <- backing_file_write_iter) result=0x1000
             cat-7182    [001] .....    18.056861: ovldiag_open: (ovl_open+0xb2/0x100 <- ovl_open_realfile) result=0xffff88800dee9600
             cat-7183    [001] .....    18.059291: ovldiag_open: (ovl_open+0xb2/0x100 <- ovl_open_realfile) result=0xffff8880044a1800
              dd-7187    [000] .....    18.060052: ovldiag_open: (ovl_open+0xb2/0x100 <- ovl_open_realfile) result=0xffff88800d566d00
              dd-7187    [000] .....    18.060145: ovldiag_ensure: (ovl_write_iter+0xaf/0x130 <- ovl_ensure_upper_and_switch) result=0x0
              dd-7187    [000] .....    18.060157: ovldiag_write: (ovl_write_iter+0x10c/0x130 <- backing_file_write_iter) result=0x1000
              dd-7191    [000] .....    18.061459: ovldiag_open: (ovl_open+0xb2/0x100 <- ovl_open_realfile) result=0xffff888005ccba00
              dd-7191    [000] .....    18.061481: ovldiag_ensure: (ovl_write_iter+0xaf/0x130 <- ovl_ensure_upper_and_switch) result=0x0
              dd-7191    [000] .....    18.061493: ovldiag_write: (ovl_write_iter+0x10c/0x130 <- backing_file_write_iter) result=0x1000
             cat-7194    [001] .....    18.063497: ovldiag_open: (ovl_open+0xb2/0x100 <- ovl_open_realfile) result=0xffff8880044a8400
              dd-7196    [000] .....    18.065291: ovldiag_open: (ovl_open+0xb2/0x100 <- ovl_open_realfile) result=0xffff8880043cc400
              dd-7196    [000] .....    18.065310: ovldiag_ensure: (ovl_write_iter+0xaf/0x130 <- ovl_ensure_upper_and_switch) result=0x0
              dd-7196    [000] .....    18.065320: ovldiag_write: (ovl_write_iter+0x10c/0x130 <- backing_file_write_iter) result=0x1000
             cat-7197    [001] .....    18.065763: ovldiag_open: (ovl_open+0xb2/0x100 <- ovl_open_realfile) result=0xffff88800736eb00
             cat-7201    [001] .....    18.067711: ovldiag_open: (ovl_open+0xb2/0x100 <- ovl_open_realfile) result=0xffff888005d46b00
             cat-7204    [000] .....    18.069630: ovldiag_open: (ovl_open+0xb2/0x100 <- ovl_open_realfile) result=0xffff88800d756100
              dd-7206    [001] .....    18.070834: ovldiag_open: (ovl_open+0xb2/0x100 <- ovl_open_realfile) result=0xffff888004619100
              dd-7206    [001] .....    18.070857: ovldiag_ensure: (ovl_write_iter+0xaf/0x130 <- ovl_ensure_upper_and_switch) result=0x0
              dd-7206    [001] .....    18.070872: ovldiag_write: (ovl_write_iter+0x10c/0x130 <- backing_file_write_iter) result=0x1000
             cat-7210    [001] .....    18.073189: ovldiag_open: (ovl_open+0xb2/0x100 <- ovl_open_realfile) result=0xffff888005d64200
              dd-7212    [000] .....    18.073731: ovldiag_open: (ovl_open+0xb2/0x100 <- ovl_open_realfile) result=0xffff8880043cc600
              dd-7212    [000] .....    18.073753: ovldiag_ensure: (ovl_write_iter+0xaf/0x130 <- ovl_ensure_upper_and_switch) result=0x0
              dd-7212    [000] .....    18.073764: ovldiag_write: (ovl_write_iter+0x10c/0x130 <- backing_file_write_iter) result=0x1000
              dd-7211    [001] .....    18.074111: ovldiag_open: (ovl_open+0xb2/0x100 <- ovl_open_realfile) result=0xffff88800457b600
              dd-7211    [001] .....    18.074134: ovldiag_ensure: (ovl_write_iter+0xaf/0x130 <- ovl_ensure_upper_and_switch) result=0x0
              dd-7211    [001] .....    18.074151: ovldiag_write: (ovl_write_iter+0x10c/0x130 <- backing_file_write_iter) result=0x1000
             cat-7214    [000] .....    18.075628: ovldiag_open: (ovl_open+0xb2/0x100 <- ovl_open_realfile) result=0xffff888005cb3b00
             cat-7218    [001] .....    18.077600: ovldiag_open: (ovl_open+0xb2/0x100 <- ovl_open_realfile) result=0xffff88800d575f00
              dd-7220    [000] .....    18.078970: ovldiag_open: (ovl_open+0xb2/0x100 <- ovl_open_realfile) result=0xffff888005d64a00
              dd-7220    [000] .....    18.078991: ovldiag_ensure: (ovl_write_iter+0xaf/0x130 <- ovl_ensure_upper_and_switch) result=0x0
              dd-7220    [000] .....    18.079002: ovldiag_write: (ovl_write_iter+0x10c/0x130 <- backing_file_write_iter) result=0x1000
             cat-7223    [001] .....    18.080981: ovldiag_open: (ovl_open+0xb2/0x100 <- ovl_open_realfile) result=0xffff88800715d800
              dd-7227    [000] .....    18.083274: ovldiag_open: (ovl_open+0xb2/0x100 <- ovl_open_realfile) result=0xffff888005d40400
              dd-7227    [000] .....    18.083294: ovldiag_ensure: (ovl_write_iter+0xaf/0x130 <- ovl_ensure_upper_and_switch) result=0x0
              dd-7227    [000] .....    18.083304: ovldiag_write: (ovl_write_iter+0x10c/0x130 <- backing_file_write_iter) result=0x1000
             cat-7230    [001] .....    18.084431: ovldiag_open: (ovl_open+0xb2/0x100 <- ovl_open_realfile) result=0xffff888007248b00
              dd-7232    [000] .....    18.086514: ovldiag_open: (ovl_open+0xb2/0x100 <- ovl_open_realfile) result=0xffff888005cf1000
              dd-7232    [000] .....    18.086536: ovldiag_ensure: (ovl_write_iter+0xaf/0x130 <- ovl_ensure_upper_and_switch) result=0x0
              dd-7232    [000] .....    18.086546: ovldiag_write: (ovl_write_iter+0x10c/0x130 <- backing_file_write_iter) result=0x1000
             cat-7235    [001] .....    18.086983: ovldiag_open: (ovl_open+0xb2/0x100 <- ovl_open_realfile) result=0xffff88800dd2bb00
             cat-7233    [000] .....    18.087853: ovldiag_open: (ovl_open+0xb2/0x100 <- ovl_open_realfile) result=0xffff8880073a9000
              dd-7237    [001] .....    18.088453: ovldiag_open: (ovl_open+0xb2/0x100 <- ovl_open_realfile) result=0xffff888005dca600
              dd-7237    [001] .....    18.088477: ovldiag_ensure: (ovl_write_iter+0xaf/0x130 <- ovl_ensure_upper_and_switch) result=0x0
              dd-7237    [001] .....    18.088493: ovldiag_write: (ovl_write_iter+0x10c/0x130 <- backing_file_write_iter) result=0x1000
             cat-7241    [000] .....    18.091174: ovldiag_open: (ovl_open+0xb2/0x100 <- ovl_open_realfile) result=0xffff8880073a8800
              dd-7243    [000] .....    18.092314: ovldiag_open: (ovl_open+0xb2/0x100 <- ovl_open_realfile) result=0xffff8880072d8800
              dd-7243    [000] .....    18.092335: ovldiag_ensure: (ovl_write_iter+0xaf/0x130 <- ovl_ensure_upper_and_switch) result=0x0
              dd-7243    [000] .....    18.092345: ovldiag_write: (ovl_write_iter+0x10c/0x130 <- backing_file_write_iter) result=0x1000
             cat-7248    [001] .....    18.095061: ovldiag_open: (ovl_open+0xb2/0x100 <- ovl_open_realfile) result=0xffff88800dc79f00
              dd-7249    [000] .....    18.095757: ovldiag_open: (ovl_open+0xb2/0x100 <- ovl_open_realfile) result=0xffff88800d724c00
              dd-7249    [000] .....    18.095776: ovldiag_ensure: (ovl_write_iter+0xaf/0x130 <- ovl_ensure_upper_and_switch) result=0x0
              dd-7249    [000] .....    18.095786: ovldiag_write: (ovl_write_iter+0x10c/0x130 <- backing_file_write_iter) result=0x1000
             cat-7253    [000] .....    18.097972: ovldiag_open: (ovl_open+0xb2/0x100 <- ovl_open_realfile) result=0xffff8880047ffa00
             cat-7255    [001] .....    18.099194: ovldiag_open: (ovl_open+0xb2/0x100 <- ovl_open_realfile) result=0xffff88800d5bf200
              dd-7258    [001] .....    18.100849: ovldiag_open: (ovl_open+0xb2/0x100 <- ovl_open_realfile) result=0xffff8880043a2c00
              dd-7258    [001] .....    18.100876: ovldiag_ensure: (ovl_write_iter+0xaf/0x130 <- ovl_ensure_upper_and_switch) result=0x0
              dd-7258    [001] .....    18.100891: ovldiag_write: (ovl_write_iter+0x10c/0x130 <- backing_file_write_iter) result=0x1000
             cat-7259    [000] .....    18.101471: ovldiag_open: (ovl_open+0xb2/0x100 <- ovl_open_realfile) result=0xffff888005c89e00
              dd-7261    [001] .....    18.102952: ovldiag_open: (ovl_open+0xb2/0x100 <- ovl_open_realfile) result=0xffff88800707b400
              dd-7261    [001] .....    18.102974: ovldiag_ensure: (ovl_write_iter+0xaf/0x130 <- ovl_ensure_upper_and_switch) result=0x0
              dd-7261    [001] .....    18.102990: ovldiag_write: (ovl_write_iter+0x10c/0x130 <- backing_file_write_iter) result=0x1000
              dd-7264    [000] .....    18.104650: ovldiag_open: (ovl_open+0xb2/0x100 <- ovl_open_realfile) result=0xffff88800453eb00
              dd-7264    [000] .....    18.104672: ovldiag_ensure: (ovl_write_iter+0xaf/0x130 <- ovl_ensure_upper_and_switch) result=0x0
              dd-7264    [000] .....    18.104683: ovldiag_write: (ovl_write_iter+0x10c/0x130 <- backing_file_write_iter) result=0x1000
             cat-7267    [001] .....    18.106033: ovldiag_open: (ovl_open+0xb2/0x100 <- ovl_open_realfile) result=0xffff88800736ed00
             cat-7270    [000] .....    18.107327: ovldiag_open: (ovl_open+0xb2/0x100 <- ovl_open_realfile) result=0xffff88800d5ad900
              dd-7272    [000] .....    18.108698: ovldiag_open: (ovl_open+0xb2/0x100 <- ovl_open_realfile) result=0xffff88800df30900
              dd-7272    [000] .....    18.108718: ovldiag_ensure: (ovl_write_iter+0xaf/0x130 <- ovl_ensure_upper_and_switch) result=0x0
              dd-7272    [000] .....    18.108729: ovldiag_write: (ovl_write_iter+0x10c/0x130 <- backing_file_write_iter) result=0x1000
             cat-7277    [001] .....    18.110821: ovldiag_open: (ovl_open+0xb2/0x100 <- ovl_open_realfile) result=0xffff8880043a2b00
             cat-7276    [000] .....    18.111419: ovldiag_open: (ovl_open+0xb2/0x100 <- ovl_open_realfile) result=0xffff88800dc91600
             cat-7282    [000] .....    18.114414: ovldiag_open: (ovl_open+0xb2/0x100 <- ovl_open_realfile) result=0xffff88800715df00
              dd-7284    [001] .....    18.116011: ovldiag_open: (ovl_open+0xb2/0x100 <- ovl_open_realfile) result=0xffff8880044a8f00
              dd-7284    [001] .....    18.116033: ovldiag_ensure: (ovl_write_iter+0xaf/0x130 <- ovl_ensure_upper_and_switch) result=0x0
              dd-7284    [001] .....    18.116047: ovldiag_write: (ovl_write_iter+0x10c/0x130 <- backing_file_write_iter) result=0x1000
              dd-7285    [000] .....    18.116779: ovldiag_open: (ovl_open+0xb2/0x100 <- ovl_open_realfile) result=0xffff88800461be00
              dd-7285    [000] .....    18.116800: ovldiag_ensure: (ovl_write_iter+0xaf/0x130 <- ovl_ensure_upper_and_switch) result=0x0
              dd-7285    [000] .....    18.116810: ovldiag_write: (ovl_write_iter+0x10c/0x130 <- backing_file_write_iter) result=0x1000
              dd-7289    [000] .....    18.118938: ovldiag_open: (ovl_open+0xb2/0x100 <- ovl_open_realfile) result=0xffff88800dcef500
              dd-7289    [000] .....    18.118957: ovldiag_ensure: (ovl_write_iter+0xaf/0x130 <- ovl_ensure_upper_and_switch) result=0x0
              dd-7289    [000] .....    18.118968: ovldiag_write: (ovl_write_iter+0x10c/0x130 <- backing_file_write_iter) result=0x1000
             cat-7291    [001] .....    18.120039: ovldiag_open: (ovl_open+0xb2/0x100 <- ovl_open_realfile) result=0xffff88800d449e00
             cat-7290    [001] .....    18.120119: ovldiag_open: (ovl_open+0xb2/0x100 <- ovl_open_realfile) result=0xffff888007160200
             cat-7292    [000] .....    18.121029: ovldiag_open: (ovl_open+0xb2/0x100 <- ovl_open_realfile) result=0xffff888005dcaf00
              dd-7296    [000] .....    18.122081: ovldiag_open: (ovl_open+0xb2/0x100 <- ovl_open_realfile) result=0xffff888005c89500
              dd-7296    [000] .....    18.122103: ovldiag_ensure: (ovl_write_iter+0xaf/0x130 <- ovl_ensure_upper_and_switch) result=0x0
              dd-7296    [000] .n...    18.122112: ovldiag_write: (ovl_write_iter+0x10c/0x130 <- backing_file_write_iter) result=0x1000
             cat-7301    [001] .....    18.124852: ovldiag_open: (ovl_open+0xb2/0x100 <- ovl_open_realfile) result=0xffff88800de5e800
              dd-7305    [000] .....    18.128972: ovldiag_open: (ovl_open+0xb2/0x100 <- ovl_open_realfile) result=0xffff888005c89900
              dd-7305    [000] .....    18.128993: ovldiag_ensure: (ovl_write_iter+0xaf/0x130 <- ovl_ensure_upper_and_switch) result=0x0
              dd-7305    [000] .....    18.129005: ovldiag_write: (ovl_write_iter+0x10c/0x130 <- backing_file_write_iter) result=0x1000
              dd-7306    [001] .....    18.129182: ovldiag_open: (ovl_open+0xb2/0x100 <- ovl_open_realfile) result=0xffff888005cb3200
              dd-7306    [001] .....    18.129204: ovldiag_ensure: (ovl_write_iter+0xaf/0x130 <- ovl_ensure_upper_and_switch) result=0x0
              dd-7306    [001] .....    18.129222: ovldiag_write: (ovl_write_iter+0x10c/0x130 <- backing_file_write_iter) result=0x1000
             cat-7308    [001] .....    18.130424: ovldiag_open: (ovl_open+0xb2/0x100 <- ovl_open_realfile) result=0xffff888005c8c600
             cat-7309    [000] .....    18.130449: ovldiag_open: (ovl_open+0xb2/0x100 <- ovl_open_realfile) result=0xffff88800715d300
             cat-7313    [001] .....    18.133192: ovldiag_open: (ovl_open+0xb2/0x100 <- ovl_open_realfile) result=0xffff888007160000
              dd-7314    [000] .....    18.134033: ovldiag_open: (ovl_open+0xb2/0x100 <- ovl_open_realfile) result=0xffff88800dd26f00
              dd-7314    [000] .....    18.134054: ovldiag_ensure: (ovl_write_iter+0xaf/0x130 <- ovl_ensure_upper_and_switch) result=0x0
              dd-7314    [000] .....    18.134064: ovldiag_write: (ovl_write_iter+0x10c/0x130 <- backing_file_write_iter) result=0x1000
             cat-7316    [001] .....    18.135654: ovldiag_open: (ovl_open+0xb2/0x100 <- ovl_open_realfile) result=0xffff888005c8ce00
              dd-7322    [000] .....    18.138097: ovldiag_open: (ovl_open+0xb2/0x100 <- ovl_open_realfile) result=0xffff88800893c700
              dd-7322    [000] .....    18.138117: ovldiag_ensure: (ovl_write_iter+0xaf/0x130 <- ovl_ensure_upper_and_switch) result=0x0
              dd-7322    [000] .....    18.138127: ovldiag_write: (ovl_write_iter+0x10c/0x130 <- backing_file_write_iter) result=0x1000
             cat-7325    [001] .....    18.140871: ovldiag_open: (ovl_open+0xb2/0x100 <- ovl_open_realfile) result=0xffff888007256400
             cat-7326    [000] .....    18.141833: ovldiag_open: (ovl_open+0xb2/0x100 <- ovl_open_realfile) result=0xffff888005c8c500
              dd-7330    [001] .....    18.144728: ovldiag_open: (ovl_open+0xb2/0x100 <- ovl_open_realfile) result=0xffff888007160400
              dd-7330    [001] .....    18.144753: ovldiag_ensure: (ovl_write_iter+0xaf/0x130 <- ovl_ensure_upper_and_switch) result=0x0
              dd-7330    [001] .....    18.144770: ovldiag_write: (ovl_write_iter+0x10c/0x130 <- backing_file_write_iter) result=0x1000
             cat-7331    [000] .....    18.145269: ovldiag_open: (ovl_open+0xb2/0x100 <- ovl_open_realfile) result=0xffff88800707b900
              dd-7332    [001] .....    18.145678: ovldiag_open: (ovl_open+0xb2/0x100 <- ovl_open_realfile) result=0xffff8880089dd000
              dd-7332    [001] .....    18.145697: ovldiag_ensure: (ovl_write_iter+0xaf/0x130 <- ovl_ensure_upper_and_switch) result=0x0
              dd-7332    [001] .....    18.145710: ovldiag_write: (ovl_write_iter+0x10c/0x130 <- backing_file_write_iter) result=0x1000
             cat-7333    [000] .....    18.146702: ovldiag_open: (ovl_open+0xb2/0x100 <- ovl_open_realfile) result=0xffff888005d46100
              dd-7339    [000] .....    18.148230: ovldiag_open: (ovl_open+0xb2/0x100 <- ovl_open_realfile) result=0xffff88800dceff00
              dd-7339    [000] .....    18.148252: ovldiag_ensure: (ovl_write_iter+0xaf/0x130 <- ovl_ensure_upper_and_switch) result=0x0
              dd-7339    [000] .....    18.148262: ovldiag_write: (ovl_write_iter+0x10c/0x130 <- backing_file_write_iter) result=0x1000
             cat-7342    [000] .....    18.151721: ovldiag_open: (ovl_open+0xb2/0x100 <- ovl_open_realfile) result=0xffff88800d69d400
              dd-7343    [001] .....    18.152358: ovldiag_open: (ovl_open+0xb2/0x100 <- ovl_open_realfile) result=0xffff88800abbd100
              dd-7343    [001] .....    18.152383: ovldiag_ensure: (ovl_write_iter+0xaf/0x130 <- ovl_ensure_upper_and_switch) result=0x0
              dd-7343    [001] .....    18.152397: ovldiag_write: (ovl_write_iter+0x10c/0x130 <- backing_file_write_iter) result=0x1000
             cat-7347    [001] .....    18.153825: ovldiag_open: (ovl_open+0xb2/0x100 <- ovl_open_realfile) result=0xffff8880072d8a00
             cat-7350    [001] .....    18.156307: ovldiag_open: (ovl_open+0xb2/0x100 <- ovl_open_realfile) result=0xffff88800dd96a00
              dd-7355    [000] .....    18.159034: ovldiag_open: (ovl_open+0xb2/0x100 <- ovl_open_realfile) result=0xffff8880072d8d00
              dd-7355    [000] .....    18.159053: ovldiag_ensure: (ovl_write_iter+0xaf/0x130 <- ovl_ensure_upper_and_switch) result=0x0
              dd-7355    [000] .....    18.159065: ovldiag_write: (ovl_write_iter+0x10c/0x130 <- backing_file_write_iter) result=0x1000
             cat-7356    [001] .....    18.159720: ovldiag_open: (ovl_open+0xb2/0x100 <- ovl_open_realfile) result=0xffff888005e68900
              dd-7359    [001] .....    18.161294: ovldiag_open: (ovl_open+0xb2/0x100 <- ovl_open_realfile) result=0xffff888007160600
              dd-7360    [001] .....    18.161975: ovldiag_open: (ovl_open+0xb2/0x100 <- ovl_open_realfile) result=0xffff888005ccba00
              dd-7360    [001] .....    18.161999: ovldiag_ensure: (ovl_write_iter+0xaf/0x130 <- ovl_ensure_upper_and_switch) result=0x0
              dd-7360    [001] .....    18.162015: ovldiag_write: (ovl_write_iter+0x10c/0x130 <- backing_file_write_iter) result=0x1000
              dd-7359    [001] .....    18.162163: ovldiag_ensure: (ovl_write_iter+0xaf/0x130 <- ovl_ensure_upper_and_switch) result=0x0
              dd-7359    [001] .....    18.162170: ovldiag_write: (ovl_write_iter+0x10c/0x130 <- backing_file_write_iter) result=0x1000
             cat-7362    [001] .....    18.163559: ovldiag_open: (ovl_open+0xb2/0x100 <- ovl_open_realfile) result=0xffff8880043a2d00
             cat-7361    [000] .....    18.164141: ovldiag_open: (ovl_open+0xb2/0x100 <- ovl_open_realfile) result=0xffff88800700f100
             cat-7368    [000] .....    18.166464: ovldiag_open: (ovl_open+0xb2/0x100 <- ovl_open_realfile) result=0xffff8880073a8000
              dd-7369    [001] .....    18.167267: ovldiag_open: (ovl_open+0xb2/0x100 <- ovl_open_realfile) result=0xffff88800dd71500
              dd-7369    [001] .....    18.167294: ovldiag_ensure: (ovl_write_iter+0xaf/0x130 <- ovl_ensure_upper_and_switch) result=0x0
              dd-7369    [001] .....    18.167309: ovldiag_write: (ovl_write_iter+0x10c/0x130 <- backing_file_write_iter) result=0x1000
              dd-7375    [000] .....    18.171194: ovldiag_open: (ovl_open+0xb2/0x100 <- ovl_open_realfile) result=0xffff8880072a6e00
              dd-7375    [000] .....    18.171216: ovldiag_ensure: (ovl_write_iter+0xaf/0x130 <- ovl_ensure_upper_and_switch) result=0x0
              dd-7375    [000] .....    18.171230: ovldiag_write: (ovl_write_iter+0x10c/0x130 <- backing_file_write_iter) result=0x1000
             cat-7376    [001] .....    18.171635: ovldiag_open: (ovl_open+0xb2/0x100 <- ovl_open_realfile) result=0xffff888005c8c300
              dd-7380    [001] .....    18.174859: ovldiag_open: (ovl_open+0xb2/0x100 <- ovl_open_realfile) result=0xffff88800457bb00
              dd-7380    [001] .....    18.174884: ovldiag_ensure: (ovl_write_iter+0xaf/0x130 <- ovl_ensure_upper_and_switch) result=0x0
              dd-7380    [001] .....    18.174899: ovldiag_write: (ovl_write_iter+0x10c/0x130 <- backing_file_write_iter) result=0x1000
             cat-7382    [000] .....    18.175296: ovldiag_open: (ovl_open+0xb2/0x100 <- ovl_open_realfile) result=0xffff8880073a9000
             cat-7381    [001] .....    18.175815: ovldiag_open: (ovl_open+0xb2/0x100 <- ovl_open_realfile) result=0xffff888007058e00
              dd-7386    [000] .....    18.178458: ovldiag_open: (ovl_open+0xb2/0x100 <- ovl_open_realfile) result=0xffff888005d64300
              dd-7386    [000] .....    18.178482: ovldiag_ensure: (ovl_write_iter+0xaf/0x130 <- ovl_ensure_upper_and_switch) result=0x0
             cat-7387    [001] .....    18.178485: ovldiag_open: (ovl_open+0xb2/0x100 <- ovl_open_realfile) result=0xffff888005c89200
              dd-7386    [000] .....    18.178493: ovldiag_write: (ovl_write_iter+0x10c/0x130 <- backing_file_write_iter) result=0x1000
              dd-7392    [001] .....    18.181788: ovldiag_open: (ovl_open+0xb2/0x100 <- ovl_open_realfile) result=0xffff888005cb3000
              dd-7392    [001] .....    18.181814: ovldiag_ensure: (ovl_write_iter+0xaf/0x130 <- ovl_ensure_upper_and_switch) result=0x0
              dd-7392    [001] .....    18.181831: ovldiag_write: (ovl_write_iter+0x10c/0x130 <- backing_file_write_iter) result=0x1000
             cat-7393    [000] .....    18.181852: ovldiag_open: (ovl_open+0xb2/0x100 <- ovl_open_realfile) result=0xffff8880089dd800
              dd-7397    [000] .....    18.184581: ovldiag_open: (ovl_open+0xb2/0x100 <- ovl_open_realfile) result=0xffff88800dd6fa00
              dd-7397    [000] .....    18.184601: ovldiag_ensure: (ovl_write_iter+0xaf/0x130 <- ovl_ensure_upper_and_switch) result=0x0
              dd-7397    [000] .....    18.184612: ovldiag_write: (ovl_write_iter+0x10c/0x130 <- backing_file_write_iter) result=0x1000
             cat-7400    [000] .....    18.185967: ovldiag_open: (ovl_open+0xb2/0x100 <- ovl_open_realfile) result=0xffff88800de81400
             cat-7401    [001] .....    18.186513: ovldiag_open: (ovl_open+0xb2/0x100 <- ovl_open_realfile) result=0xffff888004619200
             cat-7406    [000] .....    18.189228: ovldiag_open: (ovl_open+0xb2/0x100 <- ovl_open_realfile) result=0xffff8880073aa600
              dd-7407    [000] .....    18.190154: ovldiag_open: (ovl_open+0xb2/0x100 <- ovl_open_realfile) result=0xffff888007256b00
              dd-7407    [000] .....    18.190175: ovldiag_ensure: (ovl_write_iter+0xaf/0x130 <- ovl_ensure_upper_and_switch) result=0x0
              dd-7407    [000] .....    18.190186: ovldiag_write: (ovl_write_iter+0x10c/0x130 <- backing_file_write_iter) result=0x1000
             cat-7408    [001] .....    18.190466: ovldiag_open: (ovl_open+0xb2/0x100 <- ovl_open_realfile) result=0xffff888007162a00
              dd-7412    [001] .....    18.192066: ovldiag_open: (ovl_open+0xb2/0x100 <- ovl_open_realfile) result=0xffff8880043cc900
              dd-7412    [001] .....    18.192159: ovldiag_ensure: (ovl_write_iter+0xaf/0x130 <- ovl_ensure_upper_and_switch) result=0x0
              dd-7412    [001] .....    18.192176: ovldiag_write: (ovl_write_iter+0x10c/0x130 <- backing_file_write_iter) result=0x1000
             cat-7415    [001] .....    18.194636: ovldiag_open: (ovl_open+0xb2/0x100 <- ovl_open_realfile) result=0xffff88800707bb00
              dd-7418    [001] .....    18.196035: ovldiag_open: (ovl_open+0xb2/0x100 <- ovl_open_realfile) result=0xffff8880072a6f00
              dd-7418    [001] .....    18.196061: ovldiag_ensure: (ovl_write_iter+0xaf/0x130 <- ovl_ensure_upper_and_switch) result=0x0
              dd-7418    [001] .....    18.196097: ovldiag_write: (ovl_write_iter+0x10c/0x130 <- backing_file_write_iter) result=0x1000
             cat-7419    [001] .....    18.196927: ovldiag_open: (ovl_open+0xb2/0x100 <- ovl_open_realfile) result=0xffff88800dc16300
              dd-7421    [000] .....    18.197671: ovldiag_open: (ovl_open+0xb2/0x100 <- ovl_open_realfile) result=0xffff88800457b800
              dd-7421    [000] .....    18.197691: ovldiag_ensure: (ovl_write_iter+0xaf/0x130 <- ovl_ensure_upper_and_switch) result=0x0
              dd-7421    [000] .....    18.197701: ovldiag_write: (ovl_write_iter+0x10c/0x130 <- backing_file_write_iter) result=0x1000
             cat-7425    [001] .....    18.200186: ovldiag_open: (ovl_open+0xb2/0x100 <- ovl_open_realfile) result=0xffff88800453e100
             cat-7427    [000] .....    18.200971: ovldiag_open: (ovl_open+0xb2/0x100 <- ovl_open_realfile) result=0xffff888007160b00
              dd-7431    [001] .....    18.203968: ovldiag_open: (ovl_open+0xb2/0x100 <- ovl_open_realfile) result=0xffff888005c8ca00
              dd-7431    [001] .....    18.203995: ovldiag_ensure: (ovl_write_iter+0xaf/0x130 <- ovl_ensure_upper_and_switch) result=0x0
              dd-7431    [001] .....    18.204010: ovldiag_write: (ovl_write_iter+0x10c/0x130 <- backing_file_write_iter) result=0x1000
              dd-7433    [001] .....    18.205353: ovldiag_open: (ovl_open+0xb2/0x100 <- ovl_open_realfile) result=0xffff888007162400
              dd-7433    [001] .....    18.205374: ovldiag_ensure: (ovl_write_iter+0xaf/0x130 <- ovl_ensure_upper_and_switch) result=0x0
              dd-7433    [001] .....    18.205389: ovldiag_write: (ovl_write_iter+0x10c/0x130 <- backing_file_write_iter) result=0x1000
             cat-7434    [000] .....    18.205627: ovldiag_open: (ovl_open+0xb2/0x100 <- ovl_open_realfile) result=0xffff88800715df00
             cat-7438    [001] .....    18.207514: ovldiag_open: (ovl_open+0xb2/0x100 <- ovl_open_realfile) result=0xffff8880043e0e00
              dd-7441    [000] .....    18.209641: ovldiag_open: (ovl_open+0xb2/0x100 <- ovl_open_realfile) result=0xffff88800457b600
              dd-7441    [000] .....    18.209664: ovldiag_ensure: (ovl_write_iter+0xaf/0x130 <- ovl_ensure_upper_and_switch) result=0x0
              dd-7441    [000] .....    18.209674: ovldiag_write: (ovl_write_iter+0x10c/0x130 <- backing_file_write_iter) result=0x1000
              dd-7443    [001] .....    18.210827: ovldiag_open: (ovl_open+0xb2/0x100 <- ovl_open_realfile) result=0xffff88800736e200
              dd-7443    [001] .....    18.210851: ovldiag_ensure: (ovl_write_iter+0xaf/0x130 <- ovl_ensure_upper_and_switch) result=0x0
              dd-7443    [001] .....    18.210865: ovldiag_write: (ovl_write_iter+0x10c/0x130 <- backing_file_write_iter) result=0x1000
             cat-7446    [001] .....    18.211791: ovldiag_open: (ovl_open+0xb2/0x100 <- ovl_open_realfile) result=0xffff8880072d8900
             cat-7445    [000] .....    18.212362: ovldiag_open: (ovl_open+0xb2/0x100 <- ovl_open_realfile) result=0xffff8880043ccd00
             cat-7451    [000] .....    18.215007: ovldiag_open: (ovl_open+0xb2/0x100 <- ovl_open_realfile) result=0xffff88800457d100
             cat-7454    [001] .....    18.216939: ovldiag_open: (ovl_open+0xb2/0x100 <- ovl_open_realfile) result=0xffff8880043a2400
              dd-7456    [000] .....    18.218062: ovldiag_open: (ovl_open+0xb2/0x100 <- ovl_open_realfile) result=0xffff888003ebcc00
              dd-7456    [000] .....    18.218314: ovldiag_ensure: (ovl_write_iter+0xaf/0x130 <- ovl_ensure_upper_and_switch) result=0x0
              dd-7456    [000] .....    18.218327: ovldiag_write: (ovl_write_iter+0x10c/0x130 <- backing_file_write_iter) result=0x1000
              dd-7458    [000] .....    18.219270: ovldiag_open: (ovl_open+0xb2/0x100 <- ovl_open_realfile) result=0xffff8880047ffa00
              dd-7458    [000] .....    18.219290: ovldiag_ensure: (ovl_write_iter+0xaf/0x130 <- ovl_ensure_upper_and_switch) result=0x0
              dd-7458    [000] .....    18.219299: ovldiag_write: (ovl_write_iter+0x10c/0x130 <- backing_file_write_iter) result=0x1000
             cat-7462    [001] .....    18.221392: ovldiag_open: (ovl_open+0xb2/0x100 <- ovl_open_realfile) result=0xffff888007256800
             cat-7463    [000] .....    18.221727: ovldiag_open: (ovl_open+0xb2/0x100 <- ovl_open_realfile) result=0xffff888008a04700
              dd-7465    [000] .....    18.222890: ovldiag_open: (ovl_open+0xb2/0x100 <- ovl_open_realfile) result=0xffff888005c8c500
              dd-7465    [000] .....    18.222913: ovldiag_ensure: (ovl_write_iter+0xaf/0x130 <- ovl_ensure_upper_and_switch) result=0x0
              dd-7465    [000] .....    18.222922: ovldiag_write: (ovl_write_iter+0x10c/0x130 <- backing_file_write_iter) result=0x1000
              dd-7468    [001] .....    18.224733: ovldiag_open: (ovl_open+0xb2/0x100 <- ovl_open_realfile) result=0xffff888007248b00
              dd-7468    [001] .....    18.224759: ovldiag_ensure: (ovl_write_iter+0xaf/0x130 <- ovl_ensure_upper_and_switch) result=0x0
              dd-7468    [001] .....    18.224774: ovldiag_write: (ovl_write_iter+0x10c/0x130 <- backing_file_write_iter) result=0x1000
             cat-7470    [000] .....    18.226506: ovldiag_open: (ovl_open+0xb2/0x100 <- ovl_open_realfile) result=0xffff88800aaf2f00
             cat-7473    [001] .....    18.227428: ovldiag_open: (ovl_open+0xb2/0x100 <- ovl_open_realfile) result=0xffff88800457b900
              dd-7478    [001] .....    18.230656: ovldiag_open: (ovl_open+0xb2/0x100 <- ovl_open_realfile) result=0xffff888007160500
              dd-7478    [001] .....    18.230681: ovldiag_ensure: (ovl_write_iter+0xaf/0x130 <- ovl_ensure_upper_and_switch) result=0x0
              dd-7478    [001] .....    18.230695: ovldiag_write: (ovl_write_iter+0x10c/0x130 <- backing_file_write_iter) result=0x1000
              dd-7479    [000] .....    18.231361: ovldiag_open: (ovl_open+0xb2/0x100 <- ovl_open_realfile) result=0xffff88800724e600
              dd-7479    [000] .....    18.231381: ovldiag_ensure: (ovl_write_iter+0xaf/0x130 <- ovl_ensure_upper_and_switch) result=0x0
              dd-7479    [000] .....    18.231392: ovldiag_write: (ovl_write_iter+0x10c/0x130 <- backing_file_write_iter) result=0x1000
             cat-7482    [001] .....    18.232942: ovldiag_open: (ovl_open+0xb2/0x100 <- ovl_open_realfile) result=0xffff88800457dd00
             cat-7483    [000] .....    18.234012: ovldiag_open: (ovl_open+0xb2/0x100 <- ovl_open_realfile) result=0xffff888005cf1100
             cat-7485    [001] .....    18.235506: ovldiag_open: (ovl_open+0xb2/0x100 <- ovl_open_realfile) result=0xffff8880089ddf00
             cat-7490    [001] .....    18.237216: ovldiag_open: (ovl_open+0xb2/0x100 <- ovl_open_realfile) result=0xffff88800715d200
              dd-7491    [001] .....    18.238480: ovldiag_open: (ovl_open+0xb2/0x100 <- ovl_open_realfile) result=0xffff888005d64500
              dd-7491    [001] .....    18.238504: ovldiag_ensure: (ovl_write_iter+0xaf/0x130 <- ovl_ensure_upper_and_switch) result=0x0
              dd-7491    [001] .....    18.238519: ovldiag_write: (ovl_write_iter+0x10c/0x130 <- backing_file_write_iter) result=0x1000
              dd-7493    [000] .....    18.238999: ovldiag_open: (ovl_open+0xb2/0x100 <- ovl_open_realfile) result=0xffff8880073a9400
              dd-7493    [000] .....    18.239021: ovldiag_ensure: (ovl_write_iter+0xaf/0x130 <- ovl_ensure_upper_and_switch) result=0x0
              dd-7493    [000] .....    18.239031: ovldiag_write: (ovl_write_iter+0x10c/0x130 <- backing_file_write_iter) result=0x1000
             cat-7498    [000] .....    18.242686: ovldiag_open: (ovl_open+0xb2/0x100 <- ovl_open_realfile) result=0xffff8880044a1700
              dd-7499    [001] .....    18.243021: ovldiag_open: (ovl_open+0xb2/0x100 <- ovl_open_realfile) result=0xffff8880046d8900
              dd-7499    [001] .....    18.243047: ovldiag_ensure: (ovl_write_iter+0xaf/0x130 <- ovl_ensure_upper_and_switch) result=0x0
              dd-7499    [001] .....    18.243062: ovldiag_write: (ovl_write_iter+0x10c/0x130 <- backing_file_write_iter) result=0x1000
              dd-7502    [000] .....    18.244265: ovldiag_open: (ovl_open+0xb2/0x100 <- ovl_open_realfile) result=0xffff88800707b300
              dd-7502    [000] .....    18.244288: ovldiag_ensure: (ovl_write_iter+0xaf/0x130 <- ovl_ensure_upper_and_switch) result=0x0
              dd-7502    [000] .....    18.244299: ovldiag_write: (ovl_write_iter+0x10c/0x130 <- backing_file_write_iter) result=0x1000
             cat-7503    [000] .....    18.245312: ovldiag_open: (ovl_open+0xb2/0x100 <- ovl_open_realfile) result=0xffff8880043a2100
             cat-7507    [001] .....    18.247626: ovldiag_open: (ovl_open+0xb2/0x100 <- ovl_open_realfile) result=0xffff88800d664600
             cat-7508    [000] .....    18.247850: ovldiag_open: (ovl_open+0xb2/0x100 <- ovl_open_realfile) result=0xffff888004307100
             cat-7514    [000] .....    18.252506: ovldiag_open: (ovl_open+0xb2/0x100 <- ovl_open_realfile) result=0xffff888005d64f00
              dd-7515    [001] .....    18.252634: ovldiag_open: (ovl_open+0xb2/0x100 <- ovl_open_realfile) result=0xffff888005c89500
              dd-7515    [001] .....    18.252662: ovldiag_ensure: (ovl_write_iter+0xaf/0x130 <- ovl_ensure_upper_and_switch) result=0x0
              dd-7515    [001] .....    18.252678: ovldiag_write: (ovl_write_iter+0x10c/0x130 <- backing_file_write_iter) result=0x1000
              dd-7516    [000] .....    18.254287: ovldiag_open: (ovl_open+0xb2/0x100 <- ovl_open_realfile) result=0xffff88800453e500
              dd-7516    [000] .....    18.254307: ovldiag_ensure: (ovl_write_iter+0xaf/0x130 <- ovl_ensure_upper_and_switch) result=0x0
              dd-7516    [000] .....    18.254317: ovldiag_write: (ovl_write_iter+0x10c/0x130 <- backing_file_write_iter) result=0x1000
             cat-7521    [001] .....    18.256483: ovldiag_open: (ovl_open+0xb2/0x100 <- ovl_open_realfile) result=0xffff8880047ff000
              dd-7522    [000] .....    18.256740: ovldiag_open: (ovl_open+0xb2/0x100 <- ovl_open_realfile) result=0xffff8880073a8d00
              dd-7522    [000] .....    18.256763: ovldiag_ensure: (ovl_write_iter+0xaf/0x130 <- ovl_ensure_upper_and_switch) result=0x0
              dd-7522    [000] .....    18.256773: ovldiag_write: (ovl_write_iter+0x10c/0x130 <- backing_file_write_iter) result=0x1000
             cat-7523    [000] .....    18.257593: ovldiag_open: (ovl_open+0xb2/0x100 <- ovl_open_realfile) result=0xffff8880043cc600
             cat-7524    [001] .....    18.258169: ovldiag_open: (ovl_open+0xb2/0x100 <- ovl_open_realfile) result=0xffff8880043a2200
              dd-7525    [001] .....    18.259066: ovldiag_open: (ovl_open+0xb2/0x100 <- ovl_open_realfile) result=0xffff88800457be00
              dd-7525    [001] .....    18.260410: ovldiag_ensure: (ovl_write_iter+0xaf/0x130 <- ovl_ensure_upper_and_switch) result=0x0
              dd-7525    [001] .....    18.260426: ovldiag_write: (ovl_write_iter+0x10c/0x130 <- backing_file_write_iter) result=0x1000
             cat-7532    [001] .....    18.263493: ovldiag_open: (ovl_open+0xb2/0x100 <- ovl_open_realfile) result=0xffff888007162a00
              dd-7536    [001] .....    18.264986: ovldiag_open: (ovl_open+0xb2/0x100 <- ovl_open_realfile) result=0xffff8880043cc700
              dd-7536    [001] .....    18.265012: ovldiag_ensure: (ovl_write_iter+0xaf/0x130 <- ovl_ensure_upper_and_switch) result=0x0
              dd-7536    [001] .....    18.265027: ovldiag_write: (ovl_write_iter+0x10c/0x130 <- backing_file_write_iter) result=0x1000
              dd-7539    [001] .....    18.266734: ovldiag_open: (ovl_open+0xb2/0x100 <- ovl_open_realfile) result=0xffff888005dcaa00
              dd-7539    [001] .....    18.266757: ovldiag_ensure: (ovl_write_iter+0xaf/0x130 <- ovl_ensure_upper_and_switch) result=0x0
              dd-7539    [001] .....    18.266772: ovldiag_write: (ovl_write_iter+0x10c/0x130 <- backing_file_write_iter) result=0x1000
             cat-7541    [000] .....    18.268032: ovldiag_open: (ovl_open+0xb2/0x100 <- ovl_open_realfile) result=0xffff8880072a6d00
             cat-7542    [001] .....    18.268821: ovldiag_open: (ovl_open+0xb2/0x100 <- ovl_open_realfile) result=0xffff888005d64a00
             cat-7543    [001] .....    18.269689: ovldiag_open: (ovl_open+0xb2/0x100 <- ovl_open_realfile) result=0xffff8880043a2500
              dd-7549    [000] .....    18.272908: ovldiag_open: (ovl_open+0xb2/0x100 <- ovl_open_realfile) result=0xffff88800700f800
              dd-7549    [000] .....    18.272929: ovldiag_ensure: (ovl_write_iter+0xaf/0x130 <- ovl_ensure_upper_and_switch) result=0x0
              dd-7549    [000] .....    18.272940: ovldiag_write: (ovl_write_iter+0x10c/0x130 <- backing_file_write_iter) result=0x1000
             cat-7551    [000] .....    18.273997: ovldiag_open: (ovl_open+0xb2/0x100 <- ovl_open_realfile) result=0xffff8880072a6f00
              dd-7553    [001] .....    18.274336: ovldiag_open: (ovl_open+0xb2/0x100 <- ovl_open_realfile) result=0xffff888005dca000
              dd-7553    [001] .....    18.274359: ovldiag_ensure: (ovl_write_iter+0xaf/0x130 <- ovl_ensure_upper_and_switch) result=0x0
              dd-7553    [001] .....    18.274373: ovldiag_write: (ovl_write_iter+0x10c/0x130 <- backing_file_write_iter) result=0x1000
             cat-7558    [000] .....    18.277965: ovldiag_open: (ovl_open+0xb2/0x100 <- ovl_open_realfile) result=0xffff88800707b400
              dd-7557    [000] .....    18.278301: ovldiag_open: (ovl_open+0xb2/0x100 <- ovl_open_realfile) result=0xffff88800893ca00
              dd-7557    [000] .....    18.278320: ovldiag_ensure: (ovl_write_iter+0xaf/0x130 <- ovl_ensure_upper_and_switch) result=0x0
              dd-7557    [000] .....    18.278331: ovldiag_write: (ovl_write_iter+0x10c/0x130 <- backing_file_write_iter) result=0x1000
             cat-7559    [001] .....    18.278335: ovldiag_open: (ovl_open+0xb2/0x100 <- ovl_open_realfile) result=0xffff888004619500
              dd-7560    [000] .....    18.279807: ovldiag_open: (ovl_open+0xb2/0x100 <- ovl_open_realfile) result=0xffff888003761200
              dd-7560    [000] .....    18.279826: ovldiag_ensure: (ovl_write_iter+0xaf/0x130 <- ovl_ensure_upper_and_switch) result=0x0
              dd-7560    [000] .....    18.279838: ovldiag_write: (ovl_write_iter+0x10c/0x130 <- backing_file_write_iter) result=0x1000
             cat-7562    [001] .....    18.280737: ovldiag_open: (ovl_open+0xb2/0x100 <- ovl_open_realfile) result=0xffff888005c8c000
             cat-7569    [001] .....    18.284453: ovldiag_open: (ovl_open+0xb2/0x100 <- ovl_open_realfile) result=0xffff888008944e00
              dd-7572    [000] .....    18.285970: ovldiag_open: (ovl_open+0xb2/0x100 <- ovl_open_realfile) result=0xffff8880072a6500
              dd-7572    [000] .....    18.285993: ovldiag_ensure: (ovl_write_iter+0xaf/0x130 <- ovl_ensure_upper_and_switch) result=0x0
              dd-7572    [000] .....    18.286004: ovldiag_write: (ovl_write_iter+0x10c/0x130 <- backing_file_write_iter) result=0x1000
              dd-7574    [001] .....    18.287327: ovldiag_open: (ovl_open+0xb2/0x100 <- ovl_open_realfile) result=0xffff888007160500
              dd-7574    [001] .....    18.287349: ovldiag_ensure: (ovl_write_iter+0xaf/0x130 <- ovl_ensure_upper_and_switch) result=0x0
              dd-7574    [001] .....    18.287365: ovldiag_write: (ovl_write_iter+0x10c/0x130 <- backing_file_write_iter) result=0x1000
             cat-7577    [001] .....    18.289318: ovldiag_open: (ovl_open+0xb2/0x100 <- ovl_open_realfile) result=0xffff8880043e0e00
             cat-7578    [000] .....    18.289939: ovldiag_open: (ovl_open+0xb2/0x100 <- ovl_open_realfile) result=0xffff888008a48300
             cat-7581    [001] .....    18.291556: ovldiag_open: (ovl_open+0xb2/0x100 <- ovl_open_realfile) result=0xffff888005c8cd00
              dd-7584    [000] .....    18.292825: ovldiag_open: (ovl_open+0xb2/0x100 <- ovl_open_realfile) result=0xffff888007171900
              dd-7584    [000] .....    18.292847: ovldiag_ensure: (ovl_write_iter+0xaf/0x130 <- ovl_ensure_upper_and_switch) result=0x0
              dd-7584    [000] .....    18.292858: ovldiag_write: (ovl_write_iter+0x10c/0x130 <- backing_file_write_iter) result=0x1000
             cat-7587    [001] .....    18.294575: ovldiag_open: (ovl_open+0xb2/0x100 <- ovl_open_realfile) result=0xffff88800dc3b700
              dd-7591    [001] .....    18.297280: ovldiag_open: (ovl_open+0xb2/0x100 <- ovl_open_realfile) result=0xffff88800dc3b800
              dd-7591    [001] .....    18.297305: ovldiag_ensure: (ovl_write_iter+0xaf/0x130 <- ovl_ensure_upper_and_switch) result=0x0
              dd-7591    [001] .....    18.297321: ovldiag_write: (ovl_write_iter+0x10c/0x130 <- backing_file_write_iter) result=0x1000
              dd-7592    [000] .....    18.298193: ovldiag_open: (ovl_open+0xb2/0x100 <- ovl_open_realfile) result=0xffff8880072d8400
              dd-7592    [000] .....    18.298214: ovldiag_ensure: (ovl_write_iter+0xaf/0x130 <- ovl_ensure_upper_and_switch) result=0x0
              dd-7592    [000] .....    18.298225: ovldiag_write: (ovl_write_iter+0x10c/0x130 <- backing_file_write_iter) result=0x1000
              dd-7596    [001] .....    18.299969: ovldiag_open: (ovl_open+0xb2/0x100 <- ovl_open_realfile) result=0xffff888005ccb800
             cat-7595    [000] .....    18.299972: ovldiag_open: (ovl_open+0xb2/0x100 <- ovl_open_realfile) result=0xffff888007046f00
              dd-7596    [001] .....    18.299994: ovldiag_ensure: (ovl_write_iter+0xaf/0x130 <- ovl_ensure_upper_and_switch) result=0x0
              dd-7596    [001] .....    18.300010: ovldiag_write: (ovl_write_iter+0x10c/0x130 <- backing_file_write_iter) result=0x1000
             cat-7598    [001] .....    18.301783: ovldiag_open: (ovl_open+0xb2/0x100 <- ovl_open_realfile) result=0xffff88800dcba700
             cat-7603    [000] .....    18.303574: ovldiag_open: (ovl_open+0xb2/0x100 <- ovl_open_realfile) result=0xffff888005c8c800
             cat-7602    [001] .....    18.304163: ovldiag_open: (ovl_open+0xb2/0x100 <- ovl_open_realfile) result=0xffff888008a2df00
              dd-7608    [000] .....    18.306811: ovldiag_open: (ovl_open+0xb2/0x100 <- ovl_open_realfile) result=0xffff8880073a9400
              dd-7608    [000] .....    18.306833: ovldiag_ensure: (ovl_write_iter+0xaf/0x130 <- ovl_ensure_upper_and_switch) result=0x0
              dd-7608    [000] .....    18.306843: ovldiag_write: (ovl_write_iter+0x10c/0x130 <- backing_file_write_iter) result=0x1000
             cat-7611    [001] .....    18.309215: ovldiag_open: (ovl_open+0xb2/0x100 <- ovl_open_realfile) result=0xffff888005d9f600
              dd-7612    [000] .....    18.309478: ovldiag_open: (ovl_open+0xb2/0x100 <- ovl_open_realfile) result=0xffff888005c8c000
              dd-7612    [000] .....    18.309502: ovldiag_ensure: (ovl_write_iter+0xaf/0x130 <- ovl_ensure_upper_and_switch) result=0x0
              dd-7612    [000] .....    18.309513: ovldiag_write: (ovl_write_iter+0x10c/0x130 <- backing_file_write_iter) result=0x1000
              dd-7615    [000] .....    18.311799: ovldiag_open: (ovl_open+0xb2/0x100 <- ovl_open_realfile) result=0xffff88800d507e00
              dd-7615    [000] .....    18.311819: ovldiag_ensure: (ovl_write_iter+0xaf/0x130 <- ovl_ensure_upper_and_switch) result=0x0
              dd-7615    [000] .....    18.311829: ovldiag_write: (ovl_write_iter+0x10c/0x130 <- backing_file_write_iter) result=0x1000
             cat-7617    [001] .....    18.312498: ovldiag_open: (ovl_open+0xb2/0x100 <- ovl_open_realfile) result=0xffff88800724e400
             cat-7619    [000] .....    18.313733: ovldiag_open: (ovl_open+0xb2/0x100 <- ovl_open_realfile) result=0xffff888007107d00
              dd-7620    [001] .....    18.313924: ovldiag_open: (ovl_open+0xb2/0x100 <- ovl_open_realfile) result=0xffff88800dcbac00
              dd-7620    [001] .....    18.313951: ovldiag_ensure: (ovl_write_iter+0xaf/0x130 <- ovl_ensure_upper_and_switch) result=0x0
              dd-7620    [001] .....    18.313966: ovldiag_write: (ovl_write_iter+0x10c/0x130 <- backing_file_write_iter) result=0x1000
             cat-7623    [001] .....    18.315018: ovldiag_open: (ovl_open+0xb2/0x100 <- ovl_open_realfile) result=0xffff88800aaa6a00
             cat-7628    [000] .....    18.319237: ovldiag_open: (ovl_open+0xb2/0x100 <- ovl_open_realfile) result=0xffff8880044a1c00
              dd-7629    [001] .....    18.319763: ovldiag_open: (ovl_open+0xb2/0x100 <- ovl_open_realfile) result=0xffff888005c8c900
              dd-7629    [001] .....    18.319789: ovldiag_ensure: (ovl_write_iter+0xaf/0x130 <- ovl_ensure_upper_and_switch) result=0x0
              dd-7629    [001] .....    18.319803: ovldiag_write: (ovl_write_iter+0x10c/0x130 <- backing_file_write_iter) result=0x1000
              dd-7634    [001] .....    18.322204: ovldiag_open: (ovl_open+0xb2/0x100 <- ovl_open_realfile) result=0xffff88800457bb00
              dd-7634    [001] .....    18.322228: ovldiag_ensure: (ovl_write_iter+0xaf/0x130 <- ovl_ensure_upper_and_switch) result=0x0
              dd-7634    [001] .....    18.322243: ovldiag_write: (ovl_write_iter+0x10c/0x130 <- backing_file_write_iter) result=0x1000
             cat-7635    [000] .....    18.322250: ovldiag_open: (ovl_open+0xb2/0x100 <- ovl_open_realfile) result=0xffff88800de76800
              dd-7638    [000] .....    18.325032: ovldiag_open: (ovl_open+0xb2/0x100 <- ovl_open_realfile) result=0xffff88800724ee00
              dd-7638    [000] .....    18.325057: ovldiag_ensure: (ovl_write_iter+0xaf/0x130 <- ovl_ensure_upper_and_switch) result=0x0
              dd-7638    [000] .....    18.325079: ovldiag_write: (ovl_write_iter+0x10c/0x130 <- backing_file_write_iter) result=0x1000
             cat-7640    [001] .....    18.325465: ovldiag_open: (ovl_open+0xb2/0x100 <- ovl_open_realfile) result=0xffff8880046d8200
             cat-7641    [000] .....    18.325905: ovldiag_open: (ovl_open+0xb2/0x100 <- ovl_open_realfile) result=0xffff88800453e000
             cat-7645    [001] .....    18.328580: ovldiag_open: (ovl_open+0xb2/0x100 <- ovl_open_realfile) result=0xffff88800d564200
              dd-7649    [000] .....    18.330704: ovldiag_open: (ovl_open+0xb2/0x100 <- ovl_open_realfile) result=0xffff888007046f00
              dd-7649    [000] .....    18.330728: ovldiag_ensure: (ovl_write_iter+0xaf/0x130 <- ovl_ensure_upper_and_switch) result=0x0
              dd-7649    [000] .....    18.330738: ovldiag_write: (ovl_write_iter+0x10c/0x130 <- backing_file_write_iter) result=0x1000
              dd-7653    [001] .....    18.332339: ovldiag_open: (ovl_open+0xb2/0x100 <- ovl_open_realfile) result=0xffff8880073a9000
              dd-7653    [001] .....    18.332363: ovldiag_ensure: (ovl_write_iter+0xaf/0x130 <- ovl_ensure_upper_and_switch) result=0x0
              dd-7653    [001] .....    18.332377: ovldiag_write: (ovl_write_iter+0x10c/0x130 <- backing_file_write_iter) result=0x1000
             cat-7652    [000] .....    18.332435: ovldiag_open: (ovl_open+0xb2/0x100 <- ovl_open_realfile) result=0xffff888007058300
              dd-7656    [001] .....    18.334622: ovldiag_open: (ovl_open+0xb2/0x100 <- ovl_open_realfile) result=0xffff888008944600
              dd-7656    [001] .....    18.334647: ovldiag_ensure: (ovl_write_iter+0xaf/0x130 <- ovl_ensure_upper_and_switch) result=0x0
              dd-7656    [001] .....    18.334662: ovldiag_write: (ovl_write_iter+0x10c/0x130 <- backing_file_write_iter) result=0x1000
             cat-7658    [000] .....    18.335809: ovldiag_open: (ovl_open+0xb2/0x100 <- ovl_open_realfile) result=0xffff88800707b400
             cat-7660    [000] .....    18.336926: ovldiag_open: (ovl_open+0xb2/0x100 <- ovl_open_realfile) result=0xffff888005dca300
             cat-7662    [001] .....    18.338230: ovldiag_open: (ovl_open+0xb2/0x100 <- ovl_open_realfile) result=0xffff8880043e0e00
              dd-7667    [001] .....    18.340887: ovldiag_open: (ovl_open+0xb2/0x100 <- ovl_open_realfile) result=0xffff888008bd0400
              dd-7667    [001] .....    18.340909: ovldiag_ensure: (ovl_write_iter+0xaf/0x130 <- ovl_ensure_upper_and_switch) result=0x0
              dd-7667    [001] .....    18.340926: ovldiag_write: (ovl_write_iter+0x10c/0x130 <- backing_file_write_iter) result=0x1000
             cat-7669    [000] .....    18.341924: ovldiag_open: (ovl_open+0xb2/0x100 <- ovl_open_realfile) result=0xffff888005c89500
              dd-7672    [001] .....    18.343133: ovldiag_open: (ovl_open+0xb2/0x100 <- ovl_open_realfile) result=0xffff888005dca600
              dd-7672    [001] .....    18.343157: ovldiag_ensure: (ovl_write_iter+0xaf/0x130 <- ovl_ensure_upper_and_switch) result=0x0
              dd-7672    [001] .....    18.343172: ovldiag_write: (ovl_write_iter+0x10c/0x130 <- backing_file_write_iter) result=0x1000
              dd-7675    [000] .....    18.345315: ovldiag_open: (ovl_open+0xb2/0x100 <- ovl_open_realfile) result=0xffff88800453e300
              dd-7675    [000] .....    18.345335: ovldiag_ensure: (ovl_write_iter+0xaf/0x130 <- ovl_ensure_upper_and_switch) result=0x0
              dd-7675    [000] .....    18.345346: ovldiag_write: (ovl_write_iter+0x10c/0x130 <- backing_file_write_iter) result=0x1000
             cat-7677    [001] .....    18.345798: ovldiag_open: (ovl_open+0xb2/0x100 <- ovl_open_realfile) result=0xffff88800724e000
             cat-7676    [000] .....    18.345948: ovldiag_open: (ovl_open+0xb2/0x100 <- ovl_open_realfile) result=0xffff88800703a000
              dd-7679    [000] .....    18.347773: ovldiag_open: (ovl_open+0xb2/0x100 <- ovl_open_realfile) result=0xffff888005c2d700
              dd-7679    [000] .....    18.347793: ovldiag_ensure: (ovl_write_iter+0xaf/0x130 <- ovl_ensure_upper_and_switch) result=0x0
              dd-7679    [000] .....    18.347804: ovldiag_write: (ovl_write_iter+0x10c/0x130 <- backing_file_write_iter) result=0x1000
             cat-7681    [000] .....    18.348875: ovldiag_open: (ovl_open+0xb2/0x100 <- ovl_open_realfile) result=0xffff888005cb7b00
             cat-7687    [000] .....    18.351683: ovldiag_open: (ovl_open+0xb2/0x100 <- ovl_open_realfile) result=0xffff88800703a600
              dd-7690    [001] .....    18.353425: ovldiag_open: (ovl_open+0xb2/0x100 <- ovl_open_realfile) result=0xffff88800707be00
              dd-7690    [001] .....    18.353457: ovldiag_ensure: (ovl_write_iter+0xaf/0x130 <- ovl_ensure_upper_and_switch) result=0x0
              dd-7690    [001] .....    18.353472: ovldiag_write: (ovl_write_iter+0x10c/0x130 <- backing_file_write_iter) result=0x1000
             cat-7693    [000] .....    18.354955: ovldiag_open: (ovl_open+0xb2/0x100 <- ovl_open_realfile) result=0xffff888007059700
              dd-7694    [001] .....    18.355685: ovldiag_open: (ovl_open+0xb2/0x100 <- ovl_open_realfile) result=0xffff8880046d8900
              dd-7694    [001] .....    18.355710: ovldiag_ensure: (ovl_write_iter+0xaf/0x130 <- ovl_ensure_upper_and_switch) result=0x0
              dd-7694    [001] .....    18.355724: ovldiag_write: (ovl_write_iter+0x10c/0x130 <- backing_file_write_iter) result=0x1000
             cat-7698    [000] .....    18.357492: ovldiag_open: (ovl_open+0xb2/0x100 <- ovl_open_realfile) result=0xffff888007171400
              dd-7699    [000] .....    18.358627: ovldiag_open: (ovl_open+0xb2/0x100 <- ovl_open_realfile) result=0xffff88800715df00
              dd-7699    [000] .....    18.358652: ovldiag_ensure: (ovl_write_iter+0xaf/0x130 <- ovl_ensure_upper_and_switch) result=0x0
              dd-7699    [000] .....    18.358663: ovldiag_write: (ovl_write_iter+0x10c/0x130 <- backing_file_write_iter) result=0x1000
             cat-7701    [001] .....    18.358863: ovldiag_open: (ovl_open+0xb2/0x100 <- ovl_open_realfile) result=0xffff888005cb3f00
             cat-7703    [001] .....    18.362022: ovldiag_open: (ovl_open+0xb2/0x100 <- ovl_open_realfile) result=0xffff88800d4c8500
              dd-7707    [000] .....    18.362889: ovldiag_open: (ovl_open+0xb2/0x100 <- ovl_open_realfile) result=0xffff8880089ddf00
              dd-7707    [000] .....    18.362911: ovldiag_ensure: (ovl_write_iter+0xaf/0x130 <- ovl_ensure_upper_and_switch) result=0x0
              dd-7707    [000] .....    18.362920: ovldiag_write: (ovl_write_iter+0x10c/0x130 <- backing_file_write_iter) result=0x1000
             cat-7711    [000] .....    18.364781: ovldiag_open: (ovl_open+0xb2/0x100 <- ovl_open_realfile) result=0xffff888007160900
              dd-7712    [000] .....    18.365715: ovldiag_open: (ovl_open+0xb2/0x100 <- ovl_open_realfile) result=0xffff888007256d00
              dd-7712    [000] .....    18.365739: ovldiag_ensure: (ovl_write_iter+0xaf/0x130 <- ovl_ensure_upper_and_switch) result=0x0
              dd-7712    [000] .....    18.365749: ovldiag_write: (ovl_write_iter+0x10c/0x130 <- backing_file_write_iter) result=0x1000
             cat-7716    [000] .....    18.367696: ovldiag_open: (ovl_open+0xb2/0x100 <- ovl_open_realfile) result=0xffff888005d64d00
             cat-7717    [001] .....    18.368434: ovldiag_open: (ovl_open+0xb2/0x100 <- ovl_open_realfile) result=0xffff88800dc79400
              dd-7718    [001] .....    18.369330: ovldiag_open: (ovl_open+0xb2/0x100 <- ovl_open_realfile) result=0xffff88800461ba00
              dd-7718    [001] .....    18.369353: ovldiag_ensure: (ovl_write_iter+0xaf/0x130 <- ovl_ensure_upper_and_switch) result=0x0
              dd-7718    [001] .....    18.369368: ovldiag_write: (ovl_write_iter+0x10c/0x130 <- backing_file_write_iter) result=0x1000
             cat-7723    [001] .....    18.371149: ovldiag_open: (ovl_open+0xb2/0x100 <- ovl_open_realfile) result=0xffff888007162400
              dd-7727    [000] .....    18.373933: ovldiag_open: (ovl_open+0xb2/0x100 <- ovl_open_realfile) result=0xffff888005d64d00
              dd-7727    [000] .....    18.373952: ovldiag_ensure: (ovl_write_iter+0xaf/0x130 <- ovl_ensure_upper_and_switch) result=0x0
              dd-7727    [000] .....    18.373963: ovldiag_write: (ovl_write_iter+0x10c/0x130 <- backing_file_write_iter) result=0x1000
             cat-7726    [001] .....    18.374187: ovldiag_open: (ovl_open+0xb2/0x100 <- ovl_open_realfile) result=0xffff888005d9ca00
              dd-7730    [000] .....    18.375576: ovldiag_open: (ovl_open+0xb2/0x100 <- ovl_open_realfile) result=0xffff8880044a1700
              dd-7730    [000] .....    18.375599: ovldiag_ensure: (ovl_write_iter+0xaf/0x130 <- ovl_ensure_upper_and_switch) result=0x0
              dd-7730    [000] .....    18.375609: ovldiag_write: (ovl_write_iter+0x10c/0x130 <- backing_file_write_iter) result=0x1000
             cat-7732    [000] .....    18.376382: ovldiag_open: (ovl_open+0xb2/0x100 <- ovl_open_realfile) result=0xffff888005c8c700
             cat-7737    [001] .....    18.378493: ovldiag_open: (ovl_open+0xb2/0x100 <- ovl_open_realfile) result=0xffff88800d505600
              dd-7736    [000] .....    18.378789: ovldiag_open: (ovl_open+0xb2/0x100 <- ovl_open_realfile) result=0xffff888008a07000
              dd-7736    [000] .....    18.378813: ovldiag_ensure: (ovl_write_iter+0xaf/0x130 <- ovl_ensure_upper_and_switch) result=0x0
              dd-7736    [000] .....    18.378824: ovldiag_write: (ovl_write_iter+0x10c/0x130 <- backing_file_write_iter) result=0x1000
             cat-7742    [001] .....    18.381710: ovldiag_open: (ovl_open+0xb2/0x100 <- ovl_open_realfile) result=0xffff8880044a1700
              dd-7743    [001] .....    18.382634: ovldiag_open: (ovl_open+0xb2/0x100 <- ovl_open_realfile) result=0xffff888007046200
              dd-7743    [001] .....    18.382656: ovldiag_ensure: (ovl_write_iter+0xaf/0x130 <- ovl_ensure_upper_and_switch) result=0x0
              dd-7743    [001] .....    18.382671: ovldiag_write: (ovl_write_iter+0x10c/0x130 <- backing_file_write_iter) result=0x1000
             cat-7746    [000] .....    18.384328: ovldiag_open: (ovl_open+0xb2/0x100 <- ovl_open_realfile) result=0xffff888005c89300
              dd-7749    [001] .....    18.386279: ovldiag_open: (ovl_open+0xb2/0x100 <- ovl_open_realfile) result=0xffff88800d78e100
              dd-7749    [001] .....    18.386305: ovldiag_ensure: (ovl_write_iter+0xaf/0x130 <- ovl_ensure_upper_and_switch) result=0x0
              dd-7749    [001] .....    18.386321: ovldiag_write: (ovl_write_iter+0x10c/0x130 <- backing_file_write_iter) result=0x1000
             cat-7751    [001] .....    18.387641: ovldiag_open: (ovl_open+0xb2/0x100 <- ovl_open_realfile) result=0xffff88800724ef00
             cat-7753    [000] .....    18.388699: ovldiag_open: (ovl_open+0xb2/0x100 <- ovl_open_realfile) result=0xffff8880072d8900
              dd-7754    [001] .....    18.388948: ovldiag_open: (ovl_open+0xb2/0x100 <- ovl_open_realfile) result=0xffff888007171a00
              dd-7754    [001] .....    18.388972: ovldiag_ensure: (ovl_write_iter+0xaf/0x130 <- ovl_ensure_upper_and_switch) result=0x0
              dd-7754    [001] .....    18.388988: ovldiag_write: (ovl_write_iter+0x10c/0x130 <- backing_file_write_iter) result=0x1000
              dd-7761    [000] .....    18.392327: ovldiag_open: (ovl_open+0xb2/0x100 <- ovl_open_realfile) result=0xffff888007160700
              dd-7761    [000] .....    18.392345: ovldiag_ensure: (ovl_write_iter+0xaf/0x130 <- ovl_ensure_upper_and_switch) result=0x0
              dd-7761    [000] .....    18.392354: ovldiag_write: (ovl_write_iter+0x10c/0x130 <- backing_file_write_iter) result=0x1000
             cat-7760    [001] .....    18.392784: ovldiag_open: (ovl_open+0xb2/0x100 <- ovl_open_realfile) result=0xffff8880043e0b00
             cat-7762    [000] .....    18.394311: ovldiag_open: (ovl_open+0xb2/0x100 <- ovl_open_realfile) result=0xffff8880044b9000
              dd-7765    [001] .....    18.396289: ovldiag_open: (ovl_open+0xb2/0x100 <- ovl_open_realfile) result=0xffff88800abf5c00
              dd-7765    [001] .....    18.396313: ovldiag_ensure: (ovl_write_iter+0xaf/0x130 <- ovl_ensure_upper_and_switch) result=0x0
              dd-7765    [001] .....    18.396329: ovldiag_write: (ovl_write_iter+0x10c/0x130 <- backing_file_write_iter) result=0x1000
             cat-7770    [000] .....    18.397680: ovldiag_open: (ovl_open+0xb2/0x100 <- ovl_open_realfile) result=0xffff888003761d00
             cat-7771    [001] .....    18.398383: ovldiag_open: (ovl_open+0xb2/0x100 <- ovl_open_realfile) result=0xffff888005d64500
              dd-7775    [000] .....    18.400756: ovldiag_open: (ovl_open+0xb2/0x100 <- ovl_open_realfile) result=0xffff8880072a6600
              dd-7775    [000] .....    18.400780: ovldiag_ensure: (ovl_write_iter+0xaf/0x130 <- ovl_ensure_upper_and_switch) result=0x0
              dd-7775    [000] .....    18.400791: ovldiag_write: (ovl_write_iter+0x10c/0x130 <- backing_file_write_iter) result=0x1000
             cat-7777    [001] .....    18.401843: ovldiag_open: (ovl_open+0xb2/0x100 <- ovl_open_realfile) result=0xffff888005dca000
             cat-7779    [000] .....    18.402818: ovldiag_open: (ovl_open+0xb2/0x100 <- ovl_open_realfile) result=0xffff88800724e700
              dd-7780    [001] .....    18.404370: ovldiag_open: (ovl_open+0xb2/0x100 <- ovl_open_realfile) result=0xffff8880046cd700
              dd-7780    [001] .....    18.404397: ovldiag_ensure: (ovl_write_iter+0xaf/0x130 <- ovl_ensure_upper_and_switch) result=0x0
              dd-7780    [001] .....    18.404412: ovldiag_write: (ovl_write_iter+0x10c/0x130 <- backing_file_write_iter) result=0x1000
              dd-7783    [000] .....    18.405851: ovldiag_open: (ovl_open+0xb2/0x100 <- ovl_open_realfile) result=0xffff8880043e0700
              dd-7783    [000] .....    18.405874: ovldiag_ensure: (ovl_write_iter+0xaf/0x130 <- ovl_ensure_upper_and_switch) result=0x0
              dd-7783    [000] .....    18.405884: ovldiag_write: (ovl_write_iter+0x10c/0x130 <- backing_file_write_iter) result=0x1000
             cat-7788    [000] .....    18.407748: ovldiag_open: (ovl_open+0xb2/0x100 <- ovl_open_realfile) result=0xffff8880073a8600
             cat-7787    [000] .....    18.408586: ovldiag_open: (ovl_open+0xb2/0x100 <- ovl_open_realfile) result=0xffff888007162e00
              dd-7790    [001] .....    18.408935: ovldiag_open: (ovl_open+0xb2/0x100 <- ovl_open_realfile) result=0xffff888007046200
              dd-7790    [001] .....    18.408960: ovldiag_ensure: (ovl_write_iter+0xaf/0x130 <- ovl_ensure_upper_and_switch) result=0x0
              dd-7790    [001] .....    18.408976: ovldiag_write: (ovl_write_iter+0x10c/0x130 <- backing_file_write_iter) result=0x1000
             cat-7796    [000] .....    18.412922: ovldiag_open: (ovl_open+0xb2/0x100 <- ovl_open_realfile) result=0xffff888007160b00
              dd-7797    [001] .....    18.413158: ovldiag_open: (ovl_open+0xb2/0x100 <- ovl_open_realfile) result=0xffff888005dcaa00
              dd-7797    [001] .....    18.413181: ovldiag_ensure: (ovl_write_iter+0xaf/0x130 <- ovl_ensure_upper_and_switch) result=0x0
              dd-7797    [001] .....    18.413196: ovldiag_write: (ovl_write_iter+0x10c/0x130 <- backing_file_write_iter) result=0x1000
             cat-7798    [000] .....    18.413822: ovldiag_open: (ovl_open+0xb2/0x100 <- ovl_open_realfile) result=0xffff888005d9f600
              dd-7805    [001] .....    18.417329: ovldiag_open: (ovl_open+0xb2/0x100 <- ovl_open_realfile) result=0xffff88800461b500
              dd-7805    [001] .....    18.417351: ovldiag_ensure: (ovl_write_iter+0xaf/0x130 <- ovl_ensure_upper_and_switch) result=0x0
              dd-7805    [001] .....    18.417368: ovldiag_write: (ovl_write_iter+0x10c/0x130 <- backing_file_write_iter) result=0x1000
             cat-7804    [000] .....    18.417841: ovldiag_open: (ovl_open+0xb2/0x100 <- ovl_open_realfile) result=0xffff888005dc0400
             cat-7807    [000] .....    18.418881: ovldiag_open: (ovl_open+0xb2/0x100 <- ovl_open_realfile) result=0xffff888004619500
              dd-7808    [000] .....    18.419971: ovldiag_open: (ovl_open+0xb2/0x100 <- ovl_open_realfile) result=0xffff8880044a8b00
              dd-7808    [000] .....    18.419992: ovldiag_ensure: (ovl_write_iter+0xaf/0x130 <- ovl_ensure_upper_and_switch) result=0x0
              dd-7808    [000] .....    18.420002: ovldiag_write: (ovl_write_iter+0x10c/0x130 <- backing_file_write_iter) result=0x1000
             cat-7812    [001] .....    18.421960: ovldiag_open: (ovl_open+0xb2/0x100 <- ovl_open_realfile) result=0xffff8880072a6e00
              dd-7815    [001] .....    18.423190: ovldiag_open: (ovl_open+0xb2/0x100 <- ovl_open_realfile) result=0xffff88800453ef00
              dd-7815    [001] .....    18.423211: ovldiag_ensure: (ovl_write_iter+0xaf/0x130 <- ovl_ensure_upper_and_switch) result=0x0
              dd-7815    [001] .....    18.423227: ovldiag_write: (ovl_write_iter+0x10c/0x130 <- backing_file_write_iter) result=0x1000
             cat-7816    [000] .....    18.423866: ovldiag_open: (ovl_open+0xb2/0x100 <- ovl_open_realfile) result=0xffff888007162400
              dd-7821    [000] .....    18.426837: ovldiag_open: (ovl_open+0xb2/0x100 <- ovl_open_realfile) result=0xffff888005cb6400
              dd-7821    [000] .....    18.426858: ovldiag_ensure: (ovl_write_iter+0xaf/0x130 <- ovl_ensure_upper_and_switch) result=0x0
              dd-7821    [000] .....    18.426869: ovldiag_write: (ovl_write_iter+0x10c/0x130 <- backing_file_write_iter) result=0x1000
             cat-7823    [001] .....    18.427671: ovldiag_open: (ovl_open+0xb2/0x100 <- ovl_open_realfile) result=0xffff888004619900
             cat-7826    [000] .....    18.428977: ovldiag_open: (ovl_open+0xb2/0x100 <- ovl_open_realfile) result=0xffff8880073a8e00
              dd-7827    [000] .....    18.429999: ovldiag_open: (ovl_open+0xb2/0x100 <- ovl_open_realfile) result=0xffff888005cb3c00
              dd-7827    [000] .....    18.430018: ovldiag_ensure: (ovl_write_iter+0xaf/0x130 <- ovl_ensure_upper_and_switch) result=0x0
              dd-7827    [000] .....    18.430030: ovldiag_write: (ovl_write_iter+0x10c/0x130 <- backing_file_write_iter) result=0x1000
             cat-7832    [000] .....    18.432369: ovldiag_open: (ovl_open+0xb2/0x100 <- ovl_open_realfile) result=0xffff88800457b800
              dd-7835    [000] .....    18.433683: ovldiag_open: (ovl_open+0xb2/0x100 <- ovl_open_realfile) result=0xffff8880089dd800
              dd-7835    [000] .....    18.433704: ovldiag_ensure: (ovl_write_iter+0xaf/0x130 <- ovl_ensure_upper_and_switch) result=0x0
              dd-7835    [000] .....    18.433714: ovldiag_write: (ovl_write_iter+0x10c/0x130 <- backing_file_write_iter) result=0x1000
             cat-7833    [001] .....    18.434245: ovldiag_open: (ovl_open+0xb2/0x100 <- ovl_open_realfile) result=0xffff88800453ef00
              dd-7839    [000] .....    18.436528: ovldiag_open: (ovl_open+0xb2/0x100 <- ovl_open_realfile) result=0xffff888007162400
              dd-7839    [000] .....    18.436548: ovldiag_ensure: (ovl_write_iter+0xaf/0x130 <- ovl_ensure_upper_and_switch) result=0x0
              dd-7839    [000] .....    18.436558: ovldiag_write: (ovl_write_iter+0x10c/0x130 <- backing_file_write_iter) result=0x1000
             cat-7842    [001] .....    18.438025: ovldiag_open: (ovl_open+0xb2/0x100 <- ovl_open_realfile) result=0xffff88800724ef00
             cat-7843    [000] .....    18.438361: ovldiag_open: (ovl_open+0xb2/0x100 <- ovl_open_realfile) result=0xffff888005dcaa00
              dd-7846    [000] .....    18.439450: ovldiag_open: (ovl_open+0xb2/0x100 <- ovl_open_realfile) result=0xffff888007171500
              dd-7846    [000] .....    18.439471: ovldiag_ensure: (ovl_write_iter+0xaf/0x130 <- ovl_ensure_upper_and_switch) result=0x0
              dd-7846    [000] .....    18.439482: ovldiag_write: (ovl_write_iter+0x10c/0x130 <- backing_file_write_iter) result=0x1000
             cat-7848    [000] .....    18.441548: ovldiag_open: (ovl_open+0xb2/0x100 <- ovl_open_realfile) result=0xffff888005e18100
              dd-7852    [001] .....    18.443971: ovldiag_open: (ovl_open+0xb2/0x100 <- ovl_open_realfile) result=0xffff8880089dd000
              dd-7852    [001] .....    18.443993: ovldiag_ensure: (ovl_write_iter+0xaf/0x130 <- ovl_ensure_upper_and_switch) result=0x0
              dd-7852    [001] .....    18.444010: ovldiag_write: (ovl_write_iter+0x10c/0x130 <- backing_file_write_iter) result=0x1000
             cat-7854    [000] .....    18.444493: ovldiag_open: (ovl_open+0xb2/0x100 <- ovl_open_realfile) result=0xffff88800724ef00
              dd-7857    [001] .....    18.446130: ovldiag_open: (ovl_open+0xb2/0x100 <- ovl_open_realfile) result=0xffff888008a3a700
              dd-7857    [001] .....    18.446154: ovldiag_ensure: (ovl_write_iter+0xaf/0x130 <- ovl_ensure_upper_and_switch) result=0x0
              dd-7857    [001] .....    18.446169: ovldiag_write: (ovl_write_iter+0x10c/0x130 <- backing_file_write_iter) result=0x1000
             cat-7860    [000] .....    18.448128: ovldiag_open: (ovl_open+0xb2/0x100 <- ovl_open_realfile) result=0xffff888007160300
             cat-7861    [001] .....    18.448578: ovldiag_open: (ovl_open+0xb2/0x100 <- ovl_open_realfile) result=0xffff888008944400
              dd-7862    [000] .....    18.449616: ovldiag_open: (ovl_open+0xb2/0x100 <- ovl_open_realfile) result=0xffff88800d467d00
              dd-7862    [000] .....    18.449636: ovldiag_ensure: (ovl_write_iter+0xaf/0x130 <- ovl_ensure_upper_and_switch) result=0x0
              dd-7862    [000] .....    18.449648: ovldiag_write: (ovl_write_iter+0x10c/0x130 <- backing_file_write_iter) result=0x1000
             cat-7865    [000] .....    18.451187: ovldiag_open: (ovl_open+0xb2/0x100 <- ovl_open_realfile) result=0xffff888005c8c500
              dd-7869    [000] .....    18.453220: ovldiag_open: (ovl_open+0xb2/0x100 <- ovl_open_realfile) result=0xffff88800700f000
              dd-7869    [000] .....    18.453241: ovldiag_ensure: (ovl_write_iter+0xaf/0x130 <- ovl_ensure_upper_and_switch) result=0x0
              dd-7869    [000] .....    18.453250: ovldiag_write: (ovl_write_iter+0x10c/0x130 <- backing_file_write_iter) result=0x1000
             cat-7871    [000] .....    18.454308: ovldiag_open: (ovl_open+0xb2/0x100 <- ovl_open_realfile) result=0xffff888008b91900
              dd-7875    [001] .....    18.456389: ovldiag_open: (ovl_open+0xb2/0x100 <- ovl_open_realfile) result=0xffff8880043ccf00
              dd-7875    [001] .....    18.456415: ovldiag_ensure: (ovl_write_iter+0xaf/0x130 <- ovl_ensure_upper_and_switch) result=0x0
              dd-7875    [001] .....    18.456431: ovldiag_write: (ovl_write_iter+0x10c/0x130 <- backing_file_write_iter) result=0x1000
              dd-7878    [000] .....    18.458206: ovldiag_open: (ovl_open+0xb2/0x100 <- ovl_open_realfile) result=0xffff88800d7c5400
              dd-7878    [000] .....    18.458230: ovldiag_ensure: (ovl_write_iter+0xaf/0x130 <- ovl_ensure_upper_and_switch) result=0x0
              dd-7878    [000] .....    18.458240: ovldiag_write: (ovl_write_iter+0x10c/0x130 <- backing_file_write_iter) result=0x1000
             cat-7879    [001] .....    18.458690: ovldiag_open: (ovl_open+0xb2/0x100 <- ovl_open_realfile) result=0xffff8880072a6200
             cat-7882    [000] .....    18.460228: ovldiag_open: (ovl_open+0xb2/0x100 <- ovl_open_realfile) result=0xffff88800d7c5d00
             cat-7885    [000] .....    18.461506: ovldiag_open: (ovl_open+0xb2/0x100 <- ovl_open_realfile) result=0xffff888005cb7b00
              dd-7886    [001] .....    18.462931: ovldiag_open: (ovl_open+0xb2/0x100 <- ovl_open_realfile) result=0xffff88800700fb00
              dd-7886    [001] .....    18.462955: ovldiag_ensure: (ovl_write_iter+0xaf/0x130 <- ovl_ensure_upper_and_switch) result=0x0
              dd-7886    [001] .....    18.462971: ovldiag_write: (ovl_write_iter+0x10c/0x130 <- backing_file_write_iter) result=0x1000
             cat-7889    [001] .....    18.464097: ovldiag_open: (ovl_open+0xb2/0x100 <- ovl_open_realfile) result=0xffff888005c8cc00
              dd-7893    [001] .....    18.466811: ovldiag_open: (ovl_open+0xb2/0x100 <- ovl_open_realfile) result=0xffff88800724ea00
              dd-7893    [001] .....    18.466834: ovldiag_ensure: (ovl_write_iter+0xaf/0x130 <- ovl_ensure_upper_and_switch) result=0x0
              dd-7893    [001] .....    18.466849: ovldiag_write: (ovl_write_iter+0x10c/0x130 <- backing_file_write_iter) result=0x1000
             cat-7896    [000] .....    18.467993: ovldiag_open: (ovl_open+0xb2/0x100 <- ovl_open_realfile) result=0xffff888007248600
              dd-7897    [001] .....    18.468972: ovldiag_open: (ovl_open+0xb2/0x100 <- ovl_open_realfile) result=0xffff88800d467e00
              dd-7897    [001] .....    18.468994: ovldiag_ensure: (ovl_write_iter+0xaf/0x130 <- ovl_ensure_upper_and_switch) result=0x0
              dd-7897    [001] .....    18.469009: ovldiag_write: (ovl_write_iter+0x10c/0x130 <- backing_file_write_iter) result=0x1000
              dd-7902    [000] .....    18.470839: ovldiag_open: (ovl_open+0xb2/0x100 <- ovl_open_realfile) result=0xffff88800707b400
              dd-7902    [000] .....    18.470858: ovldiag_ensure: (ovl_write_iter+0xaf/0x130 <- ovl_ensure_upper_and_switch) result=0x0
              dd-7902    [000] .....    18.470869: ovldiag_write: (ovl_write_iter+0x10c/0x130 <- backing_file_write_iter) result=0x1000
             cat-7901    [001] .....    18.471417: ovldiag_open: (ovl_open+0xb2/0x100 <- ovl_open_realfile) result=0xffff888005dca000
             cat-7904    [000] .....    18.472723: ovldiag_open: (ovl_open+0xb2/0x100 <- ovl_open_realfile) result=0xffff8880044b9400
             cat-7908    [000] .....    18.474098: ovldiag_open: (ovl_open+0xb2/0x100 <- ovl_open_realfile) result=0xffff888007256c00
              dd-7911    [000] .....    18.476422: ovldiag_open: (ovl_open+0xb2/0x100 <- ovl_open_realfile) result=0xffff8880043cc500
              dd-7911    [000] .....    18.476454: ovldiag_ensure: (ovl_write_iter+0xaf/0x130 <- ovl_ensure_upper_and_switch) result=0x0
              dd-7911    [000] .....    18.476465: ovldiag_write: (ovl_write_iter+0x10c/0x130 <- backing_file_write_iter) result=0x1000
             cat-7913    [000] .....    18.477506: ovldiag_open: (ovl_open+0xb2/0x100 <- ovl_open_realfile) result=0xffff8880073a9b00
              dd-7916    [001] .....    18.479016: ovldiag_open: (ovl_open+0xb2/0x100 <- ovl_open_realfile) result=0xffff88800d719a00
              dd-7916    [001] .....    18.479038: ovldiag_ensure: (ovl_write_iter+0xaf/0x130 <- ovl_ensure_upper_and_switch) result=0x0
              dd-7916    [001] .....    18.479054: ovldiag_write: (ovl_write_iter+0x10c/0x130 <- backing_file_write_iter) result=0x1000
             cat-7918    [000] .....    18.480431: ovldiag_open: (ovl_open+0xb2/0x100 <- ovl_open_realfile) result=0xffff8880043ccb00
              dd-7920    [001] .....    18.481863: ovldiag_open: (ovl_open+0xb2/0x100 <- ovl_open_realfile) result=0xffff888007160200
              dd-7920    [001] .....    18.481891: ovldiag_ensure: (ovl_write_iter+0xaf/0x130 <- ovl_ensure_upper_and_switch) result=0x0
              dd-7920    [001] .....    18.481906: ovldiag_write: (ovl_write_iter+0x10c/0x130 <- backing_file_write_iter) result=0x1000
             cat-7922    [000] .....    18.482598: ovldiag_open: (ovl_open+0xb2/0x100 <- ovl_open_realfile) result=0xffff88800453e500
             cat-7925    [001] .....    18.484099: ovldiag_open: (ovl_open+0xb2/0x100 <- ovl_open_realfile) result=0xffff88800893cc00
              dd-7928    [001] .....    18.485359: ovldiag_open: (ovl_open+0xb2/0x100 <- ovl_open_realfile) result=0xffff888007256300
              dd-7928    [001] .....    18.485379: ovldiag_ensure: (ovl_write_iter+0xaf/0x130 <- ovl_ensure_upper_and_switch) result=0x0
              dd-7928    [001] .....    18.485395: ovldiag_write: (ovl_write_iter+0x10c/0x130 <- backing_file_write_iter) result=0x1000
             cat-7930    [000] .....    18.487543: ovldiag_open: (ovl_open+0xb2/0x100 <- ovl_open_realfile) result=0xffff888005d64400
              dd-7934    [000] .....    18.489205: ovldiag_open: (ovl_open+0xb2/0x100 <- ovl_open_realfile) result=0xffff88800453e300
              dd-7934    [000] .....    18.489225: ovldiag_ensure: (ovl_write_iter+0xaf/0x130 <- ovl_ensure_upper_and_switch) result=0x0
              dd-7934    [000] .....    18.489235: ovldiag_write: (ovl_write_iter+0x10c/0x130 <- backing_file_write_iter) result=0x1000
             cat-7935    [001] .....    18.490981: ovldiag_open: (ovl_open+0xb2/0x100 <- ovl_open_realfile) result=0xffff8880072a6d00
              dd-7938    [000] .....    18.491583: ovldiag_open: (ovl_open+0xb2/0x100 <- ovl_open_realfile) result=0xffff888005cb3300
              dd-7938    [000] .....    18.491606: ovldiag_ensure: (ovl_write_iter+0xaf/0x130 <- ovl_ensure_upper_and_switch) result=0x0
              dd-7938    [000] .....    18.491618: ovldiag_write: (ovl_write_iter+0x10c/0x130 <- backing_file_write_iter) result=0x1000
             cat-7942    [000] .....    18.493574: ovldiag_open: (ovl_open+0xb2/0x100 <- ovl_open_realfile) result=0xffff8880043a2900
              dd-7944    [001] .....    18.494782: ovldiag_open: (ovl_open+0xb2/0x100 <- ovl_open_realfile) result=0xffff888007160500
              dd-7944    [001] .....    18.494805: ovldiag_ensure: (ovl_write_iter+0xaf/0x130 <- ovl_ensure_upper_and_switch) result=0x0
              dd-7944    [001] .....    18.494819: ovldiag_write: (ovl_write_iter+0x10c/0x130 <- backing_file_write_iter) result=0x1000
             cat-7943    [000] .....    18.495722: ovldiag_open: (ovl_open+0xb2/0x100 <- ovl_open_realfile) result=0xffff88800707bc00
             cat-7949    [000] .....    18.497549: ovldiag_open: (ovl_open+0xb2/0x100 <- ovl_open_realfile) result=0xffff8880073a8300
              dd-7950    [001] .....    18.499666: ovldiag_open: (ovl_open+0xb2/0x100 <- ovl_open_realfile) result=0xffff8880047ffd00
              dd-7950    [001] .....    18.499694: ovldiag_ensure: (ovl_write_iter+0xaf/0x130 <- ovl_ensure_upper_and_switch) result=0x0
              dd-7950    [001] .....    18.499709: ovldiag_write: (ovl_write_iter+0x10c/0x130 <- backing_file_write_iter) result=0x1000
             cat-7954    [000] .....    18.500583: ovldiag_open: (ovl_open+0xb2/0x100 <- ovl_open_realfile) result=0xffff888005c8c100
              dd-7957    [000] .....    18.502005: ovldiag_open: (ovl_open+0xb2/0x100 <- ovl_open_realfile) result=0xffff88800dd42100
              dd-7957    [000] .....    18.502024: ovldiag_ensure: (ovl_write_iter+0xaf/0x130 <- ovl_ensure_upper_and_switch) result=0x0
              dd-7957    [000] .....    18.502035: ovldiag_write: (ovl_write_iter+0x10c/0x130 <- backing_file_write_iter) result=0x1000
             cat-7960    [001] .....    18.503969: ovldiag_open: (ovl_open+0xb2/0x100 <- ovl_open_realfile) result=0xffff8880073a8600
              dd-7961    [000] .....    18.504401: ovldiag_open: (ovl_open+0xb2/0x100 <- ovl_open_realfile) result=0xffff8880043a2200
              dd-7961    [000] .....    18.504423: ovldiag_ensure: (ovl_write_iter+0xaf/0x130 <- ovl_ensure_upper_and_switch) result=0x0
              dd-7961    [000] .....    18.504432: ovldiag_write: (ovl_write_iter+0x10c/0x130 <- backing_file_write_iter) result=0x1000
             cat-7963    [000] .....    18.505825: ovldiag_open: (ovl_open+0xb2/0x100 <- ovl_open_realfile) result=0xffff8880073aa600
              dd-7966    [001] .....    18.507234: ovldiag_open: (ovl_open+0xb2/0x100 <- ovl_open_realfile) result=0xffff88800dd42b00
              dd-7966    [001] .....    18.507260: ovldiag_ensure: (ovl_write_iter+0xaf/0x130 <- ovl_ensure_upper_and_switch) result=0x0
              dd-7966    [001] .....    18.507276: ovldiag_write: (ovl_write_iter+0x10c/0x130 <- backing_file_write_iter) result=0x1000
             cat-7965    [000] .....    18.509108: ovldiag_open: (ovl_open+0xb2/0x100 <- ovl_open_realfile) result=0xffff88800461b000
             cat-7970    [001] .....    18.509297: ovldiag_open: (ovl_open+0xb2/0x100 <- ovl_open_realfile) result=0xffff88800893ca00
              dd-7976    [001] .....    18.512622: ovldiag_open: (ovl_open+0xb2/0x100 <- ovl_open_realfile) result=0xffff888004779100
              dd-7976    [001] .....    18.512645: ovldiag_ensure: (ovl_write_iter+0xaf/0x130 <- ovl_ensure_upper_and_switch) result=0x0
              dd-7976    [001] .....    18.512660: ovldiag_write: (ovl_write_iter+0x10c/0x130 <- backing_file_write_iter) result=0x1000
             cat-7978    [001] .....    18.514033: ovldiag_open: (ovl_open+0xb2/0x100 <- ovl_open_realfile) result=0xffff8880044a1700
              dd-7979    [000] .....    18.514880: ovldiag_open: (ovl_open+0xb2/0x100 <- ovl_open_realfile) result=0xffff88800457b900
              dd-7979    [000] .....    18.514900: ovldiag_ensure: (ovl_write_iter+0xaf/0x130 <- ovl_ensure_upper_and_switch) result=0x0
              dd-7979    [000] .....    18.514911: ovldiag_write: (ovl_write_iter+0x10c/0x130 <- backing_file_write_iter) result=0x1000
              dd-7983    [001] .....    18.517209: ovldiag_open: (ovl_open+0xb2/0x100 <- ovl_open_realfile) result=0xffff8880044a1900
              dd-7983    [001] .....    18.517235: ovldiag_ensure: (ovl_write_iter+0xaf/0x130 <- ovl_ensure_upper_and_switch) result=0x0
              dd-7983    [001] .....    18.517250: ovldiag_write: (ovl_write_iter+0x10c/0x130 <- backing_file_write_iter) result=0x1000
             cat-7984    [000] .....    18.517404: ovldiag_open: (ovl_open+0xb2/0x100 <- ovl_open_realfile) result=0xffff888007171400
             cat-7986    [000] .....    18.518730: ovldiag_open: (ovl_open+0xb2/0x100 <- ovl_open_realfile) result=0xffff88800ddf8500
             cat-7987    [001] .....    18.519719: ovldiag_open: (ovl_open+0xb2/0x100 <- ovl_open_realfile) result=0xffff8880089dd000
              dd-7989    [001] .....    18.520707: ovldiag_open: (ovl_open+0xb2/0x100 <- ovl_open_realfile) result=0xffff8880073a8d00
              dd-7989    [001] .....    18.520728: ovldiag_ensure: (ovl_write_iter+0xaf/0x130 <- ovl_ensure_upper_and_switch) result=0x0
              dd-7989    [001] .....    18.520742: ovldiag_write: (ovl_write_iter+0x10c/0x130 <- backing_file_write_iter) result=0x1000
             cat-7996    [001] .....    18.524148: ovldiag_open: (ovl_open+0xb2/0x100 <- ovl_open_realfile) result=0xffff88800d78ef00
              dd-7997    [001] .....    18.525178: ovldiag_open: (ovl_open+0xb2/0x100 <- ovl_open_realfile) result=0xffff88800461b300
              dd-7997    [001] .....    18.525201: ovldiag_ensure: (ovl_write_iter+0xaf/0x130 <- ovl_ensure_upper_and_switch) result=0x0
              dd-7997    [001] .....    18.525216: ovldiag_write: (ovl_write_iter+0x10c/0x130 <- backing_file_write_iter) result=0x1000
              dd-8001    [001] .....    18.527224: ovldiag_open: (ovl_open+0xb2/0x100 <- ovl_open_realfile) result=0xffff888007256500
              dd-8001    [001] .....    18.527247: ovldiag_ensure: (ovl_write_iter+0xaf/0x130 <- ovl_ensure_upper_and_switch) result=0x0
              dd-8001    [001] .....    18.527261: ovldiag_write: (ovl_write_iter+0x10c/0x130 <- backing_file_write_iter) result=0x1000
             cat-8002    [000] .....    18.528005: ovldiag_open: (ovl_open+0xb2/0x100 <- ovl_open_realfile) result=0xffff88800707be00
             cat-8005    [001] .....    18.529395: ovldiag_open: (ovl_open+0xb2/0x100 <- ovl_open_realfile) result=0xffff88800d78ee00
             cat-8006    [000] .....    18.531540: ovldiag_open: (ovl_open+0xb2/0x100 <- ovl_open_realfile) result=0xffff8880044a1900
              dd-8009    [001] .....    18.532421: ovldiag_open: (ovl_open+0xb2/0x100 <- ovl_open_realfile) result=0xffff888005d64400
              dd-8009    [001] .....    18.532457: ovldiag_ensure: (ovl_write_iter+0xaf/0x130 <- ovl_ensure_upper_and_switch) result=0x0
              dd-8009    [001] .....    18.532472: ovldiag_write: (ovl_write_iter+0x10c/0x130 <- backing_file_write_iter) result=0x1000
             cat-8012    [000] .....    18.534057: ovldiag_open: (ovl_open+0xb2/0x100 <- ovl_open_realfile) result=0xffff88800dc69e00
              dd-8015    [001] .....    18.535426: ovldiag_open: (ovl_open+0xb2/0x100 <- ovl_open_realfile) result=0xffff8880043cc900
              dd-8015    [001] .....    18.535461: ovldiag_ensure: (ovl_write_iter+0xaf/0x130 <- ovl_ensure_upper_and_switch) result=0x0
              dd-8015    [001] .....    18.535476: ovldiag_write: (ovl_write_iter+0x10c/0x130 <- backing_file_write_iter) result=0x1000
             cat-8018    [000] .....    18.537062: ovldiag_open: (ovl_open+0xb2/0x100 <- ovl_open_realfile) result=0xffff88800707be00
              dd-8019    [000] .....    18.537942: ovldiag_open: (ovl_open+0xb2/0x100 <- ovl_open_realfile) result=0xffff888005d24400
              dd-8019    [000] .....    18.537965: ovldiag_ensure: (ovl_write_iter+0xaf/0x130 <- ovl_ensure_upper_and_switch) result=0x0
              dd-8019    [000] .....    18.537975: ovldiag_write: (ovl_write_iter+0x10c/0x130 <- backing_file_write_iter) result=0x1000
             cat-8024    [001] .....    18.539732: ovldiag_open: (ovl_open+0xb2/0x100 <- ovl_open_realfile) result=0xffff8880073a8200
              dd-8023    [000] .....    18.540557: ovldiag_open: (ovl_open+0xb2/0x100 <- ovl_open_realfile) result=0xffff88800893ce00
              dd-8023    [000] .....    18.540577: ovldiag_ensure: (ovl_write_iter+0xaf/0x130 <- ovl_ensure_upper_and_switch) result=0x0
              dd-8023    [000] .....    18.540588: ovldiag_write: (ovl_write_iter+0x10c/0x130 <- backing_file_write_iter) result=0x1000
             cat-8028    [000] .....    18.542806: ovldiag_open: (ovl_open+0xb2/0x100 <- ovl_open_realfile) result=0xffff8880088eb900
             cat-8031    [001] .....    18.544341: ovldiag_open: (ovl_open+0xb2/0x100 <- ovl_open_realfile) result=0xffff888005cb3f00
              dd-8033    [000] .....    18.545724: ovldiag_open: (ovl_open+0xb2/0x100 <- ovl_open_realfile) result=0xffff8880072a6200
              dd-8033    [000] .....    18.545745: ovldiag_ensure: (ovl_write_iter+0xaf/0x130 <- ovl_ensure_upper_and_switch) result=0x0
              dd-8033    [000] .....    18.545756: ovldiag_write: (ovl_write_iter+0x10c/0x130 <- backing_file_write_iter) result=0x1000
              dd-8037    [001] .....    18.548008: ovldiag_open: (ovl_open+0xb2/0x100 <- ovl_open_realfile) result=0xffff8880072d8500
              dd-8037    [001] .....    18.548033: ovldiag_ensure: (ovl_write_iter+0xaf/0x130 <- ovl_ensure_upper_and_switch) result=0x0
              dd-8037    [001] .....    18.548047: ovldiag_write: (ovl_write_iter+0x10c/0x130 <- backing_file_write_iter) result=0x1000
             cat-8038    [000] .....    18.548639: ovldiag_open: (ovl_open+0xb2/0x100 <- ovl_open_realfile) result=0xffff88800893cc00
             cat-8041    [001] .....    18.550602: ovldiag_open: (ovl_open+0xb2/0x100 <- ovl_open_realfile) result=0xffff8880043cc700
              dd-8043    [000] .....    18.552000: ovldiag_open: (ovl_open+0xb2/0x100 <- ovl_open_realfile) result=0xffff8880047ffa00
              dd-8043    [000] .....    18.552024: ovldiag_ensure: (ovl_write_iter+0xaf/0x130 <- ovl_ensure_upper_and_switch) result=0x0
              dd-8043    [000] .....    18.552035: ovldiag_write: (ovl_write_iter+0x10c/0x130 <- backing_file_write_iter) result=0x1000
              dd-8045    [000] .....    18.553159: ovldiag_open: (ovl_open+0xb2/0x100 <- ovl_open_realfile) result=0xffff888005cb7f00
              dd-8045    [000] .....    18.553178: ovldiag_ensure: (ovl_write_iter+0xaf/0x130 <- ovl_ensure_upper_and_switch) result=0x0
              dd-8045    [000] .....    18.553187: ovldiag_write: (ovl_write_iter+0x10c/0x130 <- backing_file_write_iter) result=0x1000
             cat-8048    [000] .....    18.554100: ovldiag_open: (ovl_open+0xb2/0x100 <- ovl_open_realfile) result=0xffff8880043e0d00
             cat-8049    [000] .....    18.555529: ovldiag_open: (ovl_open+0xb2/0x100 <- ovl_open_realfile) result=0xffff88800461bd00
             cat-8054    [001] .....    18.557715: ovldiag_open: (ovl_open+0xb2/0x100 <- ovl_open_realfile) result=0xffff888007248600
              dd-8055    [000] .....    18.559544: ovldiag_open: (ovl_open+0xb2/0x100 <- ovl_open_realfile) result=0xffff888005d64800
              dd-8055    [000] .....    18.559568: ovldiag_ensure: (ovl_write_iter+0xaf/0x130 <- ovl_ensure_upper_and_switch) result=0x0
              dd-8055    [000] .....    18.559579: ovldiag_write: (ovl_write_iter+0x10c/0x130 <- backing_file_write_iter) result=0x1000
              dd-8060    [000] .....    18.560894: ovldiag_open: (ovl_open+0xb2/0x100 <- ovl_open_realfile) result=0xffff888004639200
              dd-8060    [000] .....    18.560915: ovldiag_ensure: (ovl_write_iter+0xaf/0x130 <- ovl_ensure_upper_and_switch) result=0x0
              dd-8060    [000] .....    18.560926: ovldiag_write: (ovl_write_iter+0x10c/0x130 <- backing_file_write_iter) result=0x1000
             cat-8061    [001] .....    18.561805: ovldiag_open: (ovl_open+0xb2/0x100 <- ovl_open_realfile) result=0xffff88800700fb00
             cat-8064    [001] .....    18.563249: ovldiag_open: (ovl_open+0xb2/0x100 <- ovl_open_realfile) result=0xffff888007107800
             cat-8067    [001] .....    18.565579: ovldiag_open: (ovl_open+0xb2/0x100 <- ovl_open_realfile) result=0xffff8880043a2000
              dd-8068    [000] .....    18.565896: ovldiag_open: (ovl_open+0xb2/0x100 <- ovl_open_realfile) result=0xffff88800dc79600
              dd-8068    [000] .....    18.565919: ovldiag_ensure: (ovl_write_iter+0xaf/0x130 <- ovl_ensure_upper_and_switch) result=0x0
              dd-8068    [000] .....    18.565929: ovldiag_write: (ovl_write_iter+0x10c/0x130 <- backing_file_write_iter) result=0x1000
              dd-8072    [000] .....    18.568034: ovldiag_open: (ovl_open+0xb2/0x100 <- ovl_open_realfile) result=0xffff88800893c800
              dd-8072    [000] .....    18.568055: ovldiag_ensure: (ovl_write_iter+0xaf/0x130 <- ovl_ensure_upper_and_switch) result=0x0
              dd-8072    [000] .....    18.568066: ovldiag_write: (ovl_write_iter+0x10c/0x130 <- backing_file_write_iter) result=0x1000
             cat-8073    [001] .....    18.568782: ovldiag_open: (ovl_open+0xb2/0x100 <- ovl_open_realfile) result=0xffff888007046600
             cat-8077    [000] .....    18.570907: ovldiag_open: (ovl_open+0xb2/0x100 <- ovl_open_realfile) result=0xffff888005d64f00
              dd-8080    [001] .....    18.572655: ovldiag_open: (ovl_open+0xb2/0x100 <- ovl_open_realfile) result=0xffff888007160c00
              dd-8080    [001] .....    18.572678: ovldiag_ensure: (ovl_write_iter+0xaf/0x130 <- ovl_ensure_upper_and_switch) result=0x0
              dd-8080    [001] .....    18.572692: ovldiag_write: (ovl_write_iter+0x10c/0x130 <- backing_file_write_iter) result=0x1000
              dd-8083    [000] .....    18.573475: ovldiag_open: (ovl_open+0xb2/0x100 <- ovl_open_realfile) result=0xffff8880073a8600
              dd-8083    [000] .....    18.573498: ovldiag_ensure: (ovl_write_iter+0xaf/0x130 <- ovl_ensure_upper_and_switch) result=0x0
              dd-8083    [000] .....    18.573508: ovldiag_write: (ovl_write_iter+0x10c/0x130 <- backing_file_write_iter) result=0x1000
             cat-8082    [001] .....    18.575142: ovldiag_open: (ovl_open+0xb2/0x100 <- ovl_open_realfile) result=0xffff88800abfa700
             cat-8087    [000] .....    18.576248: ovldiag_open: (ovl_open+0xb2/0x100 <- ovl_open_realfile) result=0xffff88800d77f500
             cat-8088    [001] .....    18.577721: ovldiag_open: (ovl_open+0xb2/0x100 <- ovl_open_realfile) result=0xffff8880043cc700
              dd-8090    [000] .....    18.578731: ovldiag_open: (ovl_open+0xb2/0x100 <- ovl_open_realfile) result=0xffff888007160100
              dd-8090    [000] .....    18.578750: ovldiag_ensure: (ovl_write_iter+0xaf/0x130 <- ovl_ensure_upper_and_switch) result=0x0
              dd-8090    [000] .....    18.578761: ovldiag_write: (ovl_write_iter+0x10c/0x130 <- backing_file_write_iter) result=0x1000
              dd-8094    [000] .....    18.580608: ovldiag_open: (ovl_open+0xb2/0x100 <- ovl_open_realfile) result=0xffff888005e18100
              dd-8094    [000] .....    18.580629: ovldiag_ensure: (ovl_write_iter+0xaf/0x130 <- ovl_ensure_upper_and_switch) result=0x0
              dd-8094    [000] .....    18.580639: ovldiag_write: (ovl_write_iter+0x10c/0x130 <- backing_file_write_iter) result=0x1000
             cat-8097    [001] .....    18.581878: ovldiag_open: (ovl_open+0xb2/0x100 <- ovl_open_realfile) result=0xffff88800dd75000
             cat-8102    [001] .....    18.584830: ovldiag_open: (ovl_open+0xb2/0x100 <- ovl_open_realfile) result=0xffff8880043e0d00
             cat-8104    [000] .....    18.585787: ovldiag_open: (ovl_open+0xb2/0x100 <- ovl_open_realfile) result=0xffff8880073a9000
              dd-8103    [001] .....    18.586617: ovldiag_open: (ovl_open+0xb2/0x100 <- ovl_open_realfile) result=0xffff88800453e600
              dd-8103    [001] .....    18.586643: ovldiag_ensure: (ovl_write_iter+0xaf/0x130 <- ovl_ensure_upper_and_switch) result=0x0
              dd-8103    [001] .....    18.586657: ovldiag_write: (ovl_write_iter+0x10c/0x130 <- backing_file_write_iter) result=0x1000
              dd-8109    [000] .....    18.589166: ovldiag_open: (ovl_open+0xb2/0x100 <- ovl_open_realfile) result=0xffff88800d4be700
              dd-8109    [000] .....    18.589192: ovldiag_ensure: (ovl_write_iter+0xaf/0x130 <- ovl_ensure_upper_and_switch) result=0x0
              dd-8109    [000] .....    18.589204: ovldiag_write: (ovl_write_iter+0x10c/0x130 <- backing_file_write_iter) result=0x1000
             cat-8114    [000] .....    18.590790: ovldiag_open: (ovl_open+0xb2/0x100 <- ovl_open_realfile) result=0xffff88800475d000
             cat-8111    [001] .....    18.593570: ovldiag_open: (ovl_open+0xb2/0x100 <- ovl_open_realfile) result=0xffff888005cbc500
              dd-8116    [001] .....    18.595839: ovldiag_open: (ovl_open+0xb2/0x100 <- ovl_open_realfile) result=0xffff88800453ec00
              dd-8116    [001] .....    18.595882: ovldiag_ensure: (ovl_write_iter+0xaf/0x130 <- ovl_ensure_upper_and_switch) result=0x0
              dd-8116    [001] .....    18.595895: ovldiag_write: (ovl_write_iter+0x10c/0x130 <- backing_file_write_iter) result=0x1000
            bash-437     [000] .....    19.638001: ovldiag_open: (ovl_open+0xb2/0x100 <- ovl_open_realfile) result=0xffff888007058e00
            bash-437     [000] .....    19.639843: ovldiag_ensure: (ovl_write_iter+0xaf/0x130 <- ovl_ensure_upper_and_switch) result=0x0
            bash-437     [000] .....    19.639865: ovldiag_write: (ovl_write_iter+0x10c/0x130 <- backing_file_write_iter) result=0x8
        truncate-8134    [000] .....    19.648206: ovldiag_open: (ovl_open+0xb2/0x100 <- ovl_open_realfile) result=0xffff888007162a00
       fallocate-8137    [000] .....    19.655985: ovldiag_open: (ovl_open+0xb2/0x100 <- ovl_open_realfile) result=0xffff88800453ee00
       fallocate-8137    [000] .....    19.655990: ovldiag_ensure: (ovl_fallocate+0x49/0x110 <- ovl_ensure_upper_and_switch) result=0x0
            bash-437     [001] .....    19.685431: ovldiag_open: (ovl_open+0xb2/0x100 <- ovl_open_realfile) result=0xffff8880046cde00
            bash-437     [001] .....    19.685483: ovldiag_ensure: (ovl_write_iter+0xaf/0x130 <- ovl_ensure_upper_and_switch) result=0x0
            bash-437     [001] .....    19.685508: ovldiag_write: (ovl_write_iter+0x10c/0x130 <- backing_file_write_iter) result=0x3
            bash-437     [000] .....    19.689176: ovldiag_open: (ovl_open+0xb2/0x100 <- ovl_open_realfile) result=0xffff888005cb7a00
            bash-437     [000] .....    19.695763: ovldiag_cow: (ovl_ensure_upper_and_switch+0x37f/0x630 <- ovl_rehome_or_anon_cow) result=0x0
            bash-437     [000] .....    19.695767: ovldiag_ensure: (ovl_write_iter+0xaf/0x130 <- ovl_ensure_upper_and_switch) result=0x0
            bash-437     [000] .....    19.695865: ovldiag_write: (ovl_write_iter+0x10c/0x130 <- backing_file_write_iter) result=0xc
             cat-8154    [000] .....    19.702062: ovldiag_open: (ovl_open+0xb2/0x100 <- ovl_open_realfile) result=0xffff888007107e00
             cat-8165    [001] .....    19.733198: ovldiag_open: (ovl_open+0xb2/0x100 <- ovl_open_realfile) result=0xffff888007059700
            bash-437     [001] .....    19.774318: ovldiag_open: (ovl_open+0xb2/0x100 <- ovl_open_realfile) result=0xffff8880072d8e00
            bash-437     [001] .....    19.774368: ovldiag_ensure: (ovl_write_iter+0xaf/0x130 <- ovl_ensure_upper_and_switch) result=0x0
            bash-437     [001] .....    19.774388: ovldiag_write: (ovl_write_iter+0x10c/0x130 <- backing_file_write_iter) result=0xb
            bash-437     [001] .....    19.774499: ovldiag_open: (ovl_open+0xb2/0x100 <- ovl_open_realfile) result=0xffff8880072d8e00
            bash-437     [001] .....    19.774520: ovldiag_ensure: (ovl_write_iter+0xaf/0x130 <- ovl_ensure_upper_and_switch) result=0x0
            bash-437     [001] .....    19.774527: ovldiag_write: (ovl_write_iter+0x10c/0x130 <- backing_file_write_iter) result=0xb
            bash-437     [001] .....    19.774603: ovldiag_open: (ovl_open+0xb2/0x100 <- ovl_open_realfile) result=0xffff8880072d8e00
            bash-437     [001] .....    19.774619: ovldiag_ensure: (ovl_write_iter+0xaf/0x130 <- ovl_ensure_upper_and_switch) result=0x0
            bash-437     [001] .....    19.774625: ovldiag_write: (ovl_write_iter+0x10c/0x130 <- backing_file_write_iter) result=0xb
            bash-437     [001] .....    19.774691: ovldiag_open: (ovl_open+0xb2/0x100 <- ovl_open_realfile) result=0xffff8880072d8e00
            bash-437     [001] .....    19.774707: ovldiag_ensure: (ovl_write_iter+0xaf/0x130 <- ovl_ensure_upper_and_switch) result=0x0
            bash-437     [001] .....    19.774712: ovldiag_write: (ovl_write_iter+0x10c/0x130 <- backing_file_write_iter) result=0xb
            bash-437     [001] .....    19.774777: ovldiag_open: (ovl_open+0xb2/0x100 <- ovl_open_realfile) result=0xffff8880072d8e00
            bash-437     [001] .....    19.774793: ovldiag_ensure: (ovl_write_iter+0xaf/0x130 <- ovl_ensure_upper_and_switch) result=0x0
            bash-437     [001] .....    19.774801: ovldiag_write: (ovl_write_iter+0x10c/0x130 <- backing_file_write_iter) result=0xb
            bash-437     [001] .....    19.774865: ovldiag_open: (ovl_open+0xb2/0x100 <- ovl_open_realfile) result=0xffff8880072d8e00
            bash-437     [001] .....    19.774880: ovldiag_ensure: (ovl_write_iter+0xaf/0x130 <- ovl_ensure_upper_and_switch) result=0x0
            bash-437     [001] .....    19.774885: ovldiag_write: (ovl_write_iter+0x10c/0x130 <- backing_file_write_iter) result=0xb
            bash-437     [001] .....    19.774947: ovldiag_open: (ovl_open+0xb2/0x100 <- ovl_open_realfile) result=0xffff8880072d8e00
            bash-437     [001] .....    19.774962: ovldiag_ensure: (ovl_write_iter+0xaf/0x130 <- ovl_ensure_upper_and_switch) result=0x0
            bash-437     [001] .....    19.774968: ovldiag_write: (ovl_write_iter+0x10c/0x130 <- backing_file_write_iter) result=0xb
            bash-437     [001] .....    19.775029: ovldiag_open: (ovl_open+0xb2/0x100 <- ovl_open_realfile) result=0xffff8880072d8e00
            bash-437     [001] .....    19.775044: ovldiag_ensure: (ovl_write_iter+0xaf/0x130 <- ovl_ensure_upper_and_switch) result=0x0
            bash-437     [001] .....    19.775050: ovldiag_write: (ovl_write_iter+0x10c/0x130 <- backing_file_write_iter) result=0xb
            bash-437     [001] .....    19.775145: ovldiag_open: (ovl_open+0xb2/0x100 <- ovl_open_realfile) result=0xffff8880072d8e00
            bash-437     [001] .....    19.775184: ovldiag_ensure: (ovl_write_iter+0xaf/0x130 <- ovl_ensure_upper_and_switch) result=0x0
            bash-437     [001] .....    19.775192: ovldiag_write: (ovl_write_iter+0x10c/0x130 <- backing_file_write_iter) result=0xb
            bash-437     [001] .....    19.775262: ovldiag_open: (ovl_open+0xb2/0x100 <- ovl_open_realfile) result=0xffff8880072d8e00
            bash-437     [001] .....    19.775278: ovldiag_ensure: (ovl_write_iter+0xaf/0x130 <- ovl_ensure_upper_and_switch) result=0x0
            bash-437     [001] .....    19.775284: ovldiag_write: (ovl_write_iter+0x10c/0x130 <- backing_file_write_iter) result=0xc
            bash-437     [001] .....    19.775352: ovldiag_open: (ovl_open+0xb2/0x100 <- ovl_open_realfile) result=0xffff8880072d8e00
            bash-437     [001] .....    19.775367: ovldiag_ensure: (ovl_write_iter+0xaf/0x130 <- ovl_ensure_upper_and_switch) result=0x0
            bash-437     [001] .....    19.775372: ovldiag_write: (ovl_write_iter+0x10c/0x130 <- backing_file_write_iter) result=0xc
            bash-437     [001] .....    19.775438: ovldiag_open: (ovl_open+0xb2/0x100 <- ovl_open_realfile) result=0xffff8880072d8e00
            bash-437     [001] .....    19.775453: ovldiag_ensure: (ovl_write_iter+0xaf/0x130 <- ovl_ensure_upper_and_switch) result=0x0
            bash-437     [001] .....    19.775473: ovldiag_write: (ovl_write_iter+0x10c/0x130 <- backing_file_write_iter) result=0xc
            bash-437     [001] .....    19.775637: ovldiag_open: (ovl_open+0xb2/0x100 <- ovl_open_realfile) result=0xffff8880072d8e00
            bash-437     [001] .....    19.775656: ovldiag_ensure: (ovl_write_iter+0xaf/0x130 <- ovl_ensure_upper_and_switch) result=0x0
            bash-437     [001] .....    19.775663: ovldiag_write: (ovl_write_iter+0x10c/0x130 <- backing_file_write_iter) result=0xc
            bash-437     [001] .....    19.775735: ovldiag_open: (ovl_open+0xb2/0x100 <- ovl_open_realfile) result=0xffff8880072d8e00
            bash-437     [001] .....    19.775750: ovldiag_ensure: (ovl_write_iter+0xaf/0x130 <- ovl_ensure_upper_and_switch) result=0x0
            bash-437     [001] .....    19.775756: ovldiag_write: (ovl_write_iter+0x10c/0x130 <- backing_file_write_iter) result=0xc
            bash-437     [001] .....    19.775820: ovldiag_open: (ovl_open+0xb2/0x100 <- ovl_open_realfile) result=0xffff8880072d8e00
            bash-437     [001] .....    19.775835: ovldiag_ensure: (ovl_write_iter+0xaf/0x130 <- ovl_ensure_upper_and_switch) result=0x0
            bash-437     [001] .....    19.775842: ovldiag_write: (ovl_write_iter+0x10c/0x130 <- backing_file_write_iter) result=0xc
            bash-437     [001] .....    19.775906: ovldiag_open: (ovl_open+0xb2/0x100 <- ovl_open_realfile) result=0xffff8880072d8e00
            bash-437     [001] .....    19.775921: ovldiag_ensure: (ovl_write_iter+0xaf/0x130 <- ovl_ensure_upper_and_switch) result=0x0
            bash-437     [001] .....    19.775927: ovldiag_write: (ovl_write_iter+0x10c/0x130 <- backing_file_write_iter) result=0xc
            bash-437     [001] .....    19.776012: ovldiag_open: (ovl_open+0xb2/0x100 <- ovl_open_realfile) result=0xffff8880072d8e00
            bash-437     [001] .....    19.776031: ovldiag_ensure: (ovl_write_iter+0xaf/0x130 <- ovl_ensure_upper_and_switch) result=0x0
            bash-437     [001] .....    19.776038: ovldiag_write: (ovl_write_iter+0x10c/0x130 <- backing_file_write_iter) result=0xc
            bash-437     [001] .....    19.776176: ovldiag_open: (ovl_open+0xb2/0x100 <- ovl_open_realfile) result=0xffff8880072d8e00
            bash-437     [001] .....    19.776198: ovldiag_ensure: (ovl_write_iter+0xaf/0x130 <- ovl_ensure_upper_and_switch) result=0x0
            bash-437     [001] .....    19.776205: ovldiag_write: (ovl_write_iter+0x10c/0x130 <- backing_file_write_iter) result=0xc
            bash-437     [001] .....    19.776288: ovldiag_open: (ovl_open+0xb2/0x100 <- ovl_open_realfile) result=0xffff8880072d8e00
            bash-437     [001] .....    19.776307: ovldiag_ensure: (ovl_write_iter+0xaf/0x130 <- ovl_ensure_upper_and_switch) result=0x0
            bash-437     [001] .....    19.776313: ovldiag_write: (ovl_write_iter+0x10c/0x130 <- backing_file_write_iter) result=0xc
            bash-437     [001] .....    19.776381: ovldiag_open: (ovl_open+0xb2/0x100 <- ovl_open_realfile) result=0xffff8880072d8e00
            bash-437     [001] .....    19.776397: ovldiag_ensure: (ovl_write_iter+0xaf/0x130 <- ovl_ensure_upper_and_switch) result=0x0
            bash-437     [001] .....    19.776405: ovldiag_write: (ovl_write_iter+0x10c/0x130 <- backing_file_write_iter) result=0xc
            bash-437     [001] .....    19.776502: ovldiag_open: (ovl_open+0xb2/0x100 <- ovl_open_realfile) result=0xffff8880072d8e00
            bash-437     [001] .....    19.776521: ovldiag_ensure: (ovl_write_iter+0xaf/0x130 <- ovl_ensure_upper_and_switch) result=0x0
            bash-437     [001] .....    19.776528: ovldiag_write: (ovl_write_iter+0x10c/0x130 <- backing_file_write_iter) result=0xc
            bash-437     [001] .....    19.776596: ovldiag_open: (ovl_open+0xb2/0x100 <- ovl_open_realfile) result=0xffff8880072d8e00
            bash-437     [001] .....    19.776612: ovldiag_ensure: (ovl_write_iter+0xaf/0x130 <- ovl_ensure_upper_and_switch) result=0x0
            bash-437     [001] .....    19.776618: ovldiag_write: (ovl_write_iter+0x10c/0x130 <- backing_file_write_iter) result=0xc
            bash-437     [001] .....    19.776685: ovldiag_open: (ovl_open+0xb2/0x100 <- ovl_open_realfile) result=0xffff8880072d8e00
            bash-437     [001] .....    19.776700: ovldiag_ensure: (ovl_write_iter+0xaf/0x130 <- ovl_ensure_upper_and_switch) result=0x0
            bash-437     [001] .....    19.776706: ovldiag_write: (ovl_write_iter+0x10c/0x130 <- backing_file_write_iter) result=0xc
            bash-437     [001] .....    19.776771: ovldiag_open: (ovl_open+0xb2/0x100 <- ovl_open_realfile) result=0xffff8880072d8e00
            bash-437     [001] .....    19.776787: ovldiag_ensure: (ovl_write_iter+0xaf/0x130 <- ovl_ensure_upper_and_switch) result=0x0
            bash-437     [001] .....    19.776793: ovldiag_write: (ovl_write_iter+0x10c/0x130 <- backing_file_write_iter) result=0xc
            bash-437     [001] .....    19.776864: ovldiag_open: (ovl_open+0xb2/0x100 <- ovl_open_realfile) result=0xffff8880072d8e00
            bash-437     [001] .....    19.776880: ovldiag_ensure: (ovl_write_iter+0xaf/0x130 <- ovl_ensure_upper_and_switch) result=0x0
            bash-437     [001] .....    19.776887: ovldiag_write: (ovl_write_iter+0x10c/0x130 <- backing_file_write_iter) result=0xc
            bash-437     [001] .....    19.776970: ovldiag_open: (ovl_open+0xb2/0x100 <- ovl_open_realfile) result=0xffff8880072d8e00
            bash-437     [001] .....    19.776989: ovldiag_ensure: (ovl_write_iter+0xaf/0x130 <- ovl_ensure_upper_and_switch) result=0x0
            bash-437     [001] .....    19.776995: ovldiag_write: (ovl_write_iter+0x10c/0x130 <- backing_file_write_iter) result=0xc
            bash-437     [001] .....    19.777062: ovldiag_open: (ovl_open+0xb2/0x100 <- ovl_open_realfile) result=0xffff8880072d8e00
            bash-437     [001] .....    19.777110: ovldiag_ensure: (ovl_write_iter+0xaf/0x130 <- ovl_ensure_upper_and_switch) result=0x0
            bash-437     [001] .....    19.777121: ovldiag_write: (ovl_write_iter+0x10c/0x130 <- backing_file_write_iter) result=0xc
            bash-437     [001] .....    19.777190: ovldiag_open: (ovl_open+0xb2/0x100 <- ovl_open_realfile) result=0xffff8880072d8e00
            bash-437     [001] .....    19.777205: ovldiag_ensure: (ovl_write_iter+0xaf/0x130 <- ovl_ensure_upper_and_switch) result=0x0
            bash-437     [001] .....    19.777212: ovldiag_write: (ovl_write_iter+0x10c/0x130 <- backing_file_write_iter) result=0xc
            bash-437     [001] .....    19.777275: ovldiag_open: (ovl_open+0xb2/0x100 <- ovl_open_realfile) result=0xffff8880072d8e00
            bash-437     [001] .....    19.777291: ovldiag_ensure: (ovl_write_iter+0xaf/0x130 <- ovl_ensure_upper_and_switch) result=0x0
            bash-437     [001] .....    19.777297: ovldiag_write: (ovl_write_iter+0x10c/0x130 <- backing_file_write_iter) result=0xc
            bash-437     [001] .....    19.777381: ovldiag_open: (ovl_open+0xb2/0x100 <- ovl_open_realfile) result=0xffff8880072d8e00
            bash-437     [001] .....    19.777399: ovldiag_ensure: (ovl_write_iter+0xaf/0x130 <- ovl_ensure_upper_and_switch) result=0x0
            bash-437     [001] .....    19.777406: ovldiag_write: (ovl_write_iter+0x10c/0x130 <- backing_file_write_iter) result=0xc
            bash-437     [001] .....    19.777666: ovldiag_open: (ovl_open+0xb2/0x100 <- ovl_open_realfile) result=0xffff8880072d8e00
            bash-437     [001] .....    19.777686: ovldiag_ensure: (ovl_write_iter+0xaf/0x130 <- ovl_ensure_upper_and_switch) result=0x0
            bash-437     [001] .....    19.777693: ovldiag_write: (ovl_write_iter+0x10c/0x130 <- backing_file_write_iter) result=0xc
            bash-437     [001] .....    19.777766: ovldiag_open: (ovl_open+0xb2/0x100 <- ovl_open_realfile) result=0xffff8880072d8e00
            bash-437     [001] .....    19.777782: ovldiag_ensure: (ovl_write_iter+0xaf/0x130 <- ovl_ensure_upper_and_switch) result=0x0
            bash-437     [001] .....    19.777788: ovldiag_write: (ovl_write_iter+0x10c/0x130 <- backing_file_write_iter) result=0xc
            bash-437     [001] .....    19.777868: ovldiag_open: (ovl_open+0xb2/0x100 <- ovl_open_realfile) result=0xffff8880072d8e00
            bash-437     [001] .....    19.777886: ovldiag_ensure: (ovl_write_iter+0xaf/0x130 <- ovl_ensure_upper_and_switch) result=0x0
            bash-437     [001] .....    19.777893: ovldiag_write: (ovl_write_iter+0x10c/0x130 <- backing_file_write_iter) result=0xc
            bash-437     [001] .....    19.777965: ovldiag_open: (ovl_open+0xb2/0x100 <- ovl_open_realfile) result=0xffff8880072d8e00
            bash-437     [001] .....    19.777981: ovldiag_ensure: (ovl_write_iter+0xaf/0x130 <- ovl_ensure_upper_and_switch) result=0x0
            bash-437     [001] .....    19.777987: ovldiag_write: (ovl_write_iter+0x10c/0x130 <- backing_file_write_iter) result=0xc
            bash-437     [001] .....    19.778089: ovldiag_open: (ovl_open+0xb2/0x100 <- ovl_open_realfile) result=0xffff8880072d8e00
            bash-437     [001] .....    19.778108: ovldiag_ensure: (ovl_write_iter+0xaf/0x130 <- ovl_ensure_upper_and_switch) result=0x0
            bash-437     [001] .....    19.778118: ovldiag_write: (ovl_write_iter+0x10c/0x130 <- backing_file_write_iter) result=0xc
            bash-437     [001] .....    19.778189: ovldiag_open: (ovl_open+0xb2/0x100 <- ovl_open_realfile) result=0xffff8880072d8e00
            bash-437     [001] .....    19.778205: ovldiag_ensure: (ovl_write_iter+0xaf/0x130 <- ovl_ensure_upper_and_switch) result=0x0
            bash-437     [001] .....    19.778211: ovldiag_write: (ovl_write_iter+0x10c/0x130 <- backing_file_write_iter) result=0xc
            bash-437     [001] .....    19.778276: ovldiag_open: (ovl_open+0xb2/0x100 <- ovl_open_realfile) result=0xffff8880072d8e00
            bash-437     [001] .....    19.778291: ovldiag_ensure: (ovl_write_iter+0xaf/0x130 <- ovl_ensure_upper_and_switch) result=0x0
            bash-437     [001] .....    19.778298: ovldiag_write: (ovl_write_iter+0x10c/0x130 <- backing_file_write_iter) result=0xc
            bash-437     [001] .....    19.778364: ovldiag_open: (ovl_open+0xb2/0x100 <- ovl_open_realfile) result=0xffff8880072d8e00
            bash-437     [001] .....    19.778379: ovldiag_ensure: (ovl_write_iter+0xaf/0x130 <- ovl_ensure_upper_and_switch) result=0x0
            bash-437     [001] .....    19.778386: ovldiag_write: (ovl_write_iter+0x10c/0x130 <- backing_file_write_iter) result=0xc
            bash-437     [001] .....    19.778482: ovldiag_open: (ovl_open+0xb2/0x100 <- ovl_open_realfile) result=0xffff8880072d8e00
            bash-437     [001] .....    19.778501: ovldiag_ensure: (ovl_write_iter+0xaf/0x130 <- ovl_ensure_upper_and_switch) result=0x0
            bash-437     [001] .....    19.778508: ovldiag_write: (ovl_write_iter+0x10c/0x130 <- backing_file_write_iter) result=0xc
            bash-437     [001] .....    19.778577: ovldiag_open: (ovl_open+0xb2/0x100 <- ovl_open_realfile) result=0xffff8880072d8e00
            bash-437     [001] .....    19.778593: ovldiag_ensure: (ovl_write_iter+0xaf/0x130 <- ovl_ensure_upper_and_switch) result=0x0
            bash-437     [001] .....    19.778599: ovldiag_write: (ovl_write_iter+0x10c/0x130 <- backing_file_write_iter) result=0xc
            bash-437     [001] .....    19.778663: ovldiag_open: (ovl_open+0xb2/0x100 <- ovl_open_realfile) result=0xffff8880072d8e00
            bash-437     [001] .....    19.778678: ovldiag_ensure: (ovl_write_iter+0xaf/0x130 <- ovl_ensure_upper_and_switch) result=0x0
            bash-437     [001] .....    19.778685: ovldiag_write: (ovl_write_iter+0x10c/0x130 <- backing_file_write_iter) result=0xc
            bash-437     [001] .....    19.778750: ovldiag_open: (ovl_open+0xb2/0x100 <- ovl_open_realfile) result=0xffff8880072d8e00
            bash-437     [001] .....    19.778765: ovldiag_ensure: (ovl_write_iter+0xaf/0x130 <- ovl_ensure_upper_and_switch) result=0x0
            bash-437     [001] .....    19.778771: ovldiag_write: (ovl_write_iter+0x10c/0x130 <- backing_file_write_iter) result=0xc
            bash-437     [001] .....    19.778853: ovldiag_open: (ovl_open+0xb2/0x100 <- ovl_open_realfile) result=0xffff8880072d8e00
            bash-437     [001] .....    19.778871: ovldiag_ensure: (ovl_write_iter+0xaf/0x130 <- ovl_ensure_upper_and_switch) result=0x0
            bash-437     [001] .....    19.778878: ovldiag_write: (ovl_write_iter+0x10c/0x130 <- backing_file_write_iter) result=0xc
            bash-437     [001] .....    19.778946: ovldiag_open: (ovl_open+0xb2/0x100 <- ovl_open_realfile) result=0xffff8880072d8e00
            bash-437     [001] .....    19.778962: ovldiag_ensure: (ovl_write_iter+0xaf/0x130 <- ovl_ensure_upper_and_switch) result=0x0
            bash-437     [001] .....    19.778968: ovldiag_write: (ovl_write_iter+0x10c/0x130 <- backing_file_write_iter) result=0xc
            bash-437     [001] .....    19.779033: ovldiag_open: (ovl_open+0xb2/0x100 <- ovl_open_realfile) result=0xffff8880072d8e00
            bash-437     [001] .....    19.779048: ovldiag_ensure: (ovl_write_iter+0xaf/0x130 <- ovl_ensure_upper_and_switch) result=0x0
            bash-437     [001] .....    19.779055: ovldiag_write: (ovl_write_iter+0x10c/0x130 <- backing_file_write_iter) result=0xc
            bash-437     [001] .....    19.779154: ovldiag_open: (ovl_open+0xb2/0x100 <- ovl_open_realfile) result=0xffff8880072d8e00
            bash-437     [001] .....    19.779171: ovldiag_ensure: (ovl_write_iter+0xaf/0x130 <- ovl_ensure_upper_and_switch) result=0x0
            bash-437     [001] .....    19.779178: ovldiag_write: (ovl_write_iter+0x10c/0x130 <- backing_file_write_iter) result=0xc
            bash-437     [001] .....    19.779351: ovldiag_open: (ovl_open+0xb2/0x100 <- ovl_open_realfile) result=0xffff8880072d8e00
            bash-437     [001] .....    19.779370: ovldiag_ensure: (ovl_write_iter+0xaf/0x130 <- ovl_ensure_upper_and_switch) result=0x0
            bash-437     [001] .....    19.779377: ovldiag_write: (ovl_write_iter+0x10c/0x130 <- backing_file_write_iter) result=0xc
            bash-437     [001] .....    19.779444: ovldiag_open: (ovl_open+0xb2/0x100 <- ovl_open_realfile) result=0xffff8880072d8e00
            bash-437     [001] .....    19.779472: ovldiag_ensure: (ovl_write_iter+0xaf/0x130 <- ovl_ensure_upper_and_switch) result=0x0
            bash-437     [001] .....    19.779480: ovldiag_write: (ovl_write_iter+0x10c/0x130 <- backing_file_write_iter) result=0xc
            bash-437     [001] .....    19.779550: ovldiag_open: (ovl_open+0xb2/0x100 <- ovl_open_realfile) result=0xffff8880072d8e00
            bash-437     [001] .....    19.779565: ovldiag_ensure: (ovl_write_iter+0xaf/0x130 <- ovl_ensure_upper_and_switch) result=0x0
            bash-437     [001] .....    19.779572: ovldiag_write: (ovl_write_iter+0x10c/0x130 <- backing_file_write_iter) result=0xc
            bash-437     [001] .....    19.779637: ovldiag_open: (ovl_open+0xb2/0x100 <- ovl_open_realfile) result=0xffff8880072d8e00
            bash-437     [001] .....    19.779653: ovldiag_ensure: (ovl_write_iter+0xaf/0x130 <- ovl_ensure_upper_and_switch) result=0x0
            bash-437     [001] .....    19.779661: ovldiag_write: (ovl_write_iter+0x10c/0x130 <- backing_file_write_iter) result=0xc
            bash-437     [001] .....    19.779728: ovldiag_open: (ovl_open+0xb2/0x100 <- ovl_open_realfile) result=0xffff8880072d8e00
            bash-437     [001] .....    19.779744: ovldiag_ensure: (ovl_write_iter+0xaf/0x130 <- ovl_ensure_upper_and_switch) result=0x0
            bash-437     [001] .....    19.779750: ovldiag_write: (ovl_write_iter+0x10c/0x130 <- backing_file_write_iter) result=0xc
            bash-437     [001] .....    19.779814: ovldiag_open: (ovl_open+0xb2/0x100 <- ovl_open_realfile) result=0xffff8880072d8e00
            bash-437     [001] .....    19.779829: ovldiag_ensure: (ovl_write_iter+0xaf/0x130 <- ovl_ensure_upper_and_switch) result=0x0
            bash-437     [001] .....    19.779835: ovldiag_write: (ovl_write_iter+0x10c/0x130 <- backing_file_write_iter) result=0xc
            bash-437     [001] .....    19.779900: ovldiag_open: (ovl_open+0xb2/0x100 <- ovl_open_realfile) result=0xffff8880072d8e00
            bash-437     [001] .....    19.779916: ovldiag_ensure: (ovl_write_iter+0xaf/0x130 <- ovl_ensure_upper_and_switch) result=0x0
            bash-437     [001] .....    19.779922: ovldiag_write: (ovl_write_iter+0x10c/0x130 <- backing_file_write_iter) result=0xc
            bash-437     [001] .....    19.779986: ovldiag_open: (ovl_open+0xb2/0x100 <- ovl_open_realfile) result=0xffff8880072d8e00
            bash-437     [001] .....    19.780001: ovldiag_ensure: (ovl_write_iter+0xaf/0x130 <- ovl_ensure_upper_and_switch) result=0x0
            bash-437     [001] .....    19.780007: ovldiag_write: (ovl_write_iter+0x10c/0x130 <- backing_file_write_iter) result=0xc
            bash-437     [001] .....    19.780102: ovldiag_open: (ovl_open+0xb2/0x100 <- ovl_open_realfile) result=0xffff8880072d8e00
            bash-437     [001] .....    19.780120: ovldiag_ensure: (ovl_write_iter+0xaf/0x130 <- ovl_ensure_upper_and_switch) result=0x0
            bash-437     [001] .....    19.780126: ovldiag_write: (ovl_write_iter+0x10c/0x130 <- backing_file_write_iter) result=0xc
            bash-437     [001] .....    19.780195: ovldiag_open: (ovl_open+0xb2/0x100 <- ovl_open_realfile) result=0xffff8880072d8e00
            bash-437     [001] .....    19.780210: ovldiag_ensure: (ovl_write_iter+0xaf/0x130 <- ovl_ensure_upper_and_switch) result=0x0
            bash-437     [001] .....    19.780216: ovldiag_write: (ovl_write_iter+0x10c/0x130 <- backing_file_write_iter) result=0xc
            bash-437     [001] .....    19.780282: ovldiag_open: (ovl_open+0xb2/0x100 <- ovl_open_realfile) result=0xffff8880072d8e00
            bash-437     [001] .....    19.780297: ovldiag_ensure: (ovl_write_iter+0xaf/0x130 <- ovl_ensure_upper_and_switch) result=0x0
            bash-437     [001] .....    19.780304: ovldiag_write: (ovl_write_iter+0x10c/0x130 <- backing_file_write_iter) result=0xc
            bash-437     [001] .....    19.780371: ovldiag_open: (ovl_open+0xb2/0x100 <- ovl_open_realfile) result=0xffff8880072d8e00
            bash-437     [001] .....    19.780386: ovldiag_ensure: (ovl_write_iter+0xaf/0x130 <- ovl_ensure_upper_and_switch) result=0x0
            bash-437     [001] .....    19.780393: ovldiag_write: (ovl_write_iter+0x10c/0x130 <- backing_file_write_iter) result=0xc
            bash-437     [001] .....    19.780475: ovldiag_open: (ovl_open+0xb2/0x100 <- ovl_open_realfile) result=0xffff8880072d8e00
            bash-437     [001] .....    19.780493: ovldiag_ensure: (ovl_write_iter+0xaf/0x130 <- ovl_ensure_upper_and_switch) result=0x0
            bash-437     [001] .....    19.780500: ovldiag_write: (ovl_write_iter+0x10c/0x130 <- backing_file_write_iter) result=0xc
            bash-437     [001] .....    19.780569: ovldiag_open: (ovl_open+0xb2/0x100 <- ovl_open_realfile) result=0xffff8880072d8e00
            bash-437     [001] .....    19.780585: ovldiag_ensure: (ovl_write_iter+0xaf/0x130 <- ovl_ensure_upper_and_switch) result=0x0
            bash-437     [001] .....    19.780591: ovldiag_write: (ovl_write_iter+0x10c/0x130 <- backing_file_write_iter) result=0xc
            bash-437     [001] .....    19.780657: ovldiag_open: (ovl_open+0xb2/0x100 <- ovl_open_realfile) result=0xffff8880072d8e00
            bash-437     [001] .....    19.780672: ovldiag_ensure: (ovl_write_iter+0xaf/0x130 <- ovl_ensure_upper_and_switch) result=0x0
            bash-437     [001] .....    19.780678: ovldiag_write: (ovl_write_iter+0x10c/0x130 <- backing_file_write_iter) result=0xc
            bash-437     [001] .....    19.780742: ovldiag_open: (ovl_open+0xb2/0x100 <- ovl_open_realfile) result=0xffff8880072d8e00
            bash-437     [001] .....    19.780758: ovldiag_ensure: (ovl_write_iter+0xaf/0x130 <- ovl_ensure_upper_and_switch) result=0x0
            bash-437     [001] .....    19.780764: ovldiag_write: (ovl_write_iter+0x10c/0x130 <- backing_file_write_iter) result=0xc
            bash-437     [001] .....    19.780880: ovldiag_open: (ovl_open+0xb2/0x100 <- ovl_open_realfile) result=0xffff8880072d8e00
            bash-437     [001] .....    19.780899: ovldiag_ensure: (ovl_write_iter+0xaf/0x130 <- ovl_ensure_upper_and_switch) result=0x0
            bash-437     [001] .....    19.780906: ovldiag_write: (ovl_write_iter+0x10c/0x130 <- backing_file_write_iter) result=0xc
            bash-437     [001] .....    19.780974: ovldiag_open: (ovl_open+0xb2/0x100 <- ovl_open_realfile) result=0xffff8880072d8e00
            bash-437     [001] .....    19.780989: ovldiag_ensure: (ovl_write_iter+0xaf/0x130 <- ovl_ensure_upper_and_switch) result=0x0
            bash-437     [001] .....    19.780995: ovldiag_write: (ovl_write_iter+0x10c/0x130 <- backing_file_write_iter) result=0xc
            bash-437     [001] .....    19.781060: ovldiag_open: (ovl_open+0xb2/0x100 <- ovl_open_realfile) result=0xffff8880072d8e00
            bash-437     [001] .....    19.781106: ovldiag_ensure: (ovl_write_iter+0xaf/0x130 <- ovl_ensure_upper_and_switch) result=0x0
            bash-437     [001] .....    19.781118: ovldiag_write: (ovl_write_iter+0x10c/0x130 <- backing_file_write_iter) result=0xc
            bash-437     [001] .....    19.781189: ovldiag_open: (ovl_open+0xb2/0x100 <- ovl_open_realfile) result=0xffff8880072d8e00
            bash-437     [001] .....    19.781206: ovldiag_ensure: (ovl_write_iter+0xaf/0x130 <- ovl_ensure_upper_and_switch) result=0x0
            bash-437     [001] .....    19.781212: ovldiag_write: (ovl_write_iter+0x10c/0x130 <- backing_file_write_iter) result=0xc
            bash-437     [001] .....    19.781277: ovldiag_open: (ovl_open+0xb2/0x100 <- ovl_open_realfile) result=0xffff8880072d8e00
            bash-437     [001] .....    19.781293: ovldiag_ensure: (ovl_write_iter+0xaf/0x130 <- ovl_ensure_upper_and_switch) result=0x0
            bash-437     [001] .....    19.781299: ovldiag_write: (ovl_write_iter+0x10c/0x130 <- backing_file_write_iter) result=0xc
            bash-437     [001] .....    19.781380: ovldiag_open: (ovl_open+0xb2/0x100 <- ovl_open_realfile) result=0xffff8880072d8e00
            bash-437     [001] .....    19.781398: ovldiag_ensure: (ovl_write_iter+0xaf/0x130 <- ovl_ensure_upper_and_switch) result=0x0
            bash-437     [001] .....    19.781405: ovldiag_write: (ovl_write_iter+0x10c/0x130 <- backing_file_write_iter) result=0xc
            bash-437     [001] .....    19.781487: ovldiag_open: (ovl_open+0xb2/0x100 <- ovl_open_realfile) result=0xffff8880072d8e00
            bash-437     [001] .....    19.781505: ovldiag_ensure: (ovl_write_iter+0xaf/0x130 <- ovl_ensure_upper_and_switch) result=0x0
            bash-437     [001] .....    19.781512: ovldiag_write: (ovl_write_iter+0x10c/0x130 <- backing_file_write_iter) result=0xc
            bash-437     [001] .....    19.781622: ovldiag_open: (ovl_open+0xb2/0x100 <- ovl_open_realfile) result=0xffff8880072d8e00
            bash-437     [001] .....    19.781639: ovldiag_ensure: (ovl_write_iter+0xaf/0x130 <- ovl_ensure_upper_and_switch) result=0x0
            bash-437     [001] .....    19.781645: ovldiag_write: (ovl_write_iter+0x10c/0x130 <- backing_file_write_iter) result=0xc
            bash-437     [001] .....    19.781706: ovldiag_open: (ovl_open+0xb2/0x100 <- ovl_open_realfile) result=0xffff8880072d8e00
            bash-437     [001] .....    19.781720: ovldiag_ensure: (ovl_write_iter+0xaf/0x130 <- ovl_ensure_upper_and_switch) result=0x0
            bash-437     [001] .....    19.781727: ovldiag_write: (ovl_write_iter+0x10c/0x130 <- backing_file_write_iter) result=0xc
            bash-437     [001] .....    19.781800: ovldiag_open: (ovl_open+0xb2/0x100 <- ovl_open_realfile) result=0xffff8880072d8e00
            bash-437     [001] .....    19.781816: ovldiag_ensure: (ovl_write_iter+0xaf/0x130 <- ovl_ensure_upper_and_switch) result=0x0
            bash-437     [001] .....    19.781822: ovldiag_write: (ovl_write_iter+0x10c/0x130 <- backing_file_write_iter) result=0xc
            bash-437     [001] .....    19.781898: ovldiag_open: (ovl_open+0xb2/0x100 <- ovl_open_realfile) result=0xffff8880072d8e00
            bash-437     [001] .....    19.781914: ovldiag_ensure: (ovl_write_iter+0xaf/0x130 <- ovl_ensure_upper_and_switch) result=0x0
            bash-437     [001] .....    19.781921: ovldiag_write: (ovl_write_iter+0x10c/0x130 <- backing_file_write_iter) result=0xc
            bash-437     [001] .....    19.781982: ovldiag_open: (ovl_open+0xb2/0x100 <- ovl_open_realfile) result=0xffff8880072d8e00
            bash-437     [001] .....    19.781997: ovldiag_ensure: (ovl_write_iter+0xaf/0x130 <- ovl_ensure_upper_and_switch) result=0x0
            bash-437     [001] .....    19.782002: ovldiag_write: (ovl_write_iter+0x10c/0x130 <- backing_file_write_iter) result=0xc
            bash-437     [001] .....    19.782062: ovldiag_open: (ovl_open+0xb2/0x100 <- ovl_open_realfile) result=0xffff8880072d8e00
            bash-437     [001] .....    19.782107: ovldiag_ensure: (ovl_write_iter+0xaf/0x130 <- ovl_ensure_upper_and_switch) result=0x0
            bash-437     [001] .....    19.782115: ovldiag_write: (ovl_write_iter+0x10c/0x130 <- backing_file_write_iter) result=0xc
            bash-437     [001] .....    19.782177: ovldiag_open: (ovl_open+0xb2/0x100 <- ovl_open_realfile) result=0xffff8880072d8e00
            bash-437     [001] .....    19.782191: ovldiag_ensure: (ovl_write_iter+0xaf/0x130 <- ovl_ensure_upper_and_switch) result=0x0
            bash-437     [001] .....    19.782197: ovldiag_write: (ovl_write_iter+0x10c/0x130 <- backing_file_write_iter) result=0xc
            bash-437     [001] .....    19.782257: ovldiag_open: (ovl_open+0xb2/0x100 <- ovl_open_realfile) result=0xffff8880072d8e00
            bash-437     [001] .....    19.782271: ovldiag_ensure: (ovl_write_iter+0xaf/0x130 <- ovl_ensure_upper_and_switch) result=0x0
            bash-437     [001] .....    19.782277: ovldiag_write: (ovl_write_iter+0x10c/0x130 <- backing_file_write_iter) result=0xc
            bash-437     [001] .....    19.782336: ovldiag_open: (ovl_open+0xb2/0x100 <- ovl_open_realfile) result=0xffff8880072d8e00
            bash-437     [001] .....    19.782350: ovldiag_ensure: (ovl_write_iter+0xaf/0x130 <- ovl_ensure_upper_and_switch) result=0x0
            bash-437     [001] .....    19.782356: ovldiag_write: (ovl_write_iter+0x10c/0x130 <- backing_file_write_iter) result=0xc
            bash-437     [001] .....    19.782473: ovldiag_open: (ovl_open+0xb2/0x100 <- ovl_open_realfile) result=0xffff8880072d8e00
            bash-437     [001] .....    19.782492: ovldiag_ensure: (ovl_write_iter+0xaf/0x130 <- ovl_ensure_upper_and_switch) result=0x0
            bash-437     [001] .....    19.782499: ovldiag_write: (ovl_write_iter+0x10c/0x130 <- backing_file_write_iter) result=0xc
            bash-437     [001] .....    19.782560: ovldiag_open: (ovl_open+0xb2/0x100 <- ovl_open_realfile) result=0xffff8880072d8e00
            bash-437     [001] .....    19.782574: ovldiag_ensure: (ovl_write_iter+0xaf/0x130 <- ovl_ensure_upper_and_switch) result=0x0
            bash-437     [001] .....    19.782582: ovldiag_write: (ovl_write_iter+0x10c/0x130 <- backing_file_write_iter) result=0xc
            bash-437     [001] .....    19.782654: ovldiag_open: (ovl_open+0xb2/0x100 <- ovl_open_realfile) result=0xffff8880072d8e00
            bash-437     [001] .....    19.782671: ovldiag_ensure: (ovl_write_iter+0xaf/0x130 <- ovl_ensure_upper_and_switch) result=0x0
            bash-437     [001] .....    19.782677: ovldiag_write: (ovl_write_iter+0x10c/0x130 <- backing_file_write_iter) result=0xc
            bash-437     [001] .....    19.782740: ovldiag_open: (ovl_open+0xb2/0x100 <- ovl_open_realfile) result=0xffff8880072d8e00
            bash-437     [001] .....    19.782754: ovldiag_ensure: (ovl_write_iter+0xaf/0x130 <- ovl_ensure_upper_and_switch) result=0x0
            bash-437     [001] .....    19.782762: ovldiag_write: (ovl_write_iter+0x10c/0x130 <- backing_file_write_iter) result=0xc
            bash-437     [001] .....    19.782820: ovldiag_open: (ovl_open+0xb2/0x100 <- ovl_open_realfile) result=0xffff8880072d8e00
            bash-437     [001] .....    19.782834: ovldiag_ensure: (ovl_write_iter+0xaf/0x130 <- ovl_ensure_upper_and_switch) result=0x0
            bash-437     [001] .....    19.782840: ovldiag_write: (ovl_write_iter+0x10c/0x130 <- backing_file_write_iter) result=0xc
            bash-437     [001] .....    19.782899: ovldiag_open: (ovl_open+0xb2/0x100 <- ovl_open_realfile) result=0xffff8880072d8e00
            bash-437     [001] .....    19.782913: ovldiag_ensure: (ovl_write_iter+0xaf/0x130 <- ovl_ensure_upper_and_switch) result=0x0
            bash-437     [001] .....    19.782918: ovldiag_write: (ovl_write_iter+0x10c/0x130 <- backing_file_write_iter) result=0xc
            bash-437     [001] .....    19.782977: ovldiag_open: (ovl_open+0xb2/0x100 <- ovl_open_realfile) result=0xffff8880072d8e00
            bash-437     [001] .....    19.782991: ovldiag_ensure: (ovl_write_iter+0xaf/0x130 <- ovl_ensure_upper_and_switch) result=0x0
            bash-437     [001] .....    19.782996: ovldiag_write: (ovl_write_iter+0x10c/0x130 <- backing_file_write_iter) result=0xc
            bash-437     [001] .....    19.783099: ovldiag_open: (ovl_open+0xb2/0x100 <- ovl_open_realfile) result=0xffff8880072d8e00
            bash-437     [001] .....    19.783116: ovldiag_ensure: (ovl_write_iter+0xaf/0x130 <- ovl_ensure_upper_and_switch) result=0x0
            bash-437     [001] .....    19.783123: ovldiag_write: (ovl_write_iter+0x10c/0x130 <- backing_file_write_iter) result=0xc
            bash-437     [001] .....    19.783185: ovldiag_open: (ovl_open+0xb2/0x100 <- ovl_open_realfile) result=0xffff8880072d8e00
            bash-437     [001] .....    19.783200: ovldiag_ensure: (ovl_write_iter+0xaf/0x130 <- ovl_ensure_upper_and_switch) result=0x0
            bash-437     [001] .....    19.783205: ovldiag_write: (ovl_write_iter+0x10c/0x130 <- backing_file_write_iter) result=0xc
            bash-437     [001] .....    19.783266: ovldiag_open: (ovl_open+0xb2/0x100 <- ovl_open_realfile) result=0xffff8880072d8e00
            bash-437     [001] .....    19.783280: ovldiag_ensure: (ovl_write_iter+0xaf/0x130 <- ovl_ensure_upper_and_switch) result=0x0
            bash-437     [001] .....    19.783286: ovldiag_write: (ovl_write_iter+0x10c/0x130 <- backing_file_write_iter) result=0xc
            bash-437     [001] .....    19.783346: ovldiag_open: (ovl_open+0xb2/0x100 <- ovl_open_realfile) result=0xffff8880072d8e00
            bash-437     [001] .....    19.783360: ovldiag_ensure: (ovl_write_iter+0xaf/0x130 <- ovl_ensure_upper_and_switch) result=0x0
            bash-437     [001] .....    19.783366: ovldiag_write: (ovl_write_iter+0x10c/0x130 <- backing_file_write_iter) result=0xc
            bash-437     [001] .....    19.783442: ovldiag_open: (ovl_open+0xb2/0x100 <- ovl_open_realfile) result=0xffff8880072d8e00
            bash-437     [001] .....    19.783470: ovldiag_ensure: (ovl_write_iter+0xaf/0x130 <- ovl_ensure_upper_and_switch) result=0x0
            bash-437     [001] .....    19.783477: ovldiag_write: (ovl_write_iter+0x10c/0x130 <- backing_file_write_iter) result=0xc
            bash-437     [001] .....    19.783541: ovldiag_open: (ovl_open+0xb2/0x100 <- ovl_open_realfile) result=0xffff8880072d8e00
            bash-437     [001] .....    19.783556: ovldiag_ensure: (ovl_write_iter+0xaf/0x130 <- ovl_ensure_upper_and_switch) result=0x0
            bash-437     [001] .....    19.783561: ovldiag_write: (ovl_write_iter+0x10c/0x130 <- backing_file_write_iter) result=0xc
            bash-437     [001] .....    19.783620: ovldiag_open: (ovl_open+0xb2/0x100 <- ovl_open_realfile) result=0xffff8880072d8e00
            bash-437     [001] .....    19.783634: ovldiag_ensure: (ovl_write_iter+0xaf/0x130 <- ovl_ensure_upper_and_switch) result=0x0
            bash-437     [001] .....    19.783640: ovldiag_write: (ovl_write_iter+0x10c/0x130 <- backing_file_write_iter) result=0xc
            bash-437     [001] .....    19.783756: ovldiag_open: (ovl_open+0xb2/0x100 <- ovl_open_realfile) result=0xffff8880072d8e00
            bash-437     [001] .....    19.783774: ovldiag_ensure: (ovl_write_iter+0xaf/0x130 <- ovl_ensure_upper_and_switch) result=0x0
            bash-437     [001] .....    19.783780: ovldiag_write: (ovl_write_iter+0x10c/0x130 <- backing_file_write_iter) result=0xc
            bash-437     [001] .....    19.783855: ovldiag_open: (ovl_open+0xb2/0x100 <- ovl_open_realfile) result=0xffff8880072d8e00
            bash-437     [001] .....    19.783872: ovldiag_ensure: (ovl_write_iter+0xaf/0x130 <- ovl_ensure_upper_and_switch) result=0x0
            bash-437     [001] .....    19.783879: ovldiag_write: (ovl_write_iter+0x10c/0x130 <- backing_file_write_iter) result=0xc
            bash-437     [001] .....    19.784104: ovldiag_open: (ovl_open+0xb2/0x100 <- ovl_open_realfile) result=0xffff8880072d8e00
            bash-437     [001] .....    19.784122: ovldiag_ensure: (ovl_write_iter+0xaf/0x130 <- ovl_ensure_upper_and_switch) result=0x0
            bash-437     [001] .....    19.784131: ovldiag_write: (ovl_write_iter+0x10c/0x130 <- backing_file_write_iter) result=0xc
            bash-437     [001] .....    19.784194: ovldiag_open: (ovl_open+0xb2/0x100 <- ovl_open_realfile) result=0xffff8880072d8e00
            bash-437     [001] .....    19.784208: ovldiag_ensure: (ovl_write_iter+0xaf/0x130 <- ovl_ensure_upper_and_switch) result=0x0
            bash-437     [001] .....    19.784214: ovldiag_write: (ovl_write_iter+0x10c/0x130 <- backing_file_write_iter) result=0xc
            bash-437     [001] .....    19.784274: ovldiag_open: (ovl_open+0xb2/0x100 <- ovl_open_realfile) result=0xffff8880072d8e00
            bash-437     [001] .....    19.784289: ovldiag_ensure: (ovl_write_iter+0xaf/0x130 <- ovl_ensure_upper_and_switch) result=0x0
            bash-437     [001] .....    19.784295: ovldiag_write: (ovl_write_iter+0x10c/0x130 <- backing_file_write_iter) result=0xc
            bash-437     [001] .....    19.784374: ovldiag_open: (ovl_open+0xb2/0x100 <- ovl_open_realfile) result=0xffff8880072d8e00
            bash-437     [001] .....    19.784391: ovldiag_ensure: (ovl_write_iter+0xaf/0x130 <- ovl_ensure_upper_and_switch) result=0x0
            bash-437     [001] .....    19.784397: ovldiag_write: (ovl_write_iter+0x10c/0x130 <- backing_file_write_iter) result=0xc
            bash-437     [001] .....    19.784472: ovldiag_open: (ovl_open+0xb2/0x100 <- ovl_open_realfile) result=0xffff8880072d8e00
            bash-437     [001] .....    19.784488: ovldiag_ensure: (ovl_write_iter+0xaf/0x130 <- ovl_ensure_upper_and_switch) result=0x0
            bash-437     [001] .....    19.784495: ovldiag_write: (ovl_write_iter+0x10c/0x130 <- backing_file_write_iter) result=0xc
            bash-437     [001] .....    19.784562: ovldiag_open: (ovl_open+0xb2/0x100 <- ovl_open_realfile) result=0xffff8880072d8e00
            bash-437     [001] .....    19.784577: ovldiag_ensure: (ovl_write_iter+0xaf/0x130 <- ovl_ensure_upper_and_switch) result=0x0
            bash-437     [001] .....    19.784582: ovldiag_write: (ovl_write_iter+0x10c/0x130 <- backing_file_write_iter) result=0xd
            bash-437     [000] .....    19.828472: ovldiag_open: (ovl_open+0xb2/0x100 <- ovl_open_realfile) result=0xffff888007256b00
            bash-437     [000] .....    19.828556: ovldiag_ensure: (ovl_write_iter+0xaf/0x130 <- ovl_ensure_upper_and_switch) result=0x0
            bash-437     [000] .....    19.828575: ovldiag_write: (ovl_write_iter+0x10c/0x130 <- backing_file_write_iter) result=0x6
            bash-437     [001] .....    19.832238: ovldiag_open: (ovl_open+0xb2/0x100 <- ovl_open_realfile) result=0xffff888007160600
            bash-437     [001] .....    19.835112: ovldiag_cow: (ovl_ensure_upper_and_switch+0x37f/0x630 <- ovl_rehome_or_anon_cow) result=0x0
            bash-437     [001] .....    19.835115: ovldiag_ensure: (ovl_write_iter+0xaf/0x130 <- ovl_ensure_upper_and_switch) result=0x0
            bash-437     [001] .....    19.835348: ovldiag_write: (ovl_write_iter+0x10c/0x130 <- backing_file_write_iter) result=0x11
            bash-437     [001] .....    19.835389: ovldiag_ensure: (ovl_write_iter+0xaf/0x130 <- ovl_ensure_upper_and_switch) result=0x0
            bash-437     [001] .....    19.835394: ovldiag_write: (ovl_write_iter+0x10c/0x130 <- backing_file_write_iter) result=0x11
              wc-8194    [000] .....    19.840218: ovldiag_open: (ovl_open+0xb2/0x100 <- ovl_open_realfile) result=0xffff888004619100
             cat-8195    [001] .....    19.845238: ovldiag_open: (ovl_open+0xb2/0x100 <- ovl_open_realfile) result=0xffff88800707b100
            bash-8226    [000] .....    20.429263: ovldiag_open: (ovl_open+0xb2/0x100 <- ovl_open_realfile) result=0xffff8880089dd600
            bash-8226    [000] .....    20.429349: ovldiag_ensure: (ovl_write_iter+0xaf/0x130 <- ovl_ensure_upper_and_switch) result=0x0
            bash-8226    [000] .....    20.429368: ovldiag_write: (ovl_write_iter+0x10c/0x130 <- backing_file_write_iter) result=0xc
            bash-8226    [000] .....    20.429426: ovldiag_open: (ovl_open+0xb2/0x100 <- ovl_open_realfile) result=0xffff8880089dd600
            bash-8226    [001] .....    20.432348: ovldiag_cow: (ovl_ensure_upper_and_switch+0x37f/0x630 <- ovl_rehome_or_anon_cow) result=0x0
            bash-8226    [001] .....    20.432351: ovldiag_ensure: (ovl_write_iter+0xaf/0x130 <- ovl_ensure_upper_and_switch) result=0x0
            bash-8226    [001] .....    20.432522: ovldiag_write: (ovl_write_iter+0x10c/0x130 <- backing_file_write_iter) result=0xb
            grep-8259    [000] .....    20.438758: ovldiag_open: (ovl_open+0xb2/0x100 <- ovl_open_realfile) result=0xffff888003d44a00
            bash-8226    [001] .....    20.462409: ovldiag_open: (ovl_open+0xb2/0x100 <- ovl_open_realfile) result=0xffff888007162600
            bash-8226    [001] .....    20.462482: ovldiag_ensure: (ovl_write_iter+0xaf/0x130 <- ovl_ensure_upper_and_switch) result=0x0
            bash-8226    [001] .....    20.462495: ovldiag_write: (ovl_write_iter+0x10c/0x130 <- backing_file_write_iter) result=0xb
            bash-8226    [001] .....    20.462528: ovldiag_open: (ovl_open+0xb2/0x100 <- ovl_open_realfile) result=0xffff888007162600
            bash-8226    [001] .....    20.468127: ovldiag_cow: (ovl_ensure_upper_and_switch+0x37f/0x630 <- ovl_rehome_or_anon_cow) result=0xffffffef
            bash-8226    [001] .....    20.468410: ovldiag_cow: (ovl_ensure_upper_and_switch+0x3a7/0x630 <- ovl_rehome_or_anon_cow) result=0x0
            bash-8226    [001] .....    20.468412: ovldiag_ensure: (ovl_write_iter+0xaf/0x130 <- ovl_ensure_upper_and_switch) result=0x0
            bash-8226    [001] .....    20.468416: ovldiag_open: (ovl_real_fdget_meta+0x1c4/0x1f0 <- ovl_open_realfile) result=0xffff8880073c2600
            bash-8226    [001] .....    20.468418: ovldiag_write: (ovl_write_iter+0x10c/0x130 <- backing_file_write_iter) result=0xfffffffffffffff7
            bash-8226    [001] .....    20.468521: ovldiag_open: (ovl_real_fdget_meta+0x1c4/0x1f0 <- ovl_open_realfile) result=0xffff8880073c2d00
      mountpoint-8268    [000] .....    20.472519: ovldiag_open: (ovl_real_fdget_meta+0x1c4/0x1f0 <- ovl_open_realfile) result=0xffff888005c95200
          umount-8269    [000] .....    20.476441: ovldiag_open: (ovl_real_fdget_meta+0x1c4/0x1f0 <- ovl_open_realfile) result=0xffff888005dcae00
          umount-8270    [000] .....    20.479966: ovldiag_open: (ovl_real_fdget_meta+0x1c4/0x1f0 <- ovl_open_realfile) result=0xffff888004305300
              rm-8271    [000] .....    20.482398: ovldiag_open: (ovl_real_fdget_meta+0x1c4/0x1f0 <- ovl_open_realfile) result=0xffff88800724e200
            bash-8226    [001] .....    20.482779: ovldiag_open: (ovl_real_fdget_meta+0x1c4/0x1f0 <- ovl_open_realfile) result=0xffff8880073c2d00
            bash-8283    [000] .....    20.995372: ovldiag_open: (ovl_open+0xb2/0x100 <- ovl_open_realfile) result=0xffff888005c8ca00
            bash-8283    [000] .....    20.995388: ovldiag_ensure: (ovl_write_iter+0xaf/0x130 <- ovl_ensure_upper_and_switch) result=0x0
            bash-8283    [000] .....    20.995412: ovldiag_write: (ovl_write_iter+0x10c/0x130 <- backing_file_write_iter) result=0x18
            bash-8283    [001] .....    20.998573: ovldiag_open: (ovl_open+0xb2/0x100 <- ovl_open_realfile) result=0xffff8880072d8a00
            bash-8283    [001] .....    21.002428: ovldiag_ensure: (ovl_write_iter+0xaf/0x130 <- ovl_ensure_upper_and_switch) result=0x0
            bash-8283    [001] .....    21.002456: ovldiag_write: (ovl_write_iter+0x10c/0x130 <- backing_file_write_iter) result=0x17
            bash-8283    [001] .....    21.079337: ovldiag_open: (ovl_open+0xb2/0x100 <- ovl_open_realfile) result=0xffff888003761000
            bash-8283    [001] .....    21.079351: ovldiag_ensure: (ovl_write_iter+0xaf/0x130 <- ovl_ensure_upper_and_switch) result=0x0
            bash-8283    [001] .....    21.079364: ovldiag_write: (ovl_write_iter+0x10c/0x130 <- backing_file_write_iter) result=0x18
            bash-8283    [001] .....    21.081873: ovldiag_open: (ovl_open+0xb2/0x100 <- ovl_open_realfile) result=0xffff8880072d8900
            bash-8283    [001] .....    21.084466: ovldiag_ensure: (ovl_write_iter+0xaf/0x130 <- ovl_ensure_upper_and_switch) result=0x0
            bash-8283    [001] .....    21.084496: ovldiag_write: (ovl_write_iter+0x10c/0x130 <- backing_file_write_iter) result=0x17
