# tracer: nop
#
# entries-in-buffer/entries-written: 6404/6404   #P:2
#
#                                _-----=> irqs-off/BH-disabled
#                               / _----=> need-resched
#                              | / _---=> hardirq/softirq
#                              || / _--=> preempt-depth
#                              ||| / _-=> migrate-disable
#                              |||| /     delay
#           TASK-PID     CPU#  |||||  TIMESTAMP  FUNCTION
#              | |         |   |||||     |         |
         python3-412     [001] .....    12.230614: ovldiag_open: (ovl_open+0xb2/0x100 <- ovl_open_realfile) result=0xffff88800727ed00
         python3-412     [001] .....    12.230847: ovldiag_ensure: (ovl_write_iter+0xaf/0x130 <- ovl_ensure_upper_and_switch) result=0x0
         python3-412     [001] .....    12.230859: ovldiag_write: (ovl_write_iter+0x10c/0x130 <- backing_file_write_iter) result=0x4
         python3-412     [001] .....    12.232878: ovldiag_cow: (ovl_ensure_upper_and_switch+0x37f/0x630 <- ovl_rehome_or_anon_cow) result=0x0
         python3-412     [001] .....    12.232881: ovldiag_ensure: (ovl_write_iter+0xaf/0x130 <- ovl_ensure_upper_and_switch) result=0x0
         python3-412     [001] .....    12.233047: ovldiag_write: (ovl_write_iter+0x10c/0x130 <- backing_file_write_iter) result=0x11
         python3-412     [001] .....    12.233125: ovldiag_open: (ovl_open+0xb2/0x100 <- ovl_open_realfile) result=0xffff88800727e900
         python3-412     [001] .....    12.247643: ovldiag_open: (ovl_open+0xb2/0x100 <- ovl_open_realfile) result=0xffff888007083100
         python3-412     [001] .....    12.247806: ovldiag_ensure: (ovl_write_iter+0xaf/0x130 <- ovl_ensure_upper_and_switch) result=0x0
         python3-412     [001] .....    12.247816: ovldiag_write: (ovl_write_iter+0x10c/0x130 <- backing_file_write_iter) result=0x4
         python3-412     [001] .....    12.248204: ovldiag_ensure: (ovl_write_iter+0xaf/0x130 <- ovl_ensure_upper_and_switch) result=0x0
         python3-412     [001] .....    12.248208: ovldiag_write: (ovl_write_iter+0x10c/0x130 <- backing_file_write_iter) result=0x11
         python3-412     [001] .....    12.259598: ovldiag_open: (ovl_open+0xb2/0x100 <- ovl_open_realfile) result=0xffff888004762a00
         python3-412     [001] .....    12.259635: ovldiag_ensure: (ovl_write_iter+0xaf/0x130 <- ovl_ensure_upper_and_switch) result=0x0
         python3-412     [001] .....    12.259644: ovldiag_write: (ovl_write_iter+0x10c/0x130 <- backing_file_write_iter) result=0x4
         python3-412     [001] .....    12.260770: ovldiag_cow: (ovl_ensure_upper_and_switch+0x37f/0x630 <- ovl_rehome_or_anon_cow) result=0xffffffef
         python3-412     [001] .....    12.260969: ovldiag_cow: (ovl_ensure_upper_and_switch+0x3a7/0x630 <- ovl_rehome_or_anon_cow) result=0x0
         python3-412     [001] .....    12.260970: ovldiag_ensure: (ovl_write_iter+0xaf/0x130 <- ovl_ensure_upper_and_switch) result=0x0
         python3-412     [001] .....    12.261069: ovldiag_write: (ovl_write_iter+0x10c/0x130 <- backing_file_write_iter) result=0x11
         python3-412     [001] .....    12.272600: ovldiag_open: (ovl_open+0xb2/0x100 <- ovl_open_realfile) result=0xffff8880071cc500
         python3-412     [001] .....    12.272633: ovldiag_ensure: (ovl_write_iter+0xaf/0x130 <- ovl_ensure_upper_and_switch) result=0x0
         python3-412     [001] .....    12.272641: ovldiag_write: (ovl_write_iter+0x10c/0x130 <- backing_file_write_iter) result=0x4
         python3-412     [001] .....    12.272903: ovldiag_open: (ovl_open+0xb2/0x100 <- ovl_open_realfile) result=0xffff8880071cc200
         python3-412     [001] .....    12.272921: ovldiag_ensure: (ovl_write_iter+0xaf/0x130 <- ovl_ensure_upper_and_switch) result=0x0
         python3-412     [001] .....    12.272947: ovldiag_write: (ovl_write_iter+0x10c/0x130 <- backing_file_write_iter) result=0xb
         python3-412     [001] .....    12.273778: ovldiag_cow: (ovl_ensure_upper_and_switch+0x3f5/0x630 <- ovl_rehome_or_anon_cow) result=0x0
         python3-412     [001] .....    12.273779: ovldiag_ensure: (ovl_write_iter+0xaf/0x130 <- ovl_ensure_upper_and_switch) result=0x0
         python3-412     [001] .....    12.273915: ovldiag_write: (ovl_write_iter+0x10c/0x130 <- backing_file_write_iter) result=0x11
         python3-412     [001] .....    12.273967: ovldiag_open: (ovl_open+0xb2/0x100 <- ovl_open_realfile) result=0xffff8880071cc200
             cat-469     [000] .....    13.293656: ovldiag_open: (ovl_open+0xb2/0x100 <- ovl_open_realfile) result=0xffff888006003c00
            bash-452     [001] .....    13.294381: ovldiag_open: (ovl_open+0xb2/0x100 <- ovl_open_realfile) result=0xffff88800452c100
            bash-452     [001] .....    13.294418: ovldiag_ensure: (ovl_write_iter+0xaf/0x130 <- ovl_ensure_upper_and_switch) result=0x0
            bash-452     [001] .....    13.294445: ovldiag_write: (ovl_write_iter+0x10c/0x130 <- backing_file_write_iter) result=0x9
             cat-472     [000] .....    13.302194: ovldiag_open: (ovl_open+0xb2/0x100 <- ovl_open_realfile) result=0xffff88800720bc00
            bash-452     [001] .....    13.302835: ovldiag_open: (ovl_open+0xb2/0x100 <- ovl_open_realfile) result=0xffff8880072ed400
            bash-452     [001] .....    13.302871: ovldiag_ensure: (ovl_write_iter+0xaf/0x130 <- ovl_ensure_upper_and_switch) result=0x0
            bash-452     [001] .....    13.302890: ovldiag_write: (ovl_write_iter+0x10c/0x130 <- backing_file_write_iter) result=0xa
            bash-452     [001] .....    13.332622: ovldiag_open: (ovl_open+0xb2/0x100 <- ovl_open_realfile) result=0xffff888007164800
            bash-452     [001] .....    13.332657: ovldiag_ensure: (ovl_write_iter+0xaf/0x130 <- ovl_ensure_upper_and_switch) result=0x0
            bash-452     [001] .....    13.332681: ovldiag_write: (ovl_write_iter+0x10c/0x130 <- backing_file_write_iter) result=0x3
            bash-452     [000] .....    13.336129: ovldiag_open: (ovl_open+0xb2/0x100 <- ovl_open_realfile) result=0xffff888003f01c00
            bash-452     [000] .....    13.339072: ovldiag_cow: (ovl_ensure_upper_and_switch+0x37f/0x630 <- ovl_rehome_or_anon_cow) result=0x0
            bash-452     [000] .....    13.339075: ovldiag_ensure: (ovl_write_iter+0xaf/0x130 <- ovl_ensure_upper_and_switch) result=0x0
            bash-452     [000] .....    13.339089: ovldiag_write: (ovl_write_iter+0x10c/0x130 <- backing_file_write_iter) result=0xb
            bash-452     [000] .....    13.345387: ovldiag_open: (ovl_open+0xb2/0x100 <- ovl_open_realfile) result=0xffff888007317a00
            bash-452     [000] .....    13.345447: ovldiag_ensure: (ovl_write_iter+0xaf/0x130 <- ovl_ensure_upper_and_switch) result=0x0
            bash-452     [000] .....    13.345462: ovldiag_write: (ovl_write_iter+0x10c/0x130 <- backing_file_write_iter) result=0xf
            bash-452     [001] .....    13.371839: ovldiag_open: (ovl_open+0xb2/0x100 <- ovl_open_realfile) result=0xffff8880046e3000
            bash-452     [001] .....    13.371871: ovldiag_ensure: (ovl_write_iter+0xaf/0x130 <- ovl_ensure_upper_and_switch) result=0x0
            bash-452     [001] .....    13.371890: ovldiag_write: (ovl_write_iter+0x10c/0x130 <- backing_file_write_iter) result=0x5
             cat-499     [001] .....    13.378687: ovldiag_open: (ovl_open+0xb2/0x100 <- ovl_open_realfile) result=0xffff88800727e100
            bash-452     [000] .....    13.379335: ovldiag_open: (ovl_open+0xb2/0x100 <- ovl_open_realfile) result=0xffff888004526200
            bash-452     [000] .....    13.379436: ovldiag_ensure: (ovl_write_iter+0xaf/0x130 <- ovl_ensure_upper_and_switch) result=0x0
            bash-452     [000] .....    13.379451: ovldiag_write: (ovl_write_iter+0x10c/0x130 <- backing_file_write_iter) result=0x5
             cat-502     [001] .....    13.387114: ovldiag_open: (ovl_open+0xb2/0x100 <- ovl_open_realfile) result=0xffff888008a6fe00
            bash-452     [000] .....    13.387653: ovldiag_open: (ovl_open+0xb2/0x100 <- ovl_open_realfile) result=0xffff8880047ff500
            bash-452     [000] .....    13.387678: ovldiag_ensure: (ovl_write_iter+0xaf/0x130 <- ovl_ensure_upper_and_switch) result=0x0
            bash-452     [000] .....    13.387765: ovldiag_write: (ovl_write_iter+0x10c/0x130 <- backing_file_write_iter) result=0x5
             cat-507     [000] .....    13.397318: ovldiag_open: (ovl_open+0xb2/0x100 <- ovl_open_realfile) result=0xffff88800713a200
            bash-452     [001] .....    13.398194: ovldiag_open: (ovl_open+0xb2/0x100 <- ovl_open_realfile) result=0xffff8880089e7a00
            bash-452     [001] .....    13.398314: ovldiag_ensure: (ovl_write_iter+0xaf/0x130 <- ovl_ensure_upper_and_switch) result=0x0
            bash-452     [001] .....    13.398332: ovldiag_write: (ovl_write_iter+0x10c/0x130 <- backing_file_write_iter) result=0xa
             cat-509     [001] .....    13.403408: ovldiag_open: (ovl_open+0xb2/0x100 <- ovl_open_realfile) result=0xffff888007083c00
            bash-452     [000] .....    13.426099: ovldiag_open: (ovl_open+0xb2/0x100 <- ovl_open_realfile) result=0xffff8880072edd00
            bash-452     [000] .....    13.426115: ovldiag_ensure: (ovl_write_iter+0xaf/0x130 <- ovl_ensure_upper_and_switch) result=0x0
            bash-452     [000] .....    13.426135: ovldiag_write: (ovl_write_iter+0x10c/0x130 <- backing_file_write_iter) result=0x9
             cat-535     [000] .....    13.461207: ovldiag_open: (ovl_open+0xb2/0x100 <- ovl_open_realfile) result=0xffff8880072ed800
            bash-452     [001] .....    13.461707: ovldiag_open: (ovl_open+0xb2/0x100 <- ovl_open_realfile) result=0xffff888007083800
            bash-452     [001] .....    13.461723: ovldiag_ensure: (ovl_write_iter+0xaf/0x130 <- ovl_ensure_upper_and_switch) result=0x0
            bash-452     [001] .....    13.461742: ovldiag_write: (ovl_write_iter+0x10c/0x130 <- backing_file_write_iter) result=0x7
        truncate-550     [000] .....    13.494383: ovldiag_open: (ovl_open+0xb2/0x100 <- ovl_open_realfile) result=0xffff8880046e3800
             cat-552     [001] .....    13.499342: ovldiag_open: (ovl_open+0xb2/0x100 <- ovl_open_realfile) result=0xffff8880089e7a00
            bash-452     [001] .....    13.521395: ovldiag_open: (ovl_open+0xb2/0x100 <- ovl_open_realfile) result=0xffff8880089f3600
            bash-452     [001] .....    13.521422: ovldiag_ensure: (ovl_write_iter+0xaf/0x130 <- ovl_ensure_upper_and_switch) result=0x0
            bash-452     [001] .....    13.521440: ovldiag_write: (ovl_write_iter+0x10c/0x130 <- backing_file_write_iter) result=0xe
             cat-564     [001] .....    13.526046: ovldiag_open: (ovl_open+0xb2/0x100 <- ovl_open_realfile) result=0xffff88800720b300
            bash-452     [000] .....    13.526564: ovldiag_open: (ovl_open+0xb2/0x100 <- ovl_open_realfile) result=0xffff888006003c00
            bash-452     [000] .....    13.526579: ovldiag_ensure: (ovl_write_iter+0xaf/0x130 <- ovl_ensure_upper_and_switch) result=0x0
            bash-452     [000] .....    13.526708: ovldiag_write: (ovl_write_iter+0x10c/0x130 <- backing_file_write_iter) result=0x9
            bash-452     [000] .....    13.531809: ovldiag_open: (ovl_open+0xb2/0x100 <- ovl_open_realfile) result=0xffff888006003900
            bash-452     [000] .....    13.531857: ovldiag_ensure: (ovl_write_iter+0xaf/0x130 <- ovl_ensure_upper_and_switch) result=0x0
            bash-452     [000] .....    13.531876: ovldiag_write: (ovl_write_iter+0x10c/0x130 <- backing_file_write_iter) result=0xa
            bash-452     [000] .....    13.557553: ovldiag_open: (ovl_open+0xb2/0x100 <- ovl_open_realfile) result=0xffff888003f01e00
            bash-452     [000] .....    13.557692: ovldiag_ensure: (ovl_write_iter+0xaf/0x130 <- ovl_ensure_upper_and_switch) result=0x0
            bash-452     [000] .....    13.557711: ovldiag_write: (ovl_write_iter+0x10c/0x130 <- backing_file_write_iter) result=0x2
              cp-621     [000] .....    13.735370: ovldiag_open: (ovl_open+0xb2/0x100 <- ovl_open_realfile) result=0xffff88800720b100
              cp-621     [000] .....    13.735418: ovldiag_open: (ovl_open+0xb2/0x100 <- ovl_open_realfile) result=0xffff88800720b500
              cp-621     [000] .....    13.735424: ovldiag_ensure: (ovl_copyfile+0x59/0x1d0 <- ovl_ensure_upper_and_switch) result=0x0
       mmap_test-623     [000] .....    13.740406: ovldiag_open: (ovl_open+0xb2/0x100 <- ovl_open_realfile) result=0xffff888007317900
       mmap_test-623     [000] .....    13.740413: ovldiag_ensure: (ovl_mmap+0x8f/0xa0 <- ovl_ensure_upper_and_switch) result=0x0
              dd-666     [000] .....    14.355058: ovldiag_open: (ovl_open+0xb2/0x100 <- ovl_open_realfile) result=0xffff888007317200
              dd-666     [000] .....    14.355126: ovldiag_ensure: (ovl_write_iter+0xaf/0x130 <- ovl_ensure_upper_and_switch) result=0x0
              dd-666     [000] .....    14.355151: ovldiag_write: (ovl_write_iter+0x10c/0x130 <- backing_file_write_iter) result=0x1000
              dd-664     [001] .....    14.357659: ovldiag_open: (ovl_open+0xb2/0x100 <- ovl_open_realfile) result=0xffff888004720700
              dd-664     [001] .....    14.357744: ovldiag_ensure: (ovl_write_iter+0xaf/0x130 <- ovl_ensure_upper_and_switch) result=0x0
              dd-664     [001] .....    14.357780: ovldiag_write: (ovl_write_iter+0x10c/0x130 <- backing_file_write_iter) result=0x1000
              dd-668     [001] .....    14.358019: ovldiag_open: (ovl_open+0xb2/0x100 <- ovl_open_realfile) result=0xffff888004720200
              dd-668     [001] .....    14.358086: ovldiag_ensure: (ovl_write_iter+0xaf/0x130 <- ovl_ensure_upper_and_switch) result=0x0
              dd-668     [001] .....    14.358104: ovldiag_write: (ovl_write_iter+0x10c/0x130 <- backing_file_write_iter) result=0x1000
              dd-667     [001] .....    14.358379: ovldiag_open: (ovl_open+0xb2/0x100 <- ovl_open_realfile) result=0xffff888004720200
              dd-667     [001] .....    14.358447: ovldiag_ensure: (ovl_write_iter+0xaf/0x130 <- ovl_ensure_upper_and_switch) result=0x0
              dd-667     [001] .....    14.358461: ovldiag_write: (ovl_write_iter+0x10c/0x130 <- backing_file_write_iter) result=0x1000
             cat-672     [001] .....    14.360963: ovldiag_open: (ovl_open+0xb2/0x100 <- ovl_open_realfile) result=0xffff888006003b00
             cat-678     [000] .....    14.363256: ovldiag_open: (ovl_open+0xb2/0x100 <- ovl_open_realfile) result=0xffff888008b7f400
             cat-674     [000] .....    14.368041: ovldiag_open: (ovl_open+0xb2/0x100 <- ovl_open_realfile) result=0xffff88800d8dd000
             cat-676     [001] .....    14.368563: ovldiag_open: (ovl_open+0xb2/0x100 <- ovl_open_realfile) result=0xffff88800471dc00
              dd-691     [000] .....    14.379494: ovldiag_open: (ovl_open+0xb2/0x100 <- ovl_open_realfile) result=0xffff88800d908f00
              dd-691     [000] .....    14.379533: ovldiag_ensure: (ovl_write_iter+0xaf/0x130 <- ovl_ensure_upper_and_switch) result=0x0
              dd-691     [000] .....    14.379551: ovldiag_write: (ovl_write_iter+0x10c/0x130 <- backing_file_write_iter) result=0x1000
              dd-692     [001] .....    14.382429: ovldiag_open: (ovl_open+0xb2/0x100 <- ovl_open_realfile) result=0xffff888008a27400
              dd-695     [000] .....    14.382454: ovldiag_open: (ovl_open+0xb2/0x100 <- ovl_open_realfile) result=0xffff88800d846600
              dd-692     [001] .....    14.382478: ovldiag_ensure: (ovl_write_iter+0xaf/0x130 <- ovl_ensure_upper_and_switch) result=0x0
              dd-695     [000] .....    14.382488: ovldiag_ensure: (ovl_write_iter+0xaf/0x130 <- ovl_ensure_upper_and_switch) result=0x0
              dd-692     [001] .....    14.382504: ovldiag_write: (ovl_write_iter+0x10c/0x130 <- backing_file_write_iter) result=0x1000
              dd-695     [000] .....    14.382517: ovldiag_write: (ovl_write_iter+0x10c/0x130 <- backing_file_write_iter) result=0x1000
             cat-699     [000] .....    14.385405: ovldiag_open: (ovl_open+0xb2/0x100 <- ovl_open_realfile) result=0xffff888004720700
             cat-697     [001] .....    14.386250: ovldiag_open: (ovl_open+0xb2/0x100 <- ovl_open_realfile) result=0xffff88800d908b00
             cat-701     [000] .....    14.387784: ovldiag_open: (ovl_open+0xb2/0x100 <- ovl_open_realfile) result=0xffff888006003a00
              dd-693     [001] .....    14.388354: ovldiag_open: (ovl_open+0xb2/0x100 <- ovl_open_realfile) result=0xffff88800d908d00
              dd-693     [001] .....    14.388408: ovldiag_ensure: (ovl_write_iter+0xaf/0x130 <- ovl_ensure_upper_and_switch) result=0x0
              dd-693     [001] .....    14.388430: ovldiag_write: (ovl_write_iter+0x10c/0x130 <- backing_file_write_iter) result=0x1000
             cat-700     [001] .....    14.390381: ovldiag_open: (ovl_open+0xb2/0x100 <- ovl_open_realfile) result=0xffff88800d908000
              dd-710     [000] .....    14.393931: ovldiag_open: (ovl_open+0xb2/0x100 <- ovl_open_realfile) result=0xffff88800a72a100
              dd-710     [000] .....    14.393963: ovldiag_ensure: (ovl_write_iter+0xaf/0x130 <- ovl_ensure_upper_and_switch) result=0x0
              dd-710     [000] .....    14.393978: ovldiag_write: (ovl_write_iter+0x10c/0x130 <- backing_file_write_iter) result=0x1000
              dd-713     [000] .....    14.396909: ovldiag_open: (ovl_open+0xb2/0x100 <- ovl_open_realfile) result=0xffff888004434200
              dd-713     [000] .....    14.396942: ovldiag_ensure: (ovl_write_iter+0xaf/0x130 <- ovl_ensure_upper_and_switch) result=0x0
              dd-713     [000] .....    14.396956: ovldiag_write: (ovl_write_iter+0x10c/0x130 <- backing_file_write_iter) result=0x1000
             cat-715     [000] .....    14.398488: ovldiag_open: (ovl_open+0xb2/0x100 <- ovl_open_realfile) result=0xffff8880071cc000
              dd-716     [000] .....    14.400195: ovldiag_open: (ovl_open+0xb2/0x100 <- ovl_open_realfile) result=0xffff888008a7cb00
              dd-716     [000] .....    14.400226: ovldiag_ensure: (ovl_write_iter+0xaf/0x130 <- ovl_ensure_upper_and_switch) result=0x0
              dd-716     [000] .....    14.400241: ovldiag_write: (ovl_write_iter+0x10c/0x130 <- backing_file_write_iter) result=0x1000
             cat-718     [001] .....    14.401789: ovldiag_open: (ovl_open+0xb2/0x100 <- ovl_open_realfile) result=0xffff88800713d000
             cat-723     [000] .....    14.403274: ovldiag_open: (ovl_open+0xb2/0x100 <- ovl_open_realfile) result=0xffff888007083700
              dd-721     [001] .....    14.404201: ovldiag_open: (ovl_open+0xb2/0x100 <- ovl_open_realfile) result=0xffff88800890ea00
              dd-721     [001] .....    14.404235: ovldiag_ensure: (ovl_write_iter+0xaf/0x130 <- ovl_ensure_upper_and_switch) result=0x0
              dd-721     [001] .....    14.404257: ovldiag_write: (ovl_write_iter+0x10c/0x130 <- backing_file_write_iter) result=0x1000
             cat-725     [000] .....    14.406129: ovldiag_open: (ovl_open+0xb2/0x100 <- ovl_open_realfile) result=0xffff88800d9b2a00
              dd-727     [000] .....    14.409089: ovldiag_open: (ovl_open+0xb2/0x100 <- ovl_open_realfile) result=0xffff88800720d700
              dd-727     [000] .....    14.409116: ovldiag_ensure: (ovl_write_iter+0xaf/0x130 <- ovl_ensure_upper_and_switch) result=0x0
              dd-727     [000] .....    14.409136: ovldiag_write: (ovl_write_iter+0x10c/0x130 <- backing_file_write_iter) result=0x1000
              dd-731     [001] .....    14.411336: ovldiag_open: (ovl_open+0xb2/0x100 <- ovl_open_realfile) result=0xffff88800d933e00
              dd-731     [001] .....    14.411374: ovldiag_ensure: (ovl_write_iter+0xaf/0x130 <- ovl_ensure_upper_and_switch) result=0x0
              dd-731     [001] .....    14.411396: ovldiag_write: (ovl_write_iter+0x10c/0x130 <- backing_file_write_iter) result=0x1000
             cat-734     [000] .....    14.411893: ovldiag_open: (ovl_open+0xb2/0x100 <- ovl_open_realfile) result=0xffff888008a27e00
             cat-738     [001] .....    14.415712: ovldiag_open: (ovl_open+0xb2/0x100 <- ovl_open_realfile) result=0xffff88800d908b00
              dd-736     [000] .....    14.415860: ovldiag_open: (ovl_open+0xb2/0x100 <- ovl_open_realfile) result=0xffff88800a72aa00
              dd-736     [000] .....    14.415956: ovldiag_ensure: (ovl_write_iter+0xaf/0x130 <- ovl_ensure_upper_and_switch) result=0x0
              dd-736     [000] .....    14.415972: ovldiag_write: (ovl_write_iter+0x10c/0x130 <- backing_file_write_iter) result=0x1000
             cat-743     [000] .....    14.418366: ovldiag_open: (ovl_open+0xb2/0x100 <- ovl_open_realfile) result=0xffff88800d933500
             cat-742     [001] .....    14.419639: ovldiag_open: (ovl_open+0xb2/0x100 <- ovl_open_realfile) result=0xffff88800d915800
              dd-745     [000] .....    14.420216: ovldiag_open: (ovl_open+0xb2/0x100 <- ovl_open_realfile) result=0xffff888003f01e00
              dd-745     [000] .....    14.420247: ovldiag_ensure: (ovl_write_iter+0xaf/0x130 <- ovl_ensure_upper_and_switch) result=0x0
              dd-745     [000] .....    14.420262: ovldiag_write: (ovl_write_iter+0x10c/0x130 <- backing_file_write_iter) result=0x1000
             cat-747     [000] .....    14.422357: ovldiag_open: (ovl_open+0xb2/0x100 <- ovl_open_realfile) result=0xffff888008a7e100
              dd-753     [001] .....    14.426065: ovldiag_open: (ovl_open+0xb2/0x100 <- ovl_open_realfile) result=0xffff88800d84cc00
              dd-753     [001] .....    14.426108: ovldiag_ensure: (ovl_write_iter+0xaf/0x130 <- ovl_ensure_upper_and_switch) result=0x0
              dd-753     [001] .....    14.426126: ovldiag_write: (ovl_write_iter+0x10c/0x130 <- backing_file_write_iter) result=0x1000
              dd-754     [000] .....    14.427068: ovldiag_open: (ovl_open+0xb2/0x100 <- ovl_open_realfile) result=0xffff88800d8c5200
              dd-754     [000] .....    14.427095: ovldiag_ensure: (ovl_write_iter+0xaf/0x130 <- ovl_ensure_upper_and_switch) result=0x0
              dd-754     [000] .....    14.427113: ovldiag_write: (ovl_write_iter+0x10c/0x130 <- backing_file_write_iter) result=0x1000
              dd-758     [000] .....    14.429951: ovldiag_open: (ovl_open+0xb2/0x100 <- ovl_open_realfile) result=0xffff888004798000
              dd-758     [000] .....    14.429987: ovldiag_ensure: (ovl_write_iter+0xaf/0x130 <- ovl_ensure_upper_and_switch) result=0x0
              dd-758     [000] .....    14.430002: ovldiag_write: (ovl_write_iter+0x10c/0x130 <- backing_file_write_iter) result=0x1000
             cat-759     [001] .....    14.430079: ovldiag_open: (ovl_open+0xb2/0x100 <- ovl_open_realfile) result=0xffff8880071cc000
             cat-761     [000] .....    14.432107: ovldiag_open: (ovl_open+0xb2/0x100 <- ovl_open_realfile) result=0xffff888006003900
             cat-762     [000] .....    14.432705: ovldiag_open: (ovl_open+0xb2/0x100 <- ovl_open_realfile) result=0xffff88800a7bd100
             cat-768     [000] .....    14.436457: ovldiag_open: (ovl_open+0xb2/0x100 <- ovl_open_realfile) result=0xffff888006046900
              dd-770     [000] .....    14.437681: ovldiag_open: (ovl_open+0xb2/0x100 <- ovl_open_realfile) result=0xffff888008a27500
              dd-770     [000] .....    14.437710: ovldiag_ensure: (ovl_write_iter+0xaf/0x130 <- ovl_ensure_upper_and_switch) result=0x0
              dd-770     [000] .....    14.437726: ovldiag_write: (ovl_write_iter+0x10c/0x130 <- backing_file_write_iter) result=0x1000
              dd-773     [000] .....    14.439711: ovldiag_open: (ovl_open+0xb2/0x100 <- ovl_open_realfile) result=0xffff88800d8a5700
              dd-773     [000] .....    14.439739: ovldiag_ensure: (ovl_write_iter+0xaf/0x130 <- ovl_ensure_upper_and_switch) result=0x0
              dd-773     [000] .....    14.439755: ovldiag_write: (ovl_write_iter+0x10c/0x130 <- backing_file_write_iter) result=0x1000
             cat-776     [001] .....    14.441798: ovldiag_open: (ovl_open+0xb2/0x100 <- ovl_open_realfile) result=0xffff888008ab8a00
             cat-778     [000] .....    14.442072: ovldiag_open: (ovl_open+0xb2/0x100 <- ovl_open_realfile) result=0xffff888003f11900
              dd-775     [001] .....    14.442483: ovldiag_open: (ovl_open+0xb2/0x100 <- ovl_open_realfile) result=0xffff88800471d900
              dd-775     [001] .....    14.442511: ovldiag_ensure: (ovl_write_iter+0xaf/0x130 <- ovl_ensure_upper_and_switch) result=0x0
              dd-775     [001] .....    14.442527: ovldiag_write: (ovl_write_iter+0x10c/0x130 <- backing_file_write_iter) result=0x1000
              dd-780     [000] .....    14.444782: ovldiag_open: (ovl_open+0xb2/0x100 <- ovl_open_realfile) result=0xffff88800a688600
              dd-780     [000] .....    14.444809: ovldiag_ensure: (ovl_write_iter+0xaf/0x130 <- ovl_ensure_upper_and_switch) result=0x0
              dd-780     [000] .....    14.444849: ovldiag_write: (ovl_write_iter+0x10c/0x130 <- backing_file_write_iter) result=0x1000
             cat-783     [000] .....    14.446049: ovldiag_open: (ovl_open+0xb2/0x100 <- ovl_open_realfile) result=0xffff888007164400
             cat-788     [001] .....    14.448510: ovldiag_open: (ovl_open+0xb2/0x100 <- ovl_open_realfile) result=0xffff88800a764200
              dd-791     [000] .....    14.450139: ovldiag_open: (ovl_open+0xb2/0x100 <- ovl_open_realfile) result=0xffff88800471d600
              dd-791     [000] .....    14.450170: ovldiag_ensure: (ovl_write_iter+0xaf/0x130 <- ovl_ensure_upper_and_switch) result=0x0
              dd-791     [000] .....    14.450190: ovldiag_write: (ovl_write_iter+0x10c/0x130 <- backing_file_write_iter) result=0x1000
              dd-794     [000] .....    14.452436: ovldiag_open: (ovl_open+0xb2/0x100 <- ovl_open_realfile) result=0xffff88800a770000
              dd-794     [000] .....    14.452467: ovldiag_ensure: (ovl_write_iter+0xaf/0x130 <- ovl_ensure_upper_and_switch) result=0x0
              dd-794     [000] .....    14.452483: ovldiag_write: (ovl_write_iter+0x10c/0x130 <- backing_file_write_iter) result=0x1000
             cat-795     [001] .....    14.453074: ovldiag_open: (ovl_open+0xb2/0x100 <- ovl_open_realfile) result=0xffff88800d9c3c00
             cat-796     [000] .....    14.454655: ovldiag_open: (ovl_open+0xb2/0x100 <- ovl_open_realfile) result=0xffff88800a751300
              dd-802     [001] .....    14.457476: ovldiag_open: (ovl_open+0xb2/0x100 <- ovl_open_realfile) result=0xffff888008ab8d00
              dd-802     [001] .....    14.457506: ovldiag_ensure: (ovl_write_iter+0xaf/0x130 <- ovl_ensure_upper_and_switch) result=0x0
              dd-802     [001] .....    14.457523: ovldiag_write: (ovl_write_iter+0x10c/0x130 <- backing_file_write_iter) result=0x1000
             cat-801     [001] .....    14.458164: ovldiag_open: (ovl_open+0xb2/0x100 <- ovl_open_realfile) result=0xffff88800d921d00
              dd-804     [000] .....    14.461034: ovldiag_open: (ovl_open+0xb2/0x100 <- ovl_open_realfile) result=0xffff88800720d700
             cat-806     [001] .....    14.461043: ovldiag_open: (ovl_open+0xb2/0x100 <- ovl_open_realfile) result=0xffff88800d8e4800
              dd-804     [000] .....    14.461063: ovldiag_ensure: (ovl_write_iter+0xaf/0x130 <- ovl_ensure_upper_and_switch) result=0x0
              dd-804     [000] .....    14.461080: ovldiag_write: (ovl_write_iter+0x10c/0x130 <- backing_file_write_iter) result=0x1000
              dd-811     [000] .....    14.463167: ovldiag_open: (ovl_open+0xb2/0x100 <- ovl_open_realfile) result=0xffff888008ab8000
              dd-811     [000] .....    14.463204: ovldiag_ensure: (ovl_write_iter+0xaf/0x130 <- ovl_ensure_upper_and_switch) result=0x0
              dd-811     [000] .....    14.463220: ovldiag_write: (ovl_write_iter+0x10c/0x130 <- backing_file_write_iter) result=0x1000
             cat-812     [001] .....    14.464064: ovldiag_open: (ovl_open+0xb2/0x100 <- ovl_open_realfile) result=0xffff88800d9bce00
             cat-813     [000] .....    14.465450: ovldiag_open: (ovl_open+0xb2/0x100 <- ovl_open_realfile) result=0xffff8880072edb00
             cat-818     [000] .....    14.468574: ovldiag_open: (ovl_open+0xb2/0x100 <- ovl_open_realfile) result=0xffff888007083900
              dd-816     [000] .....    14.469405: ovldiag_open: (ovl_open+0xb2/0x100 <- ovl_open_realfile) result=0xffff888007281700
              dd-816     [000] .....    14.469441: ovldiag_ensure: (ovl_write_iter+0xaf/0x130 <- ovl_ensure_upper_and_switch) result=0x0
              dd-816     [000] .....    14.469456: ovldiag_write: (ovl_write_iter+0x10c/0x130 <- backing_file_write_iter) result=0x1000
             cat-825     [001] .....    14.472021: ovldiag_open: (ovl_open+0xb2/0x100 <- ovl_open_realfile) result=0xffff8880071ccb00
              dd-824     [000] .....    14.474273: ovldiag_open: (ovl_open+0xb2/0x100 <- ovl_open_realfile) result=0xffff88800d8f5d00
              dd-828     [001] .....    14.474544: ovldiag_open: (ovl_open+0xb2/0x100 <- ovl_open_realfile) result=0xffff888008ab8000
              dd-828     [001] .....    14.474573: ovldiag_ensure: (ovl_write_iter+0xaf/0x130 <- ovl_ensure_upper_and_switch) result=0x0
              dd-828     [001] .....    14.474590: ovldiag_write: (ovl_write_iter+0x10c/0x130 <- backing_file_write_iter) result=0x1000
              dd-824     [000] .....    14.475196: ovldiag_ensure: (ovl_write_iter+0xaf/0x130 <- ovl_ensure_upper_and_switch) result=0x0
              dd-824     [000] .....    14.475221: ovldiag_write: (ovl_write_iter+0x10c/0x130 <- backing_file_write_iter) result=0x1000
              dd-832     [000] .....    14.477495: ovldiag_open: (ovl_open+0xb2/0x100 <- ovl_open_realfile) result=0xffff88800d816c00
              dd-832     [000] .....    14.477525: ovldiag_ensure: (ovl_write_iter+0xaf/0x130 <- ovl_ensure_upper_and_switch) result=0x0
              dd-832     [000] .....    14.477540: ovldiag_write: (ovl_write_iter+0x10c/0x130 <- backing_file_write_iter) result=0x1000
             cat-833     [001] .....    14.477790: ovldiag_open: (ovl_open+0xb2/0x100 <- ovl_open_realfile) result=0xffff88800a741600
             cat-834     [001] .....    14.478634: ovldiag_open: (ovl_open+0xb2/0x100 <- ovl_open_realfile) result=0xffff88800da11f00
             cat-838     [000] .....    14.480778: ovldiag_open: (ovl_open+0xb2/0x100 <- ovl_open_realfile) result=0xffff88800a687600
             cat-840     [000] .....    14.482084: ovldiag_open: (ovl_open+0xb2/0x100 <- ovl_open_realfile) result=0xffff88800da11100
              dd-844     [001] .....    14.484099: ovldiag_open: (ovl_open+0xb2/0x100 <- ovl_open_realfile) result=0xffff88800d92c900
              dd-844     [001] .....    14.484130: ovldiag_ensure: (ovl_write_iter+0xaf/0x130 <- ovl_ensure_upper_and_switch) result=0x0
              dd-844     [001] .....    14.484149: ovldiag_write: (ovl_write_iter+0x10c/0x130 <- backing_file_write_iter) result=0x1000
              dd-849     [001] .....    14.488158: ovldiag_open: (ovl_open+0xb2/0x100 <- ovl_open_realfile) result=0xffff88800a5d2400
              dd-849     [001] .....    14.488188: ovldiag_ensure: (ovl_write_iter+0xaf/0x130 <- ovl_ensure_upper_and_switch) result=0x0
              dd-849     [001] .....    14.488204: ovldiag_write: (ovl_write_iter+0x10c/0x130 <- backing_file_write_iter) result=0x1000
             cat-848     [000] .....    14.488612: ovldiag_open: (ovl_open+0xb2/0x100 <- ovl_open_realfile) result=0xffff88800d816700
             cat-851     [000] .....    14.489878: ovldiag_open: (ovl_open+0xb2/0x100 <- ovl_open_realfile) result=0xffff888007083300
              dd-850     [001] .....    14.490007: ovldiag_open: (ovl_open+0xb2/0x100 <- ovl_open_realfile) result=0xffff888006003b00
              dd-850     [001] .....    14.490049: ovldiag_ensure: (ovl_write_iter+0xaf/0x130 <- ovl_ensure_upper_and_switch) result=0x0
              dd-850     [001] .....    14.490066: ovldiag_write: (ovl_write_iter+0x10c/0x130 <- backing_file_write_iter) result=0x1000
             cat-857     [001] .....    14.492662: ovldiag_open: (ovl_open+0xb2/0x100 <- ovl_open_realfile) result=0xffff88800720b500
              dd-853     [000] .....    14.494442: ovldiag_open: (ovl_open+0xb2/0x100 <- ovl_open_realfile) result=0xffff888008b9f500
              dd-853     [000] .....    14.494478: ovldiag_ensure: (ovl_write_iter+0xaf/0x130 <- ovl_ensure_upper_and_switch) result=0x0
              dd-853     [000] .....    14.494494: ovldiag_write: (ovl_write_iter+0x10c/0x130 <- backing_file_write_iter) result=0x1000
             cat-860     [001] .....    14.496704: ovldiag_open: (ovl_open+0xb2/0x100 <- ovl_open_realfile) result=0xffff888008ab8a00
              dd-864     [000] .....    14.497850: ovldiag_open: (ovl_open+0xb2/0x100 <- ovl_open_realfile) result=0xffff88800a5d2300
              dd-864     [000] .....    14.497880: ovldiag_ensure: (ovl_write_iter+0xaf/0x130 <- ovl_ensure_upper_and_switch) result=0x0
              dd-864     [000] .....    14.497896: ovldiag_write: (ovl_write_iter+0x10c/0x130 <- backing_file_write_iter) result=0x1000
              dd-868     [000] .....    14.501669: ovldiag_open: (ovl_open+0xb2/0x100 <- ovl_open_realfile) result=0xffff88800471dc00
              dd-868     [000] .....    14.501705: ovldiag_ensure: (ovl_write_iter+0xaf/0x130 <- ovl_ensure_upper_and_switch) result=0x0
              dd-868     [000] .....    14.501720: ovldiag_write: (ovl_write_iter+0x10c/0x130 <- backing_file_write_iter) result=0x1000
             cat-869     [001] .....    14.501929: ovldiag_open: (ovl_open+0xb2/0x100 <- ovl_open_realfile) result=0xffff888007317d00
             cat-871     [000] .....    14.503762: ovldiag_open: (ovl_open+0xb2/0x100 <- ovl_open_realfile) result=0xffff8880047ff700
             cat-873     [001] .....    14.504924: ovldiag_open: (ovl_open+0xb2/0x100 <- ovl_open_realfile) result=0xffff888008a15600
              dd-876     [001] .....    14.507245: ovldiag_open: (ovl_open+0xb2/0x100 <- ovl_open_realfile) result=0xffff88800d8c3f00
              dd-876     [001] .....    14.507275: ovldiag_ensure: (ovl_write_iter+0xaf/0x130 <- ovl_ensure_upper_and_switch) result=0x0
             cat-879     [001] .....    14.508585: ovldiag_open: (ovl_open+0xb2/0x100 <- ovl_open_realfile) result=0xffff8880046f0900
              dd-876     [001] .....    14.509318: ovldiag_write: (ovl_write_iter+0x10c/0x130 <- backing_file_write_iter) result=0x1000
              dd-881     [000] .....    14.510274: ovldiag_open: (ovl_open+0xb2/0x100 <- ovl_open_realfile) result=0xffff8880060cdf00
              dd-881     [000] .....    14.510328: ovldiag_ensure: (ovl_write_iter+0xaf/0x130 <- ovl_ensure_upper_and_switch) result=0x0
              dd-881     [000] .....    14.510344: ovldiag_write: (ovl_write_iter+0x10c/0x130 <- backing_file_write_iter) result=0x1000
              dd-884     [001] .....    14.512219: ovldiag_open: (ovl_open+0xb2/0x100 <- ovl_open_realfile) result=0xffff88800db1c500
              dd-884     [001] .....    14.512248: ovldiag_ensure: (ovl_write_iter+0xaf/0x130 <- ovl_ensure_upper_and_switch) result=0x0
              dd-884     [001] .....    14.512265: ovldiag_write: (ovl_write_iter+0x10c/0x130 <- backing_file_write_iter) result=0x1000
             cat-886     [000] .....    14.513259: ovldiag_open: (ovl_open+0xb2/0x100 <- ovl_open_realfile) result=0xffff888008a15d00
              dd-891     [000] .....    14.514935: ovldiag_open: (ovl_open+0xb2/0x100 <- ovl_open_realfile) result=0xffff88800d9d5300
              dd-891     [000] .....    14.514965: ovldiag_ensure: (ovl_write_iter+0xaf/0x130 <- ovl_ensure_upper_and_switch) result=0x0
              dd-891     [000] .....    14.514981: ovldiag_write: (ovl_write_iter+0x10c/0x130 <- backing_file_write_iter) result=0x1000
             cat-889     [001] .....    14.516494: ovldiag_open: (ovl_open+0xb2/0x100 <- ovl_open_realfile) result=0xffff88800d997e00
             cat-893     [000] .....    14.517502: ovldiag_open: (ovl_open+0xb2/0x100 <- ovl_open_realfile) result=0xffff88800da38100
             cat-898     [000] .....    14.520129: ovldiag_open: (ovl_open+0xb2/0x100 <- ovl_open_realfile) result=0xffff88800d883600
              dd-901     [001] .....    14.522911: ovldiag_open: (ovl_open+0xb2/0x100 <- ovl_open_realfile) result=0xffff888008a7c900
              dd-901     [001] .....    14.522942: ovldiag_ensure: (ovl_write_iter+0xaf/0x130 <- ovl_ensure_upper_and_switch) result=0x0
              dd-901     [001] .....    14.522959: ovldiag_write: (ovl_write_iter+0x10c/0x130 <- backing_file_write_iter) result=0x1000
              dd-903     [000] .....    14.523877: ovldiag_open: (ovl_open+0xb2/0x100 <- ovl_open_realfile) result=0xffff8880060cc000
              dd-903     [000] .....    14.523904: ovldiag_ensure: (ovl_write_iter+0xaf/0x130 <- ovl_ensure_upper_and_switch) result=0x0
              dd-903     [000] .....    14.523920: ovldiag_write: (ovl_write_iter+0x10c/0x130 <- backing_file_write_iter) result=0x1000
             cat-907     [001] .....    14.525772: ovldiag_open: (ovl_open+0xb2/0x100 <- ovl_open_realfile) result=0xffff888007164d00
             cat-906     [000] .....    14.526045: ovldiag_open: (ovl_open+0xb2/0x100 <- ovl_open_realfile) result=0xffff88800d843500
              dd-909     [001] .....    14.529393: ovldiag_open: (ovl_open+0xb2/0x100 <- ovl_open_realfile) result=0xffff88800db07400
              dd-909     [001] .....    14.529423: ovldiag_ensure: (ovl_write_iter+0xaf/0x130 <- ovl_ensure_upper_and_switch) result=0x0
              dd-909     [001] .....    14.529440: ovldiag_write: (ovl_write_iter+0x10c/0x130 <- backing_file_write_iter) result=0x1000
              dd-913     [000] .....    14.529760: ovldiag_open: (ovl_open+0xb2/0x100 <- ovl_open_realfile) result=0xffff88800d848e00
              dd-913     [000] .....    14.529790: ovldiag_ensure: (ovl_write_iter+0xaf/0x130 <- ovl_ensure_upper_and_switch) result=0x0
              dd-913     [000] .....    14.529806: ovldiag_write: (ovl_write_iter+0x10c/0x130 <- backing_file_write_iter) result=0x1000
             cat-912     [001] .....    14.531374: ovldiag_open: (ovl_open+0xb2/0x100 <- ovl_open_realfile) result=0xffff888008a7e100
             cat-916     [001] .....    14.532841: ovldiag_open: (ovl_open+0xb2/0x100 <- ovl_open_realfile) result=0xffff888008b9f600
             cat-923     [001] .....    14.536221: ovldiag_open: (ovl_open+0xb2/0x100 <- ovl_open_realfile) result=0xffff888008a6fd00
              dd-924     [000] .....    14.536871: ovldiag_open: (ovl_open+0xb2/0x100 <- ovl_open_realfile) result=0xffff88800720b500
              dd-924     [000] .....    14.536901: ovldiag_ensure: (ovl_write_iter+0xaf/0x130 <- ovl_ensure_upper_and_switch) result=0x0
              dd-924     [000] .....    14.536917: ovldiag_write: (ovl_write_iter+0x10c/0x130 <- backing_file_write_iter) result=0x1000
              dd-922     [001] .....    14.539134: ovldiag_open: (ovl_open+0xb2/0x100 <- ovl_open_realfile) result=0xffff88800db41000
              dd-922     [001] .....    14.539170: ovldiag_ensure: (ovl_write_iter+0xaf/0x130 <- ovl_ensure_upper_and_switch) result=0x0
              dd-922     [001] .....    14.539186: ovldiag_write: (ovl_write_iter+0x10c/0x130 <- backing_file_write_iter) result=0x1000
             cat-927     [000] .....    14.540158: ovldiag_open: (ovl_open+0xb2/0x100 <- ovl_open_realfile) result=0xffff888007083b00
             cat-930     [001] .....    14.540752: ovldiag_open: (ovl_open+0xb2/0x100 <- ovl_open_realfile) result=0xffff88800713d000
             cat-932     [000] .....    14.542674: ovldiag_open: (ovl_open+0xb2/0x100 <- ovl_open_realfile) result=0xffff88800471d500
              dd-936     [001] .....    14.546181: ovldiag_open: (ovl_open+0xb2/0x100 <- ovl_open_realfile) result=0xffff8880047ffa00
              dd-936     [001] .....    14.546213: ovldiag_ensure: (ovl_write_iter+0xaf/0x130 <- ovl_ensure_upper_and_switch) result=0x0
              dd-936     [001] .....    14.546230: ovldiag_write: (ovl_write_iter+0x10c/0x130 <- backing_file_write_iter) result=0x1000
              dd-937     [000] .....    14.547054: ovldiag_open: (ovl_open+0xb2/0x100 <- ovl_open_realfile) result=0xffff8880072edc00
              dd-937     [000] .....    14.547089: ovldiag_ensure: (ovl_write_iter+0xaf/0x130 <- ovl_ensure_upper_and_switch) result=0x0
              dd-937     [000] .....    14.547105: ovldiag_write: (ovl_write_iter+0x10c/0x130 <- backing_file_write_iter) result=0x1000
             cat-940     [000] .....    14.548211: ovldiag_open: (ovl_open+0xb2/0x100 <- ovl_open_realfile) result=0xffff88800d849100
              dd-944     [001] .....    14.550059: ovldiag_open: (ovl_open+0xb2/0x100 <- ovl_open_realfile) result=0xffff88800db5ce00
              dd-944     [001] .....    14.550088: ovldiag_ensure: (ovl_write_iter+0xaf/0x130 <- ovl_ensure_upper_and_switch) result=0x0
              dd-944     [001] .....    14.550104: ovldiag_write: (ovl_write_iter+0x10c/0x130 <- backing_file_write_iter) result=0x1000
              dd-949     [000] .....    14.553233: ovldiag_open: (ovl_open+0xb2/0x100 <- ovl_open_realfile) result=0xffff88800db22600
              dd-949     [000] .....    14.553264: ovldiag_ensure: (ovl_write_iter+0xaf/0x130 <- ovl_ensure_upper_and_switch) result=0x0
             cat-950     [001] .....    14.553664: ovldiag_open: (ovl_open+0xb2/0x100 <- ovl_open_realfile) result=0xffff88800db5c700
             cat-947     [000] .....    14.553685: ovldiag_open: (ovl_open+0xb2/0x100 <- ovl_open_realfile) result=0xffff88800d852400
              dd-949     [001] .....    14.553990: ovldiag_write: (ovl_write_iter+0x10c/0x130 <- backing_file_write_iter) result=0x1000
             cat-948     [000] .....    14.554587: ovldiag_open: (ovl_open+0xb2/0x100 <- ovl_open_realfile) result=0xffff888004720700
             cat-958     [000] .....    14.559483: ovldiag_open: (ovl_open+0xb2/0x100 <- ovl_open_realfile) result=0xffff888004526200
              dd-959     [001] .N...    14.560329: ovldiag_open: (ovl_open+0xb2/0x100 <- ovl_open_realfile) result=0xffff88800db22900
              dd-959     [001] .....    14.560388: ovldiag_ensure: (ovl_write_iter+0xaf/0x130 <- ovl_ensure_upper_and_switch) result=0x0
              dd-959     [001] .....    14.560404: ovldiag_write: (ovl_write_iter+0x10c/0x130 <- backing_file_write_iter) result=0x1000
              dd-962     [000] .....    14.562103: ovldiag_open: (ovl_open+0xb2/0x100 <- ovl_open_realfile) result=0xffff88800452c100
              dd-962     [000] .....    14.562131: ovldiag_ensure: (ovl_write_iter+0xaf/0x130 <- ovl_ensure_upper_and_switch) result=0x0
              dd-962     [000] .....    14.562147: ovldiag_write: (ovl_write_iter+0x10c/0x130 <- backing_file_write_iter) result=0x1000
              dd-964     [000] .....    14.563153: ovldiag_open: (ovl_open+0xb2/0x100 <- ovl_open_realfile) result=0xffff8880046f0500
              dd-964     [000] .....    14.563179: ovldiag_ensure: (ovl_write_iter+0xaf/0x130 <- ovl_ensure_upper_and_switch) result=0x0
              dd-964     [000] .....    14.563196: ovldiag_write: (ovl_write_iter+0x10c/0x130 <- backing_file_write_iter) result=0x1000
             cat-967     [000] .....    14.564962: ovldiag_open: (ovl_open+0xb2/0x100 <- ovl_open_realfile) result=0xffff8880046e3b00
             cat-968     [000] .....    14.566162: ovldiag_open: (ovl_open+0xb2/0x100 <- ovl_open_realfile) result=0xffff88800db22900
             cat-969     [001] .....    14.566517: ovldiag_open: (ovl_open+0xb2/0x100 <- ovl_open_realfile) result=0xffff8880071cce00
              dd-973     [000] .....    14.569838: ovldiag_open: (ovl_open+0xb2/0x100 <- ovl_open_realfile) result=0xffff88800d97b600
              dd-973     [000] .....    14.569868: ovldiag_ensure: (ovl_write_iter+0xaf/0x130 <- ovl_ensure_upper_and_switch) result=0x0
              dd-973     [000] .....    14.569885: ovldiag_write: (ovl_write_iter+0x10c/0x130 <- backing_file_write_iter) result=0x1000
             cat-975     [001] .....    14.570662: ovldiag_open: (ovl_open+0xb2/0x100 <- ovl_open_realfile) result=0xffff88800dbd4500
              dd-980     [000] .....    14.573936: ovldiag_open: (ovl_open+0xb2/0x100 <- ovl_open_realfile) result=0xffff8880089c4d00
              dd-980     [000] .....    14.573963: ovldiag_ensure: (ovl_write_iter+0xaf/0x130 <- ovl_ensure_upper_and_switch) result=0x0
              dd-980     [000] .....    14.573979: ovldiag_write: (ovl_write_iter+0x10c/0x130 <- backing_file_write_iter) result=0x1000
              dd-983     [001] .....    14.575448: ovldiag_open: (ovl_open+0xb2/0x100 <- ovl_open_realfile) result=0xffff888008a7c100
              dd-983     [001] .....    14.575475: ovldiag_ensure: (ovl_write_iter+0xaf/0x130 <- ovl_ensure_upper_and_switch) result=0x0
              dd-983     [001] .....    14.575491: ovldiag_write: (ovl_write_iter+0x10c/0x130 <- backing_file_write_iter) result=0x1000
             cat-984     [000] .....    14.576430: ovldiag_open: (ovl_open+0xb2/0x100 <- ovl_open_realfile) result=0xffff88800727a900
              dd-986     [001] .....    14.577196: ovldiag_open: (ovl_open+0xb2/0x100 <- ovl_open_realfile) result=0xffff8880046e3400
              dd-986     [001] .....    14.577225: ovldiag_ensure: (ovl_write_iter+0xaf/0x130 <- ovl_ensure_upper_and_switch) result=0x0
              dd-986     [001] .....    14.577241: ovldiag_write: (ovl_write_iter+0x10c/0x130 <- backing_file_write_iter) result=0x1000
             cat-988     [000] .....    14.577896: ovldiag_open: (ovl_open+0xb2/0x100 <- ovl_open_realfile) result=0xffff888008a6fd00
             cat-990     [001] .....    14.580613: ovldiag_open: (ovl_open+0xb2/0x100 <- ovl_open_realfile) result=0xffff888008ab8a00
             cat-994     [000] .....    14.582567: ovldiag_open: (ovl_open+0xb2/0x100 <- ovl_open_realfile) result=0xffff88800d8be200
              dd-997     [000] .....    14.583923: ovldiag_open: (ovl_open+0xb2/0x100 <- ovl_open_realfile) result=0xffff88800dbb6500
              dd-997     [000] .....    14.583954: ovldiag_ensure: (ovl_write_iter+0xaf/0x130 <- ovl_ensure_upper_and_switch) result=0x0
              dd-997     [000] .....    14.583968: ovldiag_write: (ovl_write_iter+0x10c/0x130 <- backing_file_write_iter) result=0x1000
              dd-1001    [001] .....    14.587029: ovldiag_open: (ovl_open+0xb2/0x100 <- ovl_open_realfile) result=0xffff888004526600
              dd-1001    [001] .....    14.587057: ovldiag_ensure: (ovl_write_iter+0xaf/0x130 <- ovl_ensure_upper_and_switch) result=0x0
              dd-1001    [001] .....    14.587075: ovldiag_write: (ovl_write_iter+0x10c/0x130 <- backing_file_write_iter) result=0x1000
             cat-1002    [000] .....    14.587275: ovldiag_open: (ovl_open+0xb2/0x100 <- ovl_open_realfile) result=0xffff8880089c4200
             cat-1005    [000] .....    14.589739: ovldiag_open: (ovl_open+0xb2/0x100 <- ovl_open_realfile) result=0xffff88800dbb6f00
              dd-1006    [001] .....    14.589984: ovldiag_open: (ovl_open+0xb2/0x100 <- ovl_open_realfile) result=0xffff88800d872c00
              dd-1006    [001] .....    14.590011: ovldiag_ensure: (ovl_write_iter+0xaf/0x130 <- ovl_ensure_upper_and_switch) result=0x0
              dd-1006    [001] .....    14.590029: ovldiag_write: (ovl_write_iter+0x10c/0x130 <- backing_file_write_iter) result=0x1000
              dd-1011    [000] .....    14.592979: ovldiag_open: (ovl_open+0xb2/0x100 <- ovl_open_realfile) result=0xffff88800db99600
              dd-1011    [000] .....    14.593009: ovldiag_ensure: (ovl_write_iter+0xaf/0x130 <- ovl_ensure_upper_and_switch) result=0x0
              dd-1011    [000] .....    14.593025: ovldiag_write: (ovl_write_iter+0x10c/0x130 <- backing_file_write_iter) result=0x1000
             cat-1012    [001] .....    14.593247: ovldiag_open: (ovl_open+0xb2/0x100 <- ovl_open_realfile) result=0xffff88800471dc00
             cat-1015    [000] .....    14.595340: ovldiag_open: (ovl_open+0xb2/0x100 <- ovl_open_realfile) result=0xffff88800db2f400
              dd-1017    [000] .....    14.596838: ovldiag_open: (ovl_open+0xb2/0x100 <- ovl_open_realfile) result=0xffff88800447b400
              dd-1017    [000] .....    14.596865: ovldiag_ensure: (ovl_write_iter+0xaf/0x130 <- ovl_ensure_upper_and_switch) result=0x0
              dd-1017    [000] .....    14.596890: ovldiag_write: (ovl_write_iter+0x10c/0x130 <- backing_file_write_iter) result=0x1000
             cat-1020    [000] .....    14.599139: ovldiag_open: (ovl_open+0xb2/0x100 <- ovl_open_realfile) result=0xffff888006003c00
             cat-1024    [001] .....    14.601212: ovldiag_open: (ovl_open+0xb2/0x100 <- ovl_open_realfile) result=0xffff888007083200
              dd-1023    [001] .....    14.601844: ovldiag_open: (ovl_open+0xb2/0x100 <- ovl_open_realfile) result=0xffff8880089e7a00
              dd-1023    [001] .....    14.601873: ovldiag_ensure: (ovl_write_iter+0xaf/0x130 <- ovl_ensure_upper_and_switch) result=0x0
              dd-1023    [001] .....    14.601892: ovldiag_write: (ovl_write_iter+0x10c/0x130 <- backing_file_write_iter) result=0x1000
              dd-1031    [000] .....    14.605425: ovldiag_open: (ovl_open+0xb2/0x100 <- ovl_open_realfile) result=0xffff888004467300
              dd-1031    [000] .....    14.605452: ovldiag_ensure: (ovl_write_iter+0xaf/0x130 <- ovl_ensure_upper_and_switch) result=0x0
              dd-1031    [000] .....    14.605468: ovldiag_write: (ovl_write_iter+0x10c/0x130 <- backing_file_write_iter) result=0x1000
             cat-1030    [001] .....    14.605578: ovldiag_open: (ovl_open+0xb2/0x100 <- ovl_open_realfile) result=0xffff888008a7cb00
             cat-1032    [001] .....    14.606609: ovldiag_open: (ovl_open+0xb2/0x100 <- ovl_open_realfile) result=0xffff88800e08a200
              dd-1029    [000] .....    14.606792: ovldiag_open: (ovl_open+0xb2/0x100 <- ovl_open_realfile) result=0xffff888003f01b00
              dd-1029    [000] .....    14.606821: ovldiag_ensure: (ovl_write_iter+0xaf/0x130 <- ovl_ensure_upper_and_switch) result=0x0
              dd-1029    [000] .....    14.606847: ovldiag_write: (ovl_write_iter+0x10c/0x130 <- backing_file_write_iter) result=0x1000
             cat-1035    [000] .....    14.608196: ovldiag_open: (ovl_open+0xb2/0x100 <- ovl_open_realfile) result=0xffff888003f11100
             cat-1041    [000] .....    14.611761: ovldiag_open: (ovl_open+0xb2/0x100 <- ovl_open_realfile) result=0xffff88800727e900
              dd-1040    [001] .....    14.612965: ovldiag_open: (ovl_open+0xb2/0x100 <- ovl_open_realfile) result=0xffff88800720b300
              dd-1040    [001] .....    14.612992: ovldiag_ensure: (ovl_write_iter+0xaf/0x130 <- ovl_ensure_upper_and_switch) result=0x0
              dd-1040    [001] .....    14.613008: ovldiag_write: (ovl_write_iter+0x10c/0x130 <- backing_file_write_iter) result=0x1000
              dd-1046    [000] .....    14.615277: ovldiag_open: (ovl_open+0xb2/0x100 <- ovl_open_realfile) result=0xffff88800e098100
              dd-1046    [000] .....    14.615319: ovldiag_ensure: (ovl_write_iter+0xaf/0x130 <- ovl_ensure_upper_and_switch) result=0x0
              dd-1046    [000] .....    14.615335: ovldiag_write: (ovl_write_iter+0x10c/0x130 <- backing_file_write_iter) result=0x1000
              dd-1049    [001] .....    14.617973: ovldiag_open: (ovl_open+0xb2/0x100 <- ovl_open_realfile) result=0xffff888004467e00
              dd-1049    [001] .....    14.618003: ovldiag_ensure: (ovl_write_iter+0xaf/0x130 <- ovl_ensure_upper_and_switch) result=0x0
              dd-1049    [001] .....    14.618019: ovldiag_write: (ovl_write_iter+0x10c/0x130 <- backing_file_write_iter) result=0x1000
             cat-1050    [000] .....    14.618541: ovldiag_open: (ovl_open+0xb2/0x100 <- ovl_open_realfile) result=0xffff88800d93c400
              dd-1055    [000] .....    14.620717: ovldiag_open: (ovl_open+0xb2/0x100 <- ovl_open_realfile) result=0xffff8880061d0600
              dd-1055    [000] .....    14.620749: ovldiag_ensure: (ovl_write_iter+0xaf/0x130 <- ovl_ensure_upper_and_switch) result=0x0
              dd-1055    [000] .....    14.620767: ovldiag_write: (ovl_write_iter+0x10c/0x130 <- backing_file_write_iter) result=0x1000
             cat-1052    [001] .....    14.621005: ovldiag_open: (ovl_open+0xb2/0x100 <- ovl_open_realfile) result=0xffff88800720bc00
             cat-1054    [000] .....    14.621709: ovldiag_open: (ovl_open+0xb2/0x100 <- ovl_open_realfile) result=0xffff888006003a00
             cat-1060    [000] .....    14.625480: ovldiag_open: (ovl_open+0xb2/0x100 <- ovl_open_realfile) result=0xffff888008ab8800
              dd-1062    [001] .....    14.626651: ovldiag_open: (ovl_open+0xb2/0x100 <- ovl_open_realfile) result=0xffff8880089f3400
              dd-1062    [001] .....    14.626678: ovldiag_ensure: (ovl_write_iter+0xaf/0x130 <- ovl_ensure_upper_and_switch) result=0x0
              dd-1062    [001] .....    14.626697: ovldiag_write: (ovl_write_iter+0x10c/0x130 <- backing_file_write_iter) result=0x1000
              dd-1065    [000] .....    14.628527: ovldiag_open: (ovl_open+0xb2/0x100 <- ovl_open_realfile) result=0xffff888007281600
              dd-1065    [000] .....    14.628553: ovldiag_ensure: (ovl_write_iter+0xaf/0x130 <- ovl_ensure_upper_and_switch) result=0x0
              dd-1065    [000] .....    14.628570: ovldiag_write: (ovl_write_iter+0x10c/0x130 <- backing_file_write_iter) result=0x1000
             cat-1068    [000] .....    14.630379: ovldiag_open: (ovl_open+0xb2/0x100 <- ovl_open_realfile) result=0xffff88800e00a100
             cat-1070    [001] .....    14.631571: ovldiag_open: (ovl_open+0xb2/0x100 <- ovl_open_realfile) result=0xffff888008b9b700
             cat-1073    [001] .....    14.633609: ovldiag_open: (ovl_open+0xb2/0x100 <- ovl_open_realfile) result=0xffff888008ab8d00
              dd-1077    [001] .....    14.635352: ovldiag_open: (ovl_open+0xb2/0x100 <- ovl_open_realfile) result=0xffff8880089f3700
              dd-1077    [001] .....    14.635380: ovldiag_ensure: (ovl_write_iter+0xaf/0x130 <- ovl_ensure_upper_and_switch) result=0x0
              dd-1077    [001] .....    14.635397: ovldiag_write: (ovl_write_iter+0x10c/0x130 <- backing_file_write_iter) result=0x1000
             cat-1081    [001] .....    14.637722: ovldiag_open: (ovl_open+0xb2/0x100 <- ovl_open_realfile) result=0xffff8880046f0500
              dd-1083    [001] .....    14.639756: ovldiag_open: (ovl_open+0xb2/0x100 <- ovl_open_realfile) result=0xffff888008a6fc00
              dd-1083    [001] .....    14.639786: ovldiag_ensure: (ovl_write_iter+0xaf/0x130 <- ovl_ensure_upper_and_switch) result=0x0
              dd-1083    [001] .....    14.639814: ovldiag_write: (ovl_write_iter+0x10c/0x130 <- backing_file_write_iter) result=0x1000
              dd-1079    [000] .....    14.640460: ovldiag_open: (ovl_open+0xb2/0x100 <- ovl_open_realfile) result=0xffff888004720200
              dd-1079    [000] .....    14.640498: ovldiag_ensure: (ovl_write_iter+0xaf/0x130 <- ovl_ensure_upper_and_switch) result=0x0
              dd-1079    [000] .....    14.640513: ovldiag_write: (ovl_write_iter+0x10c/0x130 <- backing_file_write_iter) result=0x1000
              dd-1087    [000] .....    14.643416: ovldiag_open: (ovl_open+0xb2/0x100 <- ovl_open_realfile) result=0xffff88800d848500
              dd-1087    [000] .....    14.643443: ovldiag_ensure: (ovl_write_iter+0xaf/0x130 <- ovl_ensure_upper_and_switch) result=0x0
              dd-1087    [000] .....    14.643459: ovldiag_write: (ovl_write_iter+0x10c/0x130 <- backing_file_write_iter) result=0x1000
             cat-1086    [001] .....    14.644062: ovldiag_open: (ovl_open+0xb2/0x100 <- ovl_open_realfile) result=0xffff888007164d00
             cat-1089    [001] .....    14.645322: ovldiag_open: (ovl_open+0xb2/0x100 <- ovl_open_realfile) result=0xffff88800e128700
             cat-1091    [000] .....    14.645493: ovldiag_open: (ovl_open+0xb2/0x100 <- ovl_open_realfile) result=0xffff88800e014f00
             cat-1097    [001] .....    14.650021: ovldiag_open: (ovl_open+0xb2/0x100 <- ovl_open_realfile) result=0xffff888008b9be00
              dd-1098    [000] .....    14.650126: ovldiag_open: (ovl_open+0xb2/0x100 <- ovl_open_realfile) result=0xffff8880072ed500
              dd-1098    [000] .....    14.650158: ovldiag_ensure: (ovl_write_iter+0xaf/0x130 <- ovl_ensure_upper_and_switch) result=0x0
              dd-1098    [000] .....    14.650173: ovldiag_write: (ovl_write_iter+0x10c/0x130 <- backing_file_write_iter) result=0x1000
              dd-1103    [000] .....    14.653189: ovldiag_open: (ovl_open+0xb2/0x100 <- ovl_open_realfile) result=0xffff888004798000
              dd-1103    [000] .....    14.653217: ovldiag_ensure: (ovl_write_iter+0xaf/0x130 <- ovl_ensure_upper_and_switch) result=0x0
              dd-1103    [000] .....    14.653233: ovldiag_write: (ovl_write_iter+0x10c/0x130 <- backing_file_write_iter) result=0x1000
             cat-1104    [001] .....    14.654692: ovldiag_open: (ovl_open+0xb2/0x100 <- ovl_open_realfile) result=0xffff88800a786600
             cat-1107    [000] .....    14.656197: ovldiag_open: (ovl_open+0xb2/0x100 <- ovl_open_realfile) result=0xffff88800e0f1100
              dd-1106    [000] .....    14.656615: ovldiag_open: (ovl_open+0xb2/0x100 <- ovl_open_realfile) result=0xffff8880061d0600
              dd-1106    [000] .....    14.656643: ovldiag_ensure: (ovl_write_iter+0xaf/0x130 <- ovl_ensure_upper_and_switch) result=0x0
              dd-1106    [000] .....    14.656659: ovldiag_write: (ovl_write_iter+0x10c/0x130 <- backing_file_write_iter) result=0x1000
              dd-1111    [000] .....    14.657968: ovldiag_open: (ovl_open+0xb2/0x100 <- ovl_open_realfile) result=0xffff888008b9be00
              dd-1111    [000] .....    14.657997: ovldiag_ensure: (ovl_write_iter+0xaf/0x130 <- ovl_ensure_upper_and_switch) result=0x0
              dd-1111    [000] .....    14.658012: ovldiag_write: (ovl_write_iter+0x10c/0x130 <- backing_file_write_iter) result=0x1000
             cat-1114    [001] .....    14.659869: ovldiag_open: (ovl_open+0xb2/0x100 <- ovl_open_realfile) result=0xffff88800720d600
             cat-1113    [000] .....    14.661525: ovldiag_open: (ovl_open+0xb2/0x100 <- ovl_open_realfile) result=0xffff88800d9a1100
             cat-1121    [001] .....    14.664701: ovldiag_open: (ovl_open+0xb2/0x100 <- ovl_open_realfile) result=0xffff888008ab8000
              dd-1120    [000] .....    14.664804: ovldiag_open: (ovl_open+0xb2/0x100 <- ovl_open_realfile) result=0xffff888007164d00
              dd-1120    [000] .....    14.664843: ovldiag_ensure: (ovl_write_iter+0xaf/0x130 <- ovl_ensure_upper_and_switch) result=0x0
              dd-1120    [000] .....    14.664859: ovldiag_write: (ovl_write_iter+0x10c/0x130 <- backing_file_write_iter) result=0x1000
              dd-1125    [000] .....    14.667773: ovldiag_open: (ovl_open+0xb2/0x100 <- ovl_open_realfile) result=0xffff88800e0b3000
              dd-1125    [000] .....    14.667803: ovldiag_ensure: (ovl_write_iter+0xaf/0x130 <- ovl_ensure_upper_and_switch) result=0x0
              dd-1125    [000] .....    14.667819: ovldiag_write: (ovl_write_iter+0x10c/0x130 <- backing_file_write_iter) result=0x1000
             cat-1127    [001] .....    14.669696: ovldiag_open: (ovl_open+0xb2/0x100 <- ovl_open_realfile) result=0xffff88800a783700
             cat-1129    [000] .....    14.669846: ovldiag_open: (ovl_open+0xb2/0x100 <- ovl_open_realfile) result=0xffff88800e10c100
              dd-1130    [000] .....    14.670930: ovldiag_open: (ovl_open+0xb2/0x100 <- ovl_open_realfile) result=0xffff88800dbcd100
              dd-1130    [000] .....    14.670960: ovldiag_ensure: (ovl_write_iter+0xaf/0x130 <- ovl_ensure_upper_and_switch) result=0x0
              dd-1130    [000] .....    14.670975: ovldiag_write: (ovl_write_iter+0x10c/0x130 <- backing_file_write_iter) result=0x1000
              dd-1133    [000] .....    14.672398: ovldiag_open: (ovl_open+0xb2/0x100 <- ovl_open_realfile) result=0xffff88800a783a00
              dd-1133    [000] .....    14.672428: ovldiag_ensure: (ovl_write_iter+0xaf/0x130 <- ovl_ensure_upper_and_switch) result=0x0
              dd-1133    [000] .....    14.672442: ovldiag_write: (ovl_write_iter+0x10c/0x130 <- backing_file_write_iter) result=0x1000
             cat-1137    [000] .....    14.675188: ovldiag_open: (ovl_open+0xb2/0x100 <- ovl_open_realfile) result=0xffff88800e0b3900
             cat-1136    [001] .....    14.675554: ovldiag_open: (ovl_open+0xb2/0x100 <- ovl_open_realfile) result=0xffff88800d9fe700
              dd-1142    [001] .....    14.678969: ovldiag_open: (ovl_open+0xb2/0x100 <- ovl_open_realfile) result=0xffff88800dbcd500
              dd-1142    [001] .....    14.679011: ovldiag_ensure: (ovl_write_iter+0xaf/0x130 <- ovl_ensure_upper_and_switch) result=0x0
              dd-1142    [001] .....    14.679028: ovldiag_write: (ovl_write_iter+0x10c/0x130 <- backing_file_write_iter) result=0x1000
              dd-1146    [000] .....    14.680984: ovldiag_open: (ovl_open+0xb2/0x100 <- ovl_open_realfile) result=0xffff88800e0d9600
              dd-1146    [000] .....    14.681011: ovldiag_ensure: (ovl_write_iter+0xaf/0x130 <- ovl_ensure_upper_and_switch) result=0x0
              dd-1146    [000] .....    14.681026: ovldiag_write: (ovl_write_iter+0x10c/0x130 <- backing_file_write_iter) result=0x1000
             cat-1147    [001] .....    14.681845: ovldiag_open: (ovl_open+0xb2/0x100 <- ovl_open_realfile) result=0xffff88800d8c4f00
             cat-1150    [000] .....    14.683337: ovldiag_open: (ovl_open+0xb2/0x100 <- ovl_open_realfile) result=0xffff88800d9fef00
              dd-1153    [001] .....    14.685711: ovldiag_open: (ovl_open+0xb2/0x100 <- ovl_open_realfile) result=0xffff88800a6b3f00
              dd-1153    [001] .....    14.685741: ovldiag_ensure: (ovl_write_iter+0xaf/0x130 <- ovl_ensure_upper_and_switch) result=0x0
              dd-1153    [001] .....    14.685759: ovldiag_write: (ovl_write_iter+0x10c/0x130 <- backing_file_write_iter) result=0x1000
              dd-1155    [000] .....    14.687176: ovldiag_open: (ovl_open+0xb2/0x100 <- ovl_open_realfile) result=0xffff888007083700
              dd-1155    [000] .....    14.687206: ovldiag_ensure: (ovl_write_iter+0xaf/0x130 <- ovl_ensure_upper_and_switch) result=0x0
              dd-1155    [000] .....    14.687221: ovldiag_write: (ovl_write_iter+0x10c/0x130 <- backing_file_write_iter) result=0x1000
             cat-1156    [001] .....    14.687949: ovldiag_open: (ovl_open+0xb2/0x100 <- ovl_open_realfile) result=0xffff8880072ed800
             cat-1159    [000] .....    14.689335: ovldiag_open: (ovl_open+0xb2/0x100 <- ovl_open_realfile) result=0xffff88800471da00
             cat-1162    [000] .....    14.690745: ovldiag_open: (ovl_open+0xb2/0x100 <- ovl_open_realfile) result=0xffff88800a6b3000
              dd-1166    [000] .....    14.692846: ovldiag_open: (ovl_open+0xb2/0x100 <- ovl_open_realfile) result=0xffff88800a6b3c00
              dd-1166    [000] .....    14.692876: ovldiag_ensure: (ovl_write_iter+0xaf/0x130 <- ovl_ensure_upper_and_switch) result=0x0
              dd-1166    [000] .....    14.692892: ovldiag_write: (ovl_write_iter+0x10c/0x130 <- backing_file_write_iter) result=0x1000
             cat-1165    [001] .....    14.694125: ovldiag_open: (ovl_open+0xb2/0x100 <- ovl_open_realfile) result=0xffff888006003b00
              dd-1167    [000] .....    14.694126: ovldiag_open: (ovl_open+0xb2/0x100 <- ovl_open_realfile) result=0xffff888008a6f300
              dd-1167    [000] .....    14.694151: ovldiag_ensure: (ovl_write_iter+0xaf/0x130 <- ovl_ensure_upper_and_switch) result=0x0
              dd-1167    [000] .....    14.694166: ovldiag_write: (ovl_write_iter+0x10c/0x130 <- backing_file_write_iter) result=0x1000
             cat-1174    [001] .....    14.699919: ovldiag_open: (ovl_open+0xb2/0x100 <- ovl_open_realfile) result=0xffff88800e0b1800
              dd-1176    [000] .....    14.700275: ovldiag_open: (ovl_open+0xb2/0x100 <- ovl_open_realfile) result=0xffff88800d991900
              dd-1176    [000] .....    14.700317: ovldiag_ensure: (ovl_write_iter+0xaf/0x130 <- ovl_ensure_upper_and_switch) result=0x0
              dd-1176    [000] .....    14.700333: ovldiag_write: (ovl_write_iter+0x10c/0x130 <- backing_file_write_iter) result=0x1000
              dd-1175    [000] .....    14.700902: ovldiag_open: (ovl_open+0xb2/0x100 <- ovl_open_realfile) result=0xffff8880071d1400
              dd-1175    [000] .....    14.700924: ovldiag_ensure: (ovl_write_iter+0xaf/0x130 <- ovl_ensure_upper_and_switch) result=0x0
              dd-1175    [000] .....    14.700928: ovldiag_write: (ovl_write_iter+0x10c/0x130 <- backing_file_write_iter) result=0x1000
             cat-1180    [001] .....    14.703204: ovldiag_open: (ovl_open+0xb2/0x100 <- ovl_open_realfile) result=0xffff8880071ccf00
             cat-1182    [001] .....    14.704904: ovldiag_open: (ovl_open+0xb2/0x100 <- ovl_open_realfile) result=0xffff888007083400
             cat-1183    [000] .....    14.704997: ovldiag_open: (ovl_open+0xb2/0x100 <- ovl_open_realfile) result=0xffff888008a7c100
              dd-1187    [001] .....    14.708204: ovldiag_open: (ovl_open+0xb2/0x100 <- ovl_open_realfile) result=0xffff888007164800
              dd-1187    [001] .....    14.708232: ovldiag_ensure: (ovl_write_iter+0xaf/0x130 <- ovl_ensure_upper_and_switch) result=0x0
              dd-1187    [001] .....    14.708247: ovldiag_write: (ovl_write_iter+0x10c/0x130 <- backing_file_write_iter) result=0x1000
              dd-1188    [000] .....    14.708272: ovldiag_open: (ovl_open+0xb2/0x100 <- ovl_open_realfile) result=0xffff88800a7f0500
              dd-1188    [000] .....    14.708329: ovldiag_ensure: (ovl_write_iter+0xaf/0x130 <- ovl_ensure_upper_and_switch) result=0x0
              dd-1188    [000] .....    14.708344: ovldiag_write: (ovl_write_iter+0x10c/0x130 <- backing_file_write_iter) result=0x1000
             cat-1194    [001] .....    14.712025: ovldiag_open: (ovl_open+0xb2/0x100 <- ovl_open_realfile) result=0xffff888007083b00
              dd-1195    [000] .....    14.713258: ovldiag_open: (ovl_open+0xb2/0x100 <- ovl_open_realfile) result=0xffff88800e0a7000
              dd-1195    [000] .....    14.713312: ovldiag_ensure: (ovl_write_iter+0xaf/0x130 <- ovl_ensure_upper_and_switch) result=0x0
              dd-1195    [000] .....    14.713328: ovldiag_write: (ovl_write_iter+0x10c/0x130 <- backing_file_write_iter) result=0x1000
              dd-1198    [000] .....    14.715350: ovldiag_open: (ovl_open+0xb2/0x100 <- ovl_open_realfile) result=0xffff888008ab8500
              dd-1198    [000] .....    14.715380: ovldiag_ensure: (ovl_write_iter+0xaf/0x130 <- ovl_ensure_upper_and_switch) result=0x0
              dd-1198    [000] .....    14.715395: ovldiag_write: (ovl_write_iter+0x10c/0x130 <- backing_file_write_iter) result=0x1000
             cat-1200    [001] .....    14.716277: ovldiag_open: (ovl_open+0xb2/0x100 <- ovl_open_realfile) result=0xffff888008b7f000
             cat-1202    [000] .....    14.717665: ovldiag_open: (ovl_open+0xb2/0x100 <- ovl_open_realfile) result=0xffff888007281f00
             cat-1203    [001] .....    14.719345: ovldiag_open: (ovl_open+0xb2/0x100 <- ovl_open_realfile) result=0xffff88800a6d5200
              dd-1209    [000] .....    14.721674: ovldiag_open: (ovl_open+0xb2/0x100 <- ovl_open_realfile) result=0xffff88800720b400
              dd-1209    [000] .....    14.721704: ovldiag_ensure: (ovl_write_iter+0xaf/0x130 <- ovl_ensure_upper_and_switch) result=0x0
              dd-1209    [000] .....    14.721722: ovldiag_write: (ovl_write_iter+0x10c/0x130 <- backing_file_write_iter) result=0x1000
             cat-1210    [001] .....    14.723102: ovldiag_open: (ovl_open+0xb2/0x100 <- ovl_open_realfile) result=0xffff888008a27700
              dd-1211    [000] .....    14.723915: ovldiag_open: (ovl_open+0xb2/0x100 <- ovl_open_realfile) result=0xffff88800e13d000
              dd-1211    [000] .....    14.723942: ovldiag_ensure: (ovl_write_iter+0xaf/0x130 <- ovl_ensure_upper_and_switch) result=0x0
              dd-1211    [000] .....    14.723959: ovldiag_write: (ovl_write_iter+0x10c/0x130 <- backing_file_write_iter) result=0x1000
              dd-1216    [000] .....    14.725764: ovldiag_open: (ovl_open+0xb2/0x100 <- ovl_open_realfile) result=0xffff888004526600
              dd-1216    [000] .....    14.725791: ovldiag_ensure: (ovl_write_iter+0xaf/0x130 <- ovl_ensure_upper_and_switch) result=0x0
              dd-1216    [000] .....    14.725807: ovldiag_write: (ovl_write_iter+0x10c/0x130 <- backing_file_write_iter) result=0x1000
             cat-1217    [000] .....    14.727061: ovldiag_open: (ovl_open+0xb2/0x100 <- ovl_open_realfile) result=0xffff88800e11af00
             cat-1219    [001] .....    14.728590: ovldiag_open: (ovl_open+0xb2/0x100 <- ovl_open_realfile) result=0xffff88800db4ff00
              dd-1222    [000] .....    14.730183: ovldiag_open: (ovl_open+0xb2/0x100 <- ovl_open_realfile) result=0xffff888008ab8c00
              dd-1222    [000] .....    14.730213: ovldiag_ensure: (ovl_write_iter+0xaf/0x130 <- ovl_ensure_upper_and_switch) result=0x0
              dd-1222    [000] .....    14.730229: ovldiag_write: (ovl_write_iter+0x10c/0x130 <- backing_file_write_iter) result=0x1000
             cat-1224    [001] .....    14.731337: ovldiag_open: (ovl_open+0xb2/0x100 <- ovl_open_realfile) result=0xffff8880089c5300
              dd-1231    [000] .....    14.734870: ovldiag_open: (ovl_open+0xb2/0x100 <- ovl_open_realfile) result=0xffff88800e142b00
              dd-1231    [000] .....    14.734900: ovldiag_ensure: (ovl_write_iter+0xaf/0x130 <- ovl_ensure_upper_and_switch) result=0x0
              dd-1231    [000] .....    14.734916: ovldiag_write: (ovl_write_iter+0x10c/0x130 <- backing_file_write_iter) result=0x1000
             cat-1230    [001] .....    14.735210: ovldiag_open: (ovl_open+0xb2/0x100 <- ovl_open_realfile) result=0xffff888006003800
              dd-1234    [000] .....    14.737473: ovldiag_open: (ovl_open+0xb2/0x100 <- ovl_open_realfile) result=0xffff888007083d00
              dd-1234    [000] .....    14.737501: ovldiag_ensure: (ovl_write_iter+0xaf/0x130 <- ovl_ensure_upper_and_switch) result=0x0
              dd-1234    [000] .....    14.737516: ovldiag_write: (ovl_write_iter+0x10c/0x130 <- backing_file_write_iter) result=0x1000
             cat-1237    [000] .....    14.739035: ovldiag_open: (ovl_open+0xb2/0x100 <- ovl_open_realfile) result=0xffff88800e142900
              dd-1238    [001] .....    14.739664: ovldiag_open: (ovl_open+0xb2/0x100 <- ovl_open_realfile) result=0xffff88800727e100
              dd-1238    [001] .....    14.739694: ovldiag_ensure: (ovl_write_iter+0xaf/0x130 <- ovl_ensure_upper_and_switch) result=0x0
              dd-1238    [001] .....    14.739711: ovldiag_write: (ovl_write_iter+0x10c/0x130 <- backing_file_write_iter) result=0x1000
             cat-1239    [000] .....    14.740050: ovldiag_open: (ovl_open+0xb2/0x100 <- ovl_open_realfile) result=0xffff888006003900
             cat-1243    [000] .....    14.743362: ovldiag_open: (ovl_open+0xb2/0x100 <- ovl_open_realfile) result=0xffff888008a6fa00
              dd-1247    [001] .....    14.745168: ovldiag_open: (ovl_open+0xb2/0x100 <- ovl_open_realfile) result=0xffff88800720d600
              dd-1247    [001] .....    14.745198: ovldiag_ensure: (ovl_write_iter+0xaf/0x130 <- ovl_ensure_upper_and_switch) result=0x0
              dd-1247    [001] .....    14.745215: ovldiag_write: (ovl_write_iter+0x10c/0x130 <- backing_file_write_iter) result=0x1000
             cat-1246    [000] .....    14.745416: ovldiag_open: (ovl_open+0xb2/0x100 <- ovl_open_realfile) result=0xffff88800a740b00
              dd-1252    [001] .....    14.748375: ovldiag_open: (ovl_open+0xb2/0x100 <- ovl_open_realfile) result=0xffff88800727ee00
              dd-1252    [001] .....    14.748406: ovldiag_ensure: (ovl_write_iter+0xaf/0x130 <- ovl_ensure_upper_and_switch) result=0x0
              dd-1252    [001] .....    14.748421: ovldiag_write: (ovl_write_iter+0x10c/0x130 <- backing_file_write_iter) result=0x1000
             cat-1253    [001] .....    14.749879: ovldiag_open: (ovl_open+0xb2/0x100 <- ovl_open_realfile) result=0xffff88800720b500
             cat-1257    [000] .....    14.751484: ovldiag_open: (ovl_open+0xb2/0x100 <- ovl_open_realfile) result=0xffff8880046f0200
              dd-1258    [001] .....    14.751927: ovldiag_open: (ovl_open+0xb2/0x100 <- ovl_open_realfile) result=0xffff88800dbed600
              dd-1258    [001] .....    14.751956: ovldiag_ensure: (ovl_write_iter+0xaf/0x130 <- ovl_ensure_upper_and_switch) result=0x0
              dd-1258    [001] .....    14.751973: ovldiag_write: (ovl_write_iter+0x10c/0x130 <- backing_file_write_iter) result=0x1000
              dd-1262    [001] .....    14.755195: ovldiag_open: (ovl_open+0xb2/0x100 <- ovl_open_realfile) result=0xffff88800d8c2a00
              dd-1262    [001] .....    14.755222: ovldiag_ensure: (ovl_write_iter+0xaf/0x130 <- ovl_ensure_upper_and_switch) result=0x0
              dd-1262    [001] .....    14.755239: ovldiag_write: (ovl_write_iter+0x10c/0x130 <- backing_file_write_iter) result=0x1000
             cat-1264    [000] .....    14.756079: ovldiag_open: (ovl_open+0xb2/0x100 <- ovl_open_realfile) result=0xffff88800e142e00
             cat-1266    [001] .....    14.757486: ovldiag_open: (ovl_open+0xb2/0x100 <- ovl_open_realfile) result=0xffff888006003800
              dd-1269    [000] .....    14.759103: ovldiag_open: (ovl_open+0xb2/0x100 <- ovl_open_realfile) result=0xffff88800d97e800
              dd-1269    [000] .....    14.759130: ovldiag_ensure: (ovl_write_iter+0xaf/0x130 <- ovl_ensure_upper_and_switch) result=0x0
              dd-1269    [000] .....    14.759146: ovldiag_write: (ovl_write_iter+0x10c/0x130 <- backing_file_write_iter) result=0x1000
             cat-1274    [000] .....    14.762259: ovldiag_open: (ovl_open+0xb2/0x100 <- ovl_open_realfile) result=0xffff88800471d000
             cat-1275    [001] .....    14.762518: ovldiag_open: (ovl_open+0xb2/0x100 <- ovl_open_realfile) result=0xffff888007164400
              dd-1273    [000] .....    14.763272: ovldiag_open: (ovl_open+0xb2/0x100 <- ovl_open_realfile) result=0xffff888007317200
              dd-1273    [000] .....    14.764751: ovldiag_ensure: (ovl_write_iter+0xaf/0x130 <- ovl_ensure_upper_and_switch) result=0x0
              dd-1273    [000] .....    14.764771: ovldiag_write: (ovl_write_iter+0x10c/0x130 <- backing_file_write_iter) result=0x1000
              dd-1278    [001] .....    14.766210: ovldiag_open: (ovl_open+0xb2/0x100 <- ovl_open_realfile) result=0xffff88800db30f00
              dd-1278    [001] .....    14.766237: ovldiag_ensure: (ovl_write_iter+0xaf/0x130 <- ovl_ensure_upper_and_switch) result=0x0
              dd-1278    [001] .....    14.766253: ovldiag_write: (ovl_write_iter+0x10c/0x130 <- backing_file_write_iter) result=0x1000
             cat-1283    [000] .....    14.768245: ovldiag_open: (ovl_open+0xb2/0x100 <- ovl_open_realfile) result=0xffff888008a7c700
             cat-1282    [001] .....    14.769544: ovldiag_open: (ovl_open+0xb2/0x100 <- ovl_open_realfile) result=0xffff88800d8b6500
              dd-1285    [001] .....    14.770088: ovldiag_open: (ovl_open+0xb2/0x100 <- ovl_open_realfile) result=0xffff8880071d1400
              dd-1285    [001] .....    14.770117: ovldiag_ensure: (ovl_write_iter+0xaf/0x130 <- ovl_ensure_upper_and_switch) result=0x0
              dd-1285    [001] .....    14.770130: ovldiag_write: (ovl_write_iter+0x10c/0x130 <- backing_file_write_iter) result=0x1000
             cat-1291    [000] .....    14.773229: ovldiag_open: (ovl_open+0xb2/0x100 <- ovl_open_realfile) result=0xffff888007083f00
             cat-1293    [001] .....    14.773650: ovldiag_open: (ovl_open+0xb2/0x100 <- ovl_open_realfile) result=0xffff888008ab8b00
              dd-1290    [000] .....    14.774469: ovldiag_open: (ovl_open+0xb2/0x100 <- ovl_open_realfile) result=0xffff88800a5d0b00
              dd-1290    [000] .....    14.774499: ovldiag_ensure: (ovl_write_iter+0xaf/0x130 <- ovl_ensure_upper_and_switch) result=0x0
              dd-1290    [000] .....    14.774514: ovldiag_write: (ovl_write_iter+0x10c/0x130 <- backing_file_write_iter) result=0x1000
             cat-1299    [000] .....    14.778258: ovldiag_open: (ovl_open+0xb2/0x100 <- ovl_open_realfile) result=0xffff88800892ef00
              dd-1300    [001] .....    14.778524: ovldiag_open: (ovl_open+0xb2/0x100 <- ovl_open_realfile) result=0xffff88800e0ffd00
              dd-1300    [001] .....    14.778551: ovldiag_ensure: (ovl_write_iter+0xaf/0x130 <- ovl_ensure_upper_and_switch) result=0x0
              dd-1300    [001] .....    14.778567: ovldiag_write: (ovl_write_iter+0x10c/0x130 <- backing_file_write_iter) result=0x1000
              dd-1303    [000] .....    14.780228: ovldiag_open: (ovl_open+0xb2/0x100 <- ovl_open_realfile) result=0xffff888008a7e100
              dd-1303    [000] .....    14.780256: ovldiag_ensure: (ovl_write_iter+0xaf/0x130 <- ovl_ensure_upper_and_switch) result=0x0
              dd-1303    [000] .....    14.780271: ovldiag_write: (ovl_write_iter+0x10c/0x130 <- backing_file_write_iter) result=0x1000
             cat-1304    [001] .....    14.781902: ovldiag_open: (ovl_open+0xb2/0x100 <- ovl_open_realfile) result=0xffff88800dbfc700
             cat-1307    [001] .....    14.783250: ovldiag_open: (ovl_open+0xb2/0x100 <- ovl_open_realfile) result=0xffff8880060c7c00
             cat-1311    [000] .....    14.785919: ovldiag_open: (ovl_open+0xb2/0x100 <- ovl_open_realfile) result=0xffff88800727ea00
              dd-1309    [001] .....    14.785952: ovldiag_open: (ovl_open+0xb2/0x100 <- ovl_open_realfile) result=0xffff88800d93a200
              dd-1309    [001] .....    14.785983: ovldiag_ensure: (ovl_write_iter+0xaf/0x130 <- ovl_ensure_upper_and_switch) result=0x0
              dd-1309    [001] .....    14.785999: ovldiag_write: (ovl_write_iter+0x10c/0x130 <- backing_file_write_iter) result=0x1000
              dd-1317    [000] .....    14.789448: ovldiag_open: (ovl_open+0xb2/0x100 <- ovl_open_realfile) result=0xffff888008ab8600
              dd-1317    [000] .....    14.789476: ovldiag_ensure: (ovl_write_iter+0xaf/0x130 <- ovl_ensure_upper_and_switch) result=0x0
              dd-1317    [000] .....    14.789492: ovldiag_write: (ovl_write_iter+0x10c/0x130 <- backing_file_write_iter) result=0x1000
             cat-1318    [001] .....    14.789890: ovldiag_open: (ovl_open+0xb2/0x100 <- ovl_open_realfile) result=0xffff888007024300
              dd-1321    [001] .....    14.791455: ovldiag_open: (ovl_open+0xb2/0x100 <- ovl_open_realfile) result=0xffff88800892e600
              dd-1321    [001] .....    14.791482: ovldiag_ensure: (ovl_write_iter+0xaf/0x130 <- ovl_ensure_upper_and_switch) result=0x0
              dd-1321    [001] .....    14.791499: ovldiag_write: (ovl_write_iter+0x10c/0x130 <- backing_file_write_iter) result=0x1000
             cat-1322    [001] .....    14.792487: ovldiag_open: (ovl_open+0xb2/0x100 <- ovl_open_realfile) result=0xffff88800713d500
             cat-1327    [000] .....    14.794986: ovldiag_open: (ovl_open+0xb2/0x100 <- ovl_open_realfile) result=0xffff88800720b400
              dd-1326    [001] .....    14.795294: ovldiag_open: (ovl_open+0xb2/0x100 <- ovl_open_realfile) result=0xffff888008a6f000
              dd-1326    [001] .....    14.795323: ovldiag_ensure: (ovl_write_iter+0xaf/0x130 <- ovl_ensure_upper_and_switch) result=0x0
              dd-1326    [001] .....    14.795338: ovldiag_write: (ovl_write_iter+0x10c/0x130 <- backing_file_write_iter) result=0x1000
             cat-1330    [001] .....    14.797045: ovldiag_open: (ovl_open+0xb2/0x100 <- ovl_open_realfile) result=0xffff888007164800
              dd-1335    [001] .....    14.800476: ovldiag_open: (ovl_open+0xb2/0x100 <- ovl_open_realfile) result=0xffff8880046f0500
              dd-1335    [001] .....    14.800504: ovldiag_ensure: (ovl_write_iter+0xaf/0x130 <- ovl_ensure_upper_and_switch) result=0x0
              dd-1335    [001] .....    14.800519: ovldiag_write: (ovl_write_iter+0x10c/0x130 <- backing_file_write_iter) result=0x1000
             cat-1336    [000] .....    14.801327: ovldiag_open: (ovl_open+0xb2/0x100 <- ovl_open_realfile) result=0xffff88800d9bf700
              dd-1338    [001] .....    14.802196: ovldiag_open: (ovl_open+0xb2/0x100 <- ovl_open_realfile) result=0xffff88800d86c600
              dd-1338    [001] .....    14.802225: ovldiag_ensure: (ovl_write_iter+0xaf/0x130 <- ovl_ensure_upper_and_switch) result=0x0
              dd-1338    [001] .....    14.802240: ovldiag_write: (ovl_write_iter+0x10c/0x130 <- backing_file_write_iter) result=0x1000
              dd-1342    [001] .....    14.804928: ovldiag_open: (ovl_open+0xb2/0x100 <- ovl_open_realfile) result=0xffff88800720b900
              dd-1342    [001] .....    14.804956: ovldiag_ensure: (ovl_write_iter+0xaf/0x130 <- ovl_ensure_upper_and_switch) result=0x0
              dd-1342    [001] .....    14.804971: ovldiag_write: (ovl_write_iter+0x10c/0x130 <- backing_file_write_iter) result=0x1000
             cat-1343    [000] .....    14.805130: ovldiag_open: (ovl_open+0xb2/0x100 <- ovl_open_realfile) result=0xffff88800471d200
             cat-1345    [001] .....    14.806790: ovldiag_open: (ovl_open+0xb2/0x100 <- ovl_open_realfile) result=0xffff88800d86ca00
             cat-1347    [000] .....    14.807971: ovldiag_open: (ovl_open+0xb2/0x100 <- ovl_open_realfile) result=0xffff8880089c4e00
              dd-1349    [000] .....    14.810029: ovldiag_open: (ovl_open+0xb2/0x100 <- ovl_open_realfile) result=0xffff888008a7cb00
              dd-1349    [000] .....    14.810060: ovldiag_ensure: (ovl_write_iter+0xaf/0x130 <- ovl_ensure_upper_and_switch) result=0x0
              dd-1349    [000] .....    14.810076: ovldiag_write: (ovl_write_iter+0x10c/0x130 <- backing_file_write_iter) result=0x1000
             cat-1353    [000] .....    14.812669: ovldiag_open: (ovl_open+0xb2/0x100 <- ovl_open_realfile) result=0xffff888008a27e00
              dd-1356    [001] .....    14.813971: ovldiag_open: (ovl_open+0xb2/0x100 <- ovl_open_realfile) result=0xffff88800db53600
              dd-1356    [001] .....    14.813998: ovldiag_ensure: (ovl_write_iter+0xaf/0x130 <- ovl_ensure_upper_and_switch) result=0x0
              dd-1356    [001] .....    14.814014: ovldiag_write: (ovl_write_iter+0x10c/0x130 <- backing_file_write_iter) result=0x1000
              dd-1360    [001] .....    14.816398: ovldiag_open: (ovl_open+0xb2/0x100 <- ovl_open_realfile) result=0xffff888008b5bf00
              dd-1360    [001] .....    14.816425: ovldiag_ensure: (ovl_write_iter+0xaf/0x130 <- ovl_ensure_upper_and_switch) result=0x0
              dd-1360    [001] .....    14.816442: ovldiag_write: (ovl_write_iter+0x10c/0x130 <- backing_file_write_iter) result=0x1000
             cat-1361    [000] .....    14.816484: ovldiag_open: (ovl_open+0xb2/0x100 <- ovl_open_realfile) result=0xffff88800895e700
             cat-1364    [001] .....    14.819012: ovldiag_open: (ovl_open+0xb2/0x100 <- ovl_open_realfile) result=0xffff888008ab8f00
             cat-1366    [000] .....    14.819398: ovldiag_open: (ovl_open+0xb2/0x100 <- ovl_open_realfile) result=0xffff8880072eda00
              dd-1365    [001] .....    14.820012: ovldiag_open: (ovl_open+0xb2/0x100 <- ovl_open_realfile) result=0xffff88800d98d100
              dd-1365    [001] .....    14.820042: ovldiag_ensure: (ovl_write_iter+0xaf/0x130 <- ovl_ensure_upper_and_switch) result=0x0
              dd-1365    [001] .....    14.820058: ovldiag_write: (ovl_write_iter+0x10c/0x130 <- backing_file_write_iter) result=0x1000
             cat-1370    [001] .....    14.824153: ovldiag_open: (ovl_open+0xb2/0x100 <- ovl_open_realfile) result=0xffff888008a6f300
              dd-1373    [000] .....    14.824857: ovldiag_open: (ovl_open+0xb2/0x100 <- ovl_open_realfile) result=0xffff8880071ce300
              dd-1373    [000] .....    14.824885: ovldiag_ensure: (ovl_write_iter+0xaf/0x130 <- ovl_ensure_upper_and_switch) result=0x0
              dd-1373    [000] .....    14.824901: ovldiag_write: (ovl_write_iter+0x10c/0x130 <- backing_file_write_iter) result=0x1000
              dd-1377    [001] .....    14.826980: ovldiag_open: (ovl_open+0xb2/0x100 <- ovl_open_realfile) result=0xffff888008862900
              dd-1377    [001] .....    14.827010: ovldiag_ensure: (ovl_write_iter+0xaf/0x130 <- ovl_ensure_upper_and_switch) result=0x0
              dd-1377    [001] .....    14.827025: ovldiag_write: (ovl_write_iter+0x10c/0x130 <- backing_file_write_iter) result=0x1000
             cat-1379    [000] .....    14.828140: ovldiag_open: (ovl_open+0xb2/0x100 <- ovl_open_realfile) result=0xffff8880089e7d00
              dd-1381    [001] .....    14.829378: ovldiag_open: (ovl_open+0xb2/0x100 <- ovl_open_realfile) result=0xffff888007317100
              dd-1381    [001] .....    14.829408: ovldiag_ensure: (ovl_write_iter+0xaf/0x130 <- ovl_ensure_upper_and_switch) result=0x0
              dd-1381    [001] .....    14.829423: ovldiag_write: (ovl_write_iter+0x10c/0x130 <- backing_file_write_iter) result=0x1000
             cat-1383    [001] .....    14.830886: ovldiag_open: (ovl_open+0xb2/0x100 <- ovl_open_realfile) result=0xffff8880072ed300
             cat-1385    [000] .....    14.831159: ovldiag_open: (ovl_open+0xb2/0x100 <- ovl_open_realfile) result=0xffff88800471d200
             cat-1391    [000] .....    14.835206: ovldiag_open: (ovl_open+0xb2/0x100 <- ovl_open_realfile) result=0xffff88800a734b00
              dd-1392    [001] .....    14.835537: ovldiag_open: (ovl_open+0xb2/0x100 <- ovl_open_realfile) result=0xffff88800a68e100
              dd-1392    [001] .....    14.835565: ovldiag_ensure: (ovl_write_iter+0xaf/0x130 <- ovl_ensure_upper_and_switch) result=0x0
              dd-1392    [001] .....    14.835581: ovldiag_write: (ovl_write_iter+0x10c/0x130 <- backing_file_write_iter) result=0x1000
              dd-1395    [001] .....    14.837745: ovldiag_open: (ovl_open+0xb2/0x100 <- ovl_open_realfile) result=0xffff888008a7ef00
              dd-1395    [001] .....    14.837775: ovldiag_ensure: (ovl_write_iter+0xaf/0x130 <- ovl_ensure_upper_and_switch) result=0x0
              dd-1395    [001] .....    14.837791: ovldiag_write: (ovl_write_iter+0x10c/0x130 <- backing_file_write_iter) result=0x1000
             cat-1398    [000] .....    14.839233: ovldiag_open: (ovl_open+0xb2/0x100 <- ovl_open_realfile) result=0xffff88800daf0000
              dd-1399    [000] .....    14.840274: ovldiag_open: (ovl_open+0xb2/0x100 <- ovl_open_realfile) result=0xffff88800db92600
             cat-1400    [001] .....    14.840946: ovldiag_open: (ovl_open+0xb2/0x100 <- ovl_open_realfile) result=0xffff88800e029800
              dd-1399    [001] .....    14.841253: ovldiag_ensure: (ovl_write_iter+0xaf/0x130 <- ovl_ensure_upper_and_switch) result=0x0
              dd-1399    [001] .....    14.841271: ovldiag_write: (ovl_write_iter+0x10c/0x130 <- backing_file_write_iter) result=0x1000
             cat-1404    [000] .....    14.844519: ovldiag_open: (ovl_open+0xb2/0x100 <- ovl_open_realfile) result=0xffff88800da0a700
              dd-1405    [000] .....    14.844997: ovldiag_open: (ovl_open+0xb2/0x100 <- ovl_open_realfile) result=0xffff88800db53f00
              dd-1405    [000] .....    14.845024: ovldiag_ensure: (ovl_write_iter+0xaf/0x130 <- ovl_ensure_upper_and_switch) result=0x0
              dd-1405    [000] .....    14.845037: ovldiag_write: (ovl_write_iter+0x10c/0x130 <- backing_file_write_iter) result=0x1000
             cat-1410    [001] .....    14.847253: ovldiag_open: (ovl_open+0xb2/0x100 <- ovl_open_realfile) result=0xffff88800d9c4500
              dd-1412    [000] .....    14.848639: ovldiag_open: (ovl_open+0xb2/0x100 <- ovl_open_realfile) result=0xffff88800e08f900
              dd-1412    [000] .....    14.848669: ovldiag_ensure: (ovl_write_iter+0xaf/0x130 <- ovl_ensure_upper_and_switch) result=0x0
              dd-1412    [000] .....    14.848684: ovldiag_write: (ovl_write_iter+0x10c/0x130 <- backing_file_write_iter) result=0x1000
             cat-1417    [001] .....    14.850920: ovldiag_open: (ovl_open+0xb2/0x100 <- ovl_open_realfile) result=0xffff888006008c00
              dd-1416    [000] .....    14.851202: ovldiag_open: (ovl_open+0xb2/0x100 <- ovl_open_realfile) result=0xffff888008a6f800
              dd-1416    [000] .....    14.851231: ovldiag_ensure: (ovl_write_iter+0xaf/0x130 <- ovl_ensure_upper_and_switch) result=0x0
              dd-1416    [000] .....    14.851247: ovldiag_write: (ovl_write_iter+0x10c/0x130 <- backing_file_write_iter) result=0x1000
             cat-1418    [000] .....    14.852481: ovldiag_open: (ovl_open+0xb2/0x100 <- ovl_open_realfile) result=0xffff88800d9c9800
             cat-1423    [000] .....    14.854751: ovldiag_open: (ovl_open+0xb2/0x100 <- ovl_open_realfile) result=0xffff88800a7fcf00
              dd-1425    [001] .....    14.857507: ovldiag_open: (ovl_open+0xb2/0x100 <- ovl_open_realfile) result=0xffff88800a7b7100
              dd-1425    [001] .....    14.857534: ovldiag_ensure: (ovl_write_iter+0xaf/0x130 <- ovl_ensure_upper_and_switch) result=0x0
              dd-1425    [001] .....    14.857550: ovldiag_write: (ovl_write_iter+0x10c/0x130 <- backing_file_write_iter) result=0x1000
              dd-1428    [000] .....    14.858550: ovldiag_open: (ovl_open+0xb2/0x100 <- ovl_open_realfile) result=0xffff88800d9c4800
              dd-1428    [000] .....    14.858577: ovldiag_ensure: (ovl_write_iter+0xaf/0x130 <- ovl_ensure_upper_and_switch) result=0x0
              dd-1428    [000] .....    14.858594: ovldiag_write: (ovl_write_iter+0x10c/0x130 <- backing_file_write_iter) result=0x1000
             cat-1429    [001] .....    14.858914: ovldiag_open: (ovl_open+0xb2/0x100 <- ovl_open_realfile) result=0xffff8880071ccb00
              dd-1433    [001] .....    14.861113: ovldiag_open: (ovl_open+0xb2/0x100 <- ovl_open_realfile) result=0xffff888008a27e00
              dd-1433    [001] .....    14.861143: ovldiag_ensure: (ovl_write_iter+0xaf/0x130 <- ovl_ensure_upper_and_switch) result=0x0
              dd-1433    [001] .....    14.861158: ovldiag_write: (ovl_write_iter+0x10c/0x130 <- backing_file_write_iter) result=0x1000
             cat-1435    [001] .....    14.862652: ovldiag_open: (ovl_open+0xb2/0x100 <- ovl_open_realfile) result=0xffff88800d889700
             cat-1438    [000] .....    14.864180: ovldiag_open: (ovl_open+0xb2/0x100 <- ovl_open_realfile) result=0xffff88800d8b1a00
              dd-1441    [000] .....    14.865687: ovldiag_open: (ovl_open+0xb2/0x100 <- ovl_open_realfile) result=0xffff888004526200
              dd-1441    [000] .....    14.865718: ovldiag_ensure: (ovl_write_iter+0xaf/0x130 <- ovl_ensure_upper_and_switch) result=0x0
              dd-1441    [000] .....    14.865734: ovldiag_write: (ovl_write_iter+0x10c/0x130 <- backing_file_write_iter) result=0x1000
             cat-1443    [001] .....    14.867215: ovldiag_open: (ovl_open+0xb2/0x100 <- ovl_open_realfile) result=0xffff88800d903700
             cat-1446    [000] .....    14.869473: ovldiag_open: (ovl_open+0xb2/0x100 <- ovl_open_realfile) result=0xffff88800dbc2300
              dd-1449    [001] .....    14.871357: ovldiag_open: (ovl_open+0xb2/0x100 <- ovl_open_realfile) result=0xffff88800d8efa00
              dd-1449    [001] .....    14.871384: ovldiag_ensure: (ovl_write_iter+0xaf/0x130 <- ovl_ensure_upper_and_switch) result=0x0
              dd-1449    [001] .....    14.871401: ovldiag_write: (ovl_write_iter+0x10c/0x130 <- backing_file_write_iter) result=0x1000
              dd-1450    [001] .....    14.872371: ovldiag_open: (ovl_open+0xb2/0x100 <- ovl_open_realfile) result=0xffff88800720d600
              dd-1450    [001] .....    14.872398: ovldiag_ensure: (ovl_write_iter+0xaf/0x130 <- ovl_ensure_upper_and_switch) result=0x0
              dd-1450    [001] .....    14.872411: ovldiag_write: (ovl_write_iter+0x10c/0x130 <- backing_file_write_iter) result=0x1000
             cat-1453    [000] .....    14.873402: ovldiag_open: (ovl_open+0xb2/0x100 <- ovl_open_realfile) result=0xffff88800dbff100
              dd-1456    [001] .....    14.875744: ovldiag_open: (ovl_open+0xb2/0x100 <- ovl_open_realfile) result=0xffff88800d8aed00
              dd-1456    [001] .....    14.875775: ovldiag_ensure: (ovl_write_iter+0xaf/0x130 <- ovl_ensure_upper_and_switch) result=0x0
              dd-1456    [001] .....    14.875792: ovldiag_write: (ovl_write_iter+0x10c/0x130 <- backing_file_write_iter) result=0x1000
             cat-1458    [000] .....    14.877180: ovldiag_open: (ovl_open+0xb2/0x100 <- ovl_open_realfile) result=0xffff8880047ff700
             cat-1460    [001] .....    14.877784: ovldiag_open: (ovl_open+0xb2/0x100 <- ovl_open_realfile) result=0xffff88800dbc2000
              dd-1461    [000] .....    14.878780: ovldiag_open: (ovl_open+0xb2/0x100 <- ovl_open_realfile) result=0xffff88800d85c000
              dd-1461    [000] .....    14.878811: ovldiag_ensure: (ovl_write_iter+0xaf/0x130 <- ovl_ensure_upper_and_switch) result=0x0
              dd-1461    [000] .....    14.878826: ovldiag_write: (ovl_write_iter+0x10c/0x130 <- backing_file_write_iter) result=0x1000
             cat-1462    [000] .....    14.880814: ovldiag_open: (ovl_open+0xb2/0x100 <- ovl_open_realfile) result=0xffff8880046f0f00
             cat-1469    [001] .....    14.883401: ovldiag_open: (ovl_open+0xb2/0x100 <- ovl_open_realfile) result=0xffff88800dba7b00
              dd-1472    [000] .....    14.885678: ovldiag_open: (ovl_open+0xb2/0x100 <- ovl_open_realfile) result=0xffff88800727a300
              dd-1472    [000] .....    14.885705: ovldiag_ensure: (ovl_write_iter+0xaf/0x130 <- ovl_ensure_upper_and_switch) result=0x0
              dd-1472    [000] .....    14.885721: ovldiag_write: (ovl_write_iter+0x10c/0x130 <- backing_file_write_iter) result=0x1000
              dd-1474    [001] .....    14.886195: ovldiag_open: (ovl_open+0xb2/0x100 <- ovl_open_realfile) result=0xffff88800d86eb00
              dd-1474    [001] .....    14.886222: ovldiag_ensure: (ovl_write_iter+0xaf/0x130 <- ovl_ensure_upper_and_switch) result=0x0
              dd-1474    [001] .....    14.886239: ovldiag_write: (ovl_write_iter+0x10c/0x130 <- backing_file_write_iter) result=0x1000
             cat-1477    [001] .....    14.888165: ovldiag_open: (ovl_open+0xb2/0x100 <- ovl_open_realfile) result=0xffff888008a27700
              dd-1478    [001] .....    14.889203: ovldiag_open: (ovl_open+0xb2/0x100 <- ovl_open_realfile) result=0xffff888007164400
              dd-1478    [001] .....    14.889233: ovldiag_ensure: (ovl_write_iter+0xaf/0x130 <- ovl_ensure_upper_and_switch) result=0x0
              dd-1478    [001] .....    14.889249: ovldiag_write: (ovl_write_iter+0x10c/0x130 <- backing_file_write_iter) result=0x1000
             cat-1479    [000] .....    14.889255: ovldiag_open: (ovl_open+0xb2/0x100 <- ovl_open_realfile) result=0xffff88800d8ef400
             cat-1483    [000] .....    14.891170: ovldiag_open: (ovl_open+0xb2/0x100 <- ovl_open_realfile) result=0xffff88800db56100
             cat-1488    [000] .....    14.894822: ovldiag_open: (ovl_open+0xb2/0x100 <- ovl_open_realfile) result=0xffff88800db56800
              dd-1486    [001] .....    14.895124: ovldiag_open: (ovl_open+0xb2/0x100 <- ovl_open_realfile) result=0xffff8880089e7600
              dd-1486    [001] .....    14.895155: ovldiag_ensure: (ovl_write_iter+0xaf/0x130 <- ovl_ensure_upper_and_switch) result=0x0
              dd-1486    [001] .....    14.895170: ovldiag_write: (ovl_write_iter+0x10c/0x130 <- backing_file_write_iter) result=0x1000
              dd-1493    [001] .....    14.898490: ovldiag_open: (ovl_open+0xb2/0x100 <- ovl_open_realfile) result=0xffff8880046e3200
              dd-1493    [001] .....    14.898518: ovldiag_ensure: (ovl_write_iter+0xaf/0x130 <- ovl_ensure_upper_and_switch) result=0x0
              dd-1493    [001] .....    14.898534: ovldiag_write: (ovl_write_iter+0x10c/0x130 <- backing_file_write_iter) result=0x1000
              dd-1494    [000] .....    14.899357: ovldiag_open: (ovl_open+0xb2/0x100 <- ovl_open_realfile) result=0xffff8880046c6e00
              dd-1494    [000] .....    14.899387: ovldiag_ensure: (ovl_write_iter+0xaf/0x130 <- ovl_ensure_upper_and_switch) result=0x0
              dd-1494    [000] .....    14.899404: ovldiag_write: (ovl_write_iter+0x10c/0x130 <- backing_file_write_iter) result=0x1000
             cat-1497    [001] .....    14.900990: ovldiag_open: (ovl_open+0xb2/0x100 <- ovl_open_realfile) result=0xffff8880061d0600
             cat-1498    [000] .....    14.901278: ovldiag_open: (ovl_open+0xb2/0x100 <- ovl_open_realfile) result=0xffff888008a6f300
             cat-1500    [000] .....    14.903452: ovldiag_open: (ovl_open+0xb2/0x100 <- ovl_open_realfile) result=0xffff88800e0c3500
              dd-1502    [001] .....    14.905105: ovldiag_open: (ovl_open+0xb2/0x100 <- ovl_open_realfile) result=0xffff88800e0fae00
              dd-1502    [001] .....    14.905135: ovldiag_ensure: (ovl_write_iter+0xaf/0x130 <- ovl_ensure_upper_and_switch) result=0x0
              dd-1502    [001] .....    14.905152: ovldiag_write: (ovl_write_iter+0x10c/0x130 <- backing_file_write_iter) result=0x1000
             cat-1504    [000] .....    14.906569: ovldiag_open: (ovl_open+0xb2/0x100 <- ovl_open_realfile) result=0xffff88800e0c3800
              dd-1510    [001] .....    14.908866: ovldiag_open: (ovl_open+0xb2/0x100 <- ovl_open_realfile) result=0xffff88800d934600
              dd-1510    [001] .....    14.908893: ovldiag_ensure: (ovl_write_iter+0xaf/0x130 <- ovl_ensure_upper_and_switch) result=0x0
              dd-1510    [001] .....    14.908909: ovldiag_write: (ovl_write_iter+0x10c/0x130 <- backing_file_write_iter) result=0x1000
              dd-1513    [000] .....    14.910980: ovldiag_open: (ovl_open+0xb2/0x100 <- ovl_open_realfile) result=0xffff88800713d500
              dd-1513    [000] .....    14.911010: ovldiag_ensure: (ovl_write_iter+0xaf/0x130 <- ovl_ensure_upper_and_switch) result=0x0
              dd-1513    [000] .....    14.911026: ovldiag_write: (ovl_write_iter+0x10c/0x130 <- backing_file_write_iter) result=0x1000
             cat-1514    [001] .....    14.911554: ovldiag_open: (ovl_open+0xb2/0x100 <- ovl_open_realfile) result=0xffff888008b87400
              dd-1517    [000] .....    14.913231: ovldiag_open: (ovl_open+0xb2/0x100 <- ovl_open_realfile) result=0xffff88800727e100
              dd-1517    [000] .....    14.913262: ovldiag_ensure: (ovl_write_iter+0xaf/0x130 <- ovl_ensure_upper_and_switch) result=0x0
              dd-1517    [000] .....    14.913277: ovldiag_write: (ovl_write_iter+0x10c/0x130 <- backing_file_write_iter) result=0x1000
             cat-1518    [001] .....    14.914489: ovldiag_open: (ovl_open+0xb2/0x100 <- ovl_open_realfile) result=0xffff888007164400
             cat-1519    [000] .....    14.915575: ovldiag_open: (ovl_open+0xb2/0x100 <- ovl_open_realfile) result=0xffff8880071cc000
             cat-1523    [000] .....    14.917003: ovldiag_open: (ovl_open+0xb2/0x100 <- ovl_open_realfile) result=0xffff88800db0ef00
              dd-1527    [001] .....    14.919445: ovldiag_open: (ovl_open+0xb2/0x100 <- ovl_open_realfile) result=0xffff8880089f3400
              dd-1527    [001] .....    14.919472: ovldiag_ensure: (ovl_write_iter+0xaf/0x130 <- ovl_ensure_upper_and_switch) result=0x0
              dd-1527    [001] .....    14.919488: ovldiag_write: (ovl_write_iter+0x10c/0x130 <- backing_file_write_iter) result=0x1000
              dd-1531    [000] .....    14.921996: ovldiag_open: (ovl_open+0xb2/0x100 <- ovl_open_realfile) result=0xffff888007317200
              dd-1531    [000] .....    14.922026: ovldiag_ensure: (ovl_write_iter+0xaf/0x130 <- ovl_ensure_upper_and_switch) result=0x0
              dd-1531    [000] .....    14.922042: ovldiag_write: (ovl_write_iter+0x10c/0x130 <- backing_file_write_iter) result=0x1000
             cat-1533    [001] .....    14.923258: ovldiag_open: (ovl_open+0xb2/0x100 <- ovl_open_realfile) result=0xffff8880089a8100
              dd-1534    [000] .....    14.924273: ovldiag_open: (ovl_open+0xb2/0x100 <- ovl_open_realfile) result=0xffff88800a648a00
              dd-1534    [000] .....    14.924330: ovldiag_ensure: (ovl_write_iter+0xaf/0x130 <- ovl_ensure_upper_and_switch) result=0x0
              dd-1534    [000] .....    14.924345: ovldiag_write: (ovl_write_iter+0x10c/0x130 <- backing_file_write_iter) result=0x1000
             cat-1537    [001] .....    14.926011: ovldiag_open: (ovl_open+0xb2/0x100 <- ovl_open_realfile) result=0xffff888004798000
              dd-1538    [000] .....    14.926535: ovldiag_open: (ovl_open+0xb2/0x100 <- ovl_open_realfile) result=0xffff88800d987600
              dd-1538    [000] .....    14.926565: ovldiag_ensure: (ovl_write_iter+0xaf/0x130 <- ovl_ensure_upper_and_switch) result=0x0
              dd-1538    [000] .....    14.926580: ovldiag_write: (ovl_write_iter+0x10c/0x130 <- backing_file_write_iter) result=0x1000
             cat-1540    [000] .....    14.927798: ovldiag_open: (ovl_open+0xb2/0x100 <- ovl_open_realfile) result=0xffff8880072ed800
             cat-1544    [001] .....    14.929503: ovldiag_open: (ovl_open+0xb2/0x100 <- ovl_open_realfile) result=0xffff88800727e100
              dd-1549    [001] .....    14.933207: ovldiag_open: (ovl_open+0xb2/0x100 <- ovl_open_realfile) result=0xffff88800da01000
              dd-1549    [001] .....    14.933238: ovldiag_ensure: (ovl_write_iter+0xaf/0x130 <- ovl_ensure_upper_and_switch) result=0x0
              dd-1549    [001] .....    14.933254: ovldiag_write: (ovl_write_iter+0x10c/0x130 <- backing_file_write_iter) result=0x1000
             cat-1550    [000] .....    14.933812: ovldiag_open: (ovl_open+0xb2/0x100 <- ovl_open_realfile) result=0xffff888008a27c00
              dd-1553    [000] .....    14.935337: ovldiag_open: (ovl_open+0xb2/0x100 <- ovl_open_realfile) result=0xffff88800e0c3600
              dd-1553    [000] .....    14.935365: ovldiag_ensure: (ovl_write_iter+0xaf/0x130 <- ovl_ensure_upper_and_switch) result=0x0
              dd-1553    [000] .....    14.935381: ovldiag_write: (ovl_write_iter+0x10c/0x130 <- backing_file_write_iter) result=0x1000
              dd-1556    [001] .....    14.937214: ovldiag_open: (ovl_open+0xb2/0x100 <- ovl_open_realfile) result=0xffff8880046c6e00
              dd-1556    [001] .....    14.937245: ovldiag_ensure: (ovl_write_iter+0xaf/0x130 <- ovl_ensure_upper_and_switch) result=0x0
              dd-1556    [001] .....    14.937261: ovldiag_write: (ovl_write_iter+0x10c/0x130 <- backing_file_write_iter) result=0x1000
             cat-1557    [000] .....    14.938274: ovldiag_open: (ovl_open+0xb2/0x100 <- ovl_open_realfile) result=0xffff888004526600
             cat-1559    [001] .....    14.939797: ovldiag_open: (ovl_open+0xb2/0x100 <- ovl_open_realfile) result=0xffff88800d9aac00
             cat-1560    [000] .....    14.939923: ovldiag_open: (ovl_open+0xb2/0x100 <- ovl_open_realfile) result=0xffff8880061d0400
              dd-1563    [000] .....    14.942383: ovldiag_open: (ovl_open+0xb2/0x100 <- ovl_open_realfile) result=0xffff88800dafa100
              dd-1563    [000] .....    14.942411: ovldiag_ensure: (ovl_write_iter+0xaf/0x130 <- ovl_ensure_upper_and_switch) result=0x0
              dd-1563    [000] .....    14.942426: ovldiag_write: (ovl_write_iter+0x10c/0x130 <- backing_file_write_iter) result=0x1000
             cat-1568    [000] .....    14.945019: ovldiag_open: (ovl_open+0xb2/0x100 <- ovl_open_realfile) result=0xffff88800471d900
              dd-1570    [000] .....    14.946218: ovldiag_open: (ovl_open+0xb2/0x100 <- ovl_open_realfile) result=0xffff888007164800
              dd-1570    [000] .....    14.946248: ovldiag_ensure: (ovl_write_iter+0xaf/0x130 <- ovl_ensure_upper_and_switch) result=0x0
              dd-1570    [000] .....    14.946263: ovldiag_write: (ovl_write_iter+0x10c/0x130 <- backing_file_write_iter) result=0x1000
              dd-1574    [001] .....    14.949781: ovldiag_open: (ovl_open+0xb2/0x100 <- ovl_open_realfile) result=0xffff88800d9d3500
              dd-1574    [001] .....    14.949810: ovldiag_ensure: (ovl_write_iter+0xaf/0x130 <- ovl_ensure_upper_and_switch) result=0x0
              dd-1574    [001] .....    14.949826: ovldiag_write: (ovl_write_iter+0x10c/0x130 <- backing_file_write_iter) result=0x1000
             cat-1575    [000] .....    14.950471: ovldiag_open: (ovl_open+0xb2/0x100 <- ovl_open_realfile) result=0xffff88800db57500
              dd-1576    [000] .....    14.951498: ovldiag_open: (ovl_open+0xb2/0x100 <- ovl_open_realfile) result=0xffff88800727a900
              dd-1576    [000] .....    14.951525: ovldiag_ensure: (ovl_write_iter+0xaf/0x130 <- ovl_ensure_upper_and_switch) result=0x0
              dd-1576    [000] .....    14.951539: ovldiag_write: (ovl_write_iter+0x10c/0x130 <- backing_file_write_iter) result=0x1000
             cat-1578    [001] .....    14.952043: ovldiag_open: (ovl_open+0xb2/0x100 <- ovl_open_realfile) result=0xffff888007164500
             cat-1581    [000] .....    14.953989: ovldiag_open: (ovl_open+0xb2/0x100 <- ovl_open_realfile) result=0xffff88800dbf5400
             cat-1586    [000] .....    14.957015: ovldiag_open: (ovl_open+0xb2/0x100 <- ovl_open_realfile) result=0xffff8880047fff00
              dd-1587    [000] .....    14.958032: ovldiag_open: (ovl_open+0xb2/0x100 <- ovl_open_realfile) result=0xffff88800a727c00
              dd-1587    [000] .....    14.958058: ovldiag_ensure: (ovl_write_iter+0xaf/0x130 <- ovl_ensure_upper_and_switch) result=0x0
              dd-1587    [000] .....    14.958072: ovldiag_write: (ovl_write_iter+0x10c/0x130 <- backing_file_write_iter) result=0x1000
              dd-1592    [000] .....    14.960703: ovldiag_open: (ovl_open+0xb2/0x100 <- ovl_open_realfile) result=0xffff88800d9d3500
              dd-1592    [000] .....    14.960732: ovldiag_ensure: (ovl_write_iter+0xaf/0x130 <- ovl_ensure_upper_and_switch) result=0x0
              dd-1592    [000] .....    14.960747: ovldiag_write: (ovl_write_iter+0x10c/0x130 <- backing_file_write_iter) result=0x1000
             cat-1596    [001] .....    14.962762: ovldiag_open: (ovl_open+0xb2/0x100 <- ovl_open_realfile) result=0xffff88800d9d3300
             cat-1595    [000] .....    14.963735: ovldiag_open: (ovl_open+0xb2/0x100 <- ovl_open_realfile) result=0xffff88800e10c000
              dd-1594    [000] .....    14.964117: ovldiag_open: (ovl_open+0xb2/0x100 <- ovl_open_realfile) result=0xffff88800471d200
              dd-1594    [000] .....    14.964146: ovldiag_ensure: (ovl_write_iter+0xaf/0x130 <- ovl_ensure_upper_and_switch) result=0x0
              dd-1594    [000] .....    14.964161: ovldiag_write: (ovl_write_iter+0x10c/0x130 <- backing_file_write_iter) result=0x1000
             cat-1601    [001] .....    14.967086: ovldiag_open: (ovl_open+0xb2/0x100 <- ovl_open_realfile) result=0xffff88800d902a00
              dd-1602    [000] .....    14.967481: ovldiag_open: (ovl_open+0xb2/0x100 <- ovl_open_realfile) result=0xffff888008a6f400
              dd-1602    [000] .....    14.967511: ovldiag_ensure: (ovl_write_iter+0xaf/0x130 <- ovl_ensure_upper_and_switch) result=0x0
              dd-1602    [000] .....    14.967526: ovldiag_write: (ovl_write_iter+0x10c/0x130 <- backing_file_write_iter) result=0x1000
             cat-1603    [001] .....    14.968709: ovldiag_open: (ovl_open+0xb2/0x100 <- ovl_open_realfile) result=0xffff888007083f00
              dd-1609    [000] .....    14.971822: ovldiag_open: (ovl_open+0xb2/0x100 <- ovl_open_realfile) result=0xffff888007317100
              dd-1609    [000] .....    14.971862: ovldiag_ensure: (ovl_write_iter+0xaf/0x130 <- ovl_ensure_upper_and_switch) result=0x0
              dd-1609    [000] .....    14.971877: ovldiag_write: (ovl_write_iter+0x10c/0x130 <- backing_file_write_iter) result=0x1000
             cat-1611    [001] .....    14.972982: ovldiag_open: (ovl_open+0xb2/0x100 <- ovl_open_realfile) result=0xffff888004526200
              dd-1614    [001] .....    14.974591: ovldiag_open: (ovl_open+0xb2/0x100 <- ovl_open_realfile) result=0xffff88800d9a9500
              dd-1614    [001] .....    14.974621: ovldiag_ensure: (ovl_write_iter+0xaf/0x130 <- ovl_ensure_upper_and_switch) result=0x0
              dd-1614    [001] .....    14.974636: ovldiag_write: (ovl_write_iter+0x10c/0x130 <- backing_file_write_iter) result=0x1000
             cat-1617    [001] .....    14.976732: ovldiag_open: (ovl_open+0xb2/0x100 <- ovl_open_realfile) result=0xffff88800d9a9100
             cat-1619    [000] .....    14.978242: ovldiag_open: (ovl_open+0xb2/0x100 <- ovl_open_realfile) result=0xffff8880046e3700
              dd-1618    [000] .....    14.978928: ovldiag_open: (ovl_open+0xb2/0x100 <- ovl_open_realfile) result=0xffff88800d9c9a00
              dd-1618    [000] .....    14.978956: ovldiag_ensure: (ovl_write_iter+0xaf/0x130 <- ovl_ensure_upper_and_switch) result=0x0
              dd-1618    [000] .....    14.978971: ovldiag_write: (ovl_write_iter+0x10c/0x130 <- backing_file_write_iter) result=0x1000
             cat-1623    [001] .....    14.981132: ovldiag_open: (ovl_open+0xb2/0x100 <- ovl_open_realfile) result=0xffff88800d9c6000
              dd-1626    [000] .....    14.983078: ovldiag_open: (ovl_open+0xb2/0x100 <- ovl_open_realfile) result=0xffff8880072edd00
              dd-1626    [000] .....    14.983109: ovldiag_ensure: (ovl_write_iter+0xaf/0x130 <- ovl_ensure_upper_and_switch) result=0x0
              dd-1626    [000] .....    14.983124: ovldiag_write: (ovl_write_iter+0x10c/0x130 <- backing_file_write_iter) result=0x1000
             cat-1628    [001] .....    14.984559: ovldiag_open: (ovl_open+0xb2/0x100 <- ovl_open_realfile) result=0xffff888008b9c200
              dd-1631    [001] .....    14.985612: ovldiag_open: (ovl_open+0xb2/0x100 <- ovl_open_realfile) result=0xffff8880046e3200
              dd-1631    [001] .....    14.985638: ovldiag_ensure: (ovl_write_iter+0xaf/0x130 <- ovl_ensure_upper_and_switch) result=0x0
              dd-1631    [001] .....    14.985653: ovldiag_write: (ovl_write_iter+0x10c/0x130 <- backing_file_write_iter) result=0x1000
             cat-1633    [001] .....    14.987781: ovldiag_open: (ovl_open+0xb2/0x100 <- ovl_open_realfile) result=0xffff88800423d000
             cat-1636    [000] .....    14.988395: ovldiag_open: (ovl_open+0xb2/0x100 <- ovl_open_realfile) result=0xffff888006003500
              dd-1637    [001] .....    14.990080: ovldiag_open: (ovl_open+0xb2/0x100 <- ovl_open_realfile) result=0xffff888008a27c00
              dd-1637    [001] .....    14.990111: ovldiag_ensure: (ovl_write_iter+0xaf/0x130 <- ovl_ensure_upper_and_switch) result=0x0
              dd-1637    [001] .....    14.990126: ovldiag_write: (ovl_write_iter+0x10c/0x130 <- backing_file_write_iter) result=0x1000
             cat-1641    [000] .....    14.992261: ovldiag_open: (ovl_open+0xb2/0x100 <- ovl_open_realfile) result=0xffff88800d9c9d00
              dd-1645    [001] .....    14.994506: ovldiag_open: (ovl_open+0xb2/0x100 <- ovl_open_realfile) result=0xffff88800d9ab600
              dd-1645    [001] .....    14.994533: ovldiag_ensure: (ovl_write_iter+0xaf/0x130 <- ovl_ensure_upper_and_switch) result=0x0
              dd-1645    [001] .....    14.994550: ovldiag_write: (ovl_write_iter+0x10c/0x130 <- backing_file_write_iter) result=0x1000
             cat-1648    [000] .....    14.996157: ovldiag_open: (ovl_open+0xb2/0x100 <- ovl_open_realfile) result=0xffff88800daf0b00
              dd-1649    [001] .....    14.996970: ovldiag_open: (ovl_open+0xb2/0x100 <- ovl_open_realfile) result=0xffff8880089e7300
              dd-1649    [001] .....    14.996997: ovldiag_ensure: (ovl_write_iter+0xaf/0x130 <- ovl_ensure_upper_and_switch) result=0x0
              dd-1649    [001] .....    14.997014: ovldiag_write: (ovl_write_iter+0x10c/0x130 <- backing_file_write_iter) result=0x1000
             cat-1653    [001] .....    14.998709: ovldiag_open: (ovl_open+0xb2/0x100 <- ovl_open_realfile) result=0xffff8880047ff700
              dd-1652    [000] .....    14.999009: ovldiag_open: (ovl_open+0xb2/0x100 <- ovl_open_realfile) result=0xffff88800d995a00
              dd-1652    [000] .....    14.999038: ovldiag_ensure: (ovl_write_iter+0xaf/0x130 <- ovl_ensure_upper_and_switch) result=0x0
              dd-1652    [000] .....    14.999054: ovldiag_write: (ovl_write_iter+0x10c/0x130 <- backing_file_write_iter) result=0x1000
             cat-1655    [001] .....    15.000133: ovldiag_open: (ovl_open+0xb2/0x100 <- ovl_open_realfile) result=0xffff88800a7a9a00
             cat-1659    [000] .....    15.003200: ovldiag_open: (ovl_open+0xb2/0x100 <- ovl_open_realfile) result=0xffff88800d8a9e00
              dd-1662    [001] .....    15.004918: ovldiag_open: (ovl_open+0xb2/0x100 <- ovl_open_realfile) result=0xffff88800da06400
              dd-1662    [001] .....    15.004949: ovldiag_ensure: (ovl_write_iter+0xaf/0x130 <- ovl_ensure_upper_and_switch) result=0x0
              dd-1662    [001] .....    15.004965: ovldiag_write: (ovl_write_iter+0x10c/0x130 <- backing_file_write_iter) result=0x1000
              dd-1666    [001] .....    15.007210: ovldiag_open: (ovl_open+0xb2/0x100 <- ovl_open_realfile) result=0xffff88800e13c800
              dd-1666    [001] .....    15.007238: ovldiag_ensure: (ovl_write_iter+0xaf/0x130 <- ovl_ensure_upper_and_switch) result=0x0
              dd-1666    [001] .....    15.007254: ovldiag_write: (ovl_write_iter+0x10c/0x130 <- backing_file_write_iter) result=0x1000
             cat-1667    [000] .....    15.007749: ovldiag_open: (ovl_open+0xb2/0x100 <- ovl_open_realfile) result=0xffff88800d8a9500
             cat-1672    [001] .....    15.010538: ovldiag_open: (ovl_open+0xb2/0x100 <- ovl_open_realfile) result=0xffff88800e07e300
             cat-1671    [000] .....    15.010683: ovldiag_open: (ovl_open+0xb2/0x100 <- ovl_open_realfile) result=0xffff888008a27200
              dd-1670    [001] .....    15.010918: ovldiag_open: (ovl_open+0xb2/0x100 <- ovl_open_realfile) result=0xffff88800423dd00
              dd-1670    [001] .....    15.010943: ovldiag_ensure: (ovl_write_iter+0xaf/0x130 <- ovl_ensure_upper_and_switch) result=0x0
              dd-1670    [001] .....    15.010956: ovldiag_write: (ovl_write_iter+0x10c/0x130 <- backing_file_write_iter) result=0x1000
             cat-1677    [000] .....    15.013665: ovldiag_open: (ovl_open+0xb2/0x100 <- ovl_open_realfile) result=0xffff888008a27500
              dd-1678    [001] .....    15.014620: ovldiag_open: (ovl_open+0xb2/0x100 <- ovl_open_realfile) result=0xffff888006003800
              dd-1678    [001] .....    15.014651: ovldiag_ensure: (ovl_write_iter+0xaf/0x130 <- ovl_ensure_upper_and_switch) result=0x0
              dd-1678    [001] .....    15.014668: ovldiag_write: (ovl_write_iter+0x10c/0x130 <- backing_file_write_iter) result=0x1000
              dd-1683    [001] .....    15.017568: ovldiag_open: (ovl_open+0xb2/0x100 <- ovl_open_realfile) result=0xffff88800d816300
              dd-1683    [001] .....    15.017599: ovldiag_ensure: (ovl_write_iter+0xaf/0x130 <- ovl_ensure_upper_and_switch) result=0x0
              dd-1683    [001] .....    15.017615: ovldiag_write: (ovl_write_iter+0x10c/0x130 <- backing_file_write_iter) result=0x1000
             cat-1685    [001] .....    15.018852: ovldiag_open: (ovl_open+0xb2/0x100 <- ovl_open_realfile) result=0xffff88800e13ca00
              dd-1687    [001] .....    15.020225: ovldiag_open: (ovl_open+0xb2/0x100 <- ovl_open_realfile) result=0xffff888007281700
              dd-1687    [001] .....    15.020254: ovldiag_ensure: (ovl_write_iter+0xaf/0x130 <- ovl_ensure_upper_and_switch) result=0x0
              dd-1687    [001] .....    15.020269: ovldiag_write: (ovl_write_iter+0x10c/0x130 <- backing_file_write_iter) result=0x1000
             cat-1691    [001] .....    15.022670: ovldiag_open: (ovl_open+0xb2/0x100 <- ovl_open_realfile) result=0xffff88800e0f5600
             cat-1692    [000] .....    15.023485: ovldiag_open: (ovl_open+0xb2/0x100 <- ovl_open_realfile) result=0xffff88800db4b500
             cat-1694    [000] .....    15.025108: ovldiag_open: (ovl_open+0xb2/0x100 <- ovl_open_realfile) result=0xffff88800471dc00
              dd-1698    [000] .....    15.029845: ovldiag_open: (ovl_open+0xb2/0x100 <- ovl_open_realfile) result=0xffff888008a6fb00
              dd-1698    [000] .....    15.029876: ovldiag_ensure: (ovl_write_iter+0xaf/0x130 <- ovl_ensure_upper_and_switch) result=0x0
              dd-1698    [000] .....    15.029891: ovldiag_write: (ovl_write_iter+0x10c/0x130 <- backing_file_write_iter) result=0x1000
              dd-1702    [000] .....    15.031397: ovldiag_open: (ovl_open+0xb2/0x100 <- ovl_open_realfile) result=0xffff888004467900
              dd-1702    [000] .....    15.031426: ovldiag_ensure: (ovl_write_iter+0xaf/0x130 <- ovl_ensure_upper_and_switch) result=0x0
              dd-1702    [000] .....    15.031440: ovldiag_write: (ovl_write_iter+0x10c/0x130 <- backing_file_write_iter) result=0x1000
              dd-1703    [000] .....    15.032435: ovldiag_open: (ovl_open+0xb2/0x100 <- ovl_open_realfile) result=0xffff88800d99de00
              dd-1703    [000] .....    15.032462: ovldiag_ensure: (ovl_write_iter+0xaf/0x130 <- ovl_ensure_upper_and_switch) result=0x0
              dd-1703    [000] .....    15.032474: ovldiag_write: (ovl_write_iter+0x10c/0x130 <- backing_file_write_iter) result=0x1000
             cat-1699    [001] .....    15.033635: ovldiag_open: (ovl_open+0xb2/0x100 <- ovl_open_realfile) result=0xffff88800611b400
              dd-1708    [001] .....    15.035312: ovldiag_open: (ovl_open+0xb2/0x100 <- ovl_open_realfile) result=0xffff88800e136d00
             cat-1710    [000] .....    15.035772: ovldiag_open: (ovl_open+0xb2/0x100 <- ovl_open_realfile) result=0xffff88800d99d900
              dd-1708    [001] .....    15.037123: ovldiag_ensure: (ovl_write_iter+0xaf/0x130 <- ovl_ensure_upper_and_switch) result=0x0
              dd-1708    [001] .....    15.037141: ovldiag_write: (ovl_write_iter+0x10c/0x130 <- backing_file_write_iter) result=0x1000
             cat-1715    [001] .....    15.039703: ovldiag_open: (ovl_open+0xb2/0x100 <- ovl_open_realfile) result=0xffff8880089f3f00
             cat-1716    [000] .....    15.040928: ovldiag_open: (ovl_open+0xb2/0x100 <- ovl_open_realfile) result=0xffff8880046e3600
             cat-1721    [000] .....    15.044793: ovldiag_open: (ovl_open+0xb2/0x100 <- ovl_open_realfile) result=0xffff888008ab8e00
              dd-1722    [001] .....    15.044949: ovldiag_open: (ovl_open+0xb2/0x100 <- ovl_open_realfile) result=0xffff8880061ea400
              dd-1722    [001] .....    15.044980: ovldiag_ensure: (ovl_write_iter+0xaf/0x130 <- ovl_ensure_upper_and_switch) result=0x0
              dd-1722    [001] .....    15.044996: ovldiag_write: (ovl_write_iter+0x10c/0x130 <- backing_file_write_iter) result=0x1000
              dd-1723    [000] .....    15.045856: ovldiag_open: (ovl_open+0xb2/0x100 <- ovl_open_realfile) result=0xffff88800727ef00
              dd-1723    [000] .....    15.045883: ovldiag_ensure: (ovl_write_iter+0xaf/0x130 <- ovl_ensure_upper_and_switch) result=0x0
              dd-1723    [000] .....    15.045897: ovldiag_write: (ovl_write_iter+0x10c/0x130 <- backing_file_write_iter) result=0x1000
             cat-1725    [001] .....    15.047518: ovldiag_open: (ovl_open+0xb2/0x100 <- ovl_open_realfile) result=0xffff88800471df00
              dd-1728    [000] .....    15.050228: ovldiag_open: (ovl_open+0xb2/0x100 <- ovl_open_realfile) result=0xffff888004526600
              dd-1728    [000] .....    15.050257: ovldiag_ensure: (ovl_write_iter+0xaf/0x130 <- ovl_ensure_upper_and_switch) result=0x0
              dd-1728    [000] .....    15.050273: ovldiag_write: (ovl_write_iter+0x10c/0x130 <- backing_file_write_iter) result=0x1000
             cat-1731    [001] .....    15.050738: ovldiag_open: (ovl_open+0xb2/0x100 <- ovl_open_realfile) result=0xffff8880046f0800
             cat-1733    [000] .....    15.052329: ovldiag_open: (ovl_open+0xb2/0x100 <- ovl_open_realfile) result=0xffff888006142f00
              dd-1734    [000] .....    15.053192: ovldiag_open: (ovl_open+0xb2/0x100 <- ovl_open_realfile) result=0xffff88800da2f400
              dd-1734    [000] .....    15.053221: ovldiag_ensure: (ovl_write_iter+0xaf/0x130 <- ovl_ensure_upper_and_switch) result=0x0
              dd-1734    [000] .....    15.053236: ovldiag_write: (ovl_write_iter+0x10c/0x130 <- backing_file_write_iter) result=0x1000
             cat-1740    [001] .....    15.056224: ovldiag_open: (ovl_open+0xb2/0x100 <- ovl_open_realfile) result=0xffff8880046c6f00
             cat-1743    [000] .....    15.058080: ovldiag_open: (ovl_open+0xb2/0x100 <- ovl_open_realfile) result=0xffff8880061ccf00
              dd-1746    [001] .....    15.060009: ovldiag_open: (ovl_open+0xb2/0x100 <- ovl_open_realfile) result=0xffff8880061d0300
              dd-1746    [001] .....    15.060039: ovldiag_ensure: (ovl_write_iter+0xaf/0x130 <- ovl_ensure_upper_and_switch) result=0x0
              dd-1746    [001] .....    15.060055: ovldiag_write: (ovl_write_iter+0x10c/0x130 <- backing_file_write_iter) result=0x1000
              dd-1748    [000] .....    15.061662: ovldiag_open: (ovl_open+0xb2/0x100 <- ovl_open_realfile) result=0xffff888006003a00
              dd-1748    [000] .....    15.061689: ovldiag_ensure: (ovl_write_iter+0xaf/0x130 <- ovl_ensure_upper_and_switch) result=0x0
              dd-1748    [000] .....    15.061705: ovldiag_write: (ovl_write_iter+0x10c/0x130 <- backing_file_write_iter) result=0x1000
             cat-1750    [001] .....    15.062961: ovldiag_open: (ovl_open+0xb2/0x100 <- ovl_open_realfile) result=0xffff888004720500
             cat-1752    [000] .....    15.063797: ovldiag_open: (ovl_open+0xb2/0x100 <- ovl_open_realfile) result=0xffff88800452c600
              dd-1754    [001] .....    15.065574: ovldiag_open: (ovl_open+0xb2/0x100 <- ovl_open_realfile) result=0xffff888004434600
              dd-1754    [001] .....    15.065602: ovldiag_ensure: (ovl_write_iter+0xaf/0x130 <- ovl_ensure_upper_and_switch) result=0x0
              dd-1754    [001] .....    15.065617: ovldiag_write: (ovl_write_iter+0x10c/0x130 <- backing_file_write_iter) result=0x1000
              dd-1756    [000] .....    15.066485: ovldiag_open: (ovl_open+0xb2/0x100 <- ovl_open_realfile) result=0xffff88800dbffb00
              dd-1756    [000] .....    15.066513: ovldiag_ensure: (ovl_write_iter+0xaf/0x130 <- ovl_ensure_upper_and_switch) result=0x0
              dd-1756    [000] .....    15.066529: ovldiag_write: (ovl_write_iter+0x10c/0x130 <- backing_file_write_iter) result=0x1000
             cat-1760    [000] .....    15.067936: ovldiag_open: (ovl_open+0xb2/0x100 <- ovl_open_realfile) result=0xffff8880089e7300
             cat-1757    [001] .....    15.068789: ovldiag_open: (ovl_open+0xb2/0x100 <- ovl_open_realfile) result=0xffff8880061ccf00
              dd-1767    [001] .....    15.073214: ovldiag_open: (ovl_open+0xb2/0x100 <- ovl_open_realfile) result=0xffff888006225200
              dd-1767    [001] .....    15.073246: ovldiag_ensure: (ovl_write_iter+0xaf/0x130 <- ovl_ensure_upper_and_switch) result=0x0
              dd-1767    [001] .....    15.073263: ovldiag_write: (ovl_write_iter+0x10c/0x130 <- backing_file_write_iter) result=0x1000
             cat-1768    [000] .....    15.073697: ovldiag_open: (ovl_open+0xb2/0x100 <- ovl_open_realfile) result=0xffff88800720dc00
              dd-1770    [000] .....    15.075058: ovldiag_open: (ovl_open+0xb2/0x100 <- ovl_open_realfile) result=0xffff888004762500
              dd-1770    [000] .....    15.075085: ovldiag_ensure: (ovl_write_iter+0xaf/0x130 <- ovl_ensure_upper_and_switch) result=0x0
              dd-1770    [000] .....    15.075101: ovldiag_write: (ovl_write_iter+0x10c/0x130 <- backing_file_write_iter) result=0x1000
             cat-1774    [001] .....    15.077218: ovldiag_open: (ovl_open+0xb2/0x100 <- ovl_open_realfile) result=0xffff888006169900
             cat-1775    [000] .....    15.078157: ovldiag_open: (ovl_open+0xb2/0x100 <- ovl_open_realfile) result=0xffff88800617b700
             cat-1777    [001] .....    15.079772: ovldiag_open: (ovl_open+0xb2/0x100 <- ovl_open_realfile) result=0xffff8880046c6600
              dd-1780    [001] .....    15.082147: ovldiag_open: (ovl_open+0xb2/0x100 <- ovl_open_realfile) result=0xffff888004798100
              dd-1780    [001] .....    15.082174: ovldiag_ensure: (ovl_write_iter+0xaf/0x130 <- ovl_ensure_upper_and_switch) result=0x0
              dd-1780    [001] .....    15.082191: ovldiag_write: (ovl_write_iter+0x10c/0x130 <- backing_file_write_iter) result=0x1000
              dd-1782    [000] .....    15.082265: ovldiag_open: (ovl_open+0xb2/0x100 <- ovl_open_realfile) result=0xffff88800727ee00
              dd-1782    [000] .....    15.082321: ovldiag_ensure: (ovl_write_iter+0xaf/0x130 <- ovl_ensure_upper_and_switch) result=0x0
              dd-1782    [000] .....    15.082337: ovldiag_write: (ovl_write_iter+0x10c/0x130 <- backing_file_write_iter) result=0x1000
             cat-1786    [000] .....    15.085196: ovldiag_open: (ovl_open+0xb2/0x100 <- ovl_open_realfile) result=0xffff8880046e3400
              dd-1789    [001] .....    15.086762: ovldiag_open: (ovl_open+0xb2/0x100 <- ovl_open_realfile) result=0xffff888008a6f700
              dd-1789    [001] .....    15.086789: ovldiag_ensure: (ovl_write_iter+0xaf/0x130 <- ovl_ensure_upper_and_switch) result=0x0
              dd-1789    [001] .....    15.086805: ovldiag_write: (ovl_write_iter+0x10c/0x130 <- backing_file_write_iter) result=0x1000
              dd-1790    [001] .....    15.088166: ovldiag_open: (ovl_open+0xb2/0x100 <- ovl_open_realfile) result=0xffff8880061d0b00
              dd-1790    [001] .....    15.088194: ovldiag_ensure: (ovl_write_iter+0xaf/0x130 <- ovl_ensure_upper_and_switch) result=0x0
              dd-1790    [001] .....    15.088208: ovldiag_write: (ovl_write_iter+0x10c/0x130 <- backing_file_write_iter) result=0x1000
             cat-1792    [000] .....    15.089000: ovldiag_open: (ovl_open+0xb2/0x100 <- ovl_open_realfile) result=0xffff88800617b600
             cat-1794    [001] .....    15.089884: ovldiag_open: (ovl_open+0xb2/0x100 <- ovl_open_realfile) result=0xffff88800713d000
             cat-1798    [001] .....    15.094032: ovldiag_open: (ovl_open+0xb2/0x100 <- ovl_open_realfile) result=0xffff888006003600
             cat-1801    [001] .....    15.095022: ovldiag_open: (ovl_open+0xb2/0x100 <- ovl_open_realfile) result=0xffff88800db45600
              dd-1802    [000] .....    15.095064: ovldiag_open: (ovl_open+0xb2/0x100 <- ovl_open_realfile) result=0xffff88800a6c6700
              dd-1802    [000] .....    15.095090: ovldiag_ensure: (ovl_write_iter+0xaf/0x130 <- ovl_ensure_upper_and_switch) result=0x0
              dd-1802    [000] .....    15.095106: ovldiag_write: (ovl_write_iter+0x10c/0x130 <- backing_file_write_iter) result=0x1000
              dd-1807    [000] .....    15.098632: ovldiag_open: (ovl_open+0xb2/0x100 <- ovl_open_realfile) result=0xffff8880061d0500
              dd-1807    [000] .....    15.098660: ovldiag_ensure: (ovl_write_iter+0xaf/0x130 <- ovl_ensure_upper_and_switch) result=0x0
              dd-1807    [000] .....    15.098675: ovldiag_write: (ovl_write_iter+0x10c/0x130 <- backing_file_write_iter) result=0x1000
             cat-1809    [000] .....    15.099628: ovldiag_open: (ovl_open+0xb2/0x100 <- ovl_open_realfile) result=0xffff8880072ed200
             cat-1812    [001] .....    15.101133: ovldiag_open: (ovl_open+0xb2/0x100 <- ovl_open_realfile) result=0xffff88800dbe1700
              dd-1814    [000] .....    15.103032: ovldiag_open: (ovl_open+0xb2/0x100 <- ovl_open_realfile) result=0xffff888008a27300
              dd-1814    [000] .....    15.103063: ovldiag_ensure: (ovl_write_iter+0xaf/0x130 <- ovl_ensure_upper_and_switch) result=0x0
              dd-1814    [000] .....    15.103078: ovldiag_write: (ovl_write_iter+0x10c/0x130 <- backing_file_write_iter) result=0x1000
              dd-1815    [000] .....    15.104087: ovldiag_open: (ovl_open+0xb2/0x100 <- ovl_open_realfile) result=0xffff88800713da00
              dd-1815    [000] .....    15.104112: ovldiag_ensure: (ovl_write_iter+0xaf/0x130 <- ovl_ensure_upper_and_switch) result=0x0
              dd-1815    [000] .....    15.104123: ovldiag_write: (ovl_write_iter+0x10c/0x130 <- backing_file_write_iter) result=0x1000
             cat-1818    [000] .....    15.106215: ovldiag_open: (ovl_open+0xb2/0x100 <- ovl_open_realfile) result=0xffff8880046e3600
             cat-1822    [001] .....    15.107684: ovldiag_open: (ovl_open+0xb2/0x100 <- ovl_open_realfile) result=0xffff8880061ea700
              dd-1825    [001] .....    15.109376: ovldiag_open: (ovl_open+0xb2/0x100 <- ovl_open_realfile) result=0xffff88800da31100
              dd-1825    [001] .....    15.109403: ovldiag_ensure: (ovl_write_iter+0xaf/0x130 <- ovl_ensure_upper_and_switch) result=0x0
              dd-1825    [001] .....    15.109419: ovldiag_write: (ovl_write_iter+0x10c/0x130 <- backing_file_write_iter) result=0x1000
             cat-1826    [000] .....    15.111000: ovldiag_open: (ovl_open+0xb2/0x100 <- ovl_open_realfile) result=0xffff888003f01e00
             cat-1831    [001] .....    15.113205: ovldiag_open: (ovl_open+0xb2/0x100 <- ovl_open_realfile) result=0xffff8880061cc300
              dd-1830    [000] .....    15.113552: ovldiag_open: (ovl_open+0xb2/0x100 <- ovl_open_realfile) result=0xffff888004434300
              dd-1830    [000] .....    15.113582: ovldiag_ensure: (ovl_write_iter+0xaf/0x130 <- ovl_ensure_upper_and_switch) result=0x0
              dd-1830    [000] .....    15.113598: ovldiag_write: (ovl_write_iter+0x10c/0x130 <- backing_file_write_iter) result=0x1000
             cat-1835    [000] .....    15.116268: ovldiag_open: (ovl_open+0xb2/0x100 <- ovl_open_realfile) result=0xffff88800452c500
              dd-1837    [001] .....    15.117692: ovldiag_open: (ovl_open+0xb2/0x100 <- ovl_open_realfile) result=0xffff88800da31d00
              dd-1837    [001] .....    15.117720: ovldiag_ensure: (ovl_write_iter+0xaf/0x130 <- ovl_ensure_upper_and_switch) result=0x0
              dd-1837    [001] .....    15.117737: ovldiag_write: (ovl_write_iter+0x10c/0x130 <- backing_file_write_iter) result=0x1000
              dd-1838    [000] .....    15.117941: ovldiag_open: (ovl_open+0xb2/0x100 <- ovl_open_realfile) result=0xffff8880061cc100
              dd-1838    [000] .....    15.117972: ovldiag_ensure: (ovl_write_iter+0xaf/0x130 <- ovl_ensure_upper_and_switch) result=0x0
              dd-1838    [000] .....    15.117987: ovldiag_write: (ovl_write_iter+0x10c/0x130 <- backing_file_write_iter) result=0x1000
             cat-1840    [000] .....    15.120023: ovldiag_open: (ovl_open+0xb2/0x100 <- ovl_open_realfile) result=0xffff888007083300
             cat-1845    [001] .....    15.121937: ovldiag_open: (ovl_open+0xb2/0x100 <- ovl_open_realfile) result=0xffff888004798100
              dd-1846    [000] .....    15.123103: ovldiag_open: (ovl_open+0xb2/0x100 <- ovl_open_realfile) result=0xffff88800702c900
              dd-1846    [000] .....    15.123130: ovldiag_ensure: (ovl_write_iter+0xaf/0x130 <- ovl_ensure_upper_and_switch) result=0x0
              dd-1846    [000] .....    15.123147: ovldiag_write: (ovl_write_iter+0x10c/0x130 <- backing_file_write_iter) result=0x1000
             cat-1848    [001] .....    15.124547: ovldiag_open: (ovl_open+0xb2/0x100 <- ovl_open_realfile) result=0xffff88800471d700
              dd-1853    [001] .....    15.127254: ovldiag_open: (ovl_open+0xb2/0x100 <- ovl_open_realfile) result=0xffff88800620be00
              dd-1853    [001] .....    15.127967: ovldiag_ensure: (ovl_write_iter+0xaf/0x130 <- ovl_ensure_upper_and_switch) result=0x0
              dd-1853    [001] .....    15.127985: ovldiag_write: (ovl_write_iter+0x10c/0x130 <- backing_file_write_iter) result=0x1000
             cat-1854    [001] .....    15.129248: ovldiag_open: (ovl_open+0xb2/0x100 <- ovl_open_realfile) result=0xffff8880061cc400
             cat-1858    [000] .....    15.130881: ovldiag_open: (ovl_open+0xb2/0x100 <- ovl_open_realfile) result=0xffff888008b5b800
              dd-1859    [001] .....    15.132109: ovldiag_open: (ovl_open+0xb2/0x100 <- ovl_open_realfile) result=0xffff888006198900
              dd-1859    [001] .....    15.132139: ovldiag_ensure: (ovl_write_iter+0xaf/0x130 <- ovl_ensure_upper_and_switch) result=0x0
              dd-1859    [001] .....    15.132155: ovldiag_write: (ovl_write_iter+0x10c/0x130 <- backing_file_write_iter) result=0x1000
              dd-1864    [000] .....    15.134498: ovldiag_open: (ovl_open+0xb2/0x100 <- ovl_open_realfile) result=0xffff88800727a900
              dd-1864    [000] .....    15.134528: ovldiag_ensure: (ovl_write_iter+0xaf/0x130 <- ovl_ensure_upper_and_switch) result=0x0
              dd-1864    [000] .....    15.134543: ovldiag_write: (ovl_write_iter+0x10c/0x130 <- backing_file_write_iter) result=0x1000
             cat-1865    [000] .....    15.135616: ovldiag_open: (ovl_open+0xb2/0x100 <- ovl_open_realfile) result=0xffff888008a7ce00
              dd-1869    [001] .....    15.137591: ovldiag_open: (ovl_open+0xb2/0x100 <- ovl_open_realfile) result=0xffff88800621b300
              dd-1869    [001] .....    15.137621: ovldiag_ensure: (ovl_write_iter+0xaf/0x130 <- ovl_ensure_upper_and_switch) result=0x0
              dd-1869    [001] .....    15.137637: ovldiag_write: (ovl_write_iter+0x10c/0x130 <- backing_file_write_iter) result=0x1000
             cat-1867    [000] .....    15.137668: ovldiag_open: (ovl_open+0xb2/0x100 <- ovl_open_realfile) result=0xffff88800727a500
             cat-1873    [000] .....    15.140237: ovldiag_open: (ovl_open+0xb2/0x100 <- ovl_open_realfile) result=0xffff888007083f00
             cat-1877    [001] .....    15.141876: ovldiag_open: (ovl_open+0xb2/0x100 <- ovl_open_realfile) result=0xffff88800d937600
              dd-1875    [000] .....    15.142215: ovldiag_open: (ovl_open+0xb2/0x100 <- ovl_open_realfile) result=0xffff88800d80ee00
              dd-1875    [000] .....    15.142245: ovldiag_ensure: (ovl_write_iter+0xaf/0x130 <- ovl_ensure_upper_and_switch) result=0x0
              dd-1875    [000] .....    15.142261: ovldiag_write: (ovl_write_iter+0x10c/0x130 <- backing_file_write_iter) result=0x1000
             cat-1882    [000] .....    15.146003: ovldiag_open: (ovl_open+0xb2/0x100 <- ovl_open_realfile) result=0xffff88800e0d1100
              dd-1883    [001] .....    15.146529: ovldiag_open: (ovl_open+0xb2/0x100 <- ovl_open_realfile) result=0xffff88800d937400
              dd-1883    [001] .....    15.146558: ovldiag_ensure: (ovl_write_iter+0xaf/0x130 <- ovl_ensure_upper_and_switch) result=0x0
              dd-1883    [001] .....    15.146574: ovldiag_write: (ovl_write_iter+0x10c/0x130 <- backing_file_write_iter) result=0x1000
              dd-1885    [001] .....    15.148845: ovldiag_open: (ovl_open+0xb2/0x100 <- ovl_open_realfile) result=0xffff88800447b500
              dd-1885    [001] .....    15.148875: ovldiag_ensure: (ovl_write_iter+0xaf/0x130 <- ovl_ensure_upper_and_switch) result=0x0
              dd-1885    [001] .....    15.148891: ovldiag_write: (ovl_write_iter+0x10c/0x130 <- backing_file_write_iter) result=0x1000
             cat-1888    [000] .....    15.149633: ovldiag_open: (ovl_open+0xb2/0x100 <- ovl_open_realfile) result=0xffff88800e0d1000
              dd-1889    [001] .....    15.150406: ovldiag_open: (ovl_open+0xb2/0x100 <- ovl_open_realfile) result=0xffff8880046e3b00
              dd-1889    [001] .....    15.150433: ovldiag_ensure: (ovl_write_iter+0xaf/0x130 <- ovl_ensure_upper_and_switch) result=0x0
              dd-1889    [001] .....    15.150448: ovldiag_write: (ovl_write_iter+0x10c/0x130 <- backing_file_write_iter) result=0x1000
             cat-1892    [000] .....    15.153209: ovldiag_open: (ovl_open+0xb2/0x100 <- ovl_open_realfile) result=0xffff888007317900
             cat-1894    [001] .....    15.153550: ovldiag_open: (ovl_open+0xb2/0x100 <- ovl_open_realfile) result=0xffff88800471d200
             cat-1898    [000] .....    15.155423: ovldiag_open: (ovl_open+0xb2/0x100 <- ovl_open_realfile) result=0xffff888008a6f900
              dd-1902    [000] .....    15.158235: ovldiag_open: (ovl_open+0xb2/0x100 <- ovl_open_realfile) result=0xffff888007083100
              dd-1902    [000] .....    15.158263: ovldiag_ensure: (ovl_write_iter+0xaf/0x130 <- ovl_ensure_upper_and_switch) result=0x0
              dd-1902    [000] .....    15.158278: ovldiag_write: (ovl_write_iter+0x10c/0x130 <- backing_file_write_iter) result=0x1000
              dd-1903    [000] .....    15.159497: ovldiag_open: (ovl_open+0xb2/0x100 <- ovl_open_realfile) result=0xffff8880046a0200
              dd-1903    [000] .....    15.159524: ovldiag_ensure: (ovl_write_iter+0xaf/0x130 <- ovl_ensure_upper_and_switch) result=0x0
              dd-1903    [000] .....    15.159537: ovldiag_write: (ovl_write_iter+0x10c/0x130 <- backing_file_write_iter) result=0x1000
             cat-1905    [001] .....    15.161066: ovldiag_open: (ovl_open+0xb2/0x100 <- ovl_open_realfile) result=0xffff88800447bc00
              dd-1910    [001] .....    15.162965: ovldiag_open: (ovl_open+0xb2/0x100 <- ovl_open_realfile) result=0xffff88800613e500
              dd-1910    [001] .....    15.162995: ovldiag_ensure: (ovl_write_iter+0xaf/0x130 <- ovl_ensure_upper_and_switch) result=0x0
              dd-1910    [001] .....    15.163012: ovldiag_write: (ovl_write_iter+0x10c/0x130 <- backing_file_write_iter) result=0x1000
             cat-1909    [000] .....    15.163175: ovldiag_open: (ovl_open+0xb2/0x100 <- ovl_open_realfile) result=0xffff88800612eb00
              dd-1914    [000] .....    15.165241: ovldiag_open: (ovl_open+0xb2/0x100 <- ovl_open_realfile) result=0xffff8880071ce700
              dd-1914    [000] .....    15.165272: ovldiag_ensure: (ovl_write_iter+0xaf/0x130 <- ovl_ensure_upper_and_switch) result=0x0
             cat-1911    [000] .....    15.165779: ovldiag_open: (ovl_open+0xb2/0x100 <- ovl_open_realfile) result=0xffff888007281b00
             cat-1915    [001] .....    15.168278: ovldiag_open: (ovl_open+0xb2/0x100 <- ovl_open_realfile) result=0xffff88800885bb00
              dd-1914    [000] .....    15.168314: ovldiag_write: (ovl_write_iter+0x10c/0x130 <- backing_file_write_iter) result=0x1000
             cat-1922    [001] .....    15.171058: ovldiag_open: (ovl_open+0xb2/0x100 <- ovl_open_realfile) result=0xffff888008abb600
              dd-1925    [001] .....    15.173273: ovldiag_open: (ovl_open+0xb2/0x100 <- ovl_open_realfile) result=0xffff888008ab8700
              dd-1925    [001] .....    15.173331: ovldiag_ensure: (ovl_write_iter+0xaf/0x130 <- ovl_ensure_upper_and_switch) result=0x0
              dd-1925    [001] .....    15.173347: ovldiag_write: (ovl_write_iter+0x10c/0x130 <- backing_file_write_iter) result=0x1000
              dd-1924    [001] .....    15.174331: ovldiag_open: (ovl_open+0xb2/0x100 <- ovl_open_realfile) result=0xffff88800471da00
              dd-1924    [001] .....    15.174359: ovldiag_ensure: (ovl_write_iter+0xaf/0x130 <- ovl_ensure_upper_and_switch) result=0x0
              dd-1924    [001] .....    15.174371: ovldiag_write: (ovl_write_iter+0x10c/0x130 <- backing_file_write_iter) result=0x1000
             cat-1930    [001] .....    15.176486: ovldiag_open: (ovl_open+0xb2/0x100 <- ovl_open_realfile) result=0xffff888004467a00
             cat-1931    [000] .....    15.176533: ovldiag_open: (ovl_open+0xb2/0x100 <- ovl_open_realfile) result=0xffff88800619ea00
              dd-1933    [001] .....    15.178188: ovldiag_open: (ovl_open+0xb2/0x100 <- ovl_open_realfile) result=0xffff88800a72ab00
              dd-1933    [001] .....    15.178215: ovldiag_ensure: (ovl_write_iter+0xaf/0x130 <- ovl_ensure_upper_and_switch) result=0x0
              dd-1933    [001] .....    15.178231: ovldiag_write: (ovl_write_iter+0x10c/0x130 <- backing_file_write_iter) result=0x1000
             cat-1937    [000] .....    15.180502: ovldiag_open: (ovl_open+0xb2/0x100 <- ovl_open_realfile) result=0xffff888008ab8c00
             cat-1938    [001] .....    15.180963: ovldiag_open: (ovl_open+0xb2/0x100 <- ovl_open_realfile) result=0xffff888004762900
              dd-1941    [000] .....    15.182012: ovldiag_open: (ovl_open+0xb2/0x100 <- ovl_open_realfile) result=0xffff888007164400
              dd-1941    [000] .....    15.182041: ovldiag_ensure: (ovl_write_iter+0xaf/0x130 <- ovl_ensure_upper_and_switch) result=0x0
              dd-1941    [000] .....    15.182056: ovldiag_write: (ovl_write_iter+0x10c/0x130 <- backing_file_write_iter) result=0x1000
             cat-1945    [000] .....    15.186441: ovldiag_open: (ovl_open+0xb2/0x100 <- ovl_open_realfile) result=0xffff88800d91b000
              dd-1947    [001] .....    15.186941: ovldiag_open: (ovl_open+0xb2/0x100 <- ovl_open_realfile) result=0xffff88800a637900
              dd-1947    [001] .....    15.186969: ovldiag_ensure: (ovl_write_iter+0xaf/0x130 <- ovl_ensure_upper_and_switch) result=0x0
              dd-1947    [001] .....    15.186984: ovldiag_write: (ovl_write_iter+0x10c/0x130 <- backing_file_write_iter) result=0x1000
             cat-1950    [001] .....    15.188484: ovldiag_open: (ovl_open+0xb2/0x100 <- ovl_open_realfile) result=0xffff88800447bc00
              dd-1948    [000] .....    15.189775: ovldiag_open: (ovl_open+0xb2/0x100 <- ovl_open_realfile) result=0xffff8880046f0e00
              dd-1948    [000] .....    15.189804: ovldiag_ensure: (ovl_write_iter+0xaf/0x130 <- ovl_ensure_upper_and_switch) result=0x0
              dd-1948    [000] .....    15.189819: ovldiag_write: (ovl_write_iter+0x10c/0x130 <- backing_file_write_iter) result=0x1000
             cat-1956    [001] .....    15.192206: ovldiag_open: (ovl_open+0xb2/0x100 <- ovl_open_realfile) result=0xffff8880046d7800
             cat-1958    [000] .....    15.193719: ovldiag_open: (ovl_open+0xb2/0x100 <- ovl_open_realfile) result=0xffff88800a644400
              dd-1960    [000] .....    15.195380: ovldiag_open: (ovl_open+0xb2/0x100 <- ovl_open_realfile) result=0xffff888004467900
              dd-1960    [000] .....    15.195407: ovldiag_ensure: (ovl_write_iter+0xaf/0x130 <- ovl_ensure_upper_and_switch) result=0x0
              dd-1960    [000] .....    15.195422: ovldiag_write: (ovl_write_iter+0x10c/0x130 <- backing_file_write_iter) result=0x1000
              dd-1963    [001] .....    15.197181: ovldiag_open: (ovl_open+0xb2/0x100 <- ovl_open_realfile) result=0xffff8880072ed300
              dd-1963    [001] .....    15.197211: ovldiag_ensure: (ovl_write_iter+0xaf/0x130 <- ovl_ensure_upper_and_switch) result=0x0
              dd-1963    [001] .....    15.197227: ovldiag_write: (ovl_write_iter+0x10c/0x130 <- backing_file_write_iter) result=0x1000
             cat-1964    [001] .....    15.198240: ovldiag_open: (ovl_open+0xb2/0x100 <- ovl_open_realfile) result=0xffff88800db0d000
             cat-1967    [000] .....    15.199540: ovldiag_open: (ovl_open+0xb2/0x100 <- ovl_open_realfile) result=0xffff8880046c6000
              dd-1968    [001] .....    15.201135: ovldiag_open: (ovl_open+0xb2/0x100 <- ovl_open_realfile) result=0xffff8880071ce700
              dd-1968    [001] .....    15.201165: ovldiag_ensure: (ovl_write_iter+0xaf/0x130 <- ovl_ensure_upper_and_switch) result=0x0
              dd-1968    [001] .....    15.201181: ovldiag_write: (ovl_write_iter+0x10c/0x130 <- backing_file_write_iter) result=0x1000
             cat-1973    [000] .....    15.203849: ovldiag_open: (ovl_open+0xb2/0x100 <- ovl_open_realfile) result=0xffff8880060d6600
              dd-1975    [001] .....    15.204207: ovldiag_open: (ovl_open+0xb2/0x100 <- ovl_open_realfile) result=0xffff888008a7ef00
              dd-1975    [001] .....    15.204233: ovldiag_ensure: (ovl_write_iter+0xaf/0x130 <- ovl_ensure_upper_and_switch) result=0x0
              dd-1975    [001] .....    15.204249: ovldiag_write: (ovl_write_iter+0x10c/0x130 <- backing_file_write_iter) result=0x1000
             cat-1976    [001] .....    15.205903: ovldiag_open: (ovl_open+0xb2/0x100 <- ovl_open_realfile) result=0xffff88800d85bf00
             cat-1983    [001] .....    15.209334: ovldiag_open: (ovl_open+0xb2/0x100 <- ovl_open_realfile) result=0xffff888008ab8000
              dd-1982    [000] .....    15.210850: ovldiag_open: (ovl_open+0xb2/0x100 <- ovl_open_realfile) result=0xffff8880061ca100
              dd-1982    [000] .....    15.210879: ovldiag_ensure: (ovl_write_iter+0xaf/0x130 <- ovl_ensure_upper_and_switch) result=0x0
              dd-1985    [001] .....    15.210890: ovldiag_open: (ovl_open+0xb2/0x100 <- ovl_open_realfile) result=0xffff888007083400
              dd-1982    [000] .....    15.210895: ovldiag_write: (ovl_write_iter+0x10c/0x130 <- backing_file_write_iter) result=0x1000
              dd-1985    [001] .....    15.210918: ovldiag_ensure: (ovl_write_iter+0xaf/0x130 <- ovl_ensure_upper_and_switch) result=0x0
              dd-1985    [001] .....    15.210934: ovldiag_write: (ovl_write_iter+0x10c/0x130 <- backing_file_write_iter) result=0x1000
             cat-1987    [000] .....    15.212411: ovldiag_open: (ovl_open+0xb2/0x100 <- ovl_open_realfile) result=0xffff888006195a00
             cat-1992    [001] .....    15.215133: ovldiag_open: (ovl_open+0xb2/0x100 <- ovl_open_realfile) result=0xffff888004467100
              dd-1991    [000] .....    15.215924: ovldiag_open: (ovl_open+0xb2/0x100 <- ovl_open_realfile) result=0xffff888008ab8e00
              dd-1991    [000] .....    15.215955: ovldiag_ensure: (ovl_write_iter+0xaf/0x130 <- ovl_ensure_upper_and_switch) result=0x0
              dd-1991    [000] .....    15.215971: ovldiag_write: (ovl_write_iter+0x10c/0x130 <- backing_file_write_iter) result=0x1000
             cat-1994    [000] .....    15.216934: ovldiag_open: (ovl_open+0xb2/0x100 <- ovl_open_realfile) result=0xffff88800702ca00
              dd-1999    [000] .....    15.220089: ovldiag_open: (ovl_open+0xb2/0x100 <- ovl_open_realfile) result=0xffff88800d8c6f00
              dd-1999    [000] .....    15.220117: ovldiag_ensure: (ovl_write_iter+0xaf/0x130 <- ovl_ensure_upper_and_switch) result=0x0
              dd-1999    [000] .....    15.220132: ovldiag_write: (ovl_write_iter+0x10c/0x130 <- backing_file_write_iter) result=0x1000
             cat-2001    [001] .....    15.221146: ovldiag_open: (ovl_open+0xb2/0x100 <- ovl_open_realfile) result=0xffff8880061cc200
              dd-2004    [000] .....    15.223267: ovldiag_open: (ovl_open+0xb2/0x100 <- ovl_open_realfile) result=0xffff888007083700
             cat-2006    [000] .....    15.224415: ovldiag_open: (ovl_open+0xb2/0x100 <- ovl_open_realfile) result=0xffff888007281c00
              dd-2004    [000] .....    15.224539: ovldiag_ensure: (ovl_write_iter+0xaf/0x130 <- ovl_ensure_upper_and_switch) result=0x0
              dd-2004    [000] .....    15.224550: ovldiag_write: (ovl_write_iter+0x10c/0x130 <- backing_file_write_iter) result=0x1000
              dd-2007    [001] .....    15.225058: ovldiag_open: (ovl_open+0xb2/0x100 <- ovl_open_realfile) result=0xffff888004467900
              dd-2007    [001] .....    15.225085: ovldiag_ensure: (ovl_write_iter+0xaf/0x130 <- ovl_ensure_upper_and_switch) result=0x0
              dd-2007    [001] .....    15.225102: ovldiag_write: (ovl_write_iter+0x10c/0x130 <- backing_file_write_iter) result=0x1000
             cat-2009    [001] .....    15.226429: ovldiag_open: (ovl_open+0xb2/0x100 <- ovl_open_realfile) result=0xffff88800d906c00
             cat-2012    [001] .....    15.228192: ovldiag_open: (ovl_open+0xb2/0x100 <- ovl_open_realfile) result=0xffff88800db0f800
              dd-2016    [000] .....    15.230277: ovldiag_open: (ovl_open+0xb2/0x100 <- ovl_open_realfile) result=0xffff88800423fe00
              dd-2016    [000] .....    15.230348: ovldiag_ensure: (ovl_write_iter+0xaf/0x130 <- ovl_ensure_upper_and_switch) result=0x0
              dd-2016    [000] .....    15.230364: ovldiag_write: (ovl_write_iter+0x10c/0x130 <- backing_file_write_iter) result=0x1000
             cat-2017    [001] .....    15.231115: ovldiag_open: (ovl_open+0xb2/0x100 <- ovl_open_realfile) result=0xffff88800d906f00
              dd-2020    [001] .....    15.234040: ovldiag_open: (ovl_open+0xb2/0x100 <- ovl_open_realfile) result=0xffff8880061cc300
              dd-2020    [001] .....    15.234070: ovldiag_ensure: (ovl_write_iter+0xaf/0x130 <- ovl_ensure_upper_and_switch) result=0x0
              dd-2020    [001] .....    15.234088: ovldiag_write: (ovl_write_iter+0x10c/0x130 <- backing_file_write_iter) result=0x1000
             cat-2023    [000] .....    15.234314: ovldiag_open: (ovl_open+0xb2/0x100 <- ovl_open_realfile) result=0xffff88800727ed00
              dd-2028    [001] .....    15.238384: ovldiag_open: (ovl_open+0xb2/0x100 <- ovl_open_realfile) result=0xffff8880061cc900
              dd-2028    [001] .....    15.238415: ovldiag_ensure: (ovl_write_iter+0xaf/0x130 <- ovl_ensure_upper_and_switch) result=0x0
              dd-2028    [001] .....    15.238431: ovldiag_write: (ovl_write_iter+0x10c/0x130 <- backing_file_write_iter) result=0x1000
             cat-2029    [000] .....    15.238950: ovldiag_open: (ovl_open+0xb2/0x100 <- ovl_open_realfile) result=0xffff88800452c900
              dd-2033    [000] .....    15.240437: ovldiag_open: (ovl_open+0xb2/0x100 <- ovl_open_realfile) result=0xffff888008a7c100
              dd-2033    [000] .....    15.240464: ovldiag_ensure: (ovl_write_iter+0xaf/0x130 <- ovl_ensure_upper_and_switch) result=0x0
              dd-2033    [000] .....    15.240479: ovldiag_write: (ovl_write_iter+0x10c/0x130 <- backing_file_write_iter) result=0x1000
             cat-2031    [001] .....    15.241927: ovldiag_open: (ovl_open+0xb2/0x100 <- ovl_open_realfile) result=0xffff88800471d200
              dd-2035    [000] .....    15.243205: ovldiag_open: (ovl_open+0xb2/0x100 <- ovl_open_realfile) result=0xffff8880071cc200
              dd-2035    [000] .....    15.243234: ovldiag_ensure: (ovl_write_iter+0xaf/0x130 <- ovl_ensure_upper_and_switch) result=0x0
              dd-2035    [000] .....    15.243250: ovldiag_write: (ovl_write_iter+0x10c/0x130 <- backing_file_write_iter) result=0x1000
             cat-2037    [000] .....    15.244160: ovldiag_open: (ovl_open+0xb2/0x100 <- ovl_open_realfile) result=0xffff88800e020600
             cat-2038    [001] .....    15.245157: ovldiag_open: (ovl_open+0xb2/0x100 <- ovl_open_realfile) result=0xffff888004681500
              dd-2046    [001] .....    15.249568: ovldiag_open: (ovl_open+0xb2/0x100 <- ovl_open_realfile) result=0xffff88800613fb00
              dd-2046    [001] .....    15.249597: ovldiag_ensure: (ovl_write_iter+0xaf/0x130 <- ovl_ensure_upper_and_switch) result=0x0
              dd-2046    [001] .....    15.249614: ovldiag_write: (ovl_write_iter+0x10c/0x130 <- backing_file_write_iter) result=0x1000
             cat-2048    [001] .....    15.251704: ovldiag_open: (ovl_open+0xb2/0x100 <- ovl_open_realfile) result=0xffff8880046c6d00
              dd-2049    [000] .....    15.251866: ovldiag_open: (ovl_open+0xb2/0x100 <- ovl_open_realfile) result=0xffff88800621b500
              dd-2049    [000] .....    15.251896: ovldiag_ensure: (ovl_write_iter+0xaf/0x130 <- ovl_ensure_upper_and_switch) result=0x0
              dd-2049    [000] .....    15.251911: ovldiag_write: (ovl_write_iter+0x10c/0x130 <- backing_file_write_iter) result=0x1000
             cat-2050    [001] .....    15.252931: ovldiag_open: (ovl_open+0xb2/0x100 <- ovl_open_realfile) result=0xffff888007083300
              dd-2053    [000] .....    15.254791: ovldiag_open: (ovl_open+0xb2/0x100 <- ovl_open_realfile) result=0xffff88800d884000
              dd-2053    [000] .....    15.254821: ovldiag_ensure: (ovl_write_iter+0xaf/0x130 <- ovl_ensure_upper_and_switch) result=0x0
              dd-2053    [000] .....    15.254848: ovldiag_write: (ovl_write_iter+0x10c/0x130 <- backing_file_write_iter) result=0x1000
             cat-2056    [001] .....    15.256162: ovldiag_open: (ovl_open+0xb2/0x100 <- ovl_open_realfile) result=0xffff88800e0ca500
             cat-2059    [000] .....    15.258379: ovldiag_open: (ovl_open+0xb2/0x100 <- ovl_open_realfile) result=0xffff888004762400
              dd-2061    [001] .....    15.259770: ovldiag_open: (ovl_open+0xb2/0x100 <- ovl_open_realfile) result=0xffff88800892e200
              dd-2061    [001] .....    15.259801: ovldiag_ensure: (ovl_write_iter+0xaf/0x130 <- ovl_ensure_upper_and_switch) result=0x0
              dd-2061    [001] .....    15.259816: ovldiag_write: (ovl_write_iter+0x10c/0x130 <- backing_file_write_iter) result=0x1000
              dd-2066    [000] .....    15.262773: ovldiag_open: (ovl_open+0xb2/0x100 <- ovl_open_realfile) result=0xffff88800471df00
              dd-2066    [000] .....    15.262802: ovldiag_ensure: (ovl_write_iter+0xaf/0x130 <- ovl_ensure_upper_and_switch) result=0x0
              dd-2066    [000] .....    15.262817: ovldiag_write: (ovl_write_iter+0x10c/0x130 <- backing_file_write_iter) result=0x1000
             cat-2067    [001] .....    15.263059: ovldiag_open: (ovl_open+0xb2/0x100 <- ovl_open_realfile) result=0xffff88800452c600
             cat-2069    [000] .....    15.264458: ovldiag_open: (ovl_open+0xb2/0x100 <- ovl_open_realfile) result=0xffff888008a7cb00
             cat-2075    [001] .....    15.268324: ovldiag_open: (ovl_open+0xb2/0x100 <- ovl_open_realfile) result=0xffff888006135b00
              dd-2074    [000] .....    15.268450: ovldiag_open: (ovl_open+0xb2/0x100 <- ovl_open_realfile) result=0xffff88800dbeea00
              dd-2074    [000] .....    15.268493: ovldiag_ensure: (ovl_write_iter+0xaf/0x130 <- ovl_ensure_upper_and_switch) result=0x0
              dd-2074    [000] .....    15.268509: ovldiag_write: (ovl_write_iter+0x10c/0x130 <- backing_file_write_iter) result=0x1000
              dd-2077    [000] .....    15.269508: ovldiag_open: (ovl_open+0xb2/0x100 <- ovl_open_realfile) result=0xffff888008a7c100
              dd-2077    [000] .....    15.269532: ovldiag_ensure: (ovl_write_iter+0xaf/0x130 <- ovl_ensure_upper_and_switch) result=0x0
              dd-2077    [000] .....    15.269544: ovldiag_write: (ovl_write_iter+0x10c/0x130 <- backing_file_write_iter) result=0x1000
             cat-2076    [000] .....    15.270037: ovldiag_open: (ovl_open+0xb2/0x100 <- ovl_open_realfile) result=0xffff888004467900
             cat-2083    [001] .....    15.272797: ovldiag_open: (ovl_open+0xb2/0x100 <- ovl_open_realfile) result=0xffff888006135f00
              dd-2086    [000] .....    15.274651: ovldiag_open: (ovl_open+0xb2/0x100 <- ovl_open_realfile) result=0xffff88800621b300
              dd-2086    [000] .....    15.274681: ovldiag_ensure: (ovl_write_iter+0xaf/0x130 <- ovl_ensure_upper_and_switch) result=0x0
              dd-2086    [000] .....    15.274697: ovldiag_write: (ovl_write_iter+0x10c/0x130 <- backing_file_write_iter) result=0x1000
             cat-2085    [001] .....    15.275460: ovldiag_open: (ovl_open+0xb2/0x100 <- ovl_open_realfile) result=0xffff88800e06ce00
             cat-2092    [000] .....    15.277497: ovldiag_open: (ovl_open+0xb2/0x100 <- ovl_open_realfile) result=0xffff888007083300
              dd-2090    [001] .....    15.278004: ovldiag_open: (ovl_open+0xb2/0x100 <- ovl_open_realfile) result=0xffff88800dbee300
              dd-2090    [001] .....    15.278034: ovldiag_ensure: (ovl_write_iter+0xaf/0x130 <- ovl_ensure_upper_and_switch) result=0x0
              dd-2090    [001] .....    15.278051: ovldiag_write: (ovl_write_iter+0x10c/0x130 <- backing_file_write_iter) result=0x1000
              dd-2097    [001] .....    15.282532: ovldiag_open: (ovl_open+0xb2/0x100 <- ovl_open_realfile) result=0xffff888008a7cb00
             cat-2098    [000] .....    15.282550: ovldiag_open: (ovl_open+0xb2/0x100 <- ovl_open_realfile) result=0xffff8880061d0400
              dd-2097    [001] .....    15.282559: ovldiag_ensure: (ovl_write_iter+0xaf/0x130 <- ovl_ensure_upper_and_switch) result=0x0
              dd-2097    [001] .....    15.282576: ovldiag_write: (ovl_write_iter+0x10c/0x130 <- backing_file_write_iter) result=0x1000
              dd-2101    [000] .....    15.284118: ovldiag_open: (ovl_open+0xb2/0x100 <- ovl_open_realfile) result=0xffff8880072ed100
              dd-2101    [000] .....    15.284148: ovldiag_ensure: (ovl_write_iter+0xaf/0x130 <- ovl_ensure_upper_and_switch) result=0x0
              dd-2101    [000] .....    15.284163: ovldiag_write: (ovl_write_iter+0x10c/0x130 <- backing_file_write_iter) result=0x1000
             cat-2103    [001] .....    15.286252: ovldiag_open: (ovl_open+0xb2/0x100 <- ovl_open_realfile) result=0xffff8880061d0000
             cat-2105    [000] .....    15.286646: ovldiag_open: (ovl_open+0xb2/0x100 <- ovl_open_realfile) result=0xffff88800452c200
             cat-2106    [000] .....    15.288103: ovldiag_open: (ovl_open+0xb2/0x100 <- ovl_open_realfile) result=0xffff88800452c100
              dd-2111    [001] .....    15.290961: ovldiag_open: (ovl_open+0xb2/0x100 <- ovl_open_realfile) result=0xffff888004720400
              dd-2111    [001] .....    15.290991: ovldiag_ensure: (ovl_write_iter+0xaf/0x130 <- ovl_ensure_upper_and_switch) result=0x0
              dd-2111    [001] .....    15.291007: ovldiag_write: (ovl_write_iter+0x10c/0x130 <- backing_file_write_iter) result=0x1000
              dd-2114    [001] .....    15.293398: ovldiag_open: (ovl_open+0xb2/0x100 <- ovl_open_realfile) result=0xffff8880061cc600
              dd-2114    [001] .....    15.293428: ovldiag_ensure: (ovl_write_iter+0xaf/0x130 <- ovl_ensure_upper_and_switch) result=0x0
              dd-2114    [001] .....    15.293443: ovldiag_write: (ovl_write_iter+0x10c/0x130 <- backing_file_write_iter) result=0x1000
             cat-2116    [000] .....    15.294425: ovldiag_open: (ovl_open+0xb2/0x100 <- ovl_open_realfile) result=0xffff888004467400
             cat-2119    [001] .....    15.296111: ovldiag_open: (ovl_open+0xb2/0x100 <- ovl_open_realfile) result=0xffff88800720b500
              dd-2122    [000] .....    15.298106: ovldiag_open: (ovl_open+0xb2/0x100 <- ovl_open_realfile) result=0xffff888006080e00
              dd-2122    [000] .....    15.298134: ovldiag_ensure: (ovl_write_iter+0xaf/0x130 <- ovl_ensure_upper_and_switch) result=0x0
              dd-2122    [000] .....    15.298149: ovldiag_write: (ovl_write_iter+0x10c/0x130 <- backing_file_write_iter) result=0x1000
              dd-2124    [000] .....    15.300268: ovldiag_open: (ovl_open+0xb2/0x100 <- ovl_open_realfile) result=0xffff88800d9cab00
              dd-2124    [000] .....    15.300323: ovldiag_ensure: (ovl_write_iter+0xaf/0x130 <- ovl_ensure_upper_and_switch) result=0x0
              dd-2124    [000] .....    15.300339: ovldiag_write: (ovl_write_iter+0x10c/0x130 <- backing_file_write_iter) result=0x1000
             cat-2126    [001] .....    15.300660: ovldiag_open: (ovl_open+0xb2/0x100 <- ovl_open_realfile) result=0xffff888004762500
             cat-2127    [000] .....    15.301507: ovldiag_open: (ovl_open+0xb2/0x100 <- ovl_open_realfile) result=0xffff888007281700
             cat-2131    [000] .....    15.304250: ovldiag_open: (ovl_open+0xb2/0x100 <- ovl_open_realfile) result=0xffff8880061b2600
              dd-2132    [001] .....    15.304528: ovldiag_open: (ovl_open+0xb2/0x100 <- ovl_open_realfile) result=0xffff88800727e100
              dd-2132    [001] .....    15.304555: ovldiag_ensure: (ovl_write_iter+0xaf/0x130 <- ovl_ensure_upper_and_switch) result=0x0
              dd-2132    [001] .....    15.304584: ovldiag_write: (ovl_write_iter+0x10c/0x130 <- backing_file_write_iter) result=0x1000
             cat-2136    [001] .....    15.306967: ovldiag_open: (ovl_open+0xb2/0x100 <- ovl_open_realfile) result=0xffff888008998b00
              dd-2138    [000] .....    15.308174: ovldiag_open: (ovl_open+0xb2/0x100 <- ovl_open_realfile) result=0xffff888008a7e100
              dd-2138    [000] .....    15.308202: ovldiag_ensure: (ovl_write_iter+0xaf/0x130 <- ovl_ensure_upper_and_switch) result=0x0
              dd-2138    [000] .....    15.308217: ovldiag_write: (ovl_write_iter+0x10c/0x130 <- backing_file_write_iter) result=0x1000
              dd-2143    [000] .....    15.311520: ovldiag_open: (ovl_open+0xb2/0x100 <- ovl_open_realfile) result=0xffff888007024400
              dd-2143    [000] .....    15.311550: ovldiag_ensure: (ovl_write_iter+0xaf/0x130 <- ovl_ensure_upper_and_switch) result=0x0
              dd-2143    [000] .....    15.311565: ovldiag_write: (ovl_write_iter+0x10c/0x130 <- backing_file_write_iter) result=0x1000
             cat-2145    [001] .....    15.311960: ovldiag_open: (ovl_open+0xb2/0x100 <- ovl_open_realfile) result=0xffff8880061ea900
             cat-2144    [000] .....    15.313570: ovldiag_open: (ovl_open+0xb2/0x100 <- ovl_open_realfile) result=0xffff88800471dc00
              dd-2148    [001] .....    15.314644: ovldiag_open: (ovl_open+0xb2/0x100 <- ovl_open_realfile) result=0xffff888008ab8900
              dd-2148    [001] .....    15.314673: ovldiag_ensure: (ovl_write_iter+0xaf/0x130 <- ovl_ensure_upper_and_switch) result=0x0
              dd-2148    [001] .....    15.314689: ovldiag_write: (ovl_write_iter+0x10c/0x130 <- backing_file_write_iter) result=0x1000
             cat-2153    [000] .....    15.317717: ovldiag_open: (ovl_open+0xb2/0x100 <- ovl_open_realfile) result=0xffff88800452c200
             cat-2154    [001] .....    15.317847: ovldiag_open: (ovl_open+0xb2/0x100 <- ovl_open_realfile) result=0xffff888006195900
              dd-2158    [001] .....    15.320773: ovldiag_open: (ovl_open+0xb2/0x100 <- ovl_open_realfile) result=0xffff88800452c900
              dd-2158    [001] .....    15.320803: ovldiag_ensure: (ovl_write_iter+0xaf/0x130 <- ovl_ensure_upper_and_switch) result=0x0
              dd-2158    [001] .....    15.320819: ovldiag_write: (ovl_write_iter+0x10c/0x130 <- backing_file_write_iter) result=0x1000
              dd-2159    [000] .....    15.321723: ovldiag_open: (ovl_open+0xb2/0x100 <- ovl_open_realfile) result=0xffff888008a7ce00
              dd-2159    [000] .....    15.321753: ovldiag_ensure: (ovl_write_iter+0xaf/0x130 <- ovl_ensure_upper_and_switch) result=0x0
              dd-2159    [000] .....    15.321769: ovldiag_write: (ovl_write_iter+0x10c/0x130 <- backing_file_write_iter) result=0x1000
             cat-2163    [000] .....    15.323190: ovldiag_open: (ovl_open+0xb2/0x100 <- ovl_open_realfile) result=0xffff888004467a00
             cat-2165    [001] .....    15.324785: ovldiag_open: (ovl_open+0xb2/0x100 <- ovl_open_realfile) result=0xffff888007083d00
              dd-2168    [000] .....    15.327131: ovldiag_open: (ovl_open+0xb2/0x100 <- ovl_open_realfile) result=0xffff8880047ff600
              dd-2168    [000] .....    15.327161: ovldiag_ensure: (ovl_write_iter+0xaf/0x130 <- ovl_ensure_upper_and_switch) result=0x0
              dd-2168    [000] .....    15.327178: ovldiag_write: (ovl_write_iter+0x10c/0x130 <- backing_file_write_iter) result=0x1000
             cat-2169    [001] .....    15.327522: ovldiag_open: (ovl_open+0xb2/0x100 <- ovl_open_realfile) result=0xffff888008a7c800
              dd-2171    [001] .....    15.328850: ovldiag_open: (ovl_open+0xb2/0x100 <- ovl_open_realfile) result=0xffff88800a786700
              dd-2171    [001] .....    15.328881: ovldiag_ensure: (ovl_write_iter+0xaf/0x130 <- ovl_ensure_upper_and_switch) result=0x0
              dd-2171    [001] .....    15.328896: ovldiag_write: (ovl_write_iter+0x10c/0x130 <- backing_file_write_iter) result=0x1000
             cat-2175    [000] .....    15.331216: ovldiag_open: (ovl_open+0xb2/0x100 <- ovl_open_realfile) result=0xffff888008a7c100
             cat-2177    [001] .....    15.332526: ovldiag_open: (ovl_open+0xb2/0x100 <- ovl_open_realfile) result=0xffff8880061a3800
              dd-2180    [001] .....    15.334142: ovldiag_open: (ovl_open+0xb2/0x100 <- ovl_open_realfile) result=0xffff8880089e7a00
              dd-2180    [001] .....    15.334169: ovldiag_ensure: (ovl_write_iter+0xaf/0x130 <- ovl_ensure_upper_and_switch) result=0x0
              dd-2180    [001] .....    15.334185: ovldiag_write: (ovl_write_iter+0x10c/0x130 <- backing_file_write_iter) result=0x1000
              dd-2183    [000] .....    15.336231: ovldiag_open: (ovl_open+0xb2/0x100 <- ovl_open_realfile) result=0xffff88800a79f100
              dd-2183    [000] .....    15.336258: ovldiag_ensure: (ovl_write_iter+0xaf/0x130 <- ovl_ensure_upper_and_switch) result=0x0
              dd-2183    [000] .....    15.336273: ovldiag_write: (ovl_write_iter+0x10c/0x130 <- backing_file_write_iter) result=0x1000
             cat-2185    [001] .....    15.337417: ovldiag_open: (ovl_open+0xb2/0x100 <- ovl_open_realfile) result=0xffff8880061cc900
             cat-2187    [001] .....    15.338701: ovldiag_open: (ovl_open+0xb2/0x100 <- ovl_open_realfile) result=0xffff88800471d500
              dd-2192    [001] .....    15.341726: ovldiag_open: (ovl_open+0xb2/0x100 <- ovl_open_realfile) result=0xffff88800a79f300
              dd-2192    [001] .....    15.341754: ovldiag_ensure: (ovl_write_iter+0xaf/0x130 <- ovl_ensure_upper_and_switch) result=0x0
              dd-2192    [001] .....    15.341770: ovldiag_write: (ovl_write_iter+0x10c/0x130 <- backing_file_write_iter) result=0x1000
              dd-2193    [000] .....    15.342664: ovldiag_open: (ovl_open+0xb2/0x100 <- ovl_open_realfile) result=0xffff88800e12e600
              dd-2193    [000] .....    15.342691: ovldiag_ensure: (ovl_write_iter+0xaf/0x130 <- ovl_ensure_upper_and_switch) result=0x0
              dd-2193    [000] .....    15.342707: ovldiag_write: (ovl_write_iter+0x10c/0x130 <- backing_file_write_iter) result=0x1000
             cat-2195    [001] .....    15.343184: ovldiag_open: (ovl_open+0xb2/0x100 <- ovl_open_realfile) result=0xffff88800db6d800
             cat-2196    [001] .....    15.344272: ovldiag_open: (ovl_open+0xb2/0x100 <- ovl_open_realfile) result=0xffff8880046f0f00
             cat-2200    [000] .....    15.347564: ovldiag_open: (ovl_open+0xb2/0x100 <- ovl_open_realfile) result=0xffff88800727a900
              dd-2203    [001] .....    15.349201: ovldiag_open: (ovl_open+0xb2/0x100 <- ovl_open_realfile) result=0xffff88800727ee00
              dd-2203    [001] .....    15.349231: ovldiag_ensure: (ovl_write_iter+0xaf/0x130 <- ovl_ensure_upper_and_switch) result=0x0
              dd-2203    [001] .....    15.349246: ovldiag_write: (ovl_write_iter+0x10c/0x130 <- backing_file_write_iter) result=0x1000
              dd-2206    [000] .....    15.349275: ovldiag_open: (ovl_open+0xb2/0x100 <- ovl_open_realfile) result=0xffff8880071ce700
              dd-2206    [000] .....    15.349322: ovldiag_ensure: (ovl_write_iter+0xaf/0x130 <- ovl_ensure_upper_and_switch) result=0x0
              dd-2206    [000] .....    15.349338: ovldiag_write: (ovl_write_iter+0x10c/0x130 <- backing_file_write_iter) result=0x1000
             cat-2205    [000] .....    15.351450: ovldiag_open: (ovl_open+0xb2/0x100 <- ovl_open_realfile) result=0xffff88800d9a6f00
             cat-2211    [001] .....    15.353799: ovldiag_open: (ovl_open+0xb2/0x100 <- ovl_open_realfile) result=0xffff88800720d700
              dd-2214    [000] .....    15.355317: ovldiag_open: (ovl_open+0xb2/0x100 <- ovl_open_realfile) result=0xffff888007083200
              dd-2214    [000] .....    15.355346: ovldiag_ensure: (ovl_write_iter+0xaf/0x130 <- ovl_ensure_upper_and_switch) result=0x0
              dd-2214    [000] .....    15.355362: ovldiag_write: (ovl_write_iter+0x10c/0x130 <- backing_file_write_iter) result=0x1000
              dd-2215    [001] .....    15.357560: ovldiag_open: (ovl_open+0xb2/0x100 <- ovl_open_realfile) result=0xffff8880046f0f00
              dd-2215    [001] .....    15.357591: ovldiag_ensure: (ovl_write_iter+0xaf/0x130 <- ovl_ensure_upper_and_switch) result=0x0
              dd-2215    [001] .....    15.357606: ovldiag_write: (ovl_write_iter+0x10c/0x130 <- backing_file_write_iter) result=0x1000
             cat-2218    [000] .....    15.357948: ovldiag_open: (ovl_open+0xb2/0x100 <- ovl_open_realfile) result=0xffff8880089e7200
             cat-2219    [001] .....    15.359951: ovldiag_open: (ovl_open+0xb2/0x100 <- ovl_open_realfile) result=0xffff8880046c6900
             cat-2222    [000] .....    15.360911: ovldiag_open: (ovl_open+0xb2/0x100 <- ovl_open_realfile) result=0xffff88800621ba00
              dd-2225    [001] .....    15.362629: ovldiag_open: (ovl_open+0xb2/0x100 <- ovl_open_realfile) result=0xffff888004415500
              dd-2225    [001] .....    15.363070: ovldiag_ensure: (ovl_write_iter+0xaf/0x130 <- ovl_ensure_upper_and_switch) result=0x0
              dd-2225    [001] .....    15.363088: ovldiag_write: (ovl_write_iter+0x10c/0x130 <- backing_file_write_iter) result=0x1000
              dd-2227    [000] .....    15.364495: ovldiag_open: (ovl_open+0xb2/0x100 <- ovl_open_realfile) result=0xffff8880061cc400
              dd-2227    [000] .....    15.364526: ovldiag_ensure: (ovl_write_iter+0xaf/0x130 <- ovl_ensure_upper_and_switch) result=0x0
              dd-2227    [000] .....    15.364541: ovldiag_write: (ovl_write_iter+0x10c/0x130 <- backing_file_write_iter) result=0x1000
             cat-2228    [000] .....    15.365523: ovldiag_open: (ovl_open+0xb2/0x100 <- ovl_open_realfile) result=0xffff88800713d000
             cat-2234    [001] .....    15.368176: ovldiag_open: (ovl_open+0xb2/0x100 <- ovl_open_realfile) result=0xffff8880060e4600
              dd-2235    [000] .....    15.369762: ovldiag_open: (ovl_open+0xb2/0x100 <- ovl_open_realfile) result=0xffff88800da69200
              dd-2235    [000] .....    15.369793: ovldiag_ensure: (ovl_write_iter+0xaf/0x130 <- ovl_ensure_upper_and_switch) result=0x0
              dd-2235    [000] .....    15.369808: ovldiag_write: (ovl_write_iter+0x10c/0x130 <- backing_file_write_iter) result=0x1000
              dd-2239    [001] .....    15.371237: ovldiag_open: (ovl_open+0xb2/0x100 <- ovl_open_realfile) result=0xffff8880071ccb00
              dd-2239    [001] .....    15.371265: ovldiag_ensure: (ovl_write_iter+0xaf/0x130 <- ovl_ensure_upper_and_switch) result=0x0
              dd-2239    [001] .....    15.371436: ovldiag_write: (ovl_write_iter+0x10c/0x130 <- backing_file_write_iter) result=0x1000
             cat-2242    [000] .....    15.372860: ovldiag_open: (ovl_open+0xb2/0x100 <- ovl_open_realfile) result=0xffff888004434200
             cat-2243    [001] .....    15.373666: ovldiag_open: (ovl_open+0xb2/0x100 <- ovl_open_realfile) result=0xffff8880046e3400
             cat-2248    [000] .....    15.377157: ovldiag_open: (ovl_open+0xb2/0x100 <- ovl_open_realfile) result=0xffff88800da65600
              dd-2250    [000] .....    15.379694: ovldiag_open: (ovl_open+0xb2/0x100 <- ovl_open_realfile) result=0xffff88800db6d800
              dd-2250    [000] .....    15.379738: ovldiag_ensure: (ovl_write_iter+0xaf/0x130 <- ovl_ensure_upper_and_switch) result=0x0
             cat-2252    [001] .....    15.379747: ovldiag_open: (ovl_open+0xb2/0x100 <- ovl_open_realfile) result=0xffff888007083100
              dd-2250    [000] .....    15.379752: ovldiag_write: (ovl_write_iter+0x10c/0x130 <- backing_file_write_iter) result=0x1000
              dd-2258    [001] .....    15.383967: ovldiag_open: (ovl_open+0xb2/0x100 <- ovl_open_realfile) result=0xffff888007024300
              dd-2258    [001] .....    15.383997: ovldiag_ensure: (ovl_write_iter+0xaf/0x130 <- ovl_ensure_upper_and_switch) result=0x0
              dd-2258    [001] .....    15.384016: ovldiag_write: (ovl_write_iter+0x10c/0x130 <- backing_file_write_iter) result=0x1000
              dd-2254    [000] .....    15.384413: ovldiag_open: (ovl_open+0xb2/0x100 <- ovl_open_realfile) result=0xffff88800471d200
              dd-2254    [000] .....    15.384456: ovldiag_ensure: (ovl_write_iter+0xaf/0x130 <- ovl_ensure_upper_and_switch) result=0x0
              dd-2254    [000] .....    15.384472: ovldiag_write: (ovl_write_iter+0x10c/0x130 <- backing_file_write_iter) result=0x1000
             cat-2259    [001] .....    15.385001: ovldiag_open: (ovl_open+0xb2/0x100 <- ovl_open_realfile) result=0xffff88800d994700
             cat-2260    [001] .....    15.385848: ovldiag_open: (ovl_open+0xb2/0x100 <- ovl_open_realfile) result=0xffff8880046f0200
              dd-2262    [001] .....    15.389808: ovldiag_open: (ovl_open+0xb2/0x100 <- ovl_open_realfile) result=0xffff88800db61600
              dd-2262    [001] .....    15.389868: ovldiag_ensure: (ovl_write_iter+0xaf/0x130 <- ovl_ensure_upper_and_switch) result=0x0
              dd-2262    [001] .....    15.389885: ovldiag_write: (ovl_write_iter+0x10c/0x130 <- backing_file_write_iter) result=0x1000
             cat-2271    [000] .....    15.393262: ovldiag_open: (ovl_open+0xb2/0x100 <- ovl_open_realfile) result=0xffff88800702c900
              dd-2272    [001] .....    15.394035: ovldiag_open: (ovl_open+0xb2/0x100 <- ovl_open_realfile) result=0xffff88800720b900
              dd-2272    [001] .....    15.394074: ovldiag_ensure: (ovl_write_iter+0xaf/0x130 <- ovl_ensure_upper_and_switch) result=0x0
              dd-2272    [001] .....    15.394089: ovldiag_write: (ovl_write_iter+0x10c/0x130 <- backing_file_write_iter) result=0x1000
             cat-2274    [001] .....    15.395334: ovldiag_open: (ovl_open+0xb2/0x100 <- ovl_open_realfile) result=0xffff8880061cc900
             cat-2276    [001] .....    15.396650: ovldiag_open: (ovl_open+0xb2/0x100 <- ovl_open_realfile) result=0xffff88800452c900
             cat-2278    [000] .....    15.397900: ovldiag_open: (ovl_open+0xb2/0x100 <- ovl_open_realfile) result=0xffff88800702c400
              dd-2282    [000] .....    15.401275: ovldiag_open: (ovl_open+0xb2/0x100 <- ovl_open_realfile) result=0xffff888008ab8900
              dd-2282    [000] .....    15.402195: ovldiag_ensure: (ovl_write_iter+0xaf/0x130 <- ovl_ensure_upper_and_switch) result=0x0
              dd-2282    [000] .....    15.402218: ovldiag_write: (ovl_write_iter+0x10c/0x130 <- backing_file_write_iter) result=0x1000
              dd-2286    [001] .....    15.404135: ovldiag_open: (ovl_open+0xb2/0x100 <- ovl_open_realfile) result=0xffff88800720b300
              dd-2286    [001] .....    15.404174: ovldiag_ensure: (ovl_write_iter+0xaf/0x130 <- ovl_ensure_upper_and_switch) result=0x0
              dd-2286    [001] .....    15.404190: ovldiag_write: (ovl_write_iter+0x10c/0x130 <- backing_file_write_iter) result=0x1000
             cat-2288    [001] .....    15.404986: ovldiag_open: (ovl_open+0xb2/0x100 <- ovl_open_realfile) result=0xffff8880089e7200
              dd-2289    [001] .....    15.405663: ovldiag_open: (ovl_open+0xb2/0x100 <- ovl_open_realfile) result=0xffff888008a7c700
              dd-2289    [001] .....    15.405701: ovldiag_ensure: (ovl_write_iter+0xaf/0x130 <- ovl_ensure_upper_and_switch) result=0x0
              dd-2289    [001] .....    15.405717: ovldiag_write: (ovl_write_iter+0x10c/0x130 <- backing_file_write_iter) result=0x1000
              dd-2294    [001] .....    15.408334: ovldiag_open: (ovl_open+0xb2/0x100 <- ovl_open_realfile) result=0xffff88800a667b00
              dd-2294    [001] .....    15.408374: ovldiag_ensure: (ovl_write_iter+0xaf/0x130 <- ovl_ensure_upper_and_switch) result=0x0
              dd-2294    [001] .....    15.408391: ovldiag_write: (ovl_write_iter+0x10c/0x130 <- backing_file_write_iter) result=0x1000
             cat-2293    [000] .....    15.408661: ovldiag_open: (ovl_open+0xb2/0x100 <- ovl_open_realfile) result=0xffff8880046c6f00
             cat-2296    [000] .....    15.410182: ovldiag_open: (ovl_open+0xb2/0x100 <- ovl_open_realfile) result=0xffff88800727e100
             cat-2297    [001] .....    15.410703: ovldiag_open: (ovl_open+0xb2/0x100 <- ovl_open_realfile) result=0xffff8880046e3900
              dd-2305    [000] .....    15.415467: ovldiag_open: (ovl_open+0xb2/0x100 <- ovl_open_realfile) result=0xffff88800d994000
              dd-2305    [000] .....    15.415498: ovldiag_ensure: (ovl_write_iter+0xaf/0x130 <- ovl_ensure_upper_and_switch) result=0x0
              dd-2305    [000] .....    15.415515: ovldiag_write: (ovl_write_iter+0x10c/0x130 <- backing_file_write_iter) result=0x1000
             cat-2307    [000] .....    15.417243: ovldiag_open: (ovl_open+0xb2/0x100 <- ovl_open_realfile) result=0xffff8880071ce300
              dd-2308    [001] .....    15.417679: ovldiag_open: (ovl_open+0xb2/0x100 <- ovl_open_realfile) result=0xffff888008a7cd00
              dd-2308    [001] .....    15.417716: ovldiag_ensure: (ovl_write_iter+0xaf/0x130 <- ovl_ensure_upper_and_switch) result=0x0
              dd-2308    [001] .....    15.417731: ovldiag_write: (ovl_write_iter+0x10c/0x130 <- backing_file_write_iter) result=0x1000
              dd-2311    [001] .....    15.419345: ovldiag_open: (ovl_open+0xb2/0x100 <- ovl_open_realfile) result=0xffff888008ab8f00
              dd-2311    [001] .....    15.419372: ovldiag_ensure: (ovl_write_iter+0xaf/0x130 <- ovl_ensure_upper_and_switch) result=0x0
              dd-2311    [001] .....    15.419390: ovldiag_write: (ovl_write_iter+0x10c/0x130 <- backing_file_write_iter) result=0x1000
             cat-2312    [000] .....    15.421100: ovldiag_open: (ovl_open+0xb2/0x100 <- ovl_open_realfile) result=0xffff888003f11900
             cat-2314    [001] .....    15.421241: ovldiag_open: (ovl_open+0xb2/0x100 <- ovl_open_realfile) result=0xffff88800618e500
              dd-2315    [001] .....    15.424427: ovldiag_open: (ovl_open+0xb2/0x100 <- ovl_open_realfile) result=0xffff88800d9b0a00
              dd-2315    [001] .....    15.424466: ovldiag_ensure: (ovl_write_iter+0xaf/0x130 <- ovl_ensure_upper_and_switch) result=0x0
             cat-2317    [000] .....    15.424477: ovldiag_open: (ovl_open+0xb2/0x100 <- ovl_open_realfile) result=0xffff888008a7cf00
              dd-2315    [001] .....    15.424482: ovldiag_write: (ovl_write_iter+0x10c/0x130 <- backing_file_write_iter) result=0x1000
              dd-2325    [001] .....    15.429019: ovldiag_open: (ovl_open+0xb2/0x100 <- ovl_open_realfile) result=0xffff88800da3d600
              dd-2325    [001] .....    15.429050: ovldiag_ensure: (ovl_write_iter+0xaf/0x130 <- ovl_ensure_upper_and_switch) result=0x0
              dd-2325    [001] .....    15.429068: ovldiag_write: (ovl_write_iter+0x10c/0x130 <- backing_file_write_iter) result=0x1000
             cat-2327    [000] .....    15.430580: ovldiag_open: (ovl_open+0xb2/0x100 <- ovl_open_realfile) result=0xffff88800471d100
              dd-2328    [001] .....    15.431987: ovldiag_open: (ovl_open+0xb2/0x100 <- ovl_open_realfile) result=0xffff88800621b600
              dd-2328    [001] .....    15.432023: ovldiag_ensure: (ovl_write_iter+0xaf/0x130 <- ovl_ensure_upper_and_switch) result=0x0
              dd-2328    [001] .....    15.432039: ovldiag_write: (ovl_write_iter+0x10c/0x130 <- backing_file_write_iter) result=0x1000
             cat-2334    [001] .....    15.435775: ovldiag_open: (ovl_open+0xb2/0x100 <- ovl_open_realfile) result=0xffff88800d995300
             cat-2335    [000] .....    15.435883: ovldiag_open: (ovl_open+0xb2/0x100 <- ovl_open_realfile) result=0xffff8880046df600
              dd-2332    [000] .....    15.436032: ovldiag_open: (ovl_open+0xb2/0x100 <- ovl_open_realfile) result=0xffff8880046dfd00
              dd-2332    [000] .....    15.436114: ovldiag_ensure: (ovl_write_iter+0xaf/0x130 <- ovl_ensure_upper_and_switch) result=0x0
              dd-2332    [000] .....    15.436130: ovldiag_write: (ovl_write_iter+0x10c/0x130 <- backing_file_write_iter) result=0x1000
             cat-2331    [000] .....    15.436404: ovldiag_open: (ovl_open+0xb2/0x100 <- ovl_open_realfile) result=0xffff888003cb6c00
              dd-2337    [000] .....    15.438959: ovldiag_open: (ovl_open+0xb2/0x100 <- ovl_open_realfile) result=0xffff888008a6fd00
              dd-2337    [000] .....    15.438999: ovldiag_ensure: (ovl_write_iter+0xaf/0x130 <- ovl_ensure_upper_and_switch) result=0x0
              dd-2337    [000] .....    15.439015: ovldiag_write: (ovl_write_iter+0x10c/0x130 <- backing_file_write_iter) result=0x1000
             cat-2344    [001] .....    15.442622: ovldiag_open: (ovl_open+0xb2/0x100 <- ovl_open_realfile) result=0xffff88800e120c00
              dd-2348    [000] .....    15.444538: ovldiag_open: (ovl_open+0xb2/0x100 <- ovl_open_realfile) result=0xffff888008a6fb00
              dd-2348    [000] .....    15.444565: ovldiag_ensure: (ovl_write_iter+0xaf/0x130 <- ovl_ensure_upper_and_switch) result=0x0
              dd-2348    [000] .....    15.444582: ovldiag_write: (ovl_write_iter+0x10c/0x130 <- backing_file_write_iter) result=0x1000
              dd-2346    [001] .....    15.444702: ovldiag_open: (ovl_open+0xb2/0x100 <- ovl_open_realfile) result=0xffff888006003100
              dd-2346    [001] .....    15.444733: ovldiag_ensure: (ovl_write_iter+0xaf/0x130 <- ovl_ensure_upper_and_switch) result=0x0
              dd-2346    [001] .....    15.444751: ovldiag_write: (ovl_write_iter+0x10c/0x130 <- backing_file_write_iter) result=0x1000
             cat-2352    [000] .....    15.447325: ovldiag_open: (ovl_open+0xb2/0x100 <- ovl_open_realfile) result=0xffff8880061ea000
             cat-2353    [001] .....    15.447768: ovldiag_open: (ovl_open+0xb2/0x100 <- ovl_open_realfile) result=0xffff88800727e000
             cat-2355    [000] .....    15.449197: ovldiag_open: (ovl_open+0xb2/0x100 <- ovl_open_realfile) result=0xffff88800d9c4e00
              dd-2359    [001] .....    15.452275: ovldiag_open: (ovl_open+0xb2/0x100 <- ovl_open_realfile) result=0xffff88800713da00
              dd-2359    [001] .....    15.452321: ovldiag_ensure: (ovl_write_iter+0xaf/0x130 <- ovl_ensure_upper_and_switch) result=0x0
              dd-2359    [001] .....    15.452340: ovldiag_write: (ovl_write_iter+0x10c/0x130 <- backing_file_write_iter) result=0x1000
             cat-2361    [000] .....    15.453802: ovldiag_open: (ovl_open+0xb2/0x100 <- ovl_open_realfile) result=0xffff8880046df500
              dd-2362    [001] .....    15.454595: ovldiag_open: (ovl_open+0xb2/0x100 <- ovl_open_realfile) result=0xffff888008a27800
              dd-2362    [001] .....    15.454625: ovldiag_ensure: (ovl_write_iter+0xaf/0x130 <- ovl_ensure_upper_and_switch) result=0x0
              dd-2362    [001] .....    15.454644: ovldiag_write: (ovl_write_iter+0x10c/0x130 <- backing_file_write_iter) result=0x1000
              dd-2368    [000] .....    15.458119: ovldiag_open: (ovl_open+0xb2/0x100 <- ovl_open_realfile) result=0xffff888004762100
              dd-2368    [000] .....    15.458155: ovldiag_ensure: (ovl_write_iter+0xaf/0x130 <- ovl_ensure_upper_and_switch) result=0x0
              dd-2368    [000] .....    15.458208: ovldiag_write: (ovl_write_iter+0x10c/0x130 <- backing_file_write_iter) result=0x1000
              dd-2369    [001] .....    15.458827: ovldiag_open: (ovl_open+0xb2/0x100 <- ovl_open_realfile) result=0xffff888008a27200
              dd-2369    [001] .....    15.458870: ovldiag_ensure: (ovl_write_iter+0xaf/0x130 <- ovl_ensure_upper_and_switch) result=0x0
              dd-2369    [001] .....    15.458886: ovldiag_write: (ovl_write_iter+0x10c/0x130 <- backing_file_write_iter) result=0x1000
             cat-2370    [000] .....    15.459937: ovldiag_open: (ovl_open+0xb2/0x100 <- ovl_open_realfile) result=0xffff88800727a300
             cat-2373    [001] .....    15.461411: ovldiag_open: (ovl_open+0xb2/0x100 <- ovl_open_realfile) result=0xffff888004798000
             cat-2378    [001] .....    15.464251: ovldiag_open: (ovl_open+0xb2/0x100 <- ovl_open_realfile) result=0xffff88800a7a7f00
             cat-2375    [000] .....    15.464481: ovldiag_open: (ovl_open+0xb2/0x100 <- ovl_open_realfile) result=0xffff888004434600
              dd-2383    [001] .....    15.467868: ovldiag_open: (ovl_open+0xb2/0x100 <- ovl_open_realfile) result=0xffff8880061d0500
              dd-2383    [001] .....    15.467895: ovldiag_ensure: (ovl_write_iter+0xaf/0x130 <- ovl_ensure_upper_and_switch) result=0x0
              dd-2383    [001] .....    15.467909: ovldiag_write: (ovl_write_iter+0x10c/0x130 <- backing_file_write_iter) result=0x1000
              dd-2381    [000] .....    15.468075: ovldiag_open: (ovl_open+0xb2/0x100 <- ovl_open_realfile) result=0xffff88800471d000
              dd-2381    [000] .....    15.468116: ovldiag_ensure: (ovl_write_iter+0xaf/0x130 <- ovl_ensure_upper_and_switch) result=0x0
              dd-2381    [000] .....    15.468132: ovldiag_write: (ovl_write_iter+0x10c/0x130 <- backing_file_write_iter) result=0x1000
             cat-2388    [001] .....    15.470998: ovldiag_open: (ovl_open+0xb2/0x100 <- ovl_open_realfile) result=0xffff88800611f800
              dd-2389    [001] .....    15.471991: ovldiag_open: (ovl_open+0xb2/0x100 <- ovl_open_realfile) result=0xffff888008a27e00
              dd-2389    [001] .....    15.472019: ovldiag_ensure: (ovl_write_iter+0xaf/0x130 <- ovl_ensure_upper_and_switch) result=0x0
              dd-2389    [001] .....    15.472037: ovldiag_write: (ovl_write_iter+0x10c/0x130 <- backing_file_write_iter) result=0x1000
              dd-2390    [000] .....    15.472541: ovldiag_open: (ovl_open+0xb2/0x100 <- ovl_open_realfile) result=0xffff88800a7a7100
              dd-2390    [000] .....    15.472570: ovldiag_ensure: (ovl_write_iter+0xaf/0x130 <- ovl_ensure_upper_and_switch) result=0x0
              dd-2390    [000] .....    15.472589: ovldiag_write: (ovl_write_iter+0x10c/0x130 <- backing_file_write_iter) result=0x1000
             cat-2391    [001] .....    15.473894: ovldiag_open: (ovl_open+0xb2/0x100 <- ovl_open_realfile) result=0xffff888007083700
             cat-2395    [000] .....    15.474407: ovldiag_open: (ovl_open+0xb2/0x100 <- ovl_open_realfile) result=0xffff888004720200
             cat-2400    [000] .....    15.478665: ovldiag_open: (ovl_open+0xb2/0x100 <- ovl_open_realfile) result=0xffff8880046f0700
              dd-2403    [000] .....    15.480574: ovldiag_open: (ovl_open+0xb2/0x100 <- ovl_open_realfile) result=0xffff88800d92f500
              dd-2403    [000] .....    15.480601: ovldiag_ensure: (ovl_write_iter+0xaf/0x130 <- ovl_ensure_upper_and_switch) result=0x0
              dd-2403    [000] .....    15.480619: ovldiag_write: (ovl_write_iter+0x10c/0x130 <- backing_file_write_iter) result=0x1000
              dd-2405    [001] .....    15.482389: ovldiag_open: (ovl_open+0xb2/0x100 <- ovl_open_realfile) result=0xffff88800702c400
              dd-2405    [001] .....    15.482419: ovldiag_ensure: (ovl_write_iter+0xaf/0x130 <- ovl_ensure_upper_and_switch) result=0x0
              dd-2405    [001] .....    15.482438: ovldiag_write: (ovl_write_iter+0x10c/0x130 <- backing_file_write_iter) result=0x1000
             cat-2408    [000] .....    15.484198: ovldiag_open: (ovl_open+0xb2/0x100 <- ovl_open_realfile) result=0xffff888008ab8f00
              dd-2409    [000] .....    15.485406: ovldiag_open: (ovl_open+0xb2/0x100 <- ovl_open_realfile) result=0xffff88800727e400
              dd-2409    [000] .....    15.485447: ovldiag_ensure: (ovl_write_iter+0xaf/0x130 <- ovl_ensure_upper_and_switch) result=0x0
              dd-2409    [000] .....    15.485464: ovldiag_write: (ovl_write_iter+0x10c/0x130 <- backing_file_write_iter) result=0x1000
             cat-2411    [001] .....    15.485913: ovldiag_open: (ovl_open+0xb2/0x100 <- ovl_open_realfile) result=0xffff888007024400
             cat-2410    [000] .....    15.487404: ovldiag_open: (ovl_open+0xb2/0x100 <- ovl_open_realfile) result=0xffff88800702c900
             cat-2414    [001] .....    15.488742: ovldiag_open: (ovl_open+0xb2/0x100 <- ovl_open_realfile) result=0xffff88800471d300
              dd-2416    [000] .....    15.489226: ovldiag_open: (ovl_open+0xb2/0x100 <- ovl_open_realfile) result=0xffff8880061d0f00
              dd-2416    [000] .....    15.489256: ovldiag_ensure: (ovl_write_iter+0xaf/0x130 <- ovl_ensure_upper_and_switch) result=0x0
              dd-2416    [000] .....    15.489272: ovldiag_write: (ovl_write_iter+0x10c/0x130 <- backing_file_write_iter) result=0x1000
              dd-2423    [000] .....    15.494146: ovldiag_open: (ovl_open+0xb2/0x100 <- ovl_open_realfile) result=0xffff88800db5a100
              dd-2423    [000] .....    15.494176: ovldiag_ensure: (ovl_write_iter+0xaf/0x130 <- ovl_ensure_upper_and_switch) result=0x0
              dd-2423    [000] .....    15.494192: ovldiag_write: (ovl_write_iter+0x10c/0x130 <- backing_file_write_iter) result=0x1000
              dd-2425    [000] .....    15.495474: ovldiag_open: (ovl_open+0xb2/0x100 <- ovl_open_realfile) result=0xffff88800db96b00
              dd-2425    [000] .....    15.495503: ovldiag_ensure: (ovl_write_iter+0xaf/0x130 <- ovl_ensure_upper_and_switch) result=0x0
              dd-2425    [000] .....    15.495517: ovldiag_write: (ovl_write_iter+0x10c/0x130 <- backing_file_write_iter) result=0x1000
             cat-2428    [001] .....    15.496802: ovldiag_open: (ovl_open+0xb2/0x100 <- ovl_open_realfile) result=0xffff88800611f700
              dd-2430    [001] .....    15.498615: ovldiag_open: (ovl_open+0xb2/0x100 <- ovl_open_realfile) result=0xffff88800727a700
              dd-2430    [001] .....    15.498643: ovldiag_ensure: (ovl_write_iter+0xaf/0x130 <- ovl_ensure_upper_and_switch) result=0x0
              dd-2430    [001] .....    15.498661: ovldiag_write: (ovl_write_iter+0x10c/0x130 <- backing_file_write_iter) result=0x1000
             cat-2431    [000] .....    15.498976: ovldiag_open: (ovl_open+0xb2/0x100 <- ovl_open_realfile) result=0xffff888008a27f00
             cat-2435    [001] .....    15.501813: ovldiag_open: (ovl_open+0xb2/0x100 <- ovl_open_realfile) result=0xffff8880071cc000
              dd-2437    [000] .....    15.503191: ovldiag_open: (ovl_open+0xb2/0x100 <- ovl_open_realfile) result=0xffff888008a27800
              dd-2437    [000] .....    15.503220: ovldiag_ensure: (ovl_write_iter+0xaf/0x130 <- ovl_ensure_upper_and_switch) result=0x0
              dd-2437    [000] .....    15.503236: ovldiag_write: (ovl_write_iter+0x10c/0x130 <- backing_file_write_iter) result=0x1000
             cat-2436    [000] .....    15.503979: ovldiag_open: (ovl_open+0xb2/0x100 <- ovl_open_realfile) result=0xffff888006214a00
              dd-2443    [000] .....    15.506811: ovldiag_open: (ovl_open+0xb2/0x100 <- ovl_open_realfile) result=0xffff88800db97e00
              dd-2443    [000] .....    15.506861: ovldiag_ensure: (ovl_write_iter+0xaf/0x130 <- ovl_ensure_upper_and_switch) result=0x0
              dd-2443    [000] .....    15.506876: ovldiag_write: (ovl_write_iter+0x10c/0x130 <- backing_file_write_iter) result=0x1000
             cat-2447    [000] .....    15.508555: ovldiag_open: (ovl_open+0xb2/0x100 <- ovl_open_realfile) result=0xffff8880046e3000
              dd-2445    [001] .....    15.509684: ovldiag_open: (ovl_open+0xb2/0x100 <- ovl_open_realfile) result=0xffff8880061d0000
              dd-2445    [001] .....    15.509715: ovldiag_ensure: (ovl_write_iter+0xaf/0x130 <- ovl_ensure_upper_and_switch) result=0x0
              dd-2445    [001] .....    15.509732: ovldiag_write: (ovl_write_iter+0x10c/0x130 <- backing_file_write_iter) result=0x1000
             cat-2452    [001] .....    15.512505: ovldiag_open: (ovl_open+0xb2/0x100 <- ovl_open_realfile) result=0xffff88800713d700
             cat-2453    [000] .....    15.513183: ovldiag_open: (ovl_open+0xb2/0x100 <- ovl_open_realfile) result=0xffff88800e0db300
              dd-2451    [000] .....    15.513440: ovldiag_open: (ovl_open+0xb2/0x100 <- ovl_open_realfile) result=0xffff88800727a900
              dd-2451    [000] .....    15.513465: ovldiag_ensure: (ovl_write_iter+0xaf/0x130 <- ovl_ensure_upper_and_switch) result=0x0
              dd-2451    [000] .....    15.513475: ovldiag_write: (ovl_write_iter+0x10c/0x130 <- backing_file_write_iter) result=0x1000
             cat-2458    [001] .....    15.516228: ovldiag_open: (ovl_open+0xb2/0x100 <- ovl_open_realfile) result=0xffff888004762800
              dd-2462    [000] .....    15.519237: ovldiag_open: (ovl_open+0xb2/0x100 <- ovl_open_realfile) result=0xffff888007083100
              dd-2462    [000] .....    15.519265: ovldiag_ensure: (ovl_write_iter+0xaf/0x130 <- ovl_ensure_upper_and_switch) result=0x0
              dd-2462    [000] .....    15.519310: ovldiag_write: (ovl_write_iter+0x10c/0x130 <- backing_file_write_iter) result=0x1000
             cat-2461    [001] .....    15.519379: ovldiag_open: (ovl_open+0xb2/0x100 <- ovl_open_realfile) result=0xffff888004681500
              dd-2466    [001] .....    15.520969: ovldiag_open: (ovl_open+0xb2/0x100 <- ovl_open_realfile) result=0xffff88800dbcef00
              dd-2466    [001] .....    15.520997: ovldiag_ensure: (ovl_write_iter+0xaf/0x130 <- ovl_ensure_upper_and_switch) result=0x0
              dd-2466    [001] .....    15.521013: ovldiag_write: (ovl_write_iter+0x10c/0x130 <- backing_file_write_iter) result=0x1000
             cat-2470    [000] .....    15.523826: ovldiag_open: (ovl_open+0xb2/0x100 <- ovl_open_realfile) result=0xffff88800621b100
             cat-2471    [001] .....    15.524423: ovldiag_open: (ovl_open+0xb2/0x100 <- ovl_open_realfile) result=0xffff88800452cb00
              dd-2467    [001] .....    15.525117: ovldiag_open: (ovl_open+0xb2/0x100 <- ovl_open_realfile) result=0xffff88800db5ca00
              dd-2467    [001] .....    15.525153: ovldiag_ensure: (ovl_write_iter+0xaf/0x130 <- ovl_ensure_upper_and_switch) result=0x0
              dd-2467    [001] .....    15.525169: ovldiag_write: (ovl_write_iter+0x10c/0x130 <- backing_file_write_iter) result=0x1000
              dd-2476    [000] .....    15.527661: ovldiag_open: (ovl_open+0xb2/0x100 <- ovl_open_realfile) result=0xffff88800e12e700
              dd-2476    [000] .....    15.527795: ovldiag_ensure: (ovl_write_iter+0xaf/0x130 <- ovl_ensure_upper_and_switch) result=0x0
             cat-2474    [001] .....    15.527798: ovldiag_open: (ovl_open+0xb2/0x100 <- ovl_open_realfile) result=0xffff88800d80f600
              dd-2476    [000] .....    15.527812: ovldiag_write: (ovl_write_iter+0x10c/0x130 <- backing_file_write_iter) result=0x1000
             cat-2477    [000] .....    15.529156: ovldiag_open: (ovl_open+0xb2/0x100 <- ovl_open_realfile) result=0xffff88800452c900
              dd-2484    [000] .....    15.533534: ovldiag_open: (ovl_open+0xb2/0x100 <- ovl_open_realfile) result=0xffff88800e12e300
              dd-2484    [000] .....    15.533570: ovldiag_ensure: (ovl_write_iter+0xaf/0x130 <- ovl_ensure_upper_and_switch) result=0x0
              dd-2484    [000] .....    15.533585: ovldiag_write: (ovl_write_iter+0x10c/0x130 <- backing_file_write_iter) result=0x1000
             cat-2486    [000] .....    15.534277: ovldiag_open: (ovl_open+0xb2/0x100 <- ovl_open_realfile) result=0xffff8880061e4e00
              dd-2487    [001] .....    15.535247: ovldiag_open: (ovl_open+0xb2/0x100 <- ovl_open_realfile) result=0xffff888008a27800
              dd-2487    [001] .....    15.535278: ovldiag_ensure: (ovl_write_iter+0xaf/0x130 <- ovl_ensure_upper_and_switch) result=0x0
              dd-2487    [001] .....    15.535309: ovldiag_write: (ovl_write_iter+0x10c/0x130 <- backing_file_write_iter) result=0x1000
             cat-2491    [001] .....    15.536735: ovldiag_open: (ovl_open+0xb2/0x100 <- ovl_open_realfile) result=0xffff88800727ee00
             cat-2494    [001] .....    15.539536: ovldiag_open: (ovl_open+0xb2/0x100 <- ovl_open_realfile) result=0xffff88800db00600
             cat-2496    [000] .....    15.540709: ovldiag_open: (ovl_open+0xb2/0x100 <- ovl_open_realfile) result=0xffff888006003a00
              dd-2499    [000] .....    15.542249: ovldiag_open: (ovl_open+0xb2/0x100 <- ovl_open_realfile) result=0xffff8880061ea800
              dd-2499    [000] .....    15.542276: ovldiag_ensure: (ovl_write_iter+0xaf/0x130 <- ovl_ensure_upper_and_switch) result=0x0
              dd-2499    [000] .....    15.542315: ovldiag_write: (ovl_write_iter+0x10c/0x130 <- backing_file_write_iter) result=0x1000
              dd-2500    [000] .....    15.543660: ovldiag_open: (ovl_open+0xb2/0x100 <- ovl_open_realfile) result=0xffff8880089f3a00
              dd-2500    [000] .....    15.543690: ovldiag_ensure: (ovl_write_iter+0xaf/0x130 <- ovl_ensure_upper_and_switch) result=0x0
              dd-2500    [000] .....    15.543704: ovldiag_write: (ovl_write_iter+0x10c/0x130 <- backing_file_write_iter) result=0x1000
             cat-2503    [000] .....    15.544977: ovldiag_open: (ovl_open+0xb2/0x100 <- ovl_open_realfile) result=0xffff888006003a00
             cat-2506    [000] .....    15.546515: ovldiag_open: (ovl_open+0xb2/0x100 <- ovl_open_realfile) result=0xffff88800db45100
              dd-2508    [001] .....    15.547934: ovldiag_open: (ovl_open+0xb2/0x100 <- ovl_open_realfile) result=0xffff88800db7ac00
              dd-2508    [001] .....    15.547961: ovldiag_ensure: (ovl_write_iter+0xaf/0x130 <- ovl_ensure_upper_and_switch) result=0x0
              dd-2508    [001] .....    15.547977: ovldiag_write: (ovl_write_iter+0x10c/0x130 <- backing_file_write_iter) result=0x1000
              dd-2512    [001] .....    15.551257: ovldiag_open: (ovl_open+0xb2/0x100 <- ovl_open_realfile) result=0xffff88800db7c500
              dd-2512    [001] .....    15.551310: ovldiag_ensure: (ovl_write_iter+0xaf/0x130 <- ovl_ensure_upper_and_switch) result=0x0
              dd-2512    [001] .....    15.551327: ovldiag_write: (ovl_write_iter+0x10c/0x130 <- backing_file_write_iter) result=0x1000
             cat-2514    [000] .....    15.552007: ovldiag_open: (ovl_open+0xb2/0x100 <- ovl_open_realfile) result=0xffff88800471de00
             cat-2515    [001] .....    15.552318: ovldiag_open: (ovl_open+0xb2/0x100 <- ovl_open_realfile) result=0xffff888003f11100
             cat-2521    [000] .....    15.556639: ovldiag_open: (ovl_open+0xb2/0x100 <- ovl_open_realfile) result=0xffff88800720bf00
              dd-2522    [001] .....    15.557651: ovldiag_open: (ovl_open+0xb2/0x100 <- ovl_open_realfile) result=0xffff888007164d00
              dd-2522    [001] .....    15.557681: ovldiag_ensure: (ovl_write_iter+0xaf/0x130 <- ovl_ensure_upper_and_switch) result=0x0
              dd-2522    [001] .....    15.557698: ovldiag_write: (ovl_write_iter+0x10c/0x130 <- backing_file_write_iter) result=0x1000
              dd-2523    [000] .....    15.558539: ovldiag_open: (ovl_open+0xb2/0x100 <- ovl_open_realfile) result=0xffff88800da94d00
              dd-2523    [000] .....    15.558575: ovldiag_ensure: (ovl_write_iter+0xaf/0x130 <- ovl_ensure_upper_and_switch) result=0x0
              dd-2523    [000] .....    15.558590: ovldiag_write: (ovl_write_iter+0x10c/0x130 <- backing_file_write_iter) result=0x1000
             cat-2526    [001] .....    15.560251: ovldiag_open: (ovl_open+0xb2/0x100 <- ovl_open_realfile) result=0xffff8880072edd00
             cat-2530    [000] .....    15.562130: ovldiag_open: (ovl_open+0xb2/0x100 <- ovl_open_realfile) result=0xffff8880061ea800
              dd-2529    [001] .....    15.562451: ovldiag_open: (ovl_open+0xb2/0x100 <- ovl_open_realfile) result=0xffff88800720bc00
              dd-2529    [001] .....    15.562481: ovldiag_ensure: (ovl_write_iter+0xaf/0x130 <- ovl_ensure_upper_and_switch) result=0x0
              dd-2529    [001] .....    15.562498: ovldiag_write: (ovl_write_iter+0x10c/0x130 <- backing_file_write_iter) result=0x1000
             cat-2531    [001] .....    15.564927: ovldiag_open: (ovl_open+0xb2/0x100 <- ovl_open_realfile) result=0xffff88800da9fb00
              dd-2537    [000] .....    15.566591: ovldiag_open: (ovl_open+0xb2/0x100 <- ovl_open_realfile) result=0xffff88800db4ee00
              dd-2537    [000] .....    15.566618: ovldiag_ensure: (ovl_write_iter+0xaf/0x130 <- ovl_ensure_upper_and_switch) result=0x0
              dd-2537    [000] .....    15.566636: ovldiag_write: (ovl_write_iter+0x10c/0x130 <- backing_file_write_iter) result=0x1000
             cat-2541    [000] .....    15.569955: ovldiag_open: (ovl_open+0xb2/0x100 <- ovl_open_realfile) result=0xffff888008ab8100
              dd-2542    [000] .....    15.571075: ovldiag_open: (ovl_open+0xb2/0x100 <- ovl_open_realfile) result=0xffff8880061ea000
              dd-2542    [000] .....    15.571105: ovldiag_ensure: (ovl_write_iter+0xaf/0x130 <- ovl_ensure_upper_and_switch) result=0x0
              dd-2542    [000] .....    15.571120: ovldiag_write: (ovl_write_iter+0x10c/0x130 <- backing_file_write_iter) result=0x1000
             cat-2545    [000] .....    15.573423: ovldiag_open: (ovl_open+0xb2/0x100 <- ovl_open_realfile) result=0xffff8880089f3700
              dd-2547    [001] .....    15.574002: ovldiag_open: (ovl_open+0xb2/0x100 <- ovl_open_realfile) result=0xffff88800471d100
              dd-2547    [001] .....    15.574030: ovldiag_ensure: (ovl_write_iter+0xaf/0x130 <- ovl_ensure_upper_and_switch) result=0x0
              dd-2547    [001] .....    15.574046: ovldiag_write: (ovl_write_iter+0x10c/0x130 <- backing_file_write_iter) result=0x1000
             cat-2548    [000] .....    15.576064: ovldiag_open: (ovl_open+0xb2/0x100 <- ovl_open_realfile) result=0xffff888006093400
             cat-2550    [000] .....    15.577089: ovldiag_open: (ovl_open+0xb2/0x100 <- ovl_open_realfile) result=0xffff88800452c400
              dd-2553    [001] .....    15.577800: ovldiag_open: (ovl_open+0xb2/0x100 <- ovl_open_realfile) result=0xffff88800dbd3c00
              dd-2553    [001] .....    15.577829: ovldiag_ensure: (ovl_write_iter+0xaf/0x130 <- ovl_ensure_upper_and_switch) result=0x0
              dd-2553    [001] .....    15.577858: ovldiag_write: (ovl_write_iter+0x10c/0x130 <- backing_file_write_iter) result=0x1000
             cat-2557    [001] .....    15.580195: ovldiag_open: (ovl_open+0xb2/0x100 <- ovl_open_realfile) result=0xffff88800720bc00
              dd-2558    [000] .....    15.581148: ovldiag_open: (ovl_open+0xb2/0x100 <- ovl_open_realfile) result=0xffff88800da9a900
              dd-2558    [000] .....    15.581178: ovldiag_ensure: (ovl_write_iter+0xaf/0x130 <- ovl_ensure_upper_and_switch) result=0x0
              dd-2558    [000] .....    15.581194: ovldiag_write: (ovl_write_iter+0x10c/0x130 <- backing_file_write_iter) result=0x1000
             cat-2563    [001] .....    15.584011: ovldiag_open: (ovl_open+0xb2/0x100 <- ovl_open_realfile) result=0xffff888008a6fe00
              dd-2565    [000] .....    15.584678: ovldiag_open: (ovl_open+0xb2/0x100 <- ovl_open_realfile) result=0xffff888006127900
              dd-2565    [000] .....    15.584707: ovldiag_ensure: (ovl_write_iter+0xaf/0x130 <- ovl_ensure_upper_and_switch) result=0x0
              dd-2565    [000] .....    15.584723: ovldiag_write: (ovl_write_iter+0x10c/0x130 <- backing_file_write_iter) result=0x1000
              dd-2568    [000] .....    15.586978: ovldiag_open: (ovl_open+0xb2/0x100 <- ovl_open_realfile) result=0xffff88800d812a00
              dd-2568    [000] .....    15.587005: ovldiag_ensure: (ovl_write_iter+0xaf/0x130 <- ovl_ensure_upper_and_switch) result=0x0
              dd-2568    [000] .....    15.587020: ovldiag_write: (ovl_write_iter+0x10c/0x130 <- backing_file_write_iter) result=0x1000
             cat-2572    [001] .....    15.589482: ovldiag_open: (ovl_open+0xb2/0x100 <- ovl_open_realfile) result=0xffff888004798100
             cat-2571    [000] .....    15.589692: ovldiag_open: (ovl_open+0xb2/0x100 <- ovl_open_realfile) result=0xffff888003f11300
             cat-2573    [001] .....    15.590534: ovldiag_open: (ovl_open+0xb2/0x100 <- ovl_open_realfile) result=0xffff88800d812200
              dd-2574    [000] .....    15.591022: ovldiag_open: (ovl_open+0xb2/0x100 <- ovl_open_realfile) result=0xffff888008a27100
              dd-2574    [000] .....    15.591049: ovldiag_ensure: (ovl_write_iter+0xaf/0x130 <- ovl_ensure_upper_and_switch) result=0x0
              dd-2574    [000] .....    15.591064: ovldiag_write: (ovl_write_iter+0x10c/0x130 <- backing_file_write_iter) result=0x1000
             cat-2581    [001] .....    15.595168: ovldiag_open: (ovl_open+0xb2/0x100 <- ovl_open_realfile) result=0xffff88800d806f00
              dd-2583    [000] .....    15.597021: ovldiag_open: (ovl_open+0xb2/0x100 <- ovl_open_realfile) result=0xffff8880071cc200
              dd-2583    [000] .....    15.597051: ovldiag_ensure: (ovl_write_iter+0xaf/0x130 <- ovl_ensure_upper_and_switch) result=0x0
              dd-2583    [000] .....    15.597067: ovldiag_write: (ovl_write_iter+0x10c/0x130 <- backing_file_write_iter) result=0x1000
              dd-2585    [001] .....    15.597241: ovldiag_open: (ovl_open+0xb2/0x100 <- ovl_open_realfile) result=0xffff8880061d0f00
              dd-2585    [001] .....    15.597273: ovldiag_ensure: (ovl_write_iter+0xaf/0x130 <- ovl_ensure_upper_and_switch) result=0x0
              dd-2585    [001] .....    15.597326: ovldiag_write: (ovl_write_iter+0x10c/0x130 <- backing_file_write_iter) result=0x1000
              dd-2588    [001] .....    15.600184: ovldiag_open: (ovl_open+0xb2/0x100 <- ovl_open_realfile) result=0xffff8880072ede00
              dd-2588    [001] .....    15.600214: ovldiag_ensure: (ovl_write_iter+0xaf/0x130 <- ovl_ensure_upper_and_switch) result=0x0
              dd-2588    [001] .....    15.600231: ovldiag_write: (ovl_write_iter+0x10c/0x130 <- backing_file_write_iter) result=0x1000
             cat-2590    [000] .....    15.600971: ovldiag_open: (ovl_open+0xb2/0x100 <- ovl_open_realfile) result=0xffff88800d8b5e00
             cat-2593    [000] .....    15.602475: ovldiag_open: (ovl_open+0xb2/0x100 <- ovl_open_realfile) result=0xffff8880061cc200
             cat-2592    [001] .....    15.602566: ovldiag_open: (ovl_open+0xb2/0x100 <- ovl_open_realfile) result=0xffff888008a6f700
              dd-2598    [001] .....    15.606107: ovldiag_open: (ovl_open+0xb2/0x100 <- ovl_open_realfile) result=0xffff88800e11e900
              dd-2598    [001] .....    15.606135: ovldiag_ensure: (ovl_write_iter+0xaf/0x130 <- ovl_ensure_upper_and_switch) result=0x0
              dd-2598    [001] .....    15.606152: ovldiag_write: (ovl_write_iter+0x10c/0x130 <- backing_file_write_iter) result=0x1000
             cat-2601    [001] .....    15.608019: ovldiag_open: (ovl_open+0xb2/0x100 <- ovl_open_realfile) result=0xffff88800471dc00
              dd-2604    [000] .....    15.609588: ovldiag_open: (ovl_open+0xb2/0x100 <- ovl_open_realfile) result=0xffff888008ab8b00
              dd-2604    [000] .....    15.609617: ovldiag_ensure: (ovl_write_iter+0xaf/0x130 <- ovl_ensure_upper_and_switch) result=0x0
              dd-2604    [000] .....    15.609633: ovldiag_write: (ovl_write_iter+0x10c/0x130 <- backing_file_write_iter) result=0x1000
              dd-2607    [001] .....    15.611460: ovldiag_open: (ovl_open+0xb2/0x100 <- ovl_open_realfile) result=0xffff888004434300
              dd-2607    [001] .....    15.611489: ovldiag_ensure: (ovl_write_iter+0xaf/0x130 <- ovl_ensure_upper_and_switch) result=0x0
              dd-2607    [001] .....    15.611505: ovldiag_write: (ovl_write_iter+0x10c/0x130 <- backing_file_write_iter) result=0x1000
             cat-2609    [000] .....    15.613166: ovldiag_open: (ovl_open+0xb2/0x100 <- ovl_open_realfile) result=0xffff88800621b400
             cat-2611    [001] .....    15.614197: ovldiag_open: (ovl_open+0xb2/0x100 <- ovl_open_realfile) result=0xffff888004467a00
              dd-2610    [001] .....    15.614786: ovldiag_open: (ovl_open+0xb2/0x100 <- ovl_open_realfile) result=0xffff888004720f00
              dd-2610    [001] .....    15.614812: ovldiag_ensure: (ovl_write_iter+0xaf/0x130 <- ovl_ensure_upper_and_switch) result=0x0
              dd-2610    [001] .....    15.614825: ovldiag_write: (ovl_write_iter+0x10c/0x130 <- backing_file_write_iter) result=0x1000
             cat-2614    [001] .....    15.616189: ovldiag_open: (ovl_open+0xb2/0x100 <- ovl_open_realfile) result=0xffff888007164200
             cat-2618    [001] .....    15.618952: ovldiag_open: (ovl_open+0xb2/0x100 <- ovl_open_realfile) result=0xffff888004467c00
              dd-2620    [000] .....    15.619249: ovldiag_open: (ovl_open+0xb2/0x100 <- ovl_open_realfile) result=0xffff88800da52500
              dd-2620    [000] .....    15.619279: ovldiag_ensure: (ovl_write_iter+0xaf/0x130 <- ovl_ensure_upper_and_switch) result=0x0
              dd-2620    [000] .....    15.619376: ovldiag_write: (ovl_write_iter+0x10c/0x130 <- backing_file_write_iter) result=0x1000
              dd-2624    [001] .....    15.622980: ovldiag_open: (ovl_open+0xb2/0x100 <- ovl_open_realfile) result=0xffff88800db97000
              dd-2624    [001] .....    15.623011: ovldiag_ensure: (ovl_write_iter+0xaf/0x130 <- ovl_ensure_upper_and_switch) result=0x0
              dd-2624    [001] .....    15.623027: ovldiag_write: (ovl_write_iter+0x10c/0x130 <- backing_file_write_iter) result=0x1000
             cat-2626    [000] .....    15.625006: ovldiag_open: (ovl_open+0xb2/0x100 <- ovl_open_realfile) result=0xffff888007083300
             cat-2627    [000] .....    15.625225: ovldiag_open: (ovl_open+0xb2/0x100 <- ovl_open_realfile) result=0xffff888007083d00
              dd-2628    [001] .....    15.625469: ovldiag_open: (ovl_open+0xb2/0x100 <- ovl_open_realfile) result=0xffff888008a7e100
              dd-2628    [001] .....    15.625496: ovldiag_ensure: (ovl_write_iter+0xaf/0x130 <- ovl_ensure_upper_and_switch) result=0x0
              dd-2628    [001] .....    15.625513: ovldiag_write: (ovl_write_iter+0x10c/0x130 <- backing_file_write_iter) result=0x1000
             cat-2633    [001] .....    15.627859: ovldiag_open: (ovl_open+0xb2/0x100 <- ovl_open_realfile) result=0xffff88800d9e4600
             cat-2636    [000] .....    15.630599: ovldiag_open: (ovl_open+0xb2/0x100 <- ovl_open_realfile) result=0xffff888006123200
              dd-2638    [001] .....    15.631857: ovldiag_open: (ovl_open+0xb2/0x100 <- ovl_open_realfile) result=0xffff88800db96100
              dd-2638    [001] .....    15.631887: ovldiag_ensure: (ovl_write_iter+0xaf/0x130 <- ovl_ensure_upper_and_switch) result=0x0
              dd-2638    [001] .....    15.631904: ovldiag_write: (ovl_write_iter+0x10c/0x130 <- backing_file_write_iter) result=0x1000
              dd-2639    [000] .....    15.634309: ovldiag_open: (ovl_open+0xb2/0x100 <- ovl_open_realfile) result=0xffff888004720700
              dd-2639    [000] .....    15.634341: ovldiag_ensure: (ovl_write_iter+0xaf/0x130 <- ovl_ensure_upper_and_switch) result=0x0
              dd-2639    [000] .....    15.634358: ovldiag_write: (ovl_write_iter+0x10c/0x130 <- backing_file_write_iter) result=0x1000
             cat-2645    [001] .....    15.635893: ovldiag_open: (ovl_open+0xb2/0x100 <- ovl_open_realfile) result=0xffff8880046c6400
              dd-2646    [000] .....    15.636216: ovldiag_open: (ovl_open+0xb2/0x100 <- ovl_open_realfile) result=0xffff88800dbcc800
              dd-2646    [000] .....    15.636245: ovldiag_ensure: (ovl_write_iter+0xaf/0x130 <- ovl_ensure_upper_and_switch) result=0x0
              dd-2646    [000] .....    15.636261: ovldiag_write: (ovl_write_iter+0x10c/0x130 <- backing_file_write_iter) result=0x1000
             cat-2648    [001] .....    15.638106: ovldiag_open: (ovl_open+0xb2/0x100 <- ovl_open_realfile) result=0xffff888006003800
              dd-2649    [000] .....    15.638236: ovldiag_open: (ovl_open+0xb2/0x100 <- ovl_open_realfile) result=0xffff88800dbfff00
              dd-2649    [000] .....    15.638263: ovldiag_ensure: (ovl_write_iter+0xaf/0x130 <- ovl_ensure_upper_and_switch) result=0x0
              dd-2649    [000] .....    15.638294: ovldiag_write: (ovl_write_iter+0x10c/0x130 <- backing_file_write_iter) result=0x1000
             cat-2653    [000] .....    15.640947: ovldiag_open: (ovl_open+0xb2/0x100 <- ovl_open_realfile) result=0xffff88800d990400
             cat-2654    [001] .....    15.641884: ovldiag_open: (ovl_open+0xb2/0x100 <- ovl_open_realfile) result=0xffff88800d8c8100
              dd-2660    [001] .....    15.645266: ovldiag_open: (ovl_open+0xb2/0x100 <- ovl_open_realfile) result=0xffff88800db9fb00
              dd-2660    [001] .....    15.645354: ovldiag_ensure: (ovl_write_iter+0xaf/0x130 <- ovl_ensure_upper_and_switch) result=0x0
              dd-2660    [001] .....    15.645372: ovldiag_write: (ovl_write_iter+0x10c/0x130 <- backing_file_write_iter) result=0x1000
              dd-2663    [001] .....    15.647772: ovldiag_open: (ovl_open+0xb2/0x100 <- ovl_open_realfile) result=0xffff88800452c900
              dd-2663    [001] .....    15.647802: ovldiag_ensure: (ovl_write_iter+0xaf/0x130 <- ovl_ensure_upper_and_switch) result=0x0
              dd-2663    [001] .....    15.647819: ovldiag_write: (ovl_write_iter+0x10c/0x130 <- backing_file_write_iter) result=0x1000
             cat-2665    [000] .....    15.649518: ovldiag_open: (ovl_open+0xb2/0x100 <- ovl_open_realfile) result=0xffff888003f11100
             cat-2666    [001] .....    15.650525: ovldiag_open: (ovl_open+0xb2/0x100 <- ovl_open_realfile) result=0xffff8880061d0300
              dd-2668    [000] .....    15.652386: ovldiag_open: (ovl_open+0xb2/0x100 <- ovl_open_realfile) result=0xffff88800db33a00
              dd-2668    [000] .....    15.652416: ovldiag_ensure: (ovl_write_iter+0xaf/0x130 <- ovl_ensure_upper_and_switch) result=0x0
              dd-2668    [000] .....    15.652434: ovldiag_write: (ovl_write_iter+0x10c/0x130 <- backing_file_write_iter) result=0x1000
             cat-2670    [001] .....    15.654623: ovldiag_open: (ovl_open+0xb2/0x100 <- ovl_open_realfile) result=0xffff888007164800
              dd-2672    [000] .....    15.655651: ovldiag_open: (ovl_open+0xb2/0x100 <- ovl_open_realfile) result=0xffff88800db78d00
              dd-2672    [000] .....    15.655682: ovldiag_ensure: (ovl_write_iter+0xaf/0x130 <- ovl_ensure_upper_and_switch) result=0x0
              dd-2672    [000] .....    15.655698: ovldiag_write: (ovl_write_iter+0x10c/0x130 <- backing_file_write_iter) result=0x1000
             cat-2674    [001] .....    15.655891: ovldiag_open: (ovl_open+0xb2/0x100 <- ovl_open_realfile) result=0xffff88800621b500
              dd-2679    [001] .....    15.658713: ovldiag_open: (ovl_open+0xb2/0x100 <- ovl_open_realfile) result=0xffff888008a27500
              dd-2679    [001] .....    15.658743: ovldiag_ensure: (ovl_write_iter+0xaf/0x130 <- ovl_ensure_upper_and_switch) result=0x0
              dd-2679    [001] .....    15.658760: ovldiag_write: (ovl_write_iter+0x10c/0x130 <- backing_file_write_iter) result=0x1000
             cat-2682    [001] .....    15.661081: ovldiag_open: (ovl_open+0xb2/0x100 <- ovl_open_realfile) result=0xffff8880061cc300
              dd-2684    [000] .....    15.661544: ovldiag_open: (ovl_open+0xb2/0x100 <- ovl_open_realfile) result=0xffff88800e157000
              dd-2684    [000] .....    15.661571: ovldiag_ensure: (ovl_write_iter+0xaf/0x130 <- ovl_ensure_upper_and_switch) result=0x0
              dd-2684    [000] .....    15.661588: ovldiag_write: (ovl_write_iter+0x10c/0x130 <- backing_file_write_iter) result=0x1000
             cat-2685    [000] .....    15.662871: ovldiag_open: (ovl_open+0xb2/0x100 <- ovl_open_realfile) result=0xffff888004434200
             cat-2690    [001] .....    15.666476: ovldiag_open: (ovl_open+0xb2/0x100 <- ovl_open_realfile) result=0xffff88800dbcf600
              dd-2691    [000] .....    15.666619: ovldiag_open: (ovl_open+0xb2/0x100 <- ovl_open_realfile) result=0xffff88800452cb00
              dd-2691    [000] .....    15.666651: ovldiag_ensure: (ovl_write_iter+0xaf/0x130 <- ovl_ensure_upper_and_switch) result=0x0
              dd-2691    [000] .....    15.666668: ovldiag_write: (ovl_write_iter+0x10c/0x130 <- backing_file_write_iter) result=0x1000
             cat-2693    [001] .....    15.667661: ovldiag_open: (ovl_open+0xb2/0x100 <- ovl_open_realfile) result=0xffff888008a27400
              dd-2696    [000] .....    15.669372: ovldiag_open: (ovl_open+0xb2/0x100 <- ovl_open_realfile) result=0xffff888007083300
              dd-2696    [000] .....    15.669399: ovldiag_ensure: (ovl_write_iter+0xaf/0x130 <- ovl_ensure_upper_and_switch) result=0x0
              dd-2696    [000] .....    15.669417: ovldiag_write: (ovl_write_iter+0x10c/0x130 <- backing_file_write_iter) result=0x1000
             cat-2700    [001] .....    15.672047: ovldiag_open: (ovl_open+0xb2/0x100 <- ovl_open_realfile) result=0xffff88800daab400
              dd-2701    [000] .....    15.672134: ovldiag_open: (ovl_open+0xb2/0x100 <- ovl_open_realfile) result=0xffff8880046a0400
              dd-2701    [000] .....    15.672162: ovldiag_ensure: (ovl_write_iter+0xaf/0x130 <- ovl_ensure_upper_and_switch) result=0x0
              dd-2701    [000] .....    15.672180: ovldiag_write: (ovl_write_iter+0x10c/0x130 <- backing_file_write_iter) result=0x1000
              dd-2705    [000] .....    15.674636: ovldiag_open: (ovl_open+0xb2/0x100 <- ovl_open_realfile) result=0xffff8880089e7600
              dd-2705    [000] .....    15.674664: ovldiag_ensure: (ovl_write_iter+0xaf/0x130 <- ovl_ensure_upper_and_switch) result=0x0
              dd-2705    [000] .....    15.674680: ovldiag_write: (ovl_write_iter+0x10c/0x130 <- backing_file_write_iter) result=0x1000
             cat-2704    [001] .....    15.675807: ovldiag_open: (ovl_open+0xb2/0x100 <- ovl_open_realfile) result=0xffff888008a27400
             cat-2708    [000] .....    15.676893: ovldiag_open: (ovl_open+0xb2/0x100 <- ovl_open_realfile) result=0xffff8880046f0900
              dd-2712    [000] .....    15.679526: ovldiag_open: (ovl_open+0xb2/0x100 <- ovl_open_realfile) result=0xffff888008a6f000
              dd-2712    [000] .....    15.679556: ovldiag_ensure: (ovl_write_iter+0xaf/0x130 <- ovl_ensure_upper_and_switch) result=0x0
              dd-2712    [000] .....    15.679572: ovldiag_write: (ovl_write_iter+0x10c/0x130 <- backing_file_write_iter) result=0x1000
             cat-2716    [000] .....    15.681708: ovldiag_open: (ovl_open+0xb2/0x100 <- ovl_open_realfile) result=0xffff888008a27300
              dd-2717    [001] .....    15.682771: ovldiag_open: (ovl_open+0xb2/0x100 <- ovl_open_realfile) result=0xffff888007317100
              dd-2717    [001] .....    15.682798: ovldiag_ensure: (ovl_write_iter+0xaf/0x130 <- ovl_ensure_upper_and_switch) result=0x0
              dd-2717    [001] .....    15.682815: ovldiag_write: (ovl_write_iter+0x10c/0x130 <- backing_file_write_iter) result=0x1000
             cat-2719    [001] .....    15.684325: ovldiag_open: (ovl_open+0xb2/0x100 <- ovl_open_realfile) result=0xffff88800720b100
              dd-2722    [000] .....    15.685616: ovldiag_open: (ovl_open+0xb2/0x100 <- ovl_open_realfile) result=0xffff88800e03f500
              dd-2722    [000] .....    15.685658: ovldiag_ensure: (ovl_write_iter+0xaf/0x130 <- ovl_ensure_upper_and_switch) result=0x0
              dd-2722    [000] .....    15.685674: ovldiag_write: (ovl_write_iter+0x10c/0x130 <- backing_file_write_iter) result=0x1000
             cat-2723    [001] .....    15.686560: ovldiag_open: (ovl_open+0xb2/0x100 <- ovl_open_realfile) result=0xffff888004762e00
             cat-2724    [000] .....    15.688231: ovldiag_open: (ovl_open+0xb2/0x100 <- ovl_open_realfile) result=0xffff88800702c600
              dd-2727    [000] .....    15.689273: ovldiag_open: (ovl_open+0xb2/0x100 <- ovl_open_realfile) result=0xffff888003f01c00
              dd-2727    [000] .....    15.689525: ovldiag_ensure: (ovl_write_iter+0xaf/0x130 <- ovl_ensure_upper_and_switch) result=0x0
              dd-2727    [000] .....    15.689541: ovldiag_write: (ovl_write_iter+0x10c/0x130 <- backing_file_write_iter) result=0x1000
             cat-2732    [000] .....    15.692196: ovldiag_open: (ovl_open+0xb2/0x100 <- ovl_open_realfile) result=0xffff88800d9e0b00
              dd-2735    [001] .....    15.692885: ovldiag_open: (ovl_open+0xb2/0x100 <- ovl_open_realfile) result=0xffff888008ab8c00
              dd-2735    [001] .....    15.692914: ovldiag_ensure: (ovl_write_iter+0xaf/0x130 <- ovl_ensure_upper_and_switch) result=0x0
              dd-2735    [001] .....    15.692931: ovldiag_write: (ovl_write_iter+0x10c/0x130 <- backing_file_write_iter) result=0x1000
              dd-2739    [001] .....    15.696650: ovldiag_open: (ovl_open+0xb2/0x100 <- ovl_open_realfile) result=0xffff88800621b300
              dd-2739    [001] .....    15.696678: ovldiag_ensure: (ovl_write_iter+0xaf/0x130 <- ovl_ensure_upper_and_switch) result=0x0
              dd-2739    [001] .....    15.696695: ovldiag_write: (ovl_write_iter+0x10c/0x130 <- backing_file_write_iter) result=0x1000
             cat-2740    [000] .....    15.697779: ovldiag_open: (ovl_open+0xb2/0x100 <- ovl_open_realfile) result=0xffff88800dbf0b00
             cat-2742    [001] .....    15.699085: ovldiag_open: (ovl_open+0xb2/0x100 <- ovl_open_realfile) result=0xffff888007083f00
              dd-2744    [000] .....    15.700391: ovldiag_open: (ovl_open+0xb2/0x100 <- ovl_open_realfile) result=0xffff888008ab8e00
              dd-2744    [000] .....    15.700422: ovldiag_ensure: (ovl_write_iter+0xaf/0x130 <- ovl_ensure_upper_and_switch) result=0x0
              dd-2744    [000] .....    15.700437: ovldiag_write: (ovl_write_iter+0x10c/0x130 <- backing_file_write_iter) result=0x1000
             cat-2748    [001] .....    15.702107: ovldiag_open: (ovl_open+0xb2/0x100 <- ovl_open_realfile) result=0xffff888008a6f400
             cat-2750    [000] .....    15.703657: ovldiag_open: (ovl_open+0xb2/0x100 <- ovl_open_realfile) result=0xffff88800d9e0400
              dd-2753    [000] .....    15.705429: ovldiag_open: (ovl_open+0xb2/0x100 <- ovl_open_realfile) result=0xffff8880061d0200
              dd-2753    [000] .....    15.705459: ovldiag_ensure: (ovl_write_iter+0xaf/0x130 <- ovl_ensure_upper_and_switch) result=0x0
              dd-2753    [000] .....    15.705475: ovldiag_write: (ovl_write_iter+0x10c/0x130 <- backing_file_write_iter) result=0x1000
              dd-2754    [001] .....    15.705958: ovldiag_open: (ovl_open+0xb2/0x100 <- ovl_open_realfile) result=0xffff888007281600
              dd-2754    [001] .....    15.705986: ovldiag_ensure: (ovl_write_iter+0xaf/0x130 <- ovl_ensure_upper_and_switch) result=0x0
              dd-2754    [001] .....    15.705994: ovldiag_write: (ovl_write_iter+0x10c/0x130 <- backing_file_write_iter) result=0x1000
              dd-2759    [001] .....    15.709087: ovldiag_open: (ovl_open+0xb2/0x100 <- ovl_open_realfile) result=0xffff88800d869600
              dd-2759    [001] .....    15.709117: ovldiag_ensure: (ovl_write_iter+0xaf/0x130 <- ovl_ensure_upper_and_switch) result=0x0
              dd-2759    [001] .....    15.709134: ovldiag_write: (ovl_write_iter+0x10c/0x130 <- backing_file_write_iter) result=0x1000
             cat-2760    [000] .....    15.709874: ovldiag_open: (ovl_open+0xb2/0x100 <- ovl_open_realfile) result=0xffff88800db4f200
             cat-2761    [001] .....    15.710172: ovldiag_open: (ovl_open+0xb2/0x100 <- ovl_open_realfile) result=0xffff888004720700
              dd-2767    [000] .....    15.713427: ovldiag_open: (ovl_open+0xb2/0x100 <- ovl_open_realfile) result=0xffff888008a6ff00
              dd-2767    [000] .....    15.713454: ovldiag_ensure: (ovl_write_iter+0xaf/0x130 <- ovl_ensure_upper_and_switch) result=0x0
              dd-2767    [000] .....    15.713470: ovldiag_write: (ovl_write_iter+0x10c/0x130 <- backing_file_write_iter) result=0x1000
             cat-2769    [001] .....    15.715234: ovldiag_open: (ovl_open+0xb2/0x100 <- ovl_open_realfile) result=0xffff88800d869900
             cat-2770    [000] .....    15.715639: ovldiag_open: (ovl_open+0xb2/0x100 <- ovl_open_realfile) result=0xffff88800da5c600
              dd-2775    [000] .....    15.719673: ovldiag_open: (ovl_open+0xb2/0x100 <- ovl_open_realfile) result=0xffff8880046f0b00
              dd-2775    [000] .....    15.719700: ovldiag_ensure: (ovl_write_iter+0xaf/0x130 <- ovl_ensure_upper_and_switch) result=0x0
              dd-2775    [000] .....    15.719715: ovldiag_write: (ovl_write_iter+0x10c/0x130 <- backing_file_write_iter) result=0x1000
             cat-2776    [000] .....    15.720183: ovldiag_open: (ovl_open+0xb2/0x100 <- ovl_open_realfile) result=0xffff88800727e400
              dd-2777    [001] .....    15.720243: ovldiag_open: (ovl_open+0xb2/0x100 <- ovl_open_realfile) result=0xffff8880061ea700
              dd-2777    [001] .....    15.720274: ovldiag_ensure: (ovl_write_iter+0xaf/0x130 <- ovl_ensure_upper_and_switch) result=0x0
              dd-2777    [001] .....    15.720305: ovldiag_write: (ovl_write_iter+0x10c/0x130 <- backing_file_write_iter) result=0x1000
             cat-2781    [000] .....    15.722481: ovldiag_open: (ovl_open+0xb2/0x100 <- ovl_open_realfile) result=0xffff8880061cc300
             cat-2783    [001] .....    15.724156: ovldiag_open: (ovl_open+0xb2/0x100 <- ovl_open_realfile) result=0xffff888008a27d00
              dd-2785    [001] .....    15.725202: ovldiag_open: (ovl_open+0xb2/0x100 <- ovl_open_realfile) result=0xffff88800702ca00
              dd-2785    [001] .....    15.725232: ovldiag_ensure: (ovl_write_iter+0xaf/0x130 <- ovl_ensure_upper_and_switch) result=0x0
              dd-2785    [001] .....    15.725246: ovldiag_write: (ovl_write_iter+0x10c/0x130 <- backing_file_write_iter) result=0x1000
             cat-2786    [000] .....    15.726411: ovldiag_open: (ovl_open+0xb2/0x100 <- ovl_open_realfile) result=0xffff88800d8b8e00
              dd-2793    [001] .....    15.730063: ovldiag_open: (ovl_open+0xb2/0x100 <- ovl_open_realfile) result=0xffff88800db93000
              dd-2793    [001] .....    15.730089: ovldiag_ensure: (ovl_write_iter+0xaf/0x130 <- ovl_ensure_upper_and_switch) result=0x0
              dd-2793    [001] .....    15.730104: ovldiag_write: (ovl_write_iter+0x10c/0x130 <- backing_file_write_iter) result=0x1000
             cat-2794    [000] .....    15.731012: ovldiag_open: (ovl_open+0xb2/0x100 <- ovl_open_realfile) result=0xffff88800621b900
              dd-2797    [001] .....    15.732674: ovldiag_open: (ovl_open+0xb2/0x100 <- ovl_open_realfile) result=0xffff88800dab3600
              dd-2797    [001] .....    15.732705: ovldiag_ensure: (ovl_write_iter+0xaf/0x130 <- ovl_ensure_upper_and_switch) result=0x0
              dd-2797    [001] .....    15.732721: ovldiag_write: (ovl_write_iter+0x10c/0x130 <- backing_file_write_iter) result=0x1000
              dd-2799    [001] .....    15.734102: ovldiag_open: (ovl_open+0xb2/0x100 <- ovl_open_realfile) result=0xffff8880061d0b00
              dd-2799    [001] .....    15.734129: ovldiag_ensure: (ovl_write_iter+0xaf/0x130 <- ovl_ensure_upper_and_switch) result=0x0
              dd-2799    [001] .....    15.734144: ovldiag_write: (ovl_write_iter+0x10c/0x130 <- backing_file_write_iter) result=0x1000
             cat-2801    [000] .....    15.734736: ovldiag_open: (ovl_open+0xb2/0x100 <- ovl_open_realfile) result=0xffff8880046f0e00
             cat-2802    [000] .....    15.736221: ovldiag_open: (ovl_open+0xb2/0x100 <- ovl_open_realfile) result=0xffff88800727e400
             cat-2804    [001] .....    15.736465: ovldiag_open: (ovl_open+0xb2/0x100 <- ovl_open_realfile) result=0xffff8880089f3400
              dd-2809    [001] .....    15.740125: ovldiag_open: (ovl_open+0xb2/0x100 <- ovl_open_realfile) result=0xffff88800447b400
              dd-2809    [001] .....    15.740154: ovldiag_ensure: (ovl_write_iter+0xaf/0x130 <- ovl_ensure_upper_and_switch) result=0x0
              dd-2809    [001] .....    15.740170: ovldiag_write: (ovl_write_iter+0x10c/0x130 <- backing_file_write_iter) result=0x1000
             cat-2810    [000] .....    15.741184: ovldiag_open: (ovl_open+0xb2/0x100 <- ovl_open_realfile) result=0xffff8880046e3200
              dd-2813    [000] .....    15.743209: ovldiag_open: (ovl_open+0xb2/0x100 <- ovl_open_realfile) result=0xffff88800db35000
              dd-2813    [000] .....    15.743239: ovldiag_ensure: (ovl_write_iter+0xaf/0x130 <- ovl_ensure_upper_and_switch) result=0x0
              dd-2813    [000] .....    15.743255: ovldiag_write: (ovl_write_iter+0x10c/0x130 <- backing_file_write_iter) result=0x1000
             cat-2818    [000] .....    15.746326: ovldiag_open: (ovl_open+0xb2/0x100 <- ovl_open_realfile) result=0xffff888007083400
              dd-2819    [001] .....    15.746425: ovldiag_open: (ovl_open+0xb2/0x100 <- ovl_open_realfile) result=0xffff888004415900
              dd-2819    [001] .....    15.746456: ovldiag_ensure: (ovl_write_iter+0xaf/0x130 <- ovl_ensure_upper_and_switch) result=0x0
              dd-2819    [001] .....    15.746472: ovldiag_write: (ovl_write_iter+0x10c/0x130 <- backing_file_write_iter) result=0x1000
              dd-2823    [000] .....    15.749243: ovldiag_open: (ovl_open+0xb2/0x100 <- ovl_open_realfile) result=0xffff88800a66d800
              dd-2823    [000] .....    15.749270: ovldiag_ensure: (ovl_write_iter+0xaf/0x130 <- ovl_ensure_upper_and_switch) result=0x0
             cat-2822    [001] .....    15.749696: ovldiag_open: (ovl_open+0xb2/0x100 <- ovl_open_realfile) result=0xffff888007281800
              dd-2823    [000] .....    15.749891: ovldiag_write: (ovl_write_iter+0x10c/0x130 <- backing_file_write_iter) result=0x1000
             cat-2825    [000] .....    15.751602: ovldiag_open: (ovl_open+0xb2/0x100 <- ovl_open_realfile) result=0xffff8880046c6300
             cat-2829    [001] .....    15.752700: ovldiag_open: (ovl_open+0xb2/0x100 <- ovl_open_realfile) result=0xffff8880072ede00
              dd-2832    [001] .....    15.754228: ovldiag_open: (ovl_open+0xb2/0x100 <- ovl_open_realfile) result=0xffff88800452c600
              dd-2832    [001] .....    15.754259: ovldiag_ensure: (ovl_write_iter+0xaf/0x130 <- ovl_ensure_upper_and_switch) result=0x0
              dd-2832    [001] .....    15.754275: ovldiag_write: (ovl_write_iter+0x10c/0x130 <- backing_file_write_iter) result=0x1000
             cat-2835    [001] .....    15.756838: ovldiag_open: (ovl_open+0xb2/0x100 <- ovl_open_realfile) result=0xffff88800610a300
              dd-2836    [001] .....    15.757170: ovldiag_open: (ovl_open+0xb2/0x100 <- ovl_open_realfile) result=0xffff88800610a600
              dd-2836    [001] .....    15.757201: ovldiag_ensure: (ovl_write_iter+0xaf/0x130 <- ovl_ensure_upper_and_switch) result=0x0
              dd-2836    [001] .....    15.757217: ovldiag_write: (ovl_write_iter+0x10c/0x130 <- backing_file_write_iter) result=0x1000
              dd-2841    [001] .....    15.760202: ovldiag_open: (ovl_open+0xb2/0x100 <- ovl_open_realfile) result=0xffff88800e16db00
              dd-2841    [001] .....    15.760232: ovldiag_ensure: (ovl_write_iter+0xaf/0x130 <- ovl_ensure_upper_and_switch) result=0x0
              dd-2841    [001] .....    15.760248: ovldiag_write: (ovl_write_iter+0x10c/0x130 <- backing_file_write_iter) result=0x1000
             cat-2842    [001] .....    15.761089: ovldiag_open: (ovl_open+0xb2/0x100 <- ovl_open_realfile) result=0xffff88800727a300
             cat-2843    [000] .....    15.761748: ovldiag_open: (ovl_open+0xb2/0x100 <- ovl_open_realfile) result=0xffff88800727e100
              dd-2847    [000] .....    15.763264: ovldiag_open: (ovl_open+0xb2/0x100 <- ovl_open_realfile) result=0xffff8880089f3f00
              dd-2847    [000] .....    15.763316: ovldiag_ensure: (ovl_write_iter+0xaf/0x130 <- ovl_ensure_upper_and_switch) result=0x0
              dd-2847    [000] .....    15.763331: ovldiag_write: (ovl_write_iter+0x10c/0x130 <- backing_file_write_iter) result=0x1000
             cat-2850    [000] .....    15.765922: ovldiag_open: (ovl_open+0xb2/0x100 <- ovl_open_realfile) result=0xffff888008a6ff00
             cat-2849    [001] .....    15.767069: ovldiag_open: (ovl_open+0xb2/0x100 <- ovl_open_realfile) result=0xffff88800e16d900
              dd-2856    [001] .....    15.769893: ovldiag_open: (ovl_open+0xb2/0x100 <- ovl_open_realfile) result=0xffff8880071ce700
              dd-2856    [001] .....    15.769923: ovldiag_ensure: (ovl_write_iter+0xaf/0x130 <- ovl_ensure_upper_and_switch) result=0x0
              dd-2856    [001] .....    15.769939: ovldiag_write: (ovl_write_iter+0x10c/0x130 <- backing_file_write_iter) result=0x1000
              dd-2859    [000] .....    15.771560: ovldiag_open: (ovl_open+0xb2/0x100 <- ovl_open_realfile) result=0xffff88800daa4000
              dd-2859    [000] .....    15.771587: ovldiag_ensure: (ovl_write_iter+0xaf/0x130 <- ovl_ensure_upper_and_switch) result=0x0
              dd-2859    [000] .....    15.771603: ovldiag_write: (ovl_write_iter+0x10c/0x130 <- backing_file_write_iter) result=0x1000
             cat-2860    [001] .....    15.772486: ovldiag_open: (ovl_open+0xb2/0x100 <- ovl_open_realfile) result=0xffff88800447be00
             cat-2862    [001] .....    15.773901: ovldiag_open: (ovl_open+0xb2/0x100 <- ovl_open_realfile) result=0xffff8880072ed500
              dd-2864    [001] .....    15.774921: ovldiag_open: (ovl_open+0xb2/0x100 <- ovl_open_realfile) result=0xffff8880089e7600
              dd-2864    [001] .....    15.774948: ovldiag_ensure: (ovl_write_iter+0xaf/0x130 <- ovl_ensure_upper_and_switch) result=0x0
              dd-2864    [001] .....    15.774964: ovldiag_write: (ovl_write_iter+0x10c/0x130 <- backing_file_write_iter) result=0x1000
             cat-2865    [000] .....    15.775935: ovldiag_open: (ovl_open+0xb2/0x100 <- ovl_open_realfile) result=0xffff88800d88f600
              dd-2866    [000] .....    15.776966: ovldiag_open: (ovl_open+0xb2/0x100 <- ovl_open_realfile) result=0xffff88800da74100
              dd-2866    [000] .....    15.776996: ovldiag_ensure: (ovl_write_iter+0xaf/0x130 <- ovl_ensure_upper_and_switch) result=0x0
              dd-2866    [000] .....    15.777009: ovldiag_write: (ovl_write_iter+0x10c/0x130 <- backing_file_write_iter) result=0x1000
             cat-2870    [000] .....    15.779265: ovldiag_open: (ovl_open+0xb2/0x100 <- ovl_open_realfile) result=0xffff88800727e000
              dd-2876    [000] .....    15.782652: ovldiag_open: (ovl_open+0xb2/0x100 <- ovl_open_realfile) result=0xffff888008a7c000
              dd-2876    [000] .....    15.782683: ovldiag_ensure: (ovl_write_iter+0xaf/0x130 <- ovl_ensure_upper_and_switch) result=0x0
              dd-2876    [000] .....    15.782697: ovldiag_write: (ovl_write_iter+0x10c/0x130 <- backing_file_write_iter) result=0x1000
             cat-2877    [001] .....    15.782870: ovldiag_open: (ovl_open+0xb2/0x100 <- ovl_open_realfile) result=0xffff888007083c00
              dd-2881    [001] .....    15.784561: ovldiag_open: (ovl_open+0xb2/0x100 <- ovl_open_realfile) result=0xffff888007164200
              dd-2881    [001] .....    15.784589: ovldiag_ensure: (ovl_write_iter+0xaf/0x130 <- ovl_ensure_upper_and_switch) result=0x0
              dd-2881    [001] .....    15.784604: ovldiag_write: (ovl_write_iter+0x10c/0x130 <- backing_file_write_iter) result=0x1000
             cat-2882    [001] .....    15.786826: ovldiag_open: (ovl_open+0xb2/0x100 <- ovl_open_realfile) result=0xffff88800720de00
             cat-2886    [000] .....    15.788102: ovldiag_open: (ovl_open+0xb2/0x100 <- ovl_open_realfile) result=0xffff8880089f3700
              dd-2890    [001] .....    15.791260: ovldiag_open: (ovl_open+0xb2/0x100 <- ovl_open_realfile) result=0xffff88800a738100
              dd-2890    [001] .....    15.791306: ovldiag_ensure: (ovl_write_iter+0xaf/0x130 <- ovl_ensure_upper_and_switch) result=0x0
             cat-2891    [000] .....    15.791513: ovldiag_open: (ovl_open+0xb2/0x100 <- ovl_open_realfile) result=0xffff8880071ce300
              dd-2890    [001] .....    15.791961: ovldiag_write: (ovl_write_iter+0x10c/0x130 <- backing_file_write_iter) result=0x1000
              dd-2893    [000] .....    15.793971: ovldiag_open: (ovl_open+0xb2/0x100 <- ovl_open_realfile) result=0xffff8880061cce00
              dd-2893    [000] .....    15.794001: ovldiag_ensure: (ovl_write_iter+0xaf/0x130 <- ovl_ensure_upper_and_switch) result=0x0
              dd-2893    [000] .....    15.794016: ovldiag_write: (ovl_write_iter+0x10c/0x130 <- backing_file_write_iter) result=0x1000
             cat-2896    [000] .....    15.795182: ovldiag_open: (ovl_open+0xb2/0x100 <- ovl_open_realfile) result=0xffff88800452c700
             cat-2898    [000] .....    15.796209: ovldiag_open: (ovl_open+0xb2/0x100 <- ovl_open_realfile) result=0xffff8880046f0700
              dd-2902    [001] .....    15.798649: ovldiag_open: (ovl_open+0xb2/0x100 <- ovl_open_realfile) result=0xffff88800d87a100
              dd-2902    [001] .....    15.798680: ovldiag_ensure: (ovl_write_iter+0xaf/0x130 <- ovl_ensure_upper_and_switch) result=0x0
              dd-2902    [001] .....    15.798696: ovldiag_write: (ovl_write_iter+0x10c/0x130 <- backing_file_write_iter) result=0x1000
              dd-2900    [000] .....    15.798761: ovldiag_open: (ovl_open+0xb2/0x100 <- ovl_open_realfile) result=0xffff8880046c6000
              dd-2900    [000] .....    15.798790: ovldiag_ensure: (ovl_write_iter+0xaf/0x130 <- ovl_ensure_upper_and_switch) result=0x0
              dd-2900    [000] .....    15.798806: ovldiag_write: (ovl_write_iter+0x10c/0x130 <- backing_file_write_iter) result=0x1000
             cat-2905    [001] .....    15.800655: ovldiag_open: (ovl_open+0xb2/0x100 <- ovl_open_realfile) result=0xffff88800d87a000
             cat-2907    [001] .....    15.801989: ovldiag_open: (ovl_open+0xb2/0x100 <- ovl_open_realfile) result=0xffff888008a7c200
              dd-2912    [000] .....    15.805123: ovldiag_open: (ovl_open+0xb2/0x100 <- ovl_open_realfile) result=0xffff8880046c6300
              dd-2912    [000] .....    15.805150: ovldiag_ensure: (ovl_write_iter+0xaf/0x130 <- ovl_ensure_upper_and_switch) result=0x0
              dd-2912    [000] .....    15.805165: ovldiag_write: (ovl_write_iter+0x10c/0x130 <- backing_file_write_iter) result=0x1000
             cat-2915    [000] .....    15.806927: ovldiag_open: (ovl_open+0xb2/0x100 <- ovl_open_realfile) result=0xffff888003f01b00
              dd-2916    [001] .....    15.807171: ovldiag_open: (ovl_open+0xb2/0x100 <- ovl_open_realfile) result=0xffff888008a27500
              dd-2916    [001] .....    15.807201: ovldiag_ensure: (ovl_write_iter+0xaf/0x130 <- ovl_ensure_upper_and_switch) result=0x0
              dd-2916    [001] .....    15.807217: ovldiag_write: (ovl_write_iter+0x10c/0x130 <- backing_file_write_iter) result=0x1000
             cat-2919    [001] .....    15.809530: ovldiag_open: (ovl_open+0xb2/0x100 <- ovl_open_realfile) result=0xffff88800d9f1f00
             cat-2921    [000] .....    15.810613: ovldiag_open: (ovl_open+0xb2/0x100 <- ovl_open_realfile) result=0xffff88800604aa00
              dd-2926    [000] .....    15.813638: ovldiag_open: (ovl_open+0xb2/0x100 <- ovl_open_realfile) result=0xffff8880061d0400
              dd-2926    [000] .....    15.813665: ovldiag_ensure: (ovl_write_iter+0xaf/0x130 <- ovl_ensure_upper_and_switch) result=0x0
              dd-2926    [000] .....    15.813681: ovldiag_write: (ovl_write_iter+0x10c/0x130 <- backing_file_write_iter) result=0x1000
              dd-2925    [001] .....    15.813694: ovldiag_open: (ovl_open+0xb2/0x100 <- ovl_open_realfile) result=0xffff888008a80f00
              dd-2925    [001] .....    15.813722: ovldiag_ensure: (ovl_write_iter+0xaf/0x130 <- ovl_ensure_upper_and_switch) result=0x0
              dd-2925    [001] .....    15.813738: ovldiag_write: (ovl_write_iter+0x10c/0x130 <- backing_file_write_iter) result=0x1000
             cat-2927    [001] .....    15.814733: ovldiag_open: (ovl_open+0xb2/0x100 <- ovl_open_realfile) result=0xffff88800621b100
             cat-2931    [000] .....    15.816717: ovldiag_open: (ovl_open+0xb2/0x100 <- ovl_open_realfile) result=0xffff88800447b500
              dd-2935    [000] .....    15.819397: ovldiag_open: (ovl_open+0xb2/0x100 <- ovl_open_realfile) result=0xffff8880046f0b00
              dd-2935    [000] .....    15.819427: ovldiag_ensure: (ovl_write_iter+0xaf/0x130 <- ovl_ensure_upper_and_switch) result=0x0
              dd-2935    [000] .....    15.819443: ovldiag_write: (ovl_write_iter+0x10c/0x130 <- backing_file_write_iter) result=0x1000
             cat-2936    [001] .....    15.819836: ovldiag_open: (ovl_open+0xb2/0x100 <- ovl_open_realfile) result=0xffff8880072ed400
              dd-2937    [001] .....    15.820989: ovldiag_open: (ovl_open+0xb2/0x100 <- ovl_open_realfile) result=0xffff88800713d700
              dd-2937    [001] .....    15.821017: ovldiag_ensure: (ovl_write_iter+0xaf/0x130 <- ovl_ensure_upper_and_switch) result=0x0
              dd-2937    [001] .....    15.821034: ovldiag_write: (ovl_write_iter+0x10c/0x130 <- backing_file_write_iter) result=0x1000
             cat-2939    [000] .....    15.821595: ovldiag_open: (ovl_open+0xb2/0x100 <- ovl_open_realfile) result=0xffff88800610d200
             cat-2946    [001] .....    15.826428: ovldiag_open: (ovl_open+0xb2/0x100 <- ovl_open_realfile) result=0xffff88800e12ac00
              dd-2947    [000] .....    15.827011: ovldiag_open: (ovl_open+0xb2/0x100 <- ovl_open_realfile) result=0xffff88800d9c8700
              dd-2947    [000] .....    15.827051: ovldiag_ensure: (ovl_write_iter+0xaf/0x130 <- ovl_ensure_upper_and_switch) result=0x0
              dd-2947    [000] .....    15.827068: ovldiag_write: (ovl_write_iter+0x10c/0x130 <- backing_file_write_iter) result=0x1000
              dd-2948    [001] .....    15.828679: ovldiag_open: (ovl_open+0xb2/0x100 <- ovl_open_realfile) result=0xffff8880089e7300
              dd-2948    [001] .....    15.828707: ovldiag_ensure: (ovl_write_iter+0xaf/0x130 <- ovl_ensure_upper_and_switch) result=0x0
              dd-2948    [001] .....    15.828724: ovldiag_write: (ovl_write_iter+0x10c/0x130 <- backing_file_write_iter) result=0x1000
             cat-2951    [000] .....    15.829775: ovldiag_open: (ovl_open+0xb2/0x100 <- ovl_open_realfile) result=0xffff88800621b500
             cat-2955    [001] .....    15.832134: ovldiag_open: (ovl_open+0xb2/0x100 <- ovl_open_realfile) result=0xffff88800dbce600
             cat-2956    [000] .....    15.833463: ovldiag_open: (ovl_open+0xb2/0x100 <- ovl_open_realfile) result=0xffff88800e148700
              dd-2960    [001] .....    15.834988: ovldiag_open: (ovl_open+0xb2/0x100 <- ovl_open_realfile) result=0xffff88800423d000
              dd-2960    [001] .....    15.835018: ovldiag_ensure: (ovl_write_iter+0xaf/0x130 <- ovl_ensure_upper_and_switch) result=0x0
              dd-2960    [001] .....    15.835035: ovldiag_write: (ovl_write_iter+0x10c/0x130 <- backing_file_write_iter) result=0x1000
              dd-2961    [000] .....    15.836401: ovldiag_open: (ovl_open+0xb2/0x100 <- ovl_open_realfile) result=0xffff88800471df00
              dd-2961    [000] .....    15.836432: ovldiag_ensure: (ovl_write_iter+0xaf/0x130 <- ovl_ensure_upper_and_switch) result=0x0
              dd-2961    [000] .....    15.836448: ovldiag_write: (ovl_write_iter+0x10c/0x130 <- backing_file_write_iter) result=0x1000
             cat-2966    [001] .....    15.838392: ovldiag_open: (ovl_open+0xb2/0x100 <- ovl_open_realfile) result=0xffff8880061cc100
              dd-2968    [000] .....    15.839790: ovldiag_open: (ovl_open+0xb2/0x100 <- ovl_open_realfile) result=0xffff8880061e4d00
              dd-2968    [000] .....    15.839820: ovldiag_ensure: (ovl_write_iter+0xaf/0x130 <- ovl_ensure_upper_and_switch) result=0x0
              dd-2968    [000] .....    15.839837: ovldiag_write: (ovl_write_iter+0x10c/0x130 <- backing_file_write_iter) result=0x1000
             cat-2971    [001] .....    15.841905: ovldiag_open: (ovl_open+0xb2/0x100 <- ovl_open_realfile) result=0xffff888007083400
              dd-2972    [000] .....    15.842981: ovldiag_open: (ovl_open+0xb2/0x100 <- ovl_open_realfile) result=0xffff8880089f3f00
              dd-2972    [000] .....    15.843008: ovldiag_ensure: (ovl_write_iter+0xaf/0x130 <- ovl_ensure_upper_and_switch) result=0x0
              dd-2972    [000] .....    15.843023: ovldiag_write: (ovl_write_iter+0x10c/0x130 <- backing_file_write_iter) result=0x1000
             cat-2973    [001] .....    15.844229: ovldiag_open: (ovl_open+0xb2/0x100 <- ovl_open_realfile) result=0xffff88800727a400
             cat-2976    [000] .....    15.844789: ovldiag_open: (ovl_open+0xb2/0x100 <- ovl_open_realfile) result=0xffff8880071ce700
             cat-2981    [001] .....    15.848317: ovldiag_open: (ovl_open+0xb2/0x100 <- ovl_open_realfile) result=0xffff88800daa9100
              dd-2982    [000] .....    15.849079: ovldiag_open: (ovl_open+0xb2/0x100 <- ovl_open_realfile) result=0xffff8880061e4300
              dd-2982    [000] .....    15.849109: ovldiag_ensure: (ovl_write_iter+0xaf/0x130 <- ovl_ensure_upper_and_switch) result=0x0
              dd-2982    [000] .....    15.849124: ovldiag_write: (ovl_write_iter+0x10c/0x130 <- backing_file_write_iter) result=0x1000
              dd-2985    [001] .....    15.850535: ovldiag_open: (ovl_open+0xb2/0x100 <- ovl_open_realfile) result=0xffff88800da37400
              dd-2985    [001] .....    15.850563: ovldiag_ensure: (ovl_write_iter+0xaf/0x130 <- ovl_ensure_upper_and_switch) result=0x0
              dd-2985    [001] .....    15.850579: ovldiag_write: (ovl_write_iter+0x10c/0x130 <- backing_file_write_iter) result=0x1000
              dd-2989    [000] .....    15.853488: ovldiag_open: (ovl_open+0xb2/0x100 <- ovl_open_realfile) result=0xffff888004798400
              dd-2989    [000] .....    15.853519: ovldiag_ensure: (ovl_write_iter+0xaf/0x130 <- ovl_ensure_upper_and_switch) result=0x0
              dd-2989    [000] .....    15.853535: ovldiag_write: (ovl_write_iter+0x10c/0x130 <- backing_file_write_iter) result=0x1000
             cat-2990    [001] .....    15.853612: ovldiag_open: (ovl_open+0xb2/0x100 <- ovl_open_realfile) result=0xffff88800d916700
             cat-2991    [001] .....    15.854711: ovldiag_open: (ovl_open+0xb2/0x100 <- ovl_open_realfile) result=0xffff888008a6fe00
             cat-2994    [000] .....    15.856329: ovldiag_open: (ovl_open+0xb2/0x100 <- ovl_open_realfile) result=0xffff88800720b500
             cat-2999    [000] .....    15.858245: ovldiag_open: (ovl_open+0xb2/0x100 <- ovl_open_realfile) result=0xffff88800727e700
              dd-2998    [001] .....    15.860295: ovldiag_open: (ovl_open+0xb2/0x100 <- ovl_open_realfile) result=0xffff88800dbf9700
              dd-2998    [001] .....    15.860327: ovldiag_ensure: (ovl_write_iter+0xaf/0x130 <- ovl_ensure_upper_and_switch) result=0x0
              dd-2998    [001] .....    15.860343: ovldiag_write: (ovl_write_iter+0x10c/0x130 <- backing_file_write_iter) result=0x1000
              dd-3005    [001] .....    15.863718: ovldiag_open: (ovl_open+0xb2/0x100 <- ovl_open_realfile) result=0xffff888007164900
              dd-3005    [001] .....    15.863746: ovldiag_ensure: (ovl_write_iter+0xaf/0x130 <- ovl_ensure_upper_and_switch) result=0x0
              dd-3005    [001] .....    15.863762: ovldiag_write: (ovl_write_iter+0x10c/0x130 <- backing_file_write_iter) result=0x1000
              dd-3006    [000] .....    15.863863: ovldiag_open: (ovl_open+0xb2/0x100 <- ovl_open_realfile) result=0xffff88800702c900
              dd-3006    [000] .....    15.863891: ovldiag_ensure: (ovl_write_iter+0xaf/0x130 <- ovl_ensure_upper_and_switch) result=0x0
              dd-3006    [000] .....    15.863908: ovldiag_write: (ovl_write_iter+0x10c/0x130 <- backing_file_write_iter) result=0x1000
             cat-3008    [001] .....    15.865278: ovldiag_open: (ovl_open+0xb2/0x100 <- ovl_open_realfile) result=0xffff88800db44600
              dd-3011    [000] .....    15.866745: ovldiag_open: (ovl_open+0xb2/0x100 <- ovl_open_realfile) result=0xffff888006003800
              dd-3011    [000] .....    15.866774: ovldiag_ensure: (ovl_write_iter+0xaf/0x130 <- ovl_ensure_upper_and_switch) result=0x0
              dd-3011    [000] .....    15.866790: ovldiag_write: (ovl_write_iter+0x10c/0x130 <- backing_file_write_iter) result=0x1000
             cat-3010    [001] .....    15.866929: ovldiag_open: (ovl_open+0xb2/0x100 <- ovl_open_realfile) result=0xffff88800dbf9f00
             cat-3014    [001] .....    15.868729: ovldiag_open: (ovl_open+0xb2/0x100 <- ovl_open_realfile) result=0xffff88800a796400
             cat-3015    [001] .....    15.870801: ovldiag_open: (ovl_open+0xb2/0x100 <- ovl_open_realfile) result=0xffff88800452cc00
              dd-3022    [000] .....    15.873318: ovldiag_open: (ovl_open+0xb2/0x100 <- ovl_open_realfile) result=0xffff88800d8baf00
              dd-3022    [000] .....    15.873346: ovldiag_ensure: (ovl_write_iter+0xaf/0x130 <- ovl_ensure_upper_and_switch) result=0x0
              dd-3022    [000] .....    15.873361: ovldiag_write: (ovl_write_iter+0x10c/0x130 <- backing_file_write_iter) result=0x1000
              dd-3026    [000] .....    15.876893: ovldiag_open: (ovl_open+0xb2/0x100 <- ovl_open_realfile) result=0xffff88800db27b00
              dd-3026    [000] .....    15.876923: ovldiag_ensure: (ovl_write_iter+0xaf/0x130 <- ovl_ensure_upper_and_switch) result=0x0
             cat-3025    [001] .....    15.876925: ovldiag_open: (ovl_open+0xb2/0x100 <- ovl_open_realfile) result=0xffff88800727e700
              dd-3026    [000] .....    15.876940: ovldiag_write: (ovl_write_iter+0x10c/0x130 <- backing_file_write_iter) result=0x1000
              dd-3027    [001] .....    15.878207: ovldiag_open: (ovl_open+0xb2/0x100 <- ovl_open_realfile) result=0xffff88800da95700
              dd-3027    [001] .....    15.878235: ovldiag_ensure: (ovl_write_iter+0xaf/0x130 <- ovl_ensure_upper_and_switch) result=0x0
              dd-3027    [001] .....    15.878251: ovldiag_write: (ovl_write_iter+0x10c/0x130 <- backing_file_write_iter) result=0x1000
             cat-3032    [001] .....    15.881598: ovldiag_open: (ovl_open+0xb2/0x100 <- ovl_open_realfile) result=0xffff888008a6fa00
              dd-3035    [000] .....    15.881794: ovldiag_open: (ovl_open+0xb2/0x100 <- ovl_open_realfile) result=0xffff88800452c900
              dd-3035    [000] .....    15.881824: ovldiag_ensure: (ovl_write_iter+0xaf/0x130 <- ovl_ensure_upper_and_switch) result=0x0
              dd-3035    [000] .....    15.881840: ovldiag_write: (ovl_write_iter+0x10c/0x130 <- backing_file_write_iter) result=0x1000
             cat-3034    [001] .....    15.882867: ovldiag_open: (ovl_open+0xb2/0x100 <- ovl_open_realfile) result=0xffff888008ab8b00
             cat-3033    [000] .....    15.883127: ovldiag_open: (ovl_open+0xb2/0x100 <- ovl_open_realfile) result=0xffff88800e02d100
              dd-3041    [000] .....    15.886857: ovldiag_open: (ovl_open+0xb2/0x100 <- ovl_open_realfile) result=0xffff888006104500
              dd-3041    [000] .....    15.886888: ovldiag_ensure: (ovl_write_iter+0xaf/0x130 <- ovl_ensure_upper_and_switch) result=0x0
              dd-3041    [000] .....    15.886903: ovldiag_write: (ovl_write_iter+0x10c/0x130 <- backing_file_write_iter) result=0x1000
             cat-3044    [000] .....    15.888395: ovldiag_open: (ovl_open+0xb2/0x100 <- ovl_open_realfile) result=0xffff88800e009a00
              dd-3047    [001] .....    15.890132: ovldiag_open: (ovl_open+0xb2/0x100 <- ovl_open_realfile) result=0xffff8880047ff500
              dd-3047    [001] .....    15.890161: ovldiag_ensure: (ovl_write_iter+0xaf/0x130 <- ovl_ensure_upper_and_switch) result=0x0
              dd-3047    [001] .....    15.890176: ovldiag_write: (ovl_write_iter+0x10c/0x130 <- backing_file_write_iter) result=0x1000
              dd-3048    [000] .....    15.890859: ovldiag_open: (ovl_open+0xb2/0x100 <- ovl_open_realfile) result=0xffff888007083f00
              dd-3048    [000] .....    15.890887: ovldiag_ensure: (ovl_write_iter+0xaf/0x130 <- ovl_ensure_upper_and_switch) result=0x0
              dd-3048    [000] .....    15.890902: ovldiag_write: (ovl_write_iter+0x10c/0x130 <- backing_file_write_iter) result=0x1000
             cat-3052    [001] .....    15.893244: ovldiag_open: (ovl_open+0xb2/0x100 <- ovl_open_realfile) result=0xffff88800e0f9f00
             cat-3055    [001] .....    15.894669: ovldiag_open: (ovl_open+0xb2/0x100 <- ovl_open_realfile) result=0xffff88800db96d00
             cat-3053    [000] .....    15.895354: ovldiag_open: (ovl_open+0xb2/0x100 <- ovl_open_realfile) result=0xffff8880071d1400
              dd-3056    [000] .....    15.897416: ovldiag_open: (ovl_open+0xb2/0x100 <- ovl_open_realfile) result=0xffff88800d9b1200
              dd-3056    [000] .....    15.897444: ovldiag_ensure: (ovl_write_iter+0xaf/0x130 <- ovl_ensure_upper_and_switch) result=0x0
              dd-3056    [000] .....    15.897461: ovldiag_write: (ovl_write_iter+0x10c/0x130 <- backing_file_write_iter) result=0x1000
             cat-3062    [000] .....    15.900333: ovldiag_open: (ovl_open+0xb2/0x100 <- ovl_open_realfile) result=0xffff88800452cb00
              dd-3064    [001] .....    15.900509: ovldiag_open: (ovl_open+0xb2/0x100 <- ovl_open_realfile) result=0xffff888004798000
              dd-3064    [001] .....    15.900540: ovldiag_ensure: (ovl_write_iter+0xaf/0x130 <- ovl_ensure_upper_and_switch) result=0x0
              dd-3064    [001] .....    15.900556: ovldiag_write: (ovl_write_iter+0x10c/0x130 <- backing_file_write_iter) result=0x1000
              dd-3067    [001] .....    15.903010: ovldiag_open: (ovl_open+0xb2/0x100 <- ovl_open_realfile) result=0xffff88800db59b00
              dd-3067    [001] .....    15.903040: ovldiag_ensure: (ovl_write_iter+0xaf/0x130 <- ovl_ensure_upper_and_switch) result=0x0
              dd-3067    [001] .....    15.903056: ovldiag_write: (ovl_write_iter+0x10c/0x130 <- backing_file_write_iter) result=0x1000
             cat-3070    [000] .....    15.904414: ovldiag_open: (ovl_open+0xb2/0x100 <- ovl_open_realfile) result=0xffff88800e14f800
              dd-3069    [001] .....    15.905347: ovldiag_open: (ovl_open+0xb2/0x100 <- ovl_open_realfile) result=0xffff888004681500
              dd-3069    [001] .....    15.905376: ovldiag_ensure: (ovl_write_iter+0xaf/0x130 <- ovl_ensure_upper_and_switch) result=0x0
              dd-3069    [001] .....    15.905392: ovldiag_write: (ovl_write_iter+0x10c/0x130 <- backing_file_write_iter) result=0x1000
             cat-3074    [001] .....    15.906637: ovldiag_open: (ovl_open+0xb2/0x100 <- ovl_open_realfile) result=0xffff88800713d600
             cat-3071    [000] .....    15.906902: ovldiag_open: (ovl_open+0xb2/0x100 <- ovl_open_realfile) result=0xffff8880046e3400
             cat-3079    [000] .....    15.910463: ovldiag_open: (ovl_open+0xb2/0x100 <- ovl_open_realfile) result=0xffff8880089e7600
              dd-3083    [000] .....    15.912243: ovldiag_open: (ovl_open+0xb2/0x100 <- ovl_open_realfile) result=0xffff888004467400
              dd-3083    [000] .....    15.912273: ovldiag_ensure: (ovl_write_iter+0xaf/0x130 <- ovl_ensure_upper_and_switch) result=0x0
              dd-3083    [000] .....    15.912417: ovldiag_write: (ovl_write_iter+0x10c/0x130 <- backing_file_write_iter) result=0x1000
              dd-3085    [000] .....    15.914204: ovldiag_open: (ovl_open+0xb2/0x100 <- ovl_open_realfile) result=0xffff88800dbf5600
              dd-3085    [000] .....    15.914232: ovldiag_ensure: (ovl_write_iter+0xaf/0x130 <- ovl_ensure_upper_and_switch) result=0x0
              dd-3085    [000] .....    15.914247: ovldiag_write: (ovl_write_iter+0x10c/0x130 <- backing_file_write_iter) result=0x1000
             cat-3087    [001] .....    15.915596: ovldiag_open: (ovl_open+0xb2/0x100 <- ovl_open_realfile) result=0xffff88800471df00
              dd-3089    [000] .....    15.916201: ovldiag_open: (ovl_open+0xb2/0x100 <- ovl_open_realfile) result=0xffff8880046f0500
              dd-3089    [000] .....    15.916231: ovldiag_ensure: (ovl_write_iter+0xaf/0x130 <- ovl_ensure_upper_and_switch) result=0x0
              dd-3089    [000] .....    15.916246: ovldiag_write: (ovl_write_iter+0x10c/0x130 <- backing_file_write_iter) result=0x1000
             cat-3091    [001] .....    15.917045: ovldiag_open: (ovl_open+0xb2/0x100 <- ovl_open_realfile) result=0xffff88800727af00
              dd-3095    [000] .....    15.920245: ovldiag_open: (ovl_open+0xb2/0x100 <- ovl_open_realfile) result=0xffff88800d9e1100
             cat-3094    [001] .....    15.920253: ovldiag_open: (ovl_open+0xb2/0x100 <- ovl_open_realfile) result=0xffff888006126f00
              dd-3095    [000] .....    15.920273: ovldiag_ensure: (ovl_write_iter+0xaf/0x130 <- ovl_ensure_upper_and_switch) result=0x0
              dd-3095    [000] .....    15.920334: ovldiag_write: (ovl_write_iter+0x10c/0x130 <- backing_file_write_iter) result=0x1000
             cat-3098    [001] .....    15.921972: ovldiag_open: (ovl_open+0xb2/0x100 <- ovl_open_realfile) result=0xffff8880061d0500
              dd-3104    [000] .....    15.925665: ovldiag_open: (ovl_open+0xb2/0x100 <- ovl_open_realfile) result=0xffff88800a72f600
              dd-3104    [000] .....    15.925692: ovldiag_ensure: (ovl_write_iter+0xaf/0x130 <- ovl_ensure_upper_and_switch) result=0x0
              dd-3104    [000] .....    15.925708: ovldiag_write: (ovl_write_iter+0x10c/0x130 <- backing_file_write_iter) result=0x1000
             cat-3106    [001] .....    15.927479: ovldiag_open: (ovl_open+0xb2/0x100 <- ovl_open_realfile) result=0xffff88800d9e1200
             cat-3108    [000] .....    15.928026: ovldiag_open: (ovl_open+0xb2/0x100 <- ovl_open_realfile) result=0xffff8880071ccb00
              dd-3107    [001] .....    15.928827: ovldiag_open: (ovl_open+0xb2/0x100 <- ovl_open_realfile) result=0xffff888004762e00
              dd-3107    [001] .....    15.928870: ovldiag_ensure: (ovl_write_iter+0xaf/0x130 <- ovl_ensure_upper_and_switch) result=0x0
              dd-3107    [001] .....    15.928885: ovldiag_write: (ovl_write_iter+0x10c/0x130 <- backing_file_write_iter) result=0x1000
             cat-3113    [001] .....    15.931774: ovldiag_open: (ovl_open+0xb2/0x100 <- ovl_open_realfile) result=0xffff88800471d600
              dd-3112    [000] .....    15.931964: ovldiag_open: (ovl_open+0xb2/0x100 <- ovl_open_realfile) result=0xffff88800447b500
              dd-3112    [000] .....    15.931995: ovldiag_ensure: (ovl_write_iter+0xaf/0x130 <- ovl_ensure_upper_and_switch) result=0x0
              dd-3112    [000] .....    15.932011: ovldiag_write: (ovl_write_iter+0x10c/0x130 <- backing_file_write_iter) result=0x1000
             cat-3116    [001] .....    15.933564: ovldiag_open: (ovl_open+0xb2/0x100 <- ovl_open_realfile) result=0xffff88800d9e1600
              dd-3119    [001] .....    15.936088: ovldiag_open: (ovl_open+0xb2/0x100 <- ovl_open_realfile) result=0xffff8880071cce00
              dd-3119    [001] .....    15.936116: ovldiag_ensure: (ovl_write_iter+0xaf/0x130 <- ovl_ensure_upper_and_switch) result=0x0
              dd-3119    [001] .....    15.936132: ovldiag_write: (ovl_write_iter+0x10c/0x130 <- backing_file_write_iter) result=0x1000
              dd-3124    [000] .....    15.938518: ovldiag_open: (ovl_open+0xb2/0x100 <- ovl_open_realfile) result=0xffff88800713d000
              dd-3124    [000] .....    15.938546: ovldiag_ensure: (ovl_write_iter+0xaf/0x130 <- ovl_ensure_upper_and_switch) result=0x0
              dd-3124    [000] .....    15.938563: ovldiag_write: (ovl_write_iter+0x10c/0x130 <- backing_file_write_iter) result=0x1000
             cat-3125    [001] .....    15.939101: ovldiag_open: (ovl_open+0xb2/0x100 <- ovl_open_realfile) result=0xffff888006008c00
             cat-3126    [000] .....    15.939982: ovldiag_open: (ovl_open+0xb2/0x100 <- ovl_open_realfile) result=0xffff8880061ea500
             cat-3132    [001] .....    15.943892: ovldiag_open: (ovl_open+0xb2/0x100 <- ovl_open_realfile) result=0xffff8880046f0800
             cat-3133    [000] .....    15.944240: ovldiag_open: (ovl_open+0xb2/0x100 <- ovl_open_realfile) result=0xffff88800dafc200
              dd-3135    [000] .....    15.945311: ovldiag_open: (ovl_open+0xb2/0x100 <- ovl_open_realfile) result=0xffff888008ab8600
              dd-3135    [000] .....    15.945340: ovldiag_ensure: (ovl_write_iter+0xaf/0x130 <- ovl_ensure_upper_and_switch) result=0x0
              dd-3135    [000] .....    15.945355: ovldiag_write: (ovl_write_iter+0x10c/0x130 <- backing_file_write_iter) result=0x1000
              dd-3138    [000] .....    15.947092: ovldiag_open: (ovl_open+0xb2/0x100 <- ovl_open_realfile) result=0xffff88800447b400
              dd-3138    [000] .....    15.947122: ovldiag_ensure: (ovl_write_iter+0xaf/0x130 <- ovl_ensure_upper_and_switch) result=0x0
              dd-3138    [000] .....    15.947137: ovldiag_write: (ovl_write_iter+0x10c/0x130 <- backing_file_write_iter) result=0x1000
             cat-3141    [000] .....    15.949221: ovldiag_open: (ovl_open+0xb2/0x100 <- ovl_open_realfile) result=0xffff8880061ea800
              dd-3142    [000] .....    15.950211: ovldiag_open: (ovl_open+0xb2/0x100 <- ovl_open_realfile) result=0xffff888004434200
              dd-3142    [000] .....    15.950241: ovldiag_ensure: (ovl_write_iter+0xaf/0x130 <- ovl_ensure_upper_and_switch) result=0x0
              dd-3142    [000] .....    15.950254: ovldiag_write: (ovl_write_iter+0x10c/0x130 <- backing_file_write_iter) result=0x1000
             cat-3143    [001] .....    15.950593: ovldiag_open: (ovl_open+0xb2/0x100 <- ovl_open_realfile) result=0xffff88800a72fc00
             cat-3149    [001] .....    15.952730: ovldiag_open: (ovl_open+0xb2/0x100 <- ovl_open_realfile) result=0xffff88800452cc00
              dd-3148    [001] .....    15.953651: ovldiag_open: (ovl_open+0xb2/0x100 <- ovl_open_realfile) result=0xffff8880061d0000
              dd-3148    [001] .....    15.953677: ovldiag_ensure: (ovl_write_iter+0xaf/0x130 <- ovl_ensure_upper_and_switch) result=0x0
              dd-3148    [001] .....    15.953692: ovldiag_write: (ovl_write_iter+0x10c/0x130 <- backing_file_write_iter) result=0x1000
             cat-3155    [001] .....    15.957804: ovldiag_open: (ovl_open+0xb2/0x100 <- ovl_open_realfile) result=0xffff88800e025000
              dd-3156    [000] .....    15.958814: ovldiag_open: (ovl_open+0xb2/0x100 <- ovl_open_realfile) result=0xffff888008ab8800
              dd-3156    [000] .....    15.958843: ovldiag_ensure: (ovl_write_iter+0xaf/0x130 <- ovl_ensure_upper_and_switch) result=0x0
              dd-3156    [000] .....    15.958872: ovldiag_write: (ovl_write_iter+0x10c/0x130 <- backing_file_write_iter) result=0x1000
              dd-3159    [000] .....    15.960819: ovldiag_open: (ovl_open+0xb2/0x100 <- ovl_open_realfile) result=0xffff8880072eda00
              dd-3159    [000] .....    15.960856: ovldiag_ensure: (ovl_write_iter+0xaf/0x130 <- ovl_ensure_upper_and_switch) result=0x0
              dd-3159    [000] .....    15.960872: ovldiag_write: (ovl_write_iter+0x10c/0x130 <- backing_file_write_iter) result=0x1000
             cat-3163    [001] .....    15.963216: ovldiag_open: (ovl_open+0xb2/0x100 <- ovl_open_realfile) result=0xffff88800e081e00
              dd-3164    [000] .....    15.963560: ovldiag_open: (ovl_open+0xb2/0x100 <- ovl_open_realfile) result=0xffff888003f01b00
              dd-3164    [000] .....    15.963588: ovldiag_ensure: (ovl_write_iter+0xaf/0x130 <- ovl_ensure_upper_and_switch) result=0x0
              dd-3164    [000] .....    15.963603: ovldiag_write: (ovl_write_iter+0x10c/0x130 <- backing_file_write_iter) result=0x1000
             cat-3162    [001] .....    15.963613: ovldiag_open: (ovl_open+0xb2/0x100 <- ovl_open_realfile) result=0xffff88800720bc00
             cat-3167    [000] .....    15.967151: ovldiag_open: (ovl_open+0xb2/0x100 <- ovl_open_realfile) result=0xffff88800452c000
             cat-3171    [001] .....    15.968225: ovldiag_open: (ovl_open+0xb2/0x100 <- ovl_open_realfile) result=0xffff88800e17e900
              dd-3170    [000] .....    15.969115: ovldiag_open: (ovl_open+0xb2/0x100 <- ovl_open_realfile) result=0xffff8880061d0900
              dd-3170    [000] .....    15.969143: ovldiag_ensure: (ovl_write_iter+0xaf/0x130 <- ovl_ensure_upper_and_switch) result=0x0
              dd-3170    [000] .....    15.969159: ovldiag_write: (ovl_write_iter+0x10c/0x130 <- backing_file_write_iter) result=0x1000
              dd-3177    [000] .....    15.971720: ovldiag_open: (ovl_open+0xb2/0x100 <- ovl_open_realfile) result=0xffff8880046c6d00
              dd-3177    [000] .....    15.971747: ovldiag_ensure: (ovl_write_iter+0xaf/0x130 <- ovl_ensure_upper_and_switch) result=0x0
              dd-3177    [000] .....    15.971762: ovldiag_write: (ovl_write_iter+0x10c/0x130 <- backing_file_write_iter) result=0x1000
              dd-3181    [000] .....    15.973962: ovldiag_open: (ovl_open+0xb2/0x100 <- ovl_open_realfile) result=0xffff888008a27800
              dd-3181    [000] .....    15.973993: ovldiag_ensure: (ovl_write_iter+0xaf/0x130 <- ovl_ensure_upper_and_switch) result=0x0
              dd-3181    [000] .....    15.974008: ovldiag_write: (ovl_write_iter+0x10c/0x130 <- backing_file_write_iter) result=0x1000
             cat-3180    [001] .....    15.974756: ovldiag_open: (ovl_open+0xb2/0x100 <- ovl_open_realfile) result=0xffff88800e17ed00
             cat-3182    [000] .....    15.975276: ovldiag_open: (ovl_open+0xb2/0x100 <- ovl_open_realfile) result=0xffff88800452c700
              dd-3185    [001] .....    15.978455: ovldiag_open: (ovl_open+0xb2/0x100 <- ovl_open_realfile) result=0xffff88800e081700
              dd-3185    [001] .....    15.978491: ovldiag_ensure: (ovl_write_iter+0xaf/0x130 <- ovl_ensure_upper_and_switch) result=0x0
              dd-3185    [001] .....    15.978508: ovldiag_write: (ovl_write_iter+0x10c/0x130 <- backing_file_write_iter) result=0x1000
             cat-3187    [000] .....    15.979107: ovldiag_open: (ovl_open+0xb2/0x100 <- ovl_open_realfile) result=0xffff8880046c6d00
             cat-3190    [000] .....    15.980905: ovldiag_open: (ovl_open+0xb2/0x100 <- ovl_open_realfile) result=0xffff888004415900
              dd-3193    [000] .....    15.982200: ovldiag_open: (ovl_open+0xb2/0x100 <- ovl_open_realfile) result=0xffff88800e025700
              dd-3193    [000] .....    15.982230: ovldiag_ensure: (ovl_write_iter+0xaf/0x130 <- ovl_ensure_upper_and_switch) result=0x0
              dd-3193    [000] .....    15.982246: ovldiag_write: (ovl_write_iter+0x10c/0x130 <- backing_file_write_iter) result=0x1000
              dd-3198    [001] .....    15.984828: ovldiag_open: (ovl_open+0xb2/0x100 <- ovl_open_realfile) result=0xffff888004526600
              dd-3198    [001] .....    15.984873: ovldiag_ensure: (ovl_write_iter+0xaf/0x130 <- ovl_ensure_upper_and_switch) result=0x0
              dd-3198    [001] .....    15.984889: ovldiag_write: (ovl_write_iter+0x10c/0x130 <- backing_file_write_iter) result=0x1000
             cat-3199    [001] .....    15.985868: ovldiag_open: (ovl_open+0xb2/0x100 <- ovl_open_realfile) result=0xffff88800d881100
             cat-3201    [000] .....    15.987421: ovldiag_open: (ovl_open+0xb2/0x100 <- ovl_open_realfile) result=0xffff888008ab8e00
              dd-3203    [001] .....    15.988245: ovldiag_open: (ovl_open+0xb2/0x100 <- ovl_open_realfile) result=0xffff88800610cc00
              dd-3203    [001] .....    15.988275: ovldiag_ensure: (ovl_write_iter+0xaf/0x130 <- ovl_ensure_upper_and_switch) result=0x0
              dd-3203    [000] .....    15.989028: ovldiag_write: (ovl_write_iter+0x10c/0x130 <- backing_file_write_iter) result=0x1000
             cat-3206    [000] .....    15.990424: ovldiag_open: (ovl_open+0xb2/0x100 <- ovl_open_realfile) result=0xffff8880061ea900
             cat-3211    [000] .....    15.992515: ovldiag_open: (ovl_open+0xb2/0x100 <- ovl_open_realfile) result=0xffff8880071ccc00
              dd-3209    [001] .....    15.993125: ovldiag_open: (ovl_open+0xb2/0x100 <- ovl_open_realfile) result=0xffff88800d881400
              dd-3209    [001] .....    15.993155: ovldiag_ensure: (ovl_write_iter+0xaf/0x130 <- ovl_ensure_upper_and_switch) result=0x0
              dd-3209    [001] .....    15.993173: ovldiag_write: (ovl_write_iter+0x10c/0x130 <- backing_file_write_iter) result=0x1000
             cat-3216    [000] .....    15.996885: ovldiag_open: (ovl_open+0xb2/0x100 <- ovl_open_realfile) result=0xffff88800db59a00
              dd-3217    [001] .....    15.997225: ovldiag_open: (ovl_open+0xb2/0x100 <- ovl_open_realfile) result=0xffff88800d853900
              dd-3217    [001] .....    15.997255: ovldiag_ensure: (ovl_write_iter+0xaf/0x130 <- ovl_ensure_upper_and_switch) result=0x0
              dd-3217    [001] .....    15.997271: ovldiag_write: (ovl_write_iter+0x10c/0x130 <- backing_file_write_iter) result=0x1000
              dd-3218    [000] .....    15.998633: ovldiag_open: (ovl_open+0xb2/0x100 <- ovl_open_realfile) result=0xffff88800dbc4400
              dd-3218    [000] .....    15.998660: ovldiag_ensure: (ovl_write_iter+0xaf/0x130 <- ovl_ensure_upper_and_switch) result=0x0
              dd-3218    [000] .....    15.998676: ovldiag_write: (ovl_write_iter+0x10c/0x130 <- backing_file_write_iter) result=0x1000
             cat-3223    [001] .....    16.001963: ovldiag_open: (ovl_open+0xb2/0x100 <- ovl_open_realfile) result=0xffff888008a7ef00
             cat-3224    [000] .....    16.002062: ovldiag_open: (ovl_open+0xb2/0x100 <- ovl_open_realfile) result=0xffff88800db6bd00
             cat-3226    [000] .....    16.004180: ovldiag_open: (ovl_open+0xb2/0x100 <- ovl_open_realfile) result=0xffff888008a27300
              dd-3229    [001] .....    16.006001: ovldiag_open: (ovl_open+0xb2/0x100 <- ovl_open_realfile) result=0xffff8880046e3000
              dd-3229    [001] .....    16.006031: ovldiag_ensure: (ovl_write_iter+0xaf/0x130 <- ovl_ensure_upper_and_switch) result=0x0
              dd-3229    [001] .....    16.006047: ovldiag_write: (ovl_write_iter+0x10c/0x130 <- backing_file_write_iter) result=0x1000
              dd-3231    [001] .....    16.007538: ovldiag_open: (ovl_open+0xb2/0x100 <- ovl_open_realfile) result=0xffff88800dba0100
              dd-3231    [001] .....    16.007565: ovldiag_ensure: (ovl_write_iter+0xaf/0x130 <- ovl_ensure_upper_and_switch) result=0x0
              dd-3231    [001] .....    16.007580: ovldiag_write: (ovl_write_iter+0x10c/0x130 <- backing_file_write_iter) result=0x1000
             cat-3234    [000] .....    16.008563: ovldiag_open: (ovl_open+0xb2/0x100 <- ovl_open_realfile) result=0xffff88800da77800
              dd-3237    [001] .....    16.010490: ovldiag_open: (ovl_open+0xb2/0x100 <- ovl_open_realfile) result=0xffff88800dba0900
              dd-3237    [001] .....    16.010520: ovldiag_ensure: (ovl_write_iter+0xaf/0x130 <- ovl_ensure_upper_and_switch) result=0x0
              dd-3237    [001] .....    16.010535: ovldiag_write: (ovl_write_iter+0x10c/0x130 <- backing_file_write_iter) result=0x1000
             cat-3240    [001] .....    16.013141: ovldiag_open: (ovl_open+0xb2/0x100 <- ovl_open_realfile) result=0xffff88800da77200
              dd-3242    [000] .....    16.013340: ovldiag_open: (ovl_open+0xb2/0x100 <- ovl_open_realfile) result=0xffff88800720b100
              dd-3242    [000] .....    16.013370: ovldiag_ensure: (ovl_write_iter+0xaf/0x130 <- ovl_ensure_upper_and_switch) result=0x0
              dd-3242    [000] .....    16.013387: ovldiag_write: (ovl_write_iter+0x10c/0x130 <- backing_file_write_iter) result=0x1000
             cat-3245    [000] .....    16.015761: ovldiag_open: (ovl_open+0xb2/0x100 <- ovl_open_realfile) result=0xffff88800720dc00
             cat-3248    [000] .....    16.017375: ovldiag_open: (ovl_open+0xb2/0x100 <- ovl_open_realfile) result=0xffff888007281700
             cat-3251    [000] .....    16.019174: ovldiag_open: (ovl_open+0xb2/0x100 <- ovl_open_realfile) result=0xffff88800da77e00
              dd-3254    [000] .....    16.021210: ovldiag_open: (ovl_open+0xb2/0x100 <- ovl_open_realfile) result=0xffff88800d9e2f00
              dd-3254    [000] .....    16.021241: ovldiag_ensure: (ovl_write_iter+0xaf/0x130 <- ovl_ensure_upper_and_switch) result=0x0
              dd-3254    [000] .....    16.021257: ovldiag_write: (ovl_write_iter+0x10c/0x130 <- backing_file_write_iter) result=0x1000
              dd-3256    [001] .....    16.022366: ovldiag_open: (ovl_open+0xb2/0x100 <- ovl_open_realfile) result=0xffff88800727e900
              dd-3256    [001] .....    16.022396: ovldiag_ensure: (ovl_write_iter+0xaf/0x130 <- ovl_ensure_upper_and_switch) result=0x0
              dd-3256    [001] .....    16.022412: ovldiag_write: (ovl_write_iter+0x10c/0x130 <- backing_file_write_iter) result=0x1000
             cat-3255    [000] .....    16.023937: ovldiag_open: (ovl_open+0xb2/0x100 <- ovl_open_realfile) result=0xffff8880061ea000
              dd-3260    [001] .....    16.024978: ovldiag_open: (ovl_open+0xb2/0x100 <- ovl_open_realfile) result=0xffff888008a27400
              dd-3260    [001] .....    16.025005: ovldiag_ensure: (ovl_write_iter+0xaf/0x130 <- ovl_ensure_upper_and_switch) result=0x0
              dd-3260    [001] .....    16.025021: ovldiag_write: (ovl_write_iter+0x10c/0x130 <- backing_file_write_iter) result=0x1000
              dd-3262    [000] .....    16.026185: ovldiag_open: (ovl_open+0xb2/0x100 <- ovl_open_realfile) result=0xffff888004467300
              dd-3262    [000] .....    16.026215: ovldiag_ensure: (ovl_write_iter+0xaf/0x130 <- ovl_ensure_upper_and_switch) result=0x0
              dd-3262    [000] .....    16.026232: ovldiag_write: (ovl_write_iter+0x10c/0x130 <- backing_file_write_iter) result=0x1000
             cat-3264    [000] .....    16.028732: ovldiag_open: (ovl_open+0xb2/0x100 <- ovl_open_realfile) result=0xffff88800db90600
             cat-3267    [001] .....    16.029262: ovldiag_open: (ovl_open+0xb2/0x100 <- ovl_open_realfile) result=0xffff8880072ed100
             cat-3268    [001] .....    16.030240: ovldiag_open: (ovl_open+0xb2/0x100 <- ovl_open_realfile) result=0xffff88800daa1600
             cat-3275    [000] .....    16.035445: ovldiag_open: (ovl_open+0xb2/0x100 <- ovl_open_realfile) result=0xffff8880061d0300
              dd-3276    [001] .....    16.035627: ovldiag_open: (ovl_open+0xb2/0x100 <- ovl_open_realfile) result=0xffff88800d843400
              dd-3276    [001] .....    16.035655: ovldiag_ensure: (ovl_write_iter+0xaf/0x130 <- ovl_ensure_upper_and_switch) result=0x0
              dd-3276    [001] .....    16.035671: ovldiag_write: (ovl_write_iter+0x10c/0x130 <- backing_file_write_iter) result=0x1000
              dd-3279    [000] .....    16.038031: ovldiag_open: (ovl_open+0xb2/0x100 <- ovl_open_realfile) result=0xffff88800452c300
              dd-3279    [000] .....    16.038062: ovldiag_ensure: (ovl_write_iter+0xaf/0x130 <- ovl_ensure_upper_and_switch) result=0x0
              dd-3279    [000] .....    16.038078: ovldiag_write: (ovl_write_iter+0x10c/0x130 <- backing_file_write_iter) result=0x1000
             cat-3280    [001] .....    16.038328: ovldiag_open: (ovl_open+0xb2/0x100 <- ovl_open_realfile) result=0xffff88800e09e900
              dd-3284    [000] .....    16.041260: ovldiag_open: (ovl_open+0xb2/0x100 <- ovl_open_realfile) result=0xffff888007164800
              dd-3284    [000] .....    16.041301: ovldiag_ensure: (ovl_write_iter+0xaf/0x130 <- ovl_ensure_upper_and_switch) result=0x0
              dd-3284    [000] .....    16.041316: ovldiag_write: (ovl_write_iter+0x10c/0x130 <- backing_file_write_iter) result=0x1000
             cat-3286    [001] .....    16.042416: ovldiag_open: (ovl_open+0xb2/0x100 <- ovl_open_realfile) result=0xffff8880089f3700
              dd-3285    [001] .....    16.042767: ovldiag_open: (ovl_open+0xb2/0x100 <- ovl_open_realfile) result=0xffff88800447b500
              dd-3285    [001] .....    16.042792: ovldiag_ensure: (ovl_write_iter+0xaf/0x130 <- ovl_ensure_upper_and_switch) result=0x0
              dd-3285    [001] .....    16.042808: ovldiag_write: (ovl_write_iter+0x10c/0x130 <- backing_file_write_iter) result=0x1000
             cat-3288    [000] .....    16.043519: ovldiag_open: (ovl_open+0xb2/0x100 <- ovl_open_realfile) result=0xffff88800e03e600
             cat-3294    [000] .....    16.047249: ovldiag_open: (ovl_open+0xb2/0x100 <- ovl_open_realfile) result=0xffff888008a6ff00
              dd-3297    [001] .....    16.048895: ovldiag_open: (ovl_open+0xb2/0x100 <- ovl_open_realfile) result=0xffff8880061d0000
              dd-3297    [001] .....    16.048922: ovldiag_ensure: (ovl_write_iter+0xaf/0x130 <- ovl_ensure_upper_and_switch) result=0x0
              dd-3297    [001] .....    16.048938: ovldiag_write: (ovl_write_iter+0x10c/0x130 <- backing_file_write_iter) result=0x1000
             cat-3298    [001] .....    16.050114: ovldiag_open: (ovl_open+0xb2/0x100 <- ovl_open_realfile) result=0xffff8880072ed500
              dd-3302    [000] .....    16.051819: ovldiag_open: (ovl_open+0xb2/0x100 <- ovl_open_realfile) result=0xffff8880061ccb00
              dd-3302    [000] .....    16.051856: ovldiag_ensure: (ovl_write_iter+0xaf/0x130 <- ovl_ensure_upper_and_switch) result=0x0
              dd-3302    [000] .....    16.051872: ovldiag_write: (ovl_write_iter+0x10c/0x130 <- backing_file_write_iter) result=0x1000
             cat-3304    [000] .....    16.053191: ovldiag_open: (ovl_open+0xb2/0x100 <- ovl_open_realfile) result=0xffff88800e175500
             cat-3306    [001] .....    16.053678: ovldiag_open: (ovl_open+0xb2/0x100 <- ovl_open_realfile) result=0xffff88800db79600
             cat-3311    [000] .....    16.057017: ovldiag_open: (ovl_open+0xb2/0x100 <- ovl_open_realfile) result=0xffff8880071ccb00
              dd-3312    [000] .....    16.059059: ovldiag_open: (ovl_open+0xb2/0x100 <- ovl_open_realfile) result=0xffff888004681500
              dd-3312    [000] .....    16.059090: ovldiag_ensure: (ovl_write_iter+0xaf/0x130 <- ovl_ensure_upper_and_switch) result=0x0
              dd-3312    [000] .....    16.059106: ovldiag_write: (ovl_write_iter+0x10c/0x130 <- backing_file_write_iter) result=0x1000
              dd-3314    [001] .....    16.059167: ovldiag_open: (ovl_open+0xb2/0x100 <- ovl_open_realfile) result=0xffff888008ab8800
              dd-3314    [001] .....    16.059440: ovldiag_ensure: (ovl_write_iter+0xaf/0x130 <- ovl_ensure_upper_and_switch) result=0x0
              dd-3314    [001] .....    16.059458: ovldiag_write: (ovl_write_iter+0x10c/0x130 <- backing_file_write_iter) result=0x1000
             cat-3318    [001] .....    16.061692: ovldiag_open: (ovl_open+0xb2/0x100 <- ovl_open_realfile) result=0xffff8880060e4d00
              dd-3319    [000] .....    16.062684: ovldiag_open: (ovl_open+0xb2/0x100 <- ovl_open_realfile) result=0xffff8880061cc300
              dd-3319    [000] .....    16.062713: ovldiag_ensure: (ovl_write_iter+0xaf/0x130 <- ovl_ensure_upper_and_switch) result=0x0
              dd-3319    [000] .....    16.062729: ovldiag_write: (ovl_write_iter+0x10c/0x130 <- backing_file_write_iter) result=0x1000
             cat-3323    [000] .....    16.064977: ovldiag_open: (ovl_open+0xb2/0x100 <- ovl_open_realfile) result=0xffff88800621b200
             cat-3324    [001] .....    16.066446: ovldiag_open: (ovl_open+0xb2/0x100 <- ovl_open_realfile) result=0xffff88800e153500
              dd-3326    [001] .....    16.067055: ovldiag_open: (ovl_open+0xb2/0x100 <- ovl_open_realfile) result=0xffff888007281b00
              dd-3326    [001] .....    16.067085: ovldiag_ensure: (ovl_write_iter+0xaf/0x130 <- ovl_ensure_upper_and_switch) result=0x0
              dd-3326    [001] .....    16.067099: ovldiag_write: (ovl_write_iter+0x10c/0x130 <- backing_file_write_iter) result=0x1000
             cat-3331    [001] .....    16.070067: ovldiag_open: (ovl_open+0xb2/0x100 <- ovl_open_realfile) result=0xffff88800e153300
             cat-3333    [000] .....    16.071729: ovldiag_open: (ovl_open+0xb2/0x100 <- ovl_open_realfile) result=0xffff888007281c00
              dd-3335    [001] .....    16.073208: ovldiag_open: (ovl_open+0xb2/0x100 <- ovl_open_realfile) result=0xffff88800727a500
              dd-3335    [001] .....    16.073235: ovldiag_ensure: (ovl_write_iter+0xaf/0x130 <- ovl_ensure_upper_and_switch) result=0x0
              dd-3335    [001] .....    16.073251: ovldiag_write: (ovl_write_iter+0x10c/0x130 <- backing_file_write_iter) result=0x1000
              dd-3336    [000] .....    16.074275: ovldiag_open: (ovl_open+0xb2/0x100 <- ovl_open_realfile) result=0xffff8880046c6400
              dd-3336    [000] .....    16.074318: ovldiag_ensure: (ovl_write_iter+0xaf/0x130 <- ovl_ensure_upper_and_switch) result=0x0
              dd-3336    [000] .....    16.074333: ovldiag_write: (ovl_write_iter+0x10c/0x130 <- backing_file_write_iter) result=0x1000
             cat-3339    [000] .....    16.075679: ovldiag_open: (ovl_open+0xb2/0x100 <- ovl_open_realfile) result=0xffff88800604c600
             cat-3340    [001] .....    16.076855: ovldiag_open: (ovl_open+0xb2/0x100 <- ovl_open_realfile) result=0xffff88800da72f00
              dd-3342    [000] .....    16.077189: ovldiag_open: (ovl_open+0xb2/0x100 <- ovl_open_realfile) result=0xffff88800da9e800
              dd-3342    [000] .....    16.077219: ovldiag_ensure: (ovl_write_iter+0xaf/0x130 <- ovl_ensure_upper_and_switch) result=0x0
              dd-3342    [000] .....    16.077234: ovldiag_write: (ovl_write_iter+0x10c/0x130 <- backing_file_write_iter) result=0x1000
             cat-3348    [000] .....    16.081376: ovldiag_open: (ovl_open+0xb2/0x100 <- ovl_open_realfile) result=0xffff888008a6ff00
              dd-3349    [001] .....    16.082050: ovldiag_open: (ovl_open+0xb2/0x100 <- ovl_open_realfile) result=0xffff88800da72e00
              dd-3349    [001] .....    16.082080: ovldiag_ensure: (ovl_write_iter+0xaf/0x130 <- ovl_ensure_upper_and_switch) result=0x0
              dd-3349    [001] .....    16.082096: ovldiag_write: (ovl_write_iter+0x10c/0x130 <- backing_file_write_iter) result=0x1000
             cat-3354    [000] .....    16.086447: ovldiag_open: (ovl_open+0xb2/0x100 <- ovl_open_realfile) result=0xffff888003f11900
              dd-3355    [001] .....    16.086720: ovldiag_open: (ovl_open+0xb2/0x100 <- ovl_open_realfile) result=0xffff88800da9ec00
              dd-3355    [001] .....    16.086747: ovldiag_ensure: (ovl_write_iter+0xaf/0x130 <- ovl_ensure_upper_and_switch) result=0x0
              dd-3355    [001] .....    16.086763: ovldiag_write: (ovl_write_iter+0x10c/0x130 <- backing_file_write_iter) result=0x1000
             cat-3358    [001] .....    16.089039: ovldiag_open: (ovl_open+0xb2/0x100 <- ovl_open_realfile) result=0xffff888004467f00
             cat-3359    [000] .....    16.090166: ovldiag_open: (ovl_open+0xb2/0x100 <- ovl_open_realfile) result=0xffff88800e092800
              dd-3362    [000] .....    16.092584: ovldiag_open: (ovl_open+0xb2/0x100 <- ovl_open_realfile) result=0xffff888008ab8600
              dd-3362    [000] .....    16.092612: ovldiag_ensure: (ovl_write_iter+0xaf/0x130 <- ovl_ensure_upper_and_switch) result=0x0
              dd-3362    [000] .....    16.092628: ovldiag_write: (ovl_write_iter+0x10c/0x130 <- backing_file_write_iter) result=0x1000
             cat-3364    [000] .....    16.094344: ovldiag_open: (ovl_open+0xb2/0x100 <- ovl_open_realfile) result=0xffff8880061cc400
              dd-3366    [001] .....    16.094978: ovldiag_open: (ovl_open+0xb2/0x100 <- ovl_open_realfile) result=0xffff8880046c6e00
              dd-3366    [001] .....    16.095008: ovldiag_ensure: (ovl_write_iter+0xaf/0x130 <- ovl_ensure_upper_and_switch) result=0x0
              dd-3366    [001] .....    16.095024: ovldiag_write: (ovl_write_iter+0x10c/0x130 <- backing_file_write_iter) result=0x1000
              dd-3370    [001] .....    16.096031: ovldiag_open: (ovl_open+0xb2/0x100 <- ovl_open_realfile) result=0xffff88800daa6400
              dd-3370    [001] .....    16.096059: ovldiag_ensure: (ovl_write_iter+0xaf/0x130 <- ovl_ensure_upper_and_switch) result=0x0
              dd-3370    [001] .....    16.096071: ovldiag_write: (ovl_write_iter+0x10c/0x130 <- backing_file_write_iter) result=0x1000
             cat-3372    [000] .....    16.096668: ovldiag_open: (ovl_open+0xb2/0x100 <- ovl_open_realfile) result=0xffff88800471d100
             cat-3376    [000] .....    16.100311: ovldiag_open: (ovl_open+0xb2/0x100 <- ovl_open_realfile) result=0xffff88800da4ae00
              dd-3378    [001] .....    16.101374: ovldiag_open: (ovl_open+0xb2/0x100 <- ovl_open_realfile) result=0xffff88800e08cb00
              dd-3378    [001] .....    16.101404: ovldiag_ensure: (ovl_write_iter+0xaf/0x130 <- ovl_ensure_upper_and_switch) result=0x0
              dd-3378    [001] .....    16.101419: ovldiag_write: (ovl_write_iter+0x10c/0x130 <- backing_file_write_iter) result=0x1000
             cat-3380    [001] .....    16.103275: ovldiag_open: (ovl_open+0xb2/0x100 <- ovl_open_realfile) result=0xffff8880061ea800
              dd-3384    [001] .....    16.105767: ovldiag_open: (ovl_open+0xb2/0x100 <- ovl_open_realfile) result=0xffff888006003a00
             cat-3385    [000] .....    16.105794: ovldiag_open: (ovl_open+0xb2/0x100 <- ovl_open_realfile) result=0xffff888004762800
              dd-3384    [001] .....    16.105799: ovldiag_ensure: (ovl_write_iter+0xaf/0x130 <- ovl_ensure_upper_and_switch) result=0x0
              dd-3384    [001] .....    16.105815: ovldiag_write: (ovl_write_iter+0x10c/0x130 <- backing_file_write_iter) result=0x1000
             cat-3388    [001] .....    16.107997: ovldiag_open: (ovl_open+0xb2/0x100 <- ovl_open_realfile) result=0xffff88800447b500
              dd-3392    [001] .....    16.110770: ovldiag_open: (ovl_open+0xb2/0x100 <- ovl_open_realfile) result=0xffff888007281b00
              dd-3392    [001] .....    16.110799: ovldiag_ensure: (ovl_write_iter+0xaf/0x130 <- ovl_ensure_upper_and_switch) result=0x0
              dd-3392    [001] .....    16.110815: ovldiag_write: (ovl_write_iter+0x10c/0x130 <- backing_file_write_iter) result=0x1000
             cat-3393    [000] .....    16.111202: ovldiag_open: (ovl_open+0xb2/0x100 <- ovl_open_realfile) result=0xffff8880046f0b00
              dd-3395    [000] .....    16.112629: ovldiag_open: (ovl_open+0xb2/0x100 <- ovl_open_realfile) result=0xffff88800dbfe700
              dd-3395    [000] .....    16.112660: ovldiag_ensure: (ovl_write_iter+0xaf/0x130 <- ovl_ensure_upper_and_switch) result=0x0
              dd-3395    [000] .....    16.112675: ovldiag_write: (ovl_write_iter+0x10c/0x130 <- backing_file_write_iter) result=0x1000
              dd-3400    [001] .....    16.115300: ovldiag_open: (ovl_open+0xb2/0x100 <- ovl_open_realfile) result=0xffff88800e083000
              dd-3400    [001] .....    16.115328: ovldiag_ensure: (ovl_write_iter+0xaf/0x130 <- ovl_ensure_upper_and_switch) result=0x0
              dd-3400    [001] .....    16.115343: ovldiag_write: (ovl_write_iter+0x10c/0x130 <- backing_file_write_iter) result=0x1000
             cat-3399    [001] .....    16.115771: ovldiag_open: (ovl_open+0xb2/0x100 <- ovl_open_realfile) result=0xffff8880046c6200
             cat-3402    [000] .....    16.116760: ovldiag_open: (ovl_open+0xb2/0x100 <- ovl_open_realfile) result=0xffff88800447be00
             cat-3408    [001] .....    16.120207: ovldiag_open: (ovl_open+0xb2/0x100 <- ovl_open_realfile) result=0xffff888006008c00
              dd-3407    [001] .....    16.120688: ovldiag_open: (ovl_open+0xb2/0x100 <- ovl_open_realfile) result=0xffff88800727af00
              dd-3407    [001] .....    16.120717: ovldiag_ensure: (ovl_write_iter+0xaf/0x130 <- ovl_ensure_upper_and_switch) result=0x0
              dd-3407    [001] .....    16.120733: ovldiag_write: (ovl_write_iter+0x10c/0x130 <- backing_file_write_iter) result=0x1000
             cat-3413    [001] .....    16.123112: ovldiag_open: (ovl_open+0xb2/0x100 <- ovl_open_realfile) result=0xffff88800727ea00
              dd-3414    [001] .....    16.124147: ovldiag_open: (ovl_open+0xb2/0x100 <- ovl_open_realfile) result=0xffff88800e10d000
              dd-3414    [001] .....    16.124176: ovldiag_ensure: (ovl_write_iter+0xaf/0x130 <- ovl_ensure_upper_and_switch) result=0x0
              dd-3414    [001] .....    16.124192: ovldiag_write: (ovl_write_iter+0x10c/0x130 <- backing_file_write_iter) result=0x1000
              dd-3419    [001] .....    16.126527: ovldiag_open: (ovl_open+0xb2/0x100 <- ovl_open_realfile) result=0xffff8880061d0000
              dd-3419    [001] .....    16.126555: ovldiag_ensure: (ovl_write_iter+0xaf/0x130 <- ovl_ensure_upper_and_switch) result=0x0
              dd-3419    [001] .....    16.126571: ovldiag_write: (ovl_write_iter+0x10c/0x130 <- backing_file_write_iter) result=0x1000
             cat-3418    [000] .....    16.127074: ovldiag_open: (ovl_open+0xb2/0x100 <- ovl_open_realfile) result=0xffff888008a27d00
             cat-3420    [000] .....    16.128136: ovldiag_open: (ovl_open+0xb2/0x100 <- ovl_open_realfile) result=0xffff88800447b100
             cat-3423    [000] .....    16.129812: ovldiag_open: (ovl_open+0xb2/0x100 <- ovl_open_realfile) result=0xffff8880046e3600
              dd-3425    [000] .....    16.131185: ovldiag_open: (ovl_open+0xb2/0x100 <- ovl_open_realfile) result=0xffff88800db4c800
              dd-3425    [000] .....    16.131214: ovldiag_ensure: (ovl_write_iter+0xaf/0x130 <- ovl_ensure_upper_and_switch) result=0x0
              dd-3425    [000] .....    16.131229: ovldiag_write: (ovl_write_iter+0x10c/0x130 <- backing_file_write_iter) result=0x1000
              dd-3431    [001] .....    16.134121: ovldiag_open: (ovl_open+0xb2/0x100 <- ovl_open_realfile) result=0xffff88800e10d900
              dd-3431    [001] .....    16.134150: ovldiag_ensure: (ovl_write_iter+0xaf/0x130 <- ovl_ensure_upper_and_switch) result=0x0
              dd-3431    [001] .....    16.134166: ovldiag_write: (ovl_write_iter+0x10c/0x130 <- backing_file_write_iter) result=0x1000
             cat-3432    [000] .....    16.135325: ovldiag_open: (ovl_open+0xb2/0x100 <- ovl_open_realfile) result=0xffff888007083100
              dd-3435    [001] .....    16.136986: ovldiag_open: (ovl_open+0xb2/0x100 <- ovl_open_realfile) result=0xffff88800621b200
              dd-3435    [001] .....    16.137016: ovldiag_ensure: (ovl_write_iter+0xaf/0x130 <- ovl_ensure_upper_and_switch) result=0x0
              dd-3435    [001] .....    16.137032: ovldiag_write: (ovl_write_iter+0x10c/0x130 <- backing_file_write_iter) result=0x1000
             cat-3436    [000] .....    16.137187: ovldiag_open: (ovl_open+0xb2/0x100 <- ovl_open_realfile) result=0xffff88800720de00
              dd-3440    [001] .....    16.140272: ovldiag_open: (ovl_open+0xb2/0x100 <- ovl_open_realfile) result=0xffff88800a67ed00
              dd-3440    [001] .....    16.140335: ovldiag_ensure: (ovl_write_iter+0xaf/0x130 <- ovl_ensure_upper_and_switch) result=0x0
              dd-3440    [001] .....    16.140353: ovldiag_write: (ovl_write_iter+0x10c/0x130 <- backing_file_write_iter) result=0x1000
             cat-3441    [001] .....    16.140559: ovldiag_open: (ovl_open+0xb2/0x100 <- ovl_open_realfile) result=0xffff888004720700
             cat-3445    [001] .....    16.142236: ovldiag_open: (ovl_open+0xb2/0x100 <- ovl_open_realfile) result=0xffff8880071ccb00
             cat-3448    [000] .....    16.145760: ovldiag_open: (ovl_open+0xb2/0x100 <- ovl_open_realfile) result=0xffff888008a7cd00
              dd-3451    [001] .....    16.146791: ovldiag_open: (ovl_open+0xb2/0x100 <- ovl_open_realfile) result=0xffff88800471da00
              dd-3451    [001] .....    16.146818: ovldiag_ensure: (ovl_write_iter+0xaf/0x130 <- ovl_ensure_upper_and_switch) result=0x0
              dd-3451    [001] .....    16.146833: ovldiag_write: (ovl_write_iter+0x10c/0x130 <- backing_file_write_iter) result=0x1000
              dd-3450    [000] .....    16.146863: ovldiag_open: (ovl_open+0xb2/0x100 <- ovl_open_realfile) result=0xffff88800452c700
              dd-3450    [000] .....    16.146893: ovldiag_ensure: (ovl_write_iter+0xaf/0x130 <- ovl_ensure_upper_and_switch) result=0x0
              dd-3450    [000] .....    16.146908: ovldiag_write: (ovl_write_iter+0x10c/0x130 <- backing_file_write_iter) result=0x1000
             cat-3454    [001] .....    16.149045: ovldiag_open: (ovl_open+0xb2/0x100 <- ovl_open_realfile) result=0xffff88800621b400
             cat-3457    [001] .....    16.151550: ovldiag_open: (ovl_open+0xb2/0x100 <- ovl_open_realfile) result=0xffff888004762500
              dd-3458    [000] .....    16.152243: ovldiag_open: (ovl_open+0xb2/0x100 <- ovl_open_realfile) result=0xffff88800727e500
              dd-3458    [000] .....    16.152273: ovldiag_ensure: (ovl_write_iter+0xaf/0x130 <- ovl_ensure_upper_and_switch) result=0x0
              dd-3458    [000] .n...    16.152302: ovldiag_write: (ovl_write_iter+0x10c/0x130 <- backing_file_write_iter) result=0x1000
             cat-3462    [001] .....    16.154337: ovldiag_open: (ovl_open+0xb2/0x100 <- ovl_open_realfile) result=0xffff88800d991400
              dd-3464    [000] .....    16.155888: ovldiag_open: (ovl_open+0xb2/0x100 <- ovl_open_realfile) result=0xffff888008ab8000
              dd-3464    [000] .....    16.155916: ovldiag_ensure: (ovl_write_iter+0xaf/0x130 <- ovl_ensure_upper_and_switch) result=0x0
              dd-3464    [000] .....    16.155931: ovldiag_write: (ovl_write_iter+0x10c/0x130 <- backing_file_write_iter) result=0x1000
             cat-3469    [000] .....    16.158123: ovldiag_open: (ovl_open+0xb2/0x100 <- ovl_open_realfile) result=0xffff8880046c6500
              dd-3470    [001] .....    16.159254: ovldiag_open: (ovl_open+0xb2/0x100 <- ovl_open_realfile) result=0xffff88800e10b600
             cat-3472    [001] .....    16.160543: ovldiag_open: (ovl_open+0xb2/0x100 <- ovl_open_realfile) result=0xffff88800713d700
              dd-3470    [001] .....    16.160690: ovldiag_ensure: (ovl_write_iter+0xaf/0x130 <- ovl_ensure_upper_and_switch) result=0x0
              dd-3470    [001] .....    16.160703: ovldiag_write: (ovl_write_iter+0x10c/0x130 <- backing_file_write_iter) result=0x1000
              dd-3474    [000] .....    16.161969: ovldiag_open: (ovl_open+0xb2/0x100 <- ovl_open_realfile) result=0xffff8880046f0400
              dd-3474    [000] .....    16.161997: ovldiag_ensure: (ovl_write_iter+0xaf/0x130 <- ovl_ensure_upper_and_switch) result=0x0
              dd-3474    [000] .....    16.162012: ovldiag_write: (ovl_write_iter+0x10c/0x130 <- backing_file_write_iter) result=0x1000
             cat-3478    [000] .....    16.164221: ovldiag_open: (ovl_open+0xb2/0x100 <- ovl_open_realfile) result=0xffff88800727eb00
             cat-3479    [001] .....    16.164650: ovldiag_open: (ovl_open+0xb2/0x100 <- ovl_open_realfile) result=0xffff888007281700
              dd-3484    [000] .....    16.167746: ovldiag_open: (ovl_open+0xb2/0x100 <- ovl_open_realfile) result=0xffff88800621b100
              dd-3484    [000] .....    16.167776: ovldiag_ensure: (ovl_write_iter+0xaf/0x130 <- ovl_ensure_upper_and_switch) result=0x0
              dd-3484    [000] .....    16.167792: ovldiag_write: (ovl_write_iter+0x10c/0x130 <- backing_file_write_iter) result=0x1000
             cat-3486    [000] .....    16.169060: ovldiag_open: (ovl_open+0xb2/0x100 <- ovl_open_realfile) result=0xffff88800447b500
              dd-3488    [000] .....    16.170310: ovldiag_open: (ovl_open+0xb2/0x100 <- ovl_open_realfile) result=0xffff88800e08b600
              dd-3488    [000] .....    16.170337: ovldiag_ensure: (ovl_write_iter+0xaf/0x130 <- ovl_ensure_upper_and_switch) result=0x0
              dd-3488    [000] .....    16.170352: ovldiag_write: (ovl_write_iter+0x10c/0x130 <- backing_file_write_iter) result=0x1000
             cat-3492    [001] .....    16.172320: ovldiag_open: (ovl_open+0xb2/0x100 <- ovl_open_realfile) result=0xffff88800e119800
             cat-3493    [000] .....    16.173408: ovldiag_open: (ovl_open+0xb2/0x100 <- ovl_open_realfile) result=0xffff88800452ce00
              dd-3495    [001] .....    16.175083: ovldiag_open: (ovl_open+0xb2/0x100 <- ovl_open_realfile) result=0xffff88800720b300
              dd-3495    [001] .....    16.175111: ovldiag_ensure: (ovl_write_iter+0xaf/0x130 <- ovl_ensure_upper_and_switch) result=0x0
              dd-3495    [001] .....    16.175127: ovldiag_write: (ovl_write_iter+0x10c/0x130 <- backing_file_write_iter) result=0x1000
              dd-3497    [000] .....    16.175490: ovldiag_open: (ovl_open+0xb2/0x100 <- ovl_open_realfile) result=0xffff8880061d0e00
              dd-3497    [000] .....    16.175520: ovldiag_ensure: (ovl_write_iter+0xaf/0x130 <- ovl_ensure_upper_and_switch) result=0x0
              dd-3497    [000] .....    16.175536: ovldiag_write: (ovl_write_iter+0x10c/0x130 <- backing_file_write_iter) result=0x1000
             cat-3499    [001] .....    16.177206: ovldiag_open: (ovl_open+0xb2/0x100 <- ovl_open_realfile) result=0xffff88800e100b00
             cat-3503    [000] .....    16.179466: ovldiag_open: (ovl_open+0xb2/0x100 <- ovl_open_realfile) result=0xffff8880061ccb00
              dd-3508    [000] .....    16.182586: ovldiag_open: (ovl_open+0xb2/0x100 <- ovl_open_realfile) result=0xffff8880061cce00
              dd-3508    [000] .....    16.182617: ovldiag_ensure: (ovl_write_iter+0xaf/0x130 <- ovl_ensure_upper_and_switch) result=0x0
              dd-3508    [000] .....    16.182633: ovldiag_write: (ovl_write_iter+0x10c/0x130 <- backing_file_write_iter) result=0x1000
              dd-3509    [001] .....    16.183426: ovldiag_open: (ovl_open+0xb2/0x100 <- ovl_open_realfile) result=0xffff88800727ed00
              dd-3509    [001] .....    16.183456: ovldiag_ensure: (ovl_write_iter+0xaf/0x130 <- ovl_ensure_upper_and_switch) result=0x0
              dd-3509    [001] .....    16.183472: ovldiag_write: (ovl_write_iter+0x10c/0x130 <- backing_file_write_iter) result=0x1000
             cat-3513    [001] .....    16.184996: ovldiag_open: (ovl_open+0xb2/0x100 <- ovl_open_realfile) result=0xffff888004415500
             cat-3511    [000] .....    16.185671: ovldiag_open: (ovl_open+0xb2/0x100 <- ovl_open_realfile) result=0xffff88800e100000
              dd-3520    [000] .....    16.189481: ovldiag_open: (ovl_open+0xb2/0x100 <- ovl_open_realfile) result=0xffff88800452c700
              dd-3520    [000] .....    16.189509: ovldiag_ensure: (ovl_write_iter+0xaf/0x130 <- ovl_ensure_upper_and_switch) result=0x0
              dd-3520    [000] .....    16.189524: ovldiag_write: (ovl_write_iter+0x10c/0x130 <- backing_file_write_iter) result=0x1000
             cat-3518    [001] .....    16.189893: ovldiag_open: (ovl_open+0xb2/0x100 <- ovl_open_realfile) result=0xffff8880061d0400
             cat-3519    [000] .....    16.190691: ovldiag_open: (ovl_open+0xb2/0x100 <- ovl_open_realfile) result=0xffff888006003b00
              dd-3522    [001] .....    16.191246: ovldiag_open: (ovl_open+0xb2/0x100 <- ovl_open_realfile) result=0xffff88800621b900
              dd-3522    [001] .....    16.191275: ovldiag_ensure: (ovl_write_iter+0xaf/0x130 <- ovl_ensure_upper_and_switch) result=0x0
              dd-3522    [001] .....    16.191319: ovldiag_write: (ovl_write_iter+0x10c/0x130 <- backing_file_write_iter) result=0x1000
             cat-3527    [000] .....    16.195297: ovldiag_open: (ovl_open+0xb2/0x100 <- ovl_open_realfile) result=0xffff88800d8d2e00
             cat-3530    [001] .....    16.196187: ovldiag_open: (ovl_open+0xb2/0x100 <- ovl_open_realfile) result=0xffff88800e103a00
              dd-3532    [000] .....    16.196790: ovldiag_open: (ovl_open+0xb2/0x100 <- ovl_open_realfile) result=0xffff88800a6f2200
              dd-3532    [000] .....    16.196819: ovldiag_ensure: (ovl_write_iter+0xaf/0x130 <- ovl_ensure_upper_and_switch) result=0x0
              dd-3532    [000] .....    16.196835: ovldiag_write: (ovl_write_iter+0x10c/0x130 <- backing_file_write_iter) result=0x1000
              dd-3528    [001] .....    16.197502: ovldiag_open: (ovl_open+0xb2/0x100 <- ovl_open_realfile) result=0xffff888008a7ef00
              dd-3528    [001] .....    16.197529: ovldiag_ensure: (ovl_write_iter+0xaf/0x130 <- ovl_ensure_upper_and_switch) result=0x0
              dd-3528    [001] .....    16.197544: ovldiag_write: (ovl_write_iter+0x10c/0x130 <- backing_file_write_iter) result=0x1000
             cat-3537    [000] .....    16.200371: ovldiag_open: (ovl_open+0xb2/0x100 <- ovl_open_realfile) result=0xffff8880061ccc00
             cat-3539    [000] .....    16.201916: ovldiag_open: (ovl_open+0xb2/0x100 <- ovl_open_realfile) result=0xffff88800452c500
              dd-3541    [000] .....    16.203161: ovldiag_open: (ovl_open+0xb2/0x100 <- ovl_open_realfile) result=0xffff888008a7e100
              dd-3541    [000] .....    16.203190: ovldiag_ensure: (ovl_write_iter+0xaf/0x130 <- ovl_ensure_upper_and_switch) result=0x0
              dd-3541    [000] .....    16.203205: ovldiag_write: (ovl_write_iter+0x10c/0x130 <- backing_file_write_iter) result=0x1000
              dd-3545    [000] .....    16.205211: ovldiag_open: (ovl_open+0xb2/0x100 <- ovl_open_realfile) result=0xffff888004762300
              dd-3545    [000] .....    16.205238: ovldiag_ensure: (ovl_write_iter+0xaf/0x130 <- ovl_ensure_upper_and_switch) result=0x0
              dd-3545    [000] .....    16.205253: ovldiag_write: (ovl_write_iter+0x10c/0x130 <- backing_file_write_iter) result=0x1000
             cat-3547    [000] .....    16.207181: ovldiag_open: (ovl_open+0xb2/0x100 <- ovl_open_realfile) result=0xffff88800a7a0000
             cat-3549    [001] .....    16.207803: ovldiag_open: (ovl_open+0xb2/0x100 <- ovl_open_realfile) result=0xffff88800db02400
              dd-3552    [000] .....    16.210109: ovldiag_open: (ovl_open+0xb2/0x100 <- ovl_open_realfile) result=0xffff88800e0fc800
              dd-3552    [000] .....    16.210136: ovldiag_ensure: (ovl_write_iter+0xaf/0x130 <- ovl_ensure_upper_and_switch) result=0x0
              dd-3552    [000] .....    16.210152: ovldiag_write: (ovl_write_iter+0x10c/0x130 <- backing_file_write_iter) result=0x1000
             cat-3554    [000] .....    16.211961: ovldiag_open: (ovl_open+0xb2/0x100 <- ovl_open_realfile) result=0xffff888008a6fc00
              dd-3556    [001] .....    16.212100: ovldiag_open: (ovl_open+0xb2/0x100 <- ovl_open_realfile) result=0xffff888008a7c900
              dd-3556    [001] .....    16.212127: ovldiag_ensure: (ovl_write_iter+0xaf/0x130 <- ovl_ensure_upper_and_switch) result=0x0
              dd-3556    [001] .....    16.212143: ovldiag_write: (ovl_write_iter+0x10c/0x130 <- backing_file_write_iter) result=0x1000
             cat-3560    [001] .....    16.214502: ovldiag_open: (ovl_open+0xb2/0x100 <- ovl_open_realfile) result=0xffff88800e0fcc00
              dd-3563    [000] .....    16.216734: ovldiag_open: (ovl_open+0xb2/0x100 <- ovl_open_realfile) result=0xffff8880061d0800
              dd-3563    [000] .....    16.216765: ovldiag_ensure: (ovl_write_iter+0xaf/0x130 <- ovl_ensure_upper_and_switch) result=0x0
              dd-3563    [000] .....    16.216781: ovldiag_write: (ovl_write_iter+0x10c/0x130 <- backing_file_write_iter) result=0x1000
             cat-3567    [000] .....    16.219000: ovldiag_open: (ovl_open+0xb2/0x100 <- ovl_open_realfile) result=0xffff888004415900
              dd-3568    [001] .....    16.219434: ovldiag_open: (ovl_open+0xb2/0x100 <- ovl_open_realfile) result=0xffff888004467100
              dd-3568    [001] .....    16.219463: ovldiag_ensure: (ovl_write_iter+0xaf/0x130 <- ovl_ensure_upper_and_switch) result=0x0
              dd-3568    [001] .....    16.219479: ovldiag_write: (ovl_write_iter+0x10c/0x130 <- backing_file_write_iter) result=0x1000
             cat-3566    [001] .....    16.219684: ovldiag_open: (ovl_open+0xb2/0x100 <- ovl_open_realfile) result=0xffff888003f11e00
             cat-3573    [000] .....    16.222399: ovldiag_open: (ovl_open+0xb2/0x100 <- ovl_open_realfile) result=0xffff88800e08de00
             cat-3576    [001] .....    16.224468: ovldiag_open: (ovl_open+0xb2/0x100 <- ovl_open_realfile) result=0xffff88800d801100
              dd-3577    [000] .....    16.225408: ovldiag_open: (ovl_open+0xb2/0x100 <- ovl_open_realfile) result=0xffff8880046f0e00
              dd-3577    [000] .....    16.225438: ovldiag_ensure: (ovl_write_iter+0xaf/0x130 <- ovl_ensure_upper_and_switch) result=0x0
              dd-3577    [000] .....    16.225453: ovldiag_write: (ovl_write_iter+0x10c/0x130 <- backing_file_write_iter) result=0x1000
              dd-3578    [001] .....    16.227174: ovldiag_open: (ovl_open+0xb2/0x100 <- ovl_open_realfile) result=0xffff888007164400
              dd-3578    [001] .....    16.227204: ovldiag_ensure: (ovl_write_iter+0xaf/0x130 <- ovl_ensure_upper_and_switch) result=0x0
              dd-3578    [001] .....    16.227220: ovldiag_write: (ovl_write_iter+0x10c/0x130 <- backing_file_write_iter) result=0x1000
              dd-3586    [000] .....    16.229923: ovldiag_open: (ovl_open+0xb2/0x100 <- ovl_open_realfile) result=0xffff88800e0fd600
              dd-3586    [000] .....    16.229949: ovldiag_ensure: (ovl_write_iter+0xaf/0x130 <- ovl_ensure_upper_and_switch) result=0x0
              dd-3586    [000] .....    16.229965: ovldiag_write: (ovl_write_iter+0x10c/0x130 <- backing_file_write_iter) result=0x1000
             cat-3585    [001] .....    16.230175: ovldiag_open: (ovl_open+0xb2/0x100 <- ovl_open_realfile) result=0xffff88800db0ba00
             cat-3584    [001] .....    16.230552: ovldiag_open: (ovl_open+0xb2/0x100 <- ovl_open_realfile) result=0xffff88800e0b5b00
             cat-3591    [000] .....    16.233611: ovldiag_open: (ovl_open+0xb2/0x100 <- ovl_open_realfile) result=0xffff88800e026500
              dd-3590    [001] .....    16.234487: ovldiag_open: (ovl_open+0xb2/0x100 <- ovl_open_realfile) result=0xffff888004467e00
              dd-3590    [001] .....    16.234515: ovldiag_ensure: (ovl_write_iter+0xaf/0x130 <- ovl_ensure_upper_and_switch) result=0x0
              dd-3590    [001] .....    16.234531: ovldiag_write: (ovl_write_iter+0x10c/0x130 <- backing_file_write_iter) result=0x1000
             cat-3596    [001] .....    16.236928: ovldiag_open: (ovl_open+0xb2/0x100 <- ovl_open_realfile) result=0xffff8880071ccf00
              dd-3599    [001] .....    16.239665: ovldiag_open: (ovl_open+0xb2/0x100 <- ovl_open_realfile) result=0xffff88800471d000
              dd-3599    [001] .....    16.239692: ovldiag_ensure: (ovl_write_iter+0xaf/0x130 <- ovl_ensure_upper_and_switch) result=0x0
              dd-3599    [001] .....    16.239709: ovldiag_write: (ovl_write_iter+0x10c/0x130 <- backing_file_write_iter) result=0x1000
              dd-3601    [000] .....    16.240764: ovldiag_open: (ovl_open+0xb2/0x100 <- ovl_open_realfile) result=0xffff888008998300
              dd-3601    [000] .....    16.240791: ovldiag_ensure: (ovl_write_iter+0xaf/0x130 <- ovl_ensure_upper_and_switch) result=0x0
              dd-3601    [000] .....    16.240807: ovldiag_write: (ovl_write_iter+0x10c/0x130 <- backing_file_write_iter) result=0x1000
             cat-3604    [001] .....    16.242344: ovldiag_open: (ovl_open+0xb2/0x100 <- ovl_open_realfile) result=0xffff888004415900
              dd-3606    [000] .....    16.243204: ovldiag_open: (ovl_open+0xb2/0x100 <- ovl_open_realfile) result=0xffff888004720f00
              dd-3606    [000] .....    16.243233: ovldiag_ensure: (ovl_write_iter+0xaf/0x130 <- ovl_ensure_upper_and_switch) result=0x0
              dd-3606    [000] .....    16.243248: ovldiag_write: (ovl_write_iter+0x10c/0x130 <- backing_file_write_iter) result=0x1000
             cat-3605    [001] .....    16.243441: ovldiag_open: (ovl_open+0xb2/0x100 <- ovl_open_realfile) result=0xffff88800db0bf00
             cat-3607    [000] .....    16.244445: ovldiag_open: (ovl_open+0xb2/0x100 <- ovl_open_realfile) result=0xffff888008a7ef00
             cat-3611    [000] .....    16.247440: ovldiag_open: (ovl_open+0xb2/0x100 <- ovl_open_realfile) result=0xffff8880061d0600
              dd-3617    [000] .....    16.250642: ovldiag_open: (ovl_open+0xb2/0x100 <- ovl_open_realfile) result=0xffff888008a6fe00
              dd-3617    [000] .....    16.250670: ovldiag_ensure: (ovl_write_iter+0xaf/0x130 <- ovl_ensure_upper_and_switch) result=0x0
              dd-3617    [000] .....    16.250685: ovldiag_write: (ovl_write_iter+0x10c/0x130 <- backing_file_write_iter) result=0x1000
              dd-3620    [000] .....    16.252200: ovldiag_open: (ovl_open+0xb2/0x100 <- ovl_open_realfile) result=0xffff888004526200
              dd-3620    [000] .....    16.252229: ovldiag_ensure: (ovl_write_iter+0xaf/0x130 <- ovl_ensure_upper_and_switch) result=0x0
              dd-3620    [000] .....    16.252244: ovldiag_write: (ovl_write_iter+0x10c/0x130 <- backing_file_write_iter) result=0x1000
              dd-3622    [001] .....    16.253652: ovldiag_open: (ovl_open+0xb2/0x100 <- ovl_open_realfile) result=0xffff8880046f0e00
              dd-3622    [001] .....    16.253682: ovldiag_ensure: (ovl_write_iter+0xaf/0x130 <- ovl_ensure_upper_and_switch) result=0x0
              dd-3622    [001] .....    16.253698: ovldiag_write: (ovl_write_iter+0x10c/0x130 <- backing_file_write_iter) result=0x1000
             cat-3623    [000] .....    16.254830: ovldiag_open: (ovl_open+0xb2/0x100 <- ovl_open_realfile) result=0xffff888004762900
             cat-3626    [001] .....    16.256183: ovldiag_open: (ovl_open+0xb2/0x100 <- ovl_open_realfile) result=0xffff888008a7cb00
             cat-3624    [001] .....    16.256722: ovldiag_open: (ovl_open+0xb2/0x100 <- ovl_open_realfile) result=0xffff8880061d0800
             cat-3631    [000] .....    16.259940: ovldiag_open: (ovl_open+0xb2/0x100 <- ovl_open_realfile) result=0xffff88800d900600
              dd-3633    [001] .....    16.261016: ovldiag_open: (ovl_open+0xb2/0x100 <- ovl_open_realfile) result=0xffff88800d9e7b00
              dd-3633    [001] .....    16.261043: ovldiag_ensure: (ovl_write_iter+0xaf/0x130 <- ovl_ensure_upper_and_switch) result=0x0
              dd-3633    [001] .....    16.261059: ovldiag_write: (ovl_write_iter+0x10c/0x130 <- backing_file_write_iter) result=0x1000
              dd-3638    [000] .....    16.263744: ovldiag_open: (ovl_open+0xb2/0x100 <- ovl_open_realfile) result=0xffff888008ab8100
              dd-3638    [000] .....    16.263775: ovldiag_ensure: (ovl_write_iter+0xaf/0x130 <- ovl_ensure_upper_and_switch) result=0x0
              dd-3638    [000] .....    16.263791: ovldiag_write: (ovl_write_iter+0x10c/0x130 <- backing_file_write_iter) result=0x1000
              dd-3640    [001] .....    16.264864: ovldiag_open: (ovl_open+0xb2/0x100 <- ovl_open_realfile) result=0xffff88800dafd900
              dd-3640    [001] .....    16.264894: ovldiag_ensure: (ovl_write_iter+0xaf/0x130 <- ovl_ensure_upper_and_switch) result=0x0
              dd-3640    [001] .....    16.264911: ovldiag_write: (ovl_write_iter+0x10c/0x130 <- backing_file_write_iter) result=0x1000
             cat-3639    [000] .....    16.265755: ovldiag_open: (ovl_open+0xb2/0x100 <- ovl_open_realfile) result=0xffff8880071cc500
             cat-3644    [001] .....    16.267229: ovldiag_open: (ovl_open+0xb2/0x100 <- ovl_open_realfile) result=0xffff8880061d0200
              dd-3643    [001] .....    16.267483: ovldiag_open: (ovl_open+0xb2/0x100 <- ovl_open_realfile) result=0xffff88800452c700
              dd-3643    [001] .....    16.267511: ovldiag_ensure: (ovl_write_iter+0xaf/0x130 <- ovl_ensure_upper_and_switch) result=0x0
              dd-3643    [001] .....    16.267527: ovldiag_write: (ovl_write_iter+0x10c/0x130 <- backing_file_write_iter) result=0x1000
             cat-3649    [000] .....    16.269906: ovldiag_open: (ovl_open+0xb2/0x100 <- ovl_open_realfile) result=0xffff88800da34a00
             cat-3652    [000] .....    16.271487: ovldiag_open: (ovl_open+0xb2/0x100 <- ovl_open_realfile) result=0xffff88800d916700
              dd-3654    [001] .....    16.274170: ovldiag_open: (ovl_open+0xb2/0x100 <- ovl_open_realfile) result=0xffff88800e07d200
              dd-3654    [001] .....    16.274199: ovldiag_ensure: (ovl_write_iter+0xaf/0x130 <- ovl_ensure_upper_and_switch) result=0x0
              dd-3654    [001] .....    16.274215: ovldiag_write: (ovl_write_iter+0x10c/0x130 <- backing_file_write_iter) result=0x1000
              dd-3658    [001] .....    16.276533: ovldiag_open: (ovl_open+0xb2/0x100 <- ovl_open_realfile) result=0xffff8880046e3a00
              dd-3658    [001] .....    16.276561: ovldiag_ensure: (ovl_write_iter+0xaf/0x130 <- ovl_ensure_upper_and_switch) result=0x0
              dd-3658    [001] .....    16.276576: ovldiag_write: (ovl_write_iter+0x10c/0x130 <- backing_file_write_iter) result=0x1000
             cat-3659    [000] .....    16.277009: ovldiag_open: (ovl_open+0xb2/0x100 <- ovl_open_realfile) result=0xffff88800d8b2900
             cat-3662    [001] .....    16.279176: ovldiag_open: (ovl_open+0xb2/0x100 <- ovl_open_realfile) result=0xffff8880061cc900
              dd-3663    [000] .....    16.279621: ovldiag_open: (ovl_open+0xb2/0x100 <- ovl_open_realfile) result=0xffff888004415500
              dd-3663    [000] .....    16.279651: ovldiag_ensure: (ovl_write_iter+0xaf/0x130 <- ovl_ensure_upper_and_switch) result=0x0
              dd-3663    [000] .....    16.279667: ovldiag_write: (ovl_write_iter+0x10c/0x130 <- backing_file_write_iter) result=0x1000
              dd-3664    [001] .....    16.281933: ovldiag_open: (ovl_open+0xb2/0x100 <- ovl_open_realfile) result=0xffff88800720b400
              dd-3664    [001] .....    16.281963: ovldiag_ensure: (ovl_write_iter+0xaf/0x130 <- ovl_ensure_upper_and_switch) result=0x0
              dd-3664    [001] .....    16.281979: ovldiag_write: (ovl_write_iter+0x10c/0x130 <- backing_file_write_iter) result=0x1000
             cat-3668    [001] .....    16.282948: ovldiag_open: (ovl_open+0xb2/0x100 <- ovl_open_realfile) result=0xffff88800447ba00
             cat-3669    [000] .....    16.283305: ovldiag_open: (ovl_open+0xb2/0x100 <- ovl_open_realfile) result=0xffff88800d965000
              dd-3676    [001] .....    16.287629: ovldiag_open: (ovl_open+0xb2/0x100 <- ovl_open_realfile) result=0xffff888007083c00
              dd-3676    [001] .....    16.287656: ovldiag_ensure: (ovl_write_iter+0xaf/0x130 <- ovl_ensure_upper_and_switch) result=0x0
              dd-3676    [001] .....    16.287672: ovldiag_write: (ovl_write_iter+0x10c/0x130 <- backing_file_write_iter) result=0x1000
             cat-3677    [001] .....    16.289265: ovldiag_open: (ovl_open+0xb2/0x100 <- ovl_open_realfile) result=0xffff8880046f0400
              dd-3679    [000] .....    16.289595: ovldiag_open: (ovl_open+0xb2/0x100 <- ovl_open_realfile) result=0xffff888008a6f000
              dd-3679    [000] .....    16.289623: ovldiag_ensure: (ovl_write_iter+0xaf/0x130 <- ovl_ensure_upper_and_switch) result=0x0
              dd-3679    [000] .....    16.289638: ovldiag_write: (ovl_write_iter+0x10c/0x130 <- backing_file_write_iter) result=0x1000
             cat-3682    [000] .....    16.291956: ovldiag_open: (ovl_open+0xb2/0x100 <- ovl_open_realfile) result=0xffff88800621b400
             cat-3684    [001] .....    16.293068: ovldiag_open: (ovl_open+0xb2/0x100 <- ovl_open_realfile) result=0xffff888008a7ef00
             cat-3686    [001] .....    16.294076: ovldiag_open: (ovl_open+0xb2/0x100 <- ovl_open_realfile) result=0xffff88800db95600
              dd-3689    [000] .....    16.296318: ovldiag_open: (ovl_open+0xb2/0x100 <- ovl_open_realfile) result=0xffff888007164200
              dd-3689    [000] .....    16.296347: ovldiag_ensure: (ovl_write_iter+0xaf/0x130 <- ovl_ensure_upper_and_switch) result=0x0
              dd-3689    [000] .....    16.296363: ovldiag_write: (ovl_write_iter+0x10c/0x130 <- backing_file_write_iter) result=0x1000
              dd-3694    [001] .....    16.299480: ovldiag_open: (ovl_open+0xb2/0x100 <- ovl_open_realfile) result=0xffff88800e188a00
              dd-3694    [001] .....    16.299511: ovldiag_ensure: (ovl_write_iter+0xaf/0x130 <- ovl_ensure_upper_and_switch) result=0x0
              dd-3694    [001] .....    16.299528: ovldiag_write: (ovl_write_iter+0x10c/0x130 <- backing_file_write_iter) result=0x1000
             cat-3695    [000] .....    16.299532: ovldiag_open: (ovl_open+0xb2/0x100 <- ovl_open_realfile) result=0xffff88800720b100
              dd-3697    [000] .....    16.301078: ovldiag_open: (ovl_open+0xb2/0x100 <- ovl_open_realfile) result=0xffff88800d950800
              dd-3697    [000] .....    16.301108: ovldiag_ensure: (ovl_write_iter+0xaf/0x130 <- ovl_ensure_upper_and_switch) result=0x0
              dd-3697    [000] .....    16.301123: ovldiag_write: (ovl_write_iter+0x10c/0x130 <- backing_file_write_iter) result=0x1000
              dd-3699    [000] .....    16.302681: ovldiag_open: (ovl_open+0xb2/0x100 <- ovl_open_realfile) result=0xffff8880046c6400
              dd-3699    [000] .....    16.302711: ovldiag_ensure: (ovl_write_iter+0xaf/0x130 <- ovl_ensure_upper_and_switch) result=0x0
              dd-3699    [000] .....    16.302725: ovldiag_write: (ovl_write_iter+0x10c/0x130 <- backing_file_write_iter) result=0x1000
             cat-3702    [000] .....    16.303937: ovldiag_open: (ovl_open+0xb2/0x100 <- ovl_open_realfile) result=0xffff88800727e000
             cat-3703    [001] .....    16.305453: ovldiag_open: (ovl_open+0xb2/0x100 <- ovl_open_realfile) result=0xffff8880060ec400
             cat-3706    [000] .....    16.306181: ovldiag_open: (ovl_open+0xb2/0x100 <- ovl_open_realfile) result=0xffff888004434200
              dd-3710    [001] .....    16.310491: ovldiag_open: (ovl_open+0xb2/0x100 <- ovl_open_realfile) result=0xffff88800447b700
              dd-3710    [001] .....    16.310518: ovldiag_ensure: (ovl_write_iter+0xaf/0x130 <- ovl_ensure_upper_and_switch) result=0x0
              dd-3710    [001] .....    16.310534: ovldiag_write: (ovl_write_iter+0x10c/0x130 <- backing_file_write_iter) result=0x1000
             cat-3713    [000] .....    16.311000: ovldiag_open: (ovl_open+0xb2/0x100 <- ovl_open_realfile) result=0xffff888006003600
              dd-3716    [001] .....    16.312988: ovldiag_open: (ovl_open+0xb2/0x100 <- ovl_open_realfile) result=0xffff8880061ccc00
              dd-3716    [001] .....    16.313017: ovldiag_ensure: (ovl_write_iter+0xaf/0x130 <- ovl_ensure_upper_and_switch) result=0x0
              dd-3716    [001] .....    16.313033: ovldiag_write: (ovl_write_iter+0x10c/0x130 <- backing_file_write_iter) result=0x1000
             cat-3719    [000] .....    16.314468: ovldiag_open: (ovl_open+0xb2/0x100 <- ovl_open_realfile) result=0xffff8880071cc000
              dd-3720    [000] .....    16.315528: ovldiag_open: (ovl_open+0xb2/0x100 <- ovl_open_realfile) result=0xffff888006003900
              dd-3720    [000] .....    16.315556: ovldiag_ensure: (ovl_write_iter+0xaf/0x130 <- ovl_ensure_upper_and_switch) result=0x0
              dd-3720    [000] .....    16.315571: ovldiag_write: (ovl_write_iter+0x10c/0x130 <- backing_file_write_iter) result=0x1000
             cat-3722    [000] .....    16.316914: ovldiag_open: (ovl_open+0xb2/0x100 <- ovl_open_realfile) result=0xffff88800e07ca00
             cat-3723    [001] .....    16.317799: ovldiag_open: (ovl_open+0xb2/0x100 <- ovl_open_realfile) result=0xffff88800471d500
              dd-3725    [000] .....    16.317973: ovldiag_open: (ovl_open+0xb2/0x100 <- ovl_open_realfile) result=0xffff88800713da00
              dd-3725    [000] .....    16.318002: ovldiag_ensure: (ovl_write_iter+0xaf/0x130 <- ovl_ensure_upper_and_switch) result=0x0
              dd-3725    [000] .....    16.318015: ovldiag_write: (ovl_write_iter+0x10c/0x130 <- backing_file_write_iter) result=0x1000
             cat-3731    [001] .....    16.322174: ovldiag_open: (ovl_open+0xb2/0x100 <- ovl_open_realfile) result=0xffff88800e0f6f00
              dd-3733    [000] .....    16.323715: ovldiag_open: (ovl_open+0xb2/0x100 <- ovl_open_realfile) result=0xffff88800d94c600
              dd-3733    [000] .....    16.323743: ovldiag_ensure: (ovl_write_iter+0xaf/0x130 <- ovl_ensure_upper_and_switch) result=0x0
              dd-3733    [000] .....    16.323759: ovldiag_write: (ovl_write_iter+0x10c/0x130 <- backing_file_write_iter) result=0x1000
             cat-3737    [000] .....    16.326183: ovldiag_open: (ovl_open+0xb2/0x100 <- ovl_open_realfile) result=0xffff88800d966200
              dd-3738    [001] .....    16.326488: ovldiag_open: (ovl_open+0xb2/0x100 <- ovl_open_realfile) result=0xffff88800727e900
              dd-3738    [001] .....    16.326518: ovldiag_ensure: (ovl_write_iter+0xaf/0x130 <- ovl_ensure_upper_and_switch) result=0x0
              dd-3738    [001] .....    16.326534: ovldiag_write: (ovl_write_iter+0x10c/0x130 <- backing_file_write_iter) result=0x1000
             cat-3740    [000] .....    16.327948: ovldiag_open: (ovl_open+0xb2/0x100 <- ovl_open_realfile) result=0xffff88800a6f2300
             cat-3743    [000] .....    16.329574: ovldiag_open: (ovl_open+0xb2/0x100 <- ovl_open_realfile) result=0xffff8880046c6900
              dd-3748    [001] .....    16.332675: ovldiag_open: (ovl_open+0xb2/0x100 <- ovl_open_realfile) result=0xffff888004467a00
              dd-3748    [001] .....    16.332703: ovldiag_ensure: (ovl_write_iter+0xaf/0x130 <- ovl_ensure_upper_and_switch) result=0x0
              dd-3748    [001] .....    16.332719: ovldiag_write: (ovl_write_iter+0x10c/0x130 <- backing_file_write_iter) result=0x1000
              dd-3750    [000] .....    16.332795: ovldiag_open: (ovl_open+0xb2/0x100 <- ovl_open_realfile) result=0xffff8880071ccd00
              dd-3750    [000] .....    16.332826: ovldiag_ensure: (ovl_write_iter+0xaf/0x130 <- ovl_ensure_upper_and_switch) result=0x0
              dd-3750    [000] .....    16.332843: ovldiag_write: (ovl_write_iter+0x10c/0x130 <- backing_file_write_iter) result=0x1000
             cat-3749    [001] .....    16.334214: ovldiag_open: (ovl_open+0xb2/0x100 <- ovl_open_realfile) result=0xffff88800db08900
              dd-3754    [001] .....    16.336613: ovldiag_open: (ovl_open+0xb2/0x100 <- ovl_open_realfile) result=0xffff88800471d100
              dd-3754    [001] .....    16.336642: ovldiag_ensure: (ovl_write_iter+0xaf/0x130 <- ovl_ensure_upper_and_switch) result=0x0
              dd-3754    [001] .....    16.336658: ovldiag_write: (ovl_write_iter+0x10c/0x130 <- backing_file_write_iter) result=0x1000
             cat-3757    [000] .....    16.338361: ovldiag_open: (ovl_open+0xb2/0x100 <- ovl_open_realfile) result=0xffff888007281700
             cat-3761    [000] .....    16.340054: ovldiag_open: (ovl_open+0xb2/0x100 <- ovl_open_realfile) result=0xffff8880047ff600
             cat-3760    [001] .....    16.341458: ovldiag_open: (ovl_open+0xb2/0x100 <- ovl_open_realfile) result=0xffff88800720d600
              dd-3758    [001] .....    16.341705: ovldiag_open: (ovl_open+0xb2/0x100 <- ovl_open_realfile) result=0xffff888007317900
              dd-3758    [001] .....    16.341731: ovldiag_ensure: (ovl_write_iter+0xaf/0x130 <- ovl_ensure_upper_and_switch) result=0x0
              dd-3758    [001] .....    16.341742: ovldiag_write: (ovl_write_iter+0x10c/0x130 <- backing_file_write_iter) result=0x1000
             cat-3767    [000] .....    16.344894: ovldiag_open: (ovl_open+0xb2/0x100 <- ovl_open_realfile) result=0xffff88800621b500
              dd-3770    [001] .....    16.346390: ovldiag_open: (ovl_open+0xb2/0x100 <- ovl_open_realfile) result=0xffff88800d950000
              dd-3770    [001] .....    16.346420: ovldiag_ensure: (ovl_write_iter+0xaf/0x130 <- ovl_ensure_upper_and_switch) result=0x0
              dd-3770    [001] .....    16.346436: ovldiag_write: (ovl_write_iter+0x10c/0x130 <- backing_file_write_iter) result=0x1000
              dd-3772    [001] .....    16.347757: ovldiag_open: (ovl_open+0xb2/0x100 <- ovl_open_realfile) result=0xffff888008a27700
              dd-3772    [001] .....    16.347798: ovldiag_ensure: (ovl_write_iter+0xaf/0x130 <- ovl_ensure_upper_and_switch) result=0x0
              dd-3772    [001] .....    16.347813: ovldiag_write: (ovl_write_iter+0x10c/0x130 <- backing_file_write_iter) result=0x1000
             cat-3773    [000] .....    16.348700: ovldiag_open: (ovl_open+0xb2/0x100 <- ovl_open_realfile) result=0xffff888004681500
              dd-3777    [001] .....    16.351084: ovldiag_open: (ovl_open+0xb2/0x100 <- ovl_open_realfile) result=0xffff88800720bf00
              dd-3777    [001] .....    16.351114: ovldiag_ensure: (ovl_write_iter+0xaf/0x130 <- ovl_ensure_upper_and_switch) result=0x0
              dd-3777    [001] .....    16.351130: ovldiag_write: (ovl_write_iter+0x10c/0x130 <- backing_file_write_iter) result=0x1000
             cat-3778    [000] .....    16.352404: ovldiag_open: (ovl_open+0xb2/0x100 <- ovl_open_realfile) result=0xffff88800713d500
             cat-3780    [001] .....    16.352709: ovldiag_open: (ovl_open+0xb2/0x100 <- ovl_open_realfile) result=0xffff8880061ea300
             cat-3782    [000] .....    16.353902: ovldiag_open: (ovl_open+0xb2/0x100 <- ovl_open_realfile) result=0xffff88800727ef00
              dd-3785    [001] .....    16.356363: ovldiag_open: (ovl_open+0xb2/0x100 <- ovl_open_realfile) result=0xffff88800da90500
              dd-3785    [001] .....    16.356391: ovldiag_ensure: (ovl_write_iter+0xaf/0x130 <- ovl_ensure_upper_and_switch) result=0x0
              dd-3785    [001] .....    16.356409: ovldiag_write: (ovl_write_iter+0x10c/0x130 <- backing_file_write_iter) result=0x1000
             cat-3791    [000] .....    16.358951: ovldiag_open: (ovl_open+0xb2/0x100 <- ovl_open_realfile) result=0xffff888006193700
              dd-3793    [001] .....    16.360627: ovldiag_open: (ovl_open+0xb2/0x100 <- ovl_open_realfile) result=0xffff88800da72000
              dd-3793    [001] .....    16.360653: ovldiag_ensure: (ovl_write_iter+0xaf/0x130 <- ovl_ensure_upper_and_switch) result=0x0
              dd-3793    [001] .....    16.360669: ovldiag_write: (ovl_write_iter+0x10c/0x130 <- backing_file_write_iter) result=0x1000
              dd-3796    [000] .....    16.362234: ovldiag_open: (ovl_open+0xb2/0x100 <- ovl_open_realfile) result=0xffff88800471d900
              dd-3796    [000] .....    16.362264: ovldiag_ensure: (ovl_write_iter+0xaf/0x130 <- ovl_ensure_upper_and_switch) result=0x0
              dd-3796    [000] .....    16.362298: ovldiag_write: (ovl_write_iter+0x10c/0x130 <- backing_file_write_iter) result=0x1000
             cat-3798    [001] .....    16.363756: ovldiag_open: (ovl_open+0xb2/0x100 <- ovl_open_realfile) result=0xffff888007164400
             cat-3797    [000] .....    16.364722: ovldiag_open: (ovl_open+0xb2/0x100 <- ovl_open_realfile) result=0xffff88800423dd00
              dd-3801    [001] .....    16.365394: ovldiag_open: (ovl_open+0xb2/0x100 <- ovl_open_realfile) result=0xffff88800447b000
              dd-3801    [001] .....    16.365423: ovldiag_ensure: (ovl_write_iter+0xaf/0x130 <- ovl_ensure_upper_and_switch) result=0x0
              dd-3801    [001] .....    16.365439: ovldiag_write: (ovl_write_iter+0x10c/0x130 <- backing_file_write_iter) result=0x1000
             cat-3802    [001] .....    16.367412: ovldiag_open: (ovl_open+0xb2/0x100 <- ovl_open_realfile) result=0xffff88800727a300
             cat-3807    [001] .....    16.368918: ovldiag_open: (ovl_open+0xb2/0x100 <- ovl_open_realfile) result=0xffff88800d806f00
              dd-3811    [000] .....    16.372313: ovldiag_open: (ovl_open+0xb2/0x100 <- ovl_open_realfile) result=0xffff8880047ffa00
              dd-3811    [000] .....    16.372343: ovldiag_ensure: (ovl_write_iter+0xaf/0x130 <- ovl_ensure_upper_and_switch) result=0x0
              dd-3811    [000] .....    16.372359: ovldiag_write: (ovl_write_iter+0x10c/0x130 <- backing_file_write_iter) result=0x1000
              dd-3814    [001] .....    16.373594: ovldiag_open: (ovl_open+0xb2/0x100 <- ovl_open_realfile) result=0xffff88800727e100
              dd-3814    [001] .....    16.373624: ovldiag_ensure: (ovl_write_iter+0xaf/0x130 <- ovl_ensure_upper_and_switch) result=0x0
              dd-3814    [001] .....    16.373640: ovldiag_write: (ovl_write_iter+0x10c/0x130 <- backing_file_write_iter) result=0x1000
             cat-3815    [000] .....    16.374590: ovldiag_open: (ovl_open+0xb2/0x100 <- ovl_open_realfile) result=0xffff88800dba7f00
              dd-3817    [001] .....    16.375920: ovldiag_open: (ovl_open+0xb2/0x100 <- ovl_open_realfile) result=0xffff88800e10a600
              dd-3817    [001] .....    16.375951: ovldiag_ensure: (ovl_write_iter+0xaf/0x130 <- ovl_ensure_upper_and_switch) result=0x0
              dd-3817    [001] .....    16.375967: ovldiag_write: (ovl_write_iter+0x10c/0x130 <- backing_file_write_iter) result=0x1000
             cat-3820    [000] .....    16.378533: ovldiag_open: (ovl_open+0xb2/0x100 <- ovl_open_realfile) result=0xffff888004762c00
              dd-3821    [001] .....    16.378727: ovldiag_open: (ovl_open+0xb2/0x100 <- ovl_open_realfile) result=0xffff888006003100
              dd-3821    [001] .....    16.378756: ovldiag_ensure: (ovl_write_iter+0xaf/0x130 <- ovl_ensure_upper_and_switch) result=0x0
              dd-3821    [001] .....    16.378773: ovldiag_write: (ovl_write_iter+0x10c/0x130 <- backing_file_write_iter) result=0x1000
             cat-3823    [000] .....    16.379549: ovldiag_open: (ovl_open+0xb2/0x100 <- ovl_open_realfile) result=0xffff88800d9f1e00
             cat-3825    [000] .....    16.382213: ovldiag_open: (ovl_open+0xb2/0x100 <- ovl_open_realfile) result=0xffff88800471df00
              dd-3832    [000] .....    16.387594: ovldiag_open: (ovl_open+0xb2/0x100 <- ovl_open_realfile) result=0xffff88800621b600
              dd-3832    [000] .....    16.387634: ovldiag_ensure: (ovl_write_iter+0xaf/0x130 <- ovl_ensure_upper_and_switch) result=0x0
              dd-3832    [000] .....    16.387650: ovldiag_write: (ovl_write_iter+0x10c/0x130 <- backing_file_write_iter) result=0x1000
             cat-3836    [001] .....    16.388751: ovldiag_open: (ovl_open+0xb2/0x100 <- ovl_open_realfile) result=0xffff888007317c00
             cat-3840    [001] .....    16.391162: ovldiag_open: (ovl_open+0xb2/0x100 <- ovl_open_realfile) result=0xffff888004762100
             cat-3842    [001] .....    16.391822: ovldiag_open: (ovl_open+0xb2/0x100 <- ovl_open_realfile) result=0xffff888008a27300
              dd-3834    [000] .....    16.392391: ovldiag_open: (ovl_open+0xb2/0x100 <- ovl_open_realfile) result=0xffff88800471d200
              dd-3834    [000] .....    16.392431: ovldiag_ensure: (ovl_write_iter+0xaf/0x130 <- ovl_ensure_upper_and_switch) result=0x0
              dd-3834    [000] .....    16.392446: ovldiag_write: (ovl_write_iter+0x10c/0x130 <- backing_file_write_iter) result=0x1000
              dd-3838    [000] .....    16.393425: ovldiag_open: (ovl_open+0xb2/0x100 <- ovl_open_realfile) result=0xffff88800d9f1e00
              dd-3838    [000] .....    16.393462: ovldiag_ensure: (ovl_write_iter+0xaf/0x130 <- ovl_ensure_upper_and_switch) result=0x0
              dd-3838    [000] .....    16.393477: ovldiag_write: (ovl_write_iter+0x10c/0x130 <- backing_file_write_iter) result=0x1000
              dd-3843    [001] .....    16.395747: ovldiag_open: (ovl_open+0xb2/0x100 <- ovl_open_realfile) result=0xffff88800d958e00
              dd-3843    [001] .....    16.395785: ovldiag_ensure: (ovl_write_iter+0xaf/0x130 <- ovl_ensure_upper_and_switch) result=0x0
              dd-3843    [001] .....    16.395801: ovldiag_write: (ovl_write_iter+0x10c/0x130 <- backing_file_write_iter) result=0x1000
             cat-3850    [000] .....    16.398383: ovldiag_open: (ovl_open+0xb2/0x100 <- ovl_open_realfile) result=0xffff88800d9f1c00
             cat-3854    [001] .....    16.400558: ovldiag_open: (ovl_open+0xb2/0x100 <- ovl_open_realfile) result=0xffff88800e16ca00
              dd-3858    [000] .....    16.404183: ovldiag_open: (ovl_open+0xb2/0x100 <- ovl_open_realfile) result=0xffff888008a27300
              dd-3858    [000] .....    16.404211: ovldiag_ensure: (ovl_write_iter+0xaf/0x130 <- ovl_ensure_upper_and_switch) result=0x0
              dd-3858    [000] .....    16.404229: ovldiag_write: (ovl_write_iter+0x10c/0x130 <- backing_file_write_iter) result=0x1000
             cat-3859    [001] .....    16.405541: ovldiag_open: (ovl_open+0xb2/0x100 <- ovl_open_realfile) result=0xffff8880061cc900
             cat-3861    [000] .....    16.405569: ovldiag_open: (ovl_open+0xb2/0x100 <- ovl_open_realfile) result=0xffff8880046c6300
             cat-3863    [000] .....    16.407564: ovldiag_open: (ovl_open+0xb2/0x100 <- ovl_open_realfile) result=0xffff8880046c6f00
              dd-3864    [001] .....    16.409078: ovldiag_open: (ovl_open+0xb2/0x100 <- ovl_open_realfile) result=0xffff88800daf4800
              dd-3864    [001] .....    16.409121: ovldiag_ensure: (ovl_write_iter+0xaf/0x130 <- ovl_ensure_upper_and_switch) result=0x0
              dd-3864    [001] .....    16.409137: ovldiag_write: (ovl_write_iter+0x10c/0x130 <- backing_file_write_iter) result=0x1000
             cat-3870    [000] .....    16.411221: ovldiag_open: (ovl_open+0xb2/0x100 <- ovl_open_realfile) result=0xffff888008a27400
              dd-3866    [001] .....    16.414746: ovldiag_open: (ovl_open+0xb2/0x100 <- ovl_open_realfile) result=0xffff88800da03b00
              dd-3866    [001] .....    16.414787: ovldiag_ensure: (ovl_write_iter+0xaf/0x130 <- ovl_ensure_upper_and_switch) result=0x0
              dd-3866    [001] .....    16.414829: ovldiag_write: (ovl_write_iter+0x10c/0x130 <- backing_file_write_iter) result=0x1000
              dd-3867    [000] .....    16.414930: ovldiag_open: (ovl_open+0xb2/0x100 <- ovl_open_realfile) result=0xffff88800db5f000
              dd-3867    [000] .....    16.414968: ovldiag_ensure: (ovl_write_iter+0xaf/0x130 <- ovl_ensure_upper_and_switch) result=0x0
              dd-3867    [000] .....    16.414983: ovldiag_write: (ovl_write_iter+0x10c/0x130 <- backing_file_write_iter) result=0x1000
              dd-3878    [000] .....    16.417456: ovldiag_open: (ovl_open+0xb2/0x100 <- ovl_open_realfile) result=0xffff888004798300
              dd-3878    [000] .....    16.417501: ovldiag_ensure: (ovl_write_iter+0xaf/0x130 <- ovl_ensure_upper_and_switch) result=0x0
              dd-3878    [000] .....    16.417517: ovldiag_write: (ovl_write_iter+0x10c/0x130 <- backing_file_write_iter) result=0x1000
             cat-3879    [000] .....    16.418526: ovldiag_open: (ovl_open+0xb2/0x100 <- ovl_open_realfile) result=0xffff88800da4dc00
             cat-3882    [001] .....    16.420071: ovldiag_open: (ovl_open+0xb2/0x100 <- ovl_open_realfile) result=0xffff8880061cc600
             cat-3885    [000] .....    16.422202: ovldiag_open: (ovl_open+0xb2/0x100 <- ovl_open_realfile) result=0xffff888006079f00
             cat-3886    [000] .....    16.423183: ovldiag_open: (ovl_open+0xb2/0x100 <- ovl_open_realfile) result=0xffff888004798100
              dd-3889    [001] .....    16.425206: ovldiag_open: (ovl_open+0xb2/0x100 <- ovl_open_realfile) result=0xffff888004720500
              dd-3889    [001] .....    16.425233: ovldiag_ensure: (ovl_write_iter+0xaf/0x130 <- ovl_ensure_upper_and_switch) result=0x0
              dd-3889    [001] .....    16.425250: ovldiag_write: (ovl_write_iter+0x10c/0x130 <- backing_file_write_iter) result=0x1000
             cat-3894    [001] .....    16.428479: ovldiag_open: (ovl_open+0xb2/0x100 <- ovl_open_realfile) result=0xffff88800d955e00
              dd-3896    [001] .....    16.430219: ovldiag_open: (ovl_open+0xb2/0x100 <- ovl_open_realfile) result=0xffff888003f11100
              dd-3896    [001] .....    16.430250: ovldiag_ensure: (ovl_write_iter+0xaf/0x130 <- ovl_ensure_upper_and_switch) result=0x0
              dd-3896    [001] .....    16.430267: ovldiag_write: (ovl_write_iter+0x10c/0x130 <- backing_file_write_iter) result=0x1000
             cat-3897    [000] .....    16.430409: ovldiag_open: (ovl_open+0xb2/0x100 <- ovl_open_realfile) result=0xffff88800d8cff00
              dd-3895    [000] .....    16.430633: ovldiag_open: (ovl_open+0xb2/0x100 <- ovl_open_realfile) result=0xffff8880072ed800
              dd-3895    [000] .....    16.430666: ovldiag_ensure: (ovl_write_iter+0xaf/0x130 <- ovl_ensure_upper_and_switch) result=0x0
              dd-3895    [000] .....    16.430682: ovldiag_write: (ovl_write_iter+0x10c/0x130 <- backing_file_write_iter) result=0x1000
              dd-3899    [000] .....    16.433821: ovldiag_open: (ovl_open+0xb2/0x100 <- ovl_open_realfile) result=0xffff88800db5d400
              dd-3899    [000] .....    16.433875: ovldiag_ensure: (ovl_write_iter+0xaf/0x130 <- ovl_ensure_upper_and_switch) result=0x0
              dd-3899    [000] .....    16.433891: ovldiag_write: (ovl_write_iter+0x10c/0x130 <- backing_file_write_iter) result=0x1000
             cat-3904    [000] .....    16.435251: ovldiag_open: (ovl_open+0xb2/0x100 <- ovl_open_realfile) result=0xffff88800727ea00
             cat-3908    [001] .....    16.437078: ovldiag_open: (ovl_open+0xb2/0x100 <- ovl_open_realfile) result=0xffff88800471d900
              dd-3911    [000] .....    16.439244: ovldiag_open: (ovl_open+0xb2/0x100 <- ovl_open_realfile) result=0xffff88800447b000
              dd-3911    [000] .....    16.439294: ovldiag_ensure: (ovl_write_iter+0xaf/0x130 <- ovl_ensure_upper_and_switch) result=0x0
              dd-3911    [000] .....    16.439472: ovldiag_write: (ovl_write_iter+0x10c/0x130 <- backing_file_write_iter) result=0x1000
             cat-3914    [001] .....    16.441734: ovldiag_open: (ovl_open+0xb2/0x100 <- ovl_open_realfile) result=0xffff888004467900
              dd-3916    [000] .....    16.444203: ovldiag_open: (ovl_open+0xb2/0x100 <- ovl_open_realfile) result=0xffff88800720bd00
              dd-3916    [000] .....    16.444234: ovldiag_ensure: (ovl_write_iter+0xaf/0x130 <- ovl_ensure_upper_and_switch) result=0x0
              dd-3916    [000] .....    16.444249: ovldiag_write: (ovl_write_iter+0x10c/0x130 <- backing_file_write_iter) result=0x1000
             cat-3917    [001] .....    16.444890: ovldiag_open: (ovl_open+0xb2/0x100 <- ovl_open_realfile) result=0xffff88800471d000
             cat-3922    [001] .....    16.448276: ovldiag_open: (ovl_open+0xb2/0x100 <- ovl_open_realfile) result=0xffff888008ab8f00
              dd-3918    [001] .....    16.448468: ovldiag_open: (ovl_open+0xb2/0x100 <- ovl_open_realfile) result=0xffff888008ab8600
              dd-3918    [001] .....    16.448503: ovldiag_ensure: (ovl_write_iter+0xaf/0x130 <- ovl_ensure_upper_and_switch) result=0x0
              dd-3918    [001] .....    16.448519: ovldiag_write: (ovl_write_iter+0x10c/0x130 <- backing_file_write_iter) result=0x1000
              dd-3924    [001] .....    16.449767: ovldiag_open: (ovl_open+0xb2/0x100 <- ovl_open_realfile) result=0xffff888004467100
              dd-3924    [001] .....    16.449794: ovldiag_ensure: (ovl_write_iter+0xaf/0x130 <- ovl_ensure_upper_and_switch) result=0x0
              dd-3924    [001] .....    16.449808: ovldiag_write: (ovl_write_iter+0x10c/0x130 <- backing_file_write_iter) result=0x1000
             cat-3923    [000] .....    16.449891: ovldiag_open: (ovl_open+0xb2/0x100 <- ovl_open_realfile) result=0xffff888008a7c900
             cat-3932    [001] .....    16.453350: ovldiag_open: (ovl_open+0xb2/0x100 <- ovl_open_realfile) result=0xffff88800e09e800
              dd-3931    [000] .....    16.455248: ovldiag_open: (ovl_open+0xb2/0x100 <- ovl_open_realfile) result=0xffff88800e248400
              dd-3931    [000] .....    16.455278: ovldiag_ensure: (ovl_write_iter+0xaf/0x130 <- ovl_ensure_upper_and_switch) result=0x0
              dd-3931    [000] .....    16.455321: ovldiag_write: (ovl_write_iter+0x10c/0x130 <- backing_file_write_iter) result=0x1000
             cat-3937    [000] .....    16.458028: ovldiag_open: (ovl_open+0xb2/0x100 <- ovl_open_realfile) result=0xffff8880072ed000
              dd-3938    [001] .....    16.458109: ovldiag_open: (ovl_open+0xb2/0x100 <- ovl_open_realfile) result=0xffff888004798100
              dd-3938    [001] .....    16.458137: ovldiag_ensure: (ovl_write_iter+0xaf/0x130 <- ovl_ensure_upper_and_switch) result=0x0
              dd-3938    [001] .....    16.458244: ovldiag_write: (ovl_write_iter+0x10c/0x130 <- backing_file_write_iter) result=0x1000
             cat-3941    [001] .....    16.460607: ovldiag_open: (ovl_open+0xb2/0x100 <- ovl_open_realfile) result=0xffff88800452c700
             cat-3944    [001] .....    16.462122: ovldiag_open: (ovl_open+0xb2/0x100 <- ovl_open_realfile) result=0xffff8880046e3500
             cat-3948    [000] .....    16.464678: ovldiag_open: (ovl_open+0xb2/0x100 <- ovl_open_realfile) result=0xffff888008a6f900
              dd-3947    [001] .....    16.467437: ovldiag_open: (ovl_open+0xb2/0x100 <- ovl_open_realfile) result=0xffff88800423d000
              dd-3947    [001] .....    16.467480: ovldiag_ensure: (ovl_write_iter+0xaf/0x130 <- ovl_ensure_upper_and_switch) result=0x0
              dd-3947    [001] .....    16.467497: ovldiag_write: (ovl_write_iter+0x10c/0x130 <- backing_file_write_iter) result=0x1000
             cat-3952    [000] .....    16.469003: ovldiag_open: (ovl_open+0xb2/0x100 <- ovl_open_realfile) result=0xffff888008a27100
              dd-3950    [000] .....    16.469443: ovldiag_open: (ovl_open+0xb2/0x100 <- ovl_open_realfile) result=0xffff8880061d0f00
              dd-3950    [000] .....    16.469483: ovldiag_ensure: (ovl_write_iter+0xaf/0x130 <- ovl_ensure_upper_and_switch) result=0x0
              dd-3950    [000] .....    16.469499: ovldiag_write: (ovl_write_iter+0x10c/0x130 <- backing_file_write_iter) result=0x1000
              dd-3954    [000] .....    16.471885: ovldiag_open: (ovl_open+0xb2/0x100 <- ovl_open_realfile) result=0xffff8880047fff00
              dd-3954    [000] .....    16.471928: ovldiag_ensure: (ovl_write_iter+0xaf/0x130 <- ovl_ensure_upper_and_switch) result=0x0
              dd-3954    [000] .....    16.471943: ovldiag_write: (ovl_write_iter+0x10c/0x130 <- backing_file_write_iter) result=0x1000
             cat-3958    [000] .....    16.472696: ovldiag_open: (ovl_open+0xb2/0x100 <- ovl_open_realfile) result=0xffff8880089e7600
              dd-3960    [001] .....    16.473160: ovldiag_open: (ovl_open+0xb2/0x100 <- ovl_open_realfile) result=0xffff888007083700
              dd-3960    [001] .....    16.473188: ovldiag_ensure: (ovl_write_iter+0xaf/0x130 <- ovl_ensure_upper_and_switch) result=0x0
              dd-3960    [001] .....    16.473205: ovldiag_write: (ovl_write_iter+0x10c/0x130 <- backing_file_write_iter) result=0x1000
             cat-3963    [001] .....    16.475313: ovldiag_open: (ovl_open+0xb2/0x100 <- ovl_open_realfile) result=0xffff88800e240400
             cat-3964    [001] .....    16.477148: ovldiag_open: (ovl_open+0xb2/0x100 <- ovl_open_realfile) result=0xffff88800713d700
             cat-3971    [000] .....    16.480648: ovldiag_open: (ovl_open+0xb2/0x100 <- ovl_open_realfile) result=0xffff88800e257c00
              dd-3972    [000] .....    16.482034: ovldiag_open: (ovl_open+0xb2/0x100 <- ovl_open_realfile) result=0xffff888008ab8100
              dd-3972    [000] .....    16.482080: ovldiag_ensure: (ovl_write_iter+0xaf/0x130 <- ovl_ensure_upper_and_switch) result=0x0
              dd-3972    [000] .....    16.482115: ovldiag_write: (ovl_write_iter+0x10c/0x130 <- backing_file_write_iter) result=0x1000
             cat-3974    [000] .....    16.483218: ovldiag_open: (ovl_open+0xb2/0x100 <- ovl_open_realfile) result=0xffff8880046e3900
              dd-3975    [000] .....    16.484413: ovldiag_open: (ovl_open+0xb2/0x100 <- ovl_open_realfile) result=0xffff88800d8b5200
              dd-3975    [000] .....    16.484454: ovldiag_ensure: (ovl_write_iter+0xaf/0x130 <- ovl_ensure_upper_and_switch) result=0x0
              dd-3975    [000] .....    16.484469: ovldiag_write: (ovl_write_iter+0x10c/0x130 <- backing_file_write_iter) result=0x1000
              dd-3978    [000] .....    16.486213: ovldiag_open: (ovl_open+0xb2/0x100 <- ovl_open_realfile) result=0xffff888004467900
              dd-3978    [000] .....    16.486243: ovldiag_ensure: (ovl_write_iter+0xaf/0x130 <- ovl_ensure_upper_and_switch) result=0x0
              dd-3978    [000] .....    16.486260: ovldiag_write: (ovl_write_iter+0x10c/0x130 <- backing_file_write_iter) result=0x1000
             cat-3980    [001] .....    16.486508: ovldiag_open: (ovl_open+0xb2/0x100 <- ovl_open_realfile) result=0xffff888006008c00
             cat-3983    [000] .....    16.489010: ovldiag_open: (ovl_open+0xb2/0x100 <- ovl_open_realfile) result=0xffff888008ab8700
              dd-3984    [001] .....    16.489654: ovldiag_open: (ovl_open+0xb2/0x100 <- ovl_open_realfile) result=0xffff8880071cc200
              dd-3984    [001] .....    16.489683: ovldiag_ensure: (ovl_write_iter+0xaf/0x130 <- ovl_ensure_upper_and_switch) result=0x0
              dd-3984    [001] .....    16.489699: ovldiag_write: (ovl_write_iter+0x10c/0x130 <- backing_file_write_iter) result=0x1000
             cat-3990    [001] .....    16.493620: ovldiag_open: (ovl_open+0xb2/0x100 <- ovl_open_realfile) result=0xffff88800452c400
              dd-3993    [001] .....    16.496580: ovldiag_open: (ovl_open+0xb2/0x100 <- ovl_open_realfile) result=0xffff88800e16f300
              dd-3993    [001] .....    16.496610: ovldiag_ensure: (ovl_write_iter+0xaf/0x130 <- ovl_ensure_upper_and_switch) result=0x0
              dd-3993    [001] .....    16.496627: ovldiag_write: (ovl_write_iter+0x10c/0x130 <- backing_file_write_iter) result=0x1000
             cat-3996    [000] .....    16.498044: ovldiag_open: (ovl_open+0xb2/0x100 <- ovl_open_realfile) result=0xffff888006003800
             cat-3998    [001] .....    16.499376: ovldiag_open: (ovl_open+0xb2/0x100 <- ovl_open_realfile) result=0xffff88800e0f4e00
              dd-4001    [001] .....    16.501994: ovldiag_open: (ovl_open+0xb2/0x100 <- ovl_open_realfile) result=0xffff888006140500
              dd-4001    [001] .....    16.502021: ovldiag_ensure: (ovl_write_iter+0xaf/0x130 <- ovl_ensure_upper_and_switch) result=0x0
              dd-4001    [001] .....    16.502038: ovldiag_write: (ovl_write_iter+0x10c/0x130 <- backing_file_write_iter) result=0x1000
             cat-4002    [000] .....    16.502744: ovldiag_open: (ovl_open+0xb2/0x100 <- ovl_open_realfile) result=0xffff88800452c500
             cat-4003    [001] .....    16.503263: ovldiag_open: (ovl_open+0xb2/0x100 <- ovl_open_realfile) result=0xffff88800471d100
              dd-4008    [000] .....    16.504961: ovldiag_open: (ovl_open+0xb2/0x100 <- ovl_open_realfile) result=0xffff88800d9f1100
              dd-4008    [000] .....    16.504991: ovldiag_ensure: (ovl_write_iter+0xaf/0x130 <- ovl_ensure_upper_and_switch) result=0x0
              dd-4008    [000] .....    16.505007: ovldiag_write: (ovl_write_iter+0x10c/0x130 <- backing_file_write_iter) result=0x1000
              dd-4007    [001] .....    16.505392: ovldiag_open: (ovl_open+0xb2/0x100 <- ovl_open_realfile) result=0xffff888003f01c00
              dd-4007    [001] .....    16.505422: ovldiag_ensure: (ovl_write_iter+0xaf/0x130 <- ovl_ensure_upper_and_switch) result=0x0
              dd-4007    [001] .....    16.505437: ovldiag_write: (ovl_write_iter+0x10c/0x130 <- backing_file_write_iter) result=0x1000
             cat-4013    [000] .....    16.509145: ovldiag_open: (ovl_open+0xb2/0x100 <- ovl_open_realfile) result=0xffff88800e146a00
              dd-4016    [000] .....    16.511273: ovldiag_open: (ovl_open+0xb2/0x100 <- ovl_open_realfile) result=0xffff88800e2e5200
              dd-4016    [000] .....    16.511318: ovldiag_ensure: (ovl_write_iter+0xaf/0x130 <- ovl_ensure_upper_and_switch) result=0x0
              dd-4016    [000] .....    16.511345: ovldiag_write: (ovl_write_iter+0x10c/0x130 <- backing_file_write_iter) result=0x1000
             cat-4018    [001] .....    16.513386: ovldiag_open: (ovl_open+0xb2/0x100 <- ovl_open_realfile) result=0xffff88800727a900
             cat-4020    [000] .....    16.514795: ovldiag_open: (ovl_open+0xb2/0x100 <- ovl_open_realfile) result=0xffff88800e146800
             cat-4023    [000] .....    16.516633: ovldiag_open: (ovl_open+0xb2/0x100 <- ovl_open_realfile) result=0xffff888004526200
              dd-4026    [000] .....    16.518317: ovldiag_open: (ovl_open+0xb2/0x100 <- ovl_open_realfile) result=0xffff88800471d300
              dd-4026    [000] .....    16.518348: ovldiag_ensure: (ovl_write_iter+0xaf/0x130 <- ovl_ensure_upper_and_switch) result=0x0
              dd-4026    [000] .....    16.518363: ovldiag_write: (ovl_write_iter+0x10c/0x130 <- backing_file_write_iter) result=0x1000
              dd-4028    [001] .....    16.520005: ovldiag_open: (ovl_open+0xb2/0x100 <- ovl_open_realfile) result=0xffff88800d986f00
              dd-4028    [001] .....    16.520034: ovldiag_ensure: (ovl_write_iter+0xaf/0x130 <- ovl_ensure_upper_and_switch) result=0x0
              dd-4028    [001] .....    16.520050: ovldiag_write: (ovl_write_iter+0x10c/0x130 <- backing_file_write_iter) result=0x1000
             cat-4029    [001] .....    16.521100: ovldiag_open: (ovl_open+0xb2/0x100 <- ovl_open_realfile) result=0xffff88800e297f00
              dd-4033    [000] .....    16.523218: ovldiag_open: (ovl_open+0xb2/0x100 <- ovl_open_realfile) result=0xffff888008a27800
              dd-4033    [000] .....    16.523246: ovldiag_ensure: (ovl_write_iter+0xaf/0x130 <- ovl_ensure_upper_and_switch) result=0x0
              dd-4033    [000] .....    16.523262: ovldiag_write: (ovl_write_iter+0x10c/0x130 <- backing_file_write_iter) result=0x1000
             cat-4038    [000] .....    16.526213: ovldiag_open: (ovl_open+0xb2/0x100 <- ovl_open_realfile) result=0xffff88800e1b1a00
              dd-4035    [001] .N...    16.526319: ovldiag_open: (ovl_open+0xb2/0x100 <- ovl_open_realfile) result=0xffff88800e03b600
             cat-4036    [001] .....    16.526441: ovldiag_open: (ovl_open+0xb2/0x100 <- ovl_open_realfile) result=0xffff8880046f0900
              dd-4035    [001] .....    16.526586: ovldiag_ensure: (ovl_write_iter+0xaf/0x130 <- ovl_ensure_upper_and_switch) result=0x0
              dd-4035    [001] .....    16.526602: ovldiag_write: (ovl_write_iter+0x10c/0x130 <- backing_file_write_iter) result=0x1000
             cat-4043    [001] .....    16.529434: ovldiag_open: (ovl_open+0xb2/0x100 <- ovl_open_realfile) result=0xffff88800e03b400
             cat-4048    [000] .....    16.533022: ovldiag_open: (ovl_open+0xb2/0x100 <- ovl_open_realfile) result=0xffff88800452cb00
              dd-4049    [000] .....    16.534166: ovldiag_open: (ovl_open+0xb2/0x100 <- ovl_open_realfile) result=0xffff8880072edd00
              dd-4049    [000] .....    16.534207: ovldiag_ensure: (ovl_write_iter+0xaf/0x130 <- ovl_ensure_upper_and_switch) result=0x0
              dd-4049    [000] .....    16.534222: ovldiag_write: (ovl_write_iter+0x10c/0x130 <- backing_file_write_iter) result=0x1000
              dd-4051    [001] .....    16.534805: ovldiag_open: (ovl_open+0xb2/0x100 <- ovl_open_realfile) result=0xffff8880046c6900
              dd-4051    [001] .....    16.534835: ovldiag_ensure: (ovl_write_iter+0xaf/0x130 <- ovl_ensure_upper_and_switch) result=0x0
              dd-4051    [001] .....    16.534848: ovldiag_write: (ovl_write_iter+0x10c/0x130 <- backing_file_write_iter) result=0x1000
              dd-4055    [000] .....    16.538554: ovldiag_open: (ovl_open+0xb2/0x100 <- ovl_open_realfile) result=0xffff888004467a00
              dd-4055    [000] .....    16.538585: ovldiag_ensure: (ovl_write_iter+0xaf/0x130 <- ovl_ensure_upper_and_switch) result=0x0
              dd-4055    [000] .....    16.538604: ovldiag_write: (ovl_write_iter+0x10c/0x130 <- backing_file_write_iter) result=0x1000
             cat-4057    [001] .....    16.539230: ovldiag_open: (ovl_open+0xb2/0x100 <- ovl_open_realfile) result=0xffff88800471da00
             cat-4056    [000] .....    16.539608: ovldiag_open: (ovl_open+0xb2/0x100 <- ovl_open_realfile) result=0xffff88800e2d6000
             cat-4058    [001] .....    16.540223: ovldiag_open: (ovl_open+0xb2/0x100 <- ovl_open_realfile) result=0xffff88800e34c700
              dd-4060    [000] .....    16.541762: ovldiag_open: (ovl_open+0xb2/0x100 <- ovl_open_realfile) result=0xffff888004762800
              dd-4060    [000] .....    16.541790: ovldiag_ensure: (ovl_write_iter+0xaf/0x130 <- ovl_ensure_upper_and_switch) result=0x0
              dd-4060    [000] .....    16.541807: ovldiag_write: (ovl_write_iter+0x10c/0x130 <- backing_file_write_iter) result=0x1000
             cat-4067    [000] .....    16.545550: ovldiag_open: (ovl_open+0xb2/0x100 <- ovl_open_realfile) result=0xffff888004720500
              dd-4070    [001] .....    16.547259: ovldiag_open: (ovl_open+0xb2/0x100 <- ovl_open_realfile) result=0xffff8880061d0200
              dd-4070    [001] .....    16.547318: ovldiag_ensure: (ovl_write_iter+0xaf/0x130 <- ovl_ensure_upper_and_switch) result=0x0
              dd-4070    [001] .....    16.547335: ovldiag_write: (ovl_write_iter+0x10c/0x130 <- backing_file_write_iter) result=0x1000
              dd-4073    [001] .....    16.549224: ovldiag_open: (ovl_open+0xb2/0x100 <- ovl_open_realfile) result=0xffff88800e24df00
              dd-4073    [001] .....    16.549254: ovldiag_ensure: (ovl_write_iter+0xaf/0x130 <- ovl_ensure_upper_and_switch) result=0x0
              dd-4073    [001] .....    16.549270: ovldiag_write: (ovl_write_iter+0x10c/0x130 <- backing_file_write_iter) result=0x1000
             cat-4074    [000] .....    16.550513: ovldiag_open: (ovl_open+0xb2/0x100 <- ovl_open_realfile) result=0xffff88800e3e7b00
             cat-4077    [000] .....    16.552275: ovldiag_open: (ovl_open+0xb2/0x100 <- ovl_open_realfile) result=0xffff8880047ff300
              dd-4078    [000] .....    16.553144: ovldiag_open: (ovl_open+0xb2/0x100 <- ovl_open_realfile) result=0xffff88800452c600
              dd-4078    [000] .....    16.553174: ovldiag_ensure: (ovl_write_iter+0xaf/0x130 <- ovl_ensure_upper_and_switch) result=0x0
              dd-4078    [000] .....    16.553190: ovldiag_write: (ovl_write_iter+0x10c/0x130 <- backing_file_write_iter) result=0x1000
             cat-4079    [001] .....    16.553471: ovldiag_open: (ovl_open+0xb2/0x100 <- ovl_open_realfile) result=0xffff888008a27d00
             cat-4083    [000] .N...    16.556311: ovldiag_open: (ovl_open+0xb2/0x100 <- ovl_open_realfile) result=0xffff888008ab8500
              dd-4085    [001] .....    16.557214: ovldiag_open: (ovl_open+0xb2/0x100 <- ovl_open_realfile) result=0xffff88800e35b600
              dd-4085    [001] .....    16.557245: ovldiag_ensure: (ovl_write_iter+0xaf/0x130 <- ovl_ensure_upper_and_switch) result=0x0
              dd-4085    [001] .....    16.557262: ovldiag_write: (ovl_write_iter+0x10c/0x130 <- backing_file_write_iter) result=0x1000
              dd-4090    [000] .....    16.560912: ovldiag_open: (ovl_open+0xb2/0x100 <- ovl_open_realfile) result=0xffff888008a6f900
              dd-4090    [000] .....    16.560941: ovldiag_ensure: (ovl_write_iter+0xaf/0x130 <- ovl_ensure_upper_and_switch) result=0x0
              dd-4090    [000] .....    16.560958: ovldiag_write: (ovl_write_iter+0x10c/0x130 <- backing_file_write_iter) result=0x1000
              dd-4094    [001] .....    16.562556: ovldiag_open: (ovl_open+0xb2/0x100 <- ovl_open_realfile) result=0xffff888004798400
              dd-4094    [001] .....    16.562586: ovldiag_ensure: (ovl_write_iter+0xaf/0x130 <- ovl_ensure_upper_and_switch) result=0x0
              dd-4094    [001] .....    16.562602: ovldiag_write: (ovl_write_iter+0x10c/0x130 <- backing_file_write_iter) result=0x1000
             cat-4093    [001] .....    16.563032: ovldiag_open: (ovl_open+0xb2/0x100 <- ovl_open_realfile) result=0xffff88800d9f1000
             cat-4097    [000] .....    16.565245: ovldiag_open: (ovl_open+0xb2/0x100 <- ovl_open_realfile) result=0xffff8880046c6000
              dd-4099    [001] .....    16.566788: ovldiag_open: (ovl_open+0xb2/0x100 <- ovl_open_realfile) result=0xffff888006008c00
              dd-4099    [001] .....    16.566818: ovldiag_ensure: (ovl_write_iter+0xaf/0x130 <- ovl_ensure_upper_and_switch) result=0x0
              dd-4099    [001] .....    16.566834: ovldiag_write: (ovl_write_iter+0x10c/0x130 <- backing_file_write_iter) result=0x1000
             cat-4100    [001] .....    16.567822: ovldiag_open: (ovl_open+0xb2/0x100 <- ovl_open_realfile) result=0xffff8880046f0f00
             cat-4104    [000] .....    16.569971: ovldiag_open: (ovl_open+0xb2/0x100 <- ovl_open_realfile) result=0xffff88800713d500
              dd-4106    [000] .....    16.571269: ovldiag_open: (ovl_open+0xb2/0x100 <- ovl_open_realfile) result=0xffff8880061d0b00
              dd-4106    [000] .....    16.571314: ovldiag_ensure: (ovl_write_iter+0xaf/0x130 <- ovl_ensure_upper_and_switch) result=0x0
              dd-4106    [000] .....    16.571330: ovldiag_write: (ovl_write_iter+0x10c/0x130 <- backing_file_write_iter) result=0x1000
             cat-4111    [001] .....    16.574571: ovldiag_open: (ovl_open+0xb2/0x100 <- ovl_open_realfile) result=0xffff88800e301800
             cat-4113    [000] .....    16.575880: ovldiag_open: (ovl_open+0xb2/0x100 <- ovl_open_realfile) result=0xffff8880061cc100
              dd-4114    [001] .....    16.575952: ovldiag_open: (ovl_open+0xb2/0x100 <- ovl_open_realfile) result=0xffff88800db71b00
              dd-4114    [001] .....    16.575978: ovldiag_ensure: (ovl_write_iter+0xaf/0x130 <- ovl_ensure_upper_and_switch) result=0x0
              dd-4114    [001] .....    16.575995: ovldiag_write: (ovl_write_iter+0x10c/0x130 <- backing_file_write_iter) result=0x1000
              dd-4112    [000] .....    16.577548: ovldiag_open: (ovl_open+0xb2/0x100 <- ovl_open_realfile) result=0xffff88800452ce00
              dd-4112    [000] .....    16.577588: ovldiag_ensure: (ovl_write_iter+0xaf/0x130 <- ovl_ensure_upper_and_switch) result=0x0
              dd-4112    [000] .....    16.577603: ovldiag_write: (ovl_write_iter+0x10c/0x130 <- backing_file_write_iter) result=0x1000
              dd-4122    [001] .....    16.580925: ovldiag_open: (ovl_open+0xb2/0x100 <- ovl_open_realfile) result=0xffff88800d8cf500
              dd-4122    [001] .....    16.580953: ovldiag_ensure: (ovl_write_iter+0xaf/0x130 <- ovl_ensure_upper_and_switch) result=0x0
              dd-4122    [001] .....    16.580969: ovldiag_write: (ovl_write_iter+0x10c/0x130 <- backing_file_write_iter) result=0x1000
             cat-4121    [001] .....    16.582162: ovldiag_open: (ovl_open+0xb2/0x100 <- ovl_open_realfile) result=0xffff88800e250700
             cat-4124    [000] .....    16.582486: ovldiag_open: (ovl_open+0xb2/0x100 <- ovl_open_realfile) result=0xffff8880046f0700
             cat-4130    [001] .....    16.585895: ovldiag_open: (ovl_open+0xb2/0x100 <- ovl_open_realfile) result=0xffff888003f11200
              dd-4128    [000] .....    16.586305: ovldiag_open: (ovl_open+0xb2/0x100 <- ovl_open_realfile) result=0xffff88800e3d7300
              dd-4128    [000] .....    16.586336: ovldiag_ensure: (ovl_write_iter+0xaf/0x130 <- ovl_ensure_upper_and_switch) result=0x0
              dd-4128    [000] .....    16.586353: ovldiag_write: (ovl_write_iter+0x10c/0x130 <- backing_file_write_iter) result=0x1000
             cat-4133    [000] .....    16.587783: ovldiag_open: (ovl_open+0xb2/0x100 <- ovl_open_realfile) result=0xffff88800e3cd100
              dd-4136    [001] .....    16.590579: ovldiag_open: (ovl_open+0xb2/0x100 <- ovl_open_realfile) result=0xffff88800e3d7a00
              dd-4136    [001] .....    16.590610: ovldiag_ensure: (ovl_write_iter+0xaf/0x130 <- ovl_ensure_upper_and_switch) result=0x0
              dd-4136    [001] .....    16.590626: ovldiag_write: (ovl_write_iter+0x10c/0x130 <- backing_file_write_iter) result=0x1000
             cat-4140    [000] .....    16.592636: ovldiag_open: (ovl_open+0xb2/0x100 <- ovl_open_realfile) result=0xffff888004762500
              dd-4138    [000] .....    16.592891: ovldiag_open: (ovl_open+0xb2/0x100 <- ovl_open_realfile) result=0xffff88800727eb00
              dd-4138    [000] .....    16.592918: ovldiag_ensure: (ovl_write_iter+0xaf/0x130 <- ovl_ensure_upper_and_switch) result=0x0
              dd-4138    [000] .....    16.592934: ovldiag_write: (ovl_write_iter+0x10c/0x130 <- backing_file_write_iter) result=0x1000
              dd-4142    [001] .....    16.593404: ovldiag_open: (ovl_open+0xb2/0x100 <- ovl_open_realfile) result=0xffff88800d9f1b00
              dd-4142    [001] .....    16.593432: ovldiag_ensure: (ovl_write_iter+0xaf/0x130 <- ovl_ensure_upper_and_switch) result=0x0
              dd-4142    [001] .....    16.593450: ovldiag_write: (ovl_write_iter+0x10c/0x130 <- backing_file_write_iter) result=0x1000
             cat-4141    [000] .....    16.594078: ovldiag_open: (ovl_open+0xb2/0x100 <- ovl_open_realfile) result=0xffff88800e3b3400
             cat-4147    [001] .....    16.596626: ovldiag_open: (ovl_open+0xb2/0x100 <- ovl_open_realfile) result=0xffff88800d9f1b00
             cat-4152    [001] .....    16.600144: ovldiag_open: (ovl_open+0xb2/0x100 <- ovl_open_realfile) result=0xffff88800e2d3a00
              dd-4154    [000] .....    16.602208: ovldiag_open: (ovl_open+0xb2/0x100 <- ovl_open_realfile) result=0xffff88800447b100
              dd-4154    [000] .....    16.602238: ovldiag_ensure: (ovl_write_iter+0xaf/0x130 <- ovl_ensure_upper_and_switch) result=0x0
              dd-4154    [000] .....    16.602254: ovldiag_write: (ovl_write_iter+0x10c/0x130 <- backing_file_write_iter) result=0x1000
              dd-4157    [001] .....    16.604015: ovldiag_open: (ovl_open+0xb2/0x100 <- ovl_open_realfile) result=0xffff888004467800
              dd-4157    [001] .....    16.604042: ovldiag_ensure: (ovl_write_iter+0xaf/0x130 <- ovl_ensure_upper_and_switch) result=0x0
              dd-4157    [001] .....    16.604058: ovldiag_write: (ovl_write_iter+0x10c/0x130 <- backing_file_write_iter) result=0x1000
             cat-4158    [000] .....    16.604507: ovldiag_open: (ovl_open+0xb2/0x100 <- ovl_open_realfile) result=0xffff8880089e7400
             cat-4162    [001] .....    16.606504: ovldiag_open: (ovl_open+0xb2/0x100 <- ovl_open_realfile) result=0xffff88800d9f1400
              dd-4164    [001] .....    16.607844: ovldiag_open: (ovl_open+0xb2/0x100 <- ovl_open_realfile) result=0xffff888003f11e00
              dd-4164    [001] .....    16.607882: ovldiag_ensure: (ovl_write_iter+0xaf/0x130 <- ovl_ensure_upper_and_switch) result=0x0
              dd-4164    [001] .....    16.607898: ovldiag_write: (ovl_write_iter+0x10c/0x130 <- backing_file_write_iter) result=0x1000
              dd-4163    [000] .....    16.608134: ovldiag_open: (ovl_open+0xb2/0x100 <- ovl_open_realfile) result=0xffff88800e3d7900
              dd-4163    [000] .....    16.608165: ovldiag_ensure: (ovl_write_iter+0xaf/0x130 <- ovl_ensure_upper_and_switch) result=0x0
              dd-4163    [000] .....    16.608181: ovldiag_write: (ovl_write_iter+0x10c/0x130 <- backing_file_write_iter) result=0x1000
             cat-4161    [000] .....    16.608615: ovldiag_open: (ovl_open+0xb2/0x100 <- ovl_open_realfile) result=0xffff888004762100
             cat-4170    [001] .....    16.612532: ovldiag_open: (ovl_open+0xb2/0x100 <- ovl_open_realfile) result=0xffff8880046c6300
              dd-4174    [000] .....    16.614606: ovldiag_open: (ovl_open+0xb2/0x100 <- ovl_open_realfile) result=0xffff88800e407900
              dd-4174    [000] .....    16.614633: ovldiag_ensure: (ovl_write_iter+0xaf/0x130 <- ovl_ensure_upper_and_switch) result=0x0
              dd-4174    [000] .....    16.614649: ovldiag_write: (ovl_write_iter+0x10c/0x130 <- backing_file_write_iter) result=0x1000
             cat-4177    [000] .....    16.616083: ovldiag_open: (ovl_open+0xb2/0x100 <- ovl_open_realfile) result=0xffff88800d8cf400
              dd-4178    [000] .....    16.617129: ovldiag_open: (ovl_open+0xb2/0x100 <- ovl_open_realfile) result=0xffff88800447b000
              dd-4178    [000] .....    16.617158: ovldiag_ensure: (ovl_write_iter+0xaf/0x130 <- ovl_ensure_upper_and_switch) result=0x0
              dd-4178    [000] .....    16.617175: ovldiag_write: (ovl_write_iter+0x10c/0x130 <- backing_file_write_iter) result=0x1000
             cat-4182    [001] .....    16.619156: ovldiag_open: (ovl_open+0xb2/0x100 <- ovl_open_realfile) result=0xffff88800727ef00
             cat-4184    [000] .....    16.620532: ovldiag_open: (ovl_open+0xb2/0x100 <- ovl_open_realfile) result=0xffff8880072ed100
             cat-4186    [000] .....    16.622251: ovldiag_open: (ovl_open+0xb2/0x100 <- ovl_open_realfile) result=0xffff888008a27800
              dd-4190    [000] .....    16.624943: ovldiag_open: (ovl_open+0xb2/0x100 <- ovl_open_realfile) result=0xffff88800713d500
              dd-4190    [000] .....    16.624970: ovldiag_ensure: (ovl_write_iter+0xaf/0x130 <- ovl_ensure_upper_and_switch) result=0x0
              dd-4190    [000] .....    16.624986: ovldiag_write: (ovl_write_iter+0x10c/0x130 <- backing_file_write_iter) result=0x1000
              dd-4187    [001] .....    16.625487: ovldiag_open: (ovl_open+0xb2/0x100 <- ovl_open_realfile) result=0xffff88800e3d3b00
              dd-4187    [001] .....    16.625516: ovldiag_ensure: (ovl_write_iter+0xaf/0x130 <- ovl_ensure_upper_and_switch) result=0x0
              dd-4187    [001] .....    16.625532: ovldiag_write: (ovl_write_iter+0x10c/0x130 <- backing_file_write_iter) result=0x1000
              dd-4196    [001] .....    16.627245: ovldiag_open: (ovl_open+0xb2/0x100 <- ovl_open_realfile) result=0xffff888004681500
              dd-4196    [001] .....    16.627271: ovldiag_ensure: (ovl_write_iter+0xaf/0x130 <- ovl_ensure_upper_and_switch) result=0x0
              dd-4196    [001] .....    16.627303: ovldiag_write: (ovl_write_iter+0x10c/0x130 <- backing_file_write_iter) result=0x1000
             cat-4193    [000] .....    16.627606: ovldiag_open: (ovl_open+0xb2/0x100 <- ovl_open_realfile) result=0xffff888003f11300
              dd-4201    [000] .....    16.630786: ovldiag_open: (ovl_open+0xb2/0x100 <- ovl_open_realfile) result=0xffff888008a6fd00
              dd-4201    [000] .....    16.630814: ovldiag_ensure: (ovl_write_iter+0xaf/0x130 <- ovl_ensure_upper_and_switch) result=0x0
              dd-4201    [000] .....    16.630830: ovldiag_write: (ovl_write_iter+0x10c/0x130 <- backing_file_write_iter) result=0x1000
             cat-4200    [001] .....    16.632189: ovldiag_open: (ovl_open+0xb2/0x100 <- ovl_open_realfile) result=0xffff8880046e3a00
             cat-4199    [000] .....    16.632379: ovldiag_open: (ovl_open+0xb2/0x100 <- ovl_open_realfile) result=0xffff8880061d0700
             cat-4207    [001] .....    16.635736: ovldiag_open: (ovl_open+0xb2/0x100 <- ovl_open_realfile) result=0xffff888006003800
              dd-4210    [001] .....    16.638218: ovldiag_open: (ovl_open+0xb2/0x100 <- ovl_open_realfile) result=0xffff8880046f0e00
              dd-4210    [001] .....    16.638249: ovldiag_ensure: (ovl_write_iter+0xaf/0x130 <- ovl_ensure_upper_and_switch) result=0x0
              dd-4210    [001] .....    16.638265: ovldiag_write: (ovl_write_iter+0x10c/0x130 <- backing_file_write_iter) result=0x1000
             cat-4211    [000] .....    16.638540: ovldiag_open: (ovl_open+0xb2/0x100 <- ovl_open_realfile) result=0xffff88800447bb00
              dd-4215    [000] .....    16.641308: ovldiag_open: (ovl_open+0xb2/0x100 <- ovl_open_realfile) result=0xffff888004467800
              dd-4215    [000] .....    16.641336: ovldiag_ensure: (ovl_write_iter+0xaf/0x130 <- ovl_ensure_upper_and_switch) result=0x0
              dd-4215    [000] .....    16.641352: ovldiag_write: (ovl_write_iter+0x10c/0x130 <- backing_file_write_iter) result=0x1000
              dd-4216    [001] .....    16.642892: ovldiag_open: (ovl_open+0xb2/0x100 <- ovl_open_realfile) result=0xffff8880046f0900
              dd-4216    [001] .....    16.642924: ovldiag_ensure: (ovl_write_iter+0xaf/0x130 <- ovl_ensure_upper_and_switch) result=0x0
              dd-4216    [001] .....    16.642940: ovldiag_write: (ovl_write_iter+0x10c/0x130 <- backing_file_write_iter) result=0x1000
             cat-4218    [000] .....    16.643044: ovldiag_open: (ovl_open+0xb2/0x100 <- ovl_open_realfile) result=0xffff88800727e000
             cat-4221    [000] .....    16.645415: ovldiag_open: (ovl_open+0xb2/0x100 <- ovl_open_realfile) result=0xffff88800e2b7e00
             cat-4224    [001] .....    16.646652: ovldiag_open: (ovl_open+0xb2/0x100 <- ovl_open_realfile) result=0xffff888007083200
              dd-4223    [000] .....    16.647847: ovldiag_open: (ovl_open+0xb2/0x100 <- ovl_open_realfile) result=0xffff8880046e3900
              dd-4223    [000] .....    16.647889: ovldiag_ensure: (ovl_write_iter+0xaf/0x130 <- ovl_ensure_upper_and_switch) result=0x0
              dd-4223    [000] .....    16.647905: ovldiag_write: (ovl_write_iter+0x10c/0x130 <- backing_file_write_iter) result=0x1000
             cat-4230    [000] .....    16.650848: ovldiag_open: (ovl_open+0xb2/0x100 <- ovl_open_realfile) result=0xffff888008ab8b00
              dd-4233    [001] .....    16.652706: ovldiag_open: (ovl_open+0xb2/0x100 <- ovl_open_realfile) result=0xffff88800452c100
              dd-4233    [001] .....    16.652743: ovldiag_ensure: (ovl_write_iter+0xaf/0x130 <- ovl_ensure_upper_and_switch) result=0x0
              dd-4233    [001] .....    16.652758: ovldiag_write: (ovl_write_iter+0x10c/0x130 <- backing_file_write_iter) result=0x1000
             cat-4236    [001] .....    16.654831: ovldiag_open: (ovl_open+0xb2/0x100 <- ovl_open_realfile) result=0xffff8880046e3600
              dd-4237    [000] .....    16.655398: ovldiag_open: (ovl_open+0xb2/0x100 <- ovl_open_realfile) result=0xffff888008a27200
              dd-4237    [000] .....    16.655428: ovldiag_ensure: (ovl_write_iter+0xaf/0x130 <- ovl_ensure_upper_and_switch) result=0x0
              dd-4237    [000] .....    16.655444: ovldiag_write: (ovl_write_iter+0x10c/0x130 <- backing_file_write_iter) result=0x1000
              dd-4238    [001] .....    16.656424: ovldiag_open: (ovl_open+0xb2/0x100 <- ovl_open_realfile) result=0xffff8880071ccd00
              dd-4238    [001] .....    16.656455: ovldiag_ensure: (ovl_write_iter+0xaf/0x130 <- ovl_ensure_upper_and_switch) result=0x0
              dd-4238    [001] .....    16.656469: ovldiag_write: (ovl_write_iter+0x10c/0x130 <- backing_file_write_iter) result=0x1000
             cat-4240    [000] .....    16.657852: ovldiag_open: (ovl_open+0xb2/0x100 <- ovl_open_realfile) result=0xffff8880072ed100
             cat-4245    [000] .....    16.660215: ovldiag_open: (ovl_open+0xb2/0x100 <- ovl_open_realfile) result=0xffff8880071d1400
             cat-4244    [001] .....    16.660661: ovldiag_open: (ovl_open+0xb2/0x100 <- ovl_open_realfile) result=0xffff888008a27500
              dd-4249    [000] .....    16.662601: ovldiag_open: (ovl_open+0xb2/0x100 <- ovl_open_realfile) result=0xffff888008a27300
              dd-4249    [000] .....    16.662630: ovldiag_ensure: (ovl_write_iter+0xaf/0x130 <- ovl_ensure_upper_and_switch) result=0x0
              dd-4249    [000] .....    16.662645: ovldiag_write: (ovl_write_iter+0x10c/0x130 <- backing_file_write_iter) result=0x1000
              dd-4253    [001] .....    16.665562: ovldiag_open: (ovl_open+0xb2/0x100 <- ovl_open_realfile) result=0xffff888008a27200
              dd-4253    [001] .....    16.665591: ovldiag_ensure: (ovl_write_iter+0xaf/0x130 <- ovl_ensure_upper_and_switch) result=0x0
              dd-4253    [001] .....    16.665607: ovldiag_write: (ovl_write_iter+0x10c/0x130 <- backing_file_write_iter) result=0x1000
             cat-4256    [000] .....    16.667516: ovldiag_open: (ovl_open+0xb2/0x100 <- ovl_open_realfile) result=0xffff888008a6f400
             cat-4257    [001] .....    16.668442: ovldiag_open: (ovl_open+0xb2/0x100 <- ovl_open_realfile) result=0xffff88800e2b7400
              dd-4259    [000] .....    16.669455: ovldiag_open: (ovl_open+0xb2/0x100 <- ovl_open_realfile) result=0xffff888004467e00
              dd-4259    [000] .....    16.669484: ovldiag_ensure: (ovl_write_iter+0xaf/0x130 <- ovl_ensure_upper_and_switch) result=0x0
              dd-4259    [000] .....    16.669500: ovldiag_write: (ovl_write_iter+0x10c/0x130 <- backing_file_write_iter) result=0x1000
              dd-4261    [001] .....    16.671499: ovldiag_open: (ovl_open+0xb2/0x100 <- ovl_open_realfile) result=0xffff88800e3d6000
              dd-4261    [001] .....    16.671526: ovldiag_ensure: (ovl_write_iter+0xaf/0x130 <- ovl_ensure_upper_and_switch) result=0x0
              dd-4261    [001] .....    16.671541: ovldiag_write: (ovl_write_iter+0x10c/0x130 <- backing_file_write_iter) result=0x1000
             cat-4267    [000] .....    16.673582: ovldiag_open: (ovl_open+0xb2/0x100 <- ovl_open_realfile) result=0xffff888004762300
             cat-4266    [001] .....    16.674215: ovldiag_open: (ovl_open+0xb2/0x100 <- ovl_open_realfile) result=0xffff88800447ba00
              dd-4269    [000] .....    16.675771: ovldiag_open: (ovl_open+0xb2/0x100 <- ovl_open_realfile) result=0xffff888003f11100
              dd-4269    [000] .....    16.675801: ovldiag_ensure: (ovl_write_iter+0xaf/0x130 <- ovl_ensure_upper_and_switch) result=0x0
              dd-4269    [000] .....    16.675817: ovldiag_write: (ovl_write_iter+0x10c/0x130 <- backing_file_write_iter) result=0x1000
             cat-4274    [000] .....    16.678817: ovldiag_open: (ovl_open+0xb2/0x100 <- ovl_open_realfile) result=0xffff888008ab8b00
             cat-4277    [000] .....    16.680259: ovldiag_open: (ovl_open+0xb2/0x100 <- ovl_open_realfile) result=0xffff88800a6b3500
              dd-4275    [001] .....    16.680495: ovldiag_open: (ovl_open+0xb2/0x100 <- ovl_open_realfile) result=0xffff88800e1dbf00
              dd-4275    [001] .....    16.680526: ovldiag_ensure: (ovl_write_iter+0xaf/0x130 <- ovl_ensure_upper_and_switch) result=0x0
              dd-4275    [001] .....    16.680542: ovldiag_write: (ovl_write_iter+0x10c/0x130 <- backing_file_write_iter) result=0x1000
              dd-4282    [001] .....    16.683740: ovldiag_open: (ovl_open+0xb2/0x100 <- ovl_open_realfile) result=0xffff88800727a700
              dd-4282    [001] .....    16.683770: ovldiag_ensure: (ovl_write_iter+0xaf/0x130 <- ovl_ensure_upper_and_switch) result=0x0
              dd-4282    [001] .....    16.683785: ovldiag_write: (ovl_write_iter+0x10c/0x130 <- backing_file_write_iter) result=0x1000
             cat-4283    [000] .....    16.685045: ovldiag_open: (ovl_open+0xb2/0x100 <- ovl_open_realfile) result=0xffff88800e3c8700
             cat-4285    [001] .....    16.685891: ovldiag_open: (ovl_open+0xb2/0x100 <- ovl_open_realfile) result=0xffff88800e2e3400
              dd-4286    [001] .....    16.686918: ovldiag_open: (ovl_open+0xb2/0x100 <- ovl_open_realfile) result=0xffff88800e3dee00
              dd-4286    [001] .....    16.686948: ovldiag_ensure: (ovl_write_iter+0xaf/0x130 <- ovl_ensure_upper_and_switch) result=0x0
              dd-4286    [001] .....    16.686964: ovldiag_write: (ovl_write_iter+0x10c/0x130 <- backing_file_write_iter) result=0x1000
              dd-4291    [000] .....    16.690675: ovldiag_open: (ovl_open+0xb2/0x100 <- ovl_open_realfile) result=0xffff8880046c6d00
              dd-4291    [000] .....    16.690705: ovldiag_ensure: (ovl_write_iter+0xaf/0x130 <- ovl_ensure_upper_and_switch) result=0x0
              dd-4291    [000] .....    16.690722: ovldiag_write: (ovl_write_iter+0x10c/0x130 <- backing_file_write_iter) result=0x1000
             cat-4294    [001] .....    16.691025: ovldiag_open: (ovl_open+0xb2/0x100 <- ovl_open_realfile) result=0xffff888004762300
             cat-4293    [000] .....    16.691433: ovldiag_open: (ovl_open+0xb2/0x100 <- ovl_open_realfile) result=0xffff88800720b900
              dd-4298    [001] .....    16.694017: ovldiag_open: (ovl_open+0xb2/0x100 <- ovl_open_realfile) result=0xffff88800da5e100
              dd-4298    [001] .....    16.694047: ovldiag_ensure: (ovl_write_iter+0xaf/0x130 <- ovl_ensure_upper_and_switch) result=0x0
              dd-4298    [001] .....    16.694064: ovldiag_write: (ovl_write_iter+0x10c/0x130 <- backing_file_write_iter) result=0x1000
             cat-4301    [000] .....    16.695607: ovldiag_open: (ovl_open+0xb2/0x100 <- ovl_open_realfile) result=0xffff88800e3c8800
              dd-4304    [001] .....    16.697280: ovldiag_open: (ovl_open+0xb2/0x100 <- ovl_open_realfile) result=0xffff8880071ccf00
              dd-4304    [001] .....    16.697337: ovldiag_ensure: (ovl_write_iter+0xaf/0x130 <- ovl_ensure_upper_and_switch) result=0x0
              dd-4304    [001] .....    16.697353: ovldiag_write: (ovl_write_iter+0x10c/0x130 <- backing_file_write_iter) result=0x1000
             cat-4306    [000] .....    16.699082: ovldiag_open: (ovl_open+0xb2/0x100 <- ovl_open_realfile) result=0xffff88800d8cf600
              dd-4309    [001] .....    16.700636: ovldiag_open: (ovl_open+0xb2/0x100 <- ovl_open_realfile) result=0xffff888006003100
              dd-4309    [001] .....    16.700666: ovldiag_ensure: (ovl_write_iter+0xaf/0x130 <- ovl_ensure_upper_and_switch) result=0x0
              dd-4309    [001] .....    16.700683: ovldiag_write: (ovl_write_iter+0x10c/0x130 <- backing_file_write_iter) result=0x1000
             cat-4312    [000] .....    16.702212: ovldiag_open: (ovl_open+0xb2/0x100 <- ovl_open_realfile) result=0xffff888008a6f000
             cat-4313    [000] .....    16.703441: ovldiag_open: (ovl_open+0xb2/0x100 <- ovl_open_realfile) result=0xffff888008a27800
              dd-4318    [001] .....    16.705788: ovldiag_open: (ovl_open+0xb2/0x100 <- ovl_open_realfile) result=0xffff888004467400
              dd-4318    [001] .....    16.705819: ovldiag_ensure: (ovl_write_iter+0xaf/0x130 <- ovl_ensure_upper_and_switch) result=0x0
              dd-4318    [001] .....    16.705835: ovldiag_write: (ovl_write_iter+0x10c/0x130 <- backing_file_write_iter) result=0x1000
             cat-4317    [000] .....    16.706223: ovldiag_open: (ovl_open+0xb2/0x100 <- ovl_open_realfile) result=0xffff88800e4f7300
             cat-4322    [001] .....    16.708951: ovldiag_open: (ovl_open+0xb2/0x100 <- ovl_open_realfile) result=0xffff88800e3de100
              dd-4326    [001] .....    16.710547: ovldiag_open: (ovl_open+0xb2/0x100 <- ovl_open_realfile) result=0xffff88800e558700
              dd-4326    [001] .....    16.710578: ovldiag_ensure: (ovl_write_iter+0xaf/0x130 <- ovl_ensure_upper_and_switch) result=0x0
              dd-4326    [001] .....    16.710594: ovldiag_write: (ovl_write_iter+0x10c/0x130 <- backing_file_write_iter) result=0x1000
              dd-4323    [000] .....    16.710973: ovldiag_open: (ovl_open+0xb2/0x100 <- ovl_open_realfile) result=0xffff8880072ed000
              dd-4323    [000] .....    16.711002: ovldiag_ensure: (ovl_write_iter+0xaf/0x130 <- ovl_ensure_upper_and_switch) result=0x0
              dd-4323    [000] .....    16.711019: ovldiag_write: (ovl_write_iter+0x10c/0x130 <- backing_file_write_iter) result=0x1000
              dd-4330    [001] .....    16.713431: ovldiag_open: (ovl_open+0xb2/0x100 <- ovl_open_realfile) result=0xffff88800e558000
              dd-4330    [001] .....    16.713461: ovldiag_ensure: (ovl_write_iter+0xaf/0x130 <- ovl_ensure_upper_and_switch) result=0x0
              dd-4330    [001] .....    16.713481: ovldiag_write: (ovl_write_iter+0x10c/0x130 <- backing_file_write_iter) result=0x1000
             cat-4329    [000] .....    16.714056: ovldiag_open: (ovl_open+0xb2/0x100 <- ovl_open_realfile) result=0xffff888007083700
             cat-4331    [001] .....    16.714727: ovldiag_open: (ovl_open+0xb2/0x100 <- ovl_open_realfile) result=0xffff88800e513100
              dd-4339    [000] .....    16.718733: ovldiag_open: (ovl_open+0xb2/0x100 <- ovl_open_realfile) result=0xffff8880072edb00
              dd-4339    [000] .....    16.718761: ovldiag_ensure: (ovl_write_iter+0xaf/0x130 <- ovl_ensure_upper_and_switch) result=0x0
              dd-4339    [000] .....    16.718776: ovldiag_write: (ovl_write_iter+0x10c/0x130 <- backing_file_write_iter) result=0x1000
             cat-4337    [001] .....    16.718893: ovldiag_open: (ovl_open+0xb2/0x100 <- ovl_open_realfile) result=0xffff88800727eb00
             cat-4343    [000] .....    16.721968: ovldiag_open: (ovl_open+0xb2/0x100 <- ovl_open_realfile) result=0xffff88800621ba00
              dd-4344    [001] .....    16.723003: ovldiag_open: (ovl_open+0xb2/0x100 <- ovl_open_realfile) result=0xffff8880061cc600
              dd-4344    [001] .....    16.723046: ovldiag_ensure: (ovl_write_iter+0xaf/0x130 <- ovl_ensure_upper_and_switch) result=0x0
              dd-4344    [001] .....    16.723062: ovldiag_write: (ovl_write_iter+0x10c/0x130 <- backing_file_write_iter) result=0x1000
             cat-4348    [001] .....    16.724803: ovldiag_open: (ovl_open+0xb2/0x100 <- ovl_open_realfile) result=0xffff888006003100
              dd-4347    [000] .....    16.725201: ovldiag_open: (ovl_open+0xb2/0x100 <- ovl_open_realfile) result=0xffff8880047ffa00
              dd-4347    [000] .....    16.725228: ovldiag_ensure: (ovl_write_iter+0xaf/0x130 <- ovl_ensure_upper_and_switch) result=0x0
              dd-4347    [000] .....    16.725244: ovldiag_write: (ovl_write_iter+0x10c/0x130 <- backing_file_write_iter) result=0x1000
              dd-4352    [000] .....    16.728241: ovldiag_open: (ovl_open+0xb2/0x100 <- ovl_open_realfile) result=0xffff8880071ccd00
              dd-4352    [000] .....    16.728271: ovldiag_ensure: (ovl_write_iter+0xaf/0x130 <- ovl_ensure_upper_and_switch) result=0x0
             cat-4351    [000] .....    16.728393: ovldiag_open: (ovl_open+0xb2/0x100 <- ovl_open_realfile) result=0xffff8880071d1400
             cat-4354    [000] .....    16.729410: ovldiag_open: (ovl_open+0xb2/0x100 <- ovl_open_realfile) result=0xffff88800e5a1a00
              dd-4352    [001] .....    16.729968: ovldiag_write: (ovl_write_iter+0x10c/0x130 <- backing_file_write_iter) result=0x1000
              dd-4361    [000] .....    16.733237: ovldiag_open: (ovl_open+0xb2/0x100 <- ovl_open_realfile) result=0xffff888004762100
              dd-4361    [000] .....    16.733264: ovldiag_ensure: (ovl_write_iter+0xaf/0x130 <- ovl_ensure_upper_and_switch) result=0x0
              dd-4361    [000] .N...    16.733319: ovldiag_write: (ovl_write_iter+0x10c/0x130 <- backing_file_write_iter) result=0x1000
             cat-4360    [001] .....    16.733689: ovldiag_open: (ovl_open+0xb2/0x100 <- ovl_open_realfile) result=0xffff88800e5b2300
             cat-4365    [000] .....    16.736329: ovldiag_open: (ovl_open+0xb2/0x100 <- ovl_open_realfile) result=0xffff888007024300
              dd-4368    [001] .....    16.737774: ovldiag_open: (ovl_open+0xb2/0x100 <- ovl_open_realfile) result=0xffff88800471d300
              dd-4368    [001] .....    16.737804: ovldiag_ensure: (ovl_write_iter+0xaf/0x130 <- ovl_ensure_upper_and_switch) result=0x0
              dd-4368    [001] .....    16.737821: ovldiag_write: (ovl_write_iter+0x10c/0x130 <- backing_file_write_iter) result=0x1000
              dd-4371    [001] .....    16.740268: ovldiag_open: (ovl_open+0xb2/0x100 <- ovl_open_realfile) result=0xffff888003f11000
              dd-4371    [001] .....    16.740323: ovldiag_ensure: (ovl_write_iter+0xaf/0x130 <- ovl_ensure_upper_and_switch) result=0x0
              dd-4371    [001] .....    16.740339: ovldiag_write: (ovl_write_iter+0x10c/0x130 <- backing_file_write_iter) result=0x1000
             cat-4372    [000] .....    16.740497: ovldiag_open: (ovl_open+0xb2/0x100 <- ovl_open_realfile) result=0xffff88800720d700
             cat-4373    [001] .....    16.742677: ovldiag_open: (ovl_open+0xb2/0x100 <- ovl_open_realfile) result=0xffff88800e539b00
              dd-4377    [001] .....    16.743796: ovldiag_open: (ovl_open+0xb2/0x100 <- ovl_open_realfile) result=0xffff8880061cc300
              dd-4377    [001] .....    16.743825: ovldiag_ensure: (ovl_write_iter+0xaf/0x130 <- ovl_ensure_upper_and_switch) result=0x0
              dd-4377    [001] .....    16.743841: ovldiag_write: (ovl_write_iter+0x10c/0x130 <- backing_file_write_iter) result=0x1000
             cat-4378    [000] .....    16.744272: ovldiag_open: (ovl_open+0xb2/0x100 <- ovl_open_realfile) result=0xffff888004762500
              dd-4381    [000] .....    16.747814: ovldiag_open: (ovl_open+0xb2/0x100 <- ovl_open_realfile) result=0xffff8880061d0c00
              dd-4381    [000] .....    16.747844: ovldiag_ensure: (ovl_write_iter+0xaf/0x130 <- ovl_ensure_upper_and_switch) result=0x0
              dd-4381    [000] .....    16.747872: ovldiag_write: (ovl_write_iter+0x10c/0x130 <- backing_file_write_iter) result=0x1000
             cat-4383    [001] .....    16.748082: ovldiag_open: (ovl_open+0xb2/0x100 <- ovl_open_realfile) result=0xffff888004467100
             cat-4388    [001] .....    16.750809: ovldiag_open: (ovl_open+0xb2/0x100 <- ovl_open_realfile) result=0xffff888007317c00
              dd-4389    [000] .....    16.751225: ovldiag_open: (ovl_open+0xb2/0x100 <- ovl_open_realfile) result=0xffff888007083400
              dd-4389    [000] .....    16.751252: ovldiag_ensure: (ovl_write_iter+0xaf/0x130 <- ovl_ensure_upper_and_switch) result=0x0
              dd-4389    [000] .....    16.751267: ovldiag_write: (ovl_write_iter+0x10c/0x130 <- backing_file_write_iter) result=0x1000
              dd-4394    [001] .....    16.753922: ovldiag_open: (ovl_open+0xb2/0x100 <- ovl_open_realfile) result=0xffff88800702c900
              dd-4394    [001] .....    16.753949: ovldiag_ensure: (ovl_write_iter+0xaf/0x130 <- ovl_ensure_upper_and_switch) result=0x0
              dd-4394    [001] .....    16.753965: ovldiag_write: (ovl_write_iter+0x10c/0x130 <- backing_file_write_iter) result=0x1000
             cat-4395    [000] .....    16.755142: ovldiag_open: (ovl_open+0xb2/0x100 <- ovl_open_realfile) result=0xffff8880061ea500
             cat-4396    [001] .....    16.755314: ovldiag_open: (ovl_open+0xb2/0x100 <- ovl_open_realfile) result=0xffff8880046f0400
              dd-4400    [001] .....    16.758198: ovldiag_open: (ovl_open+0xb2/0x100 <- ovl_open_realfile) result=0xffff88800d8cf400
              dd-4400    [001] .....    16.758228: ovldiag_ensure: (ovl_write_iter+0xaf/0x130 <- ovl_ensure_upper_and_switch) result=0x0
              dd-4400    [001] .....    16.758244: ovldiag_write: (ovl_write_iter+0x10c/0x130 <- backing_file_write_iter) result=0x1000
             cat-4402    [001] .....    16.759417: ovldiag_open: (ovl_open+0xb2/0x100 <- ovl_open_realfile) result=0xffff888006003100
             cat-4406    [000] .....    16.761010: ovldiag_open: (ovl_open+0xb2/0x100 <- ovl_open_realfile) result=0xffff88800471d000
              dd-4408    [000] .....    16.763262: ovldiag_open: (ovl_open+0xb2/0x100 <- ovl_open_realfile) result=0xffff88800e3c7200
              dd-4408    [000] .....    16.763300: ovldiag_ensure: (ovl_write_iter+0xaf/0x130 <- ovl_ensure_upper_and_switch) result=0x0
              dd-4408    [000] .....    16.763316: ovldiag_write: (ovl_write_iter+0x10c/0x130 <- backing_file_write_iter) result=0x1000
             cat-4410    [001] .....    16.765480: ovldiag_open: (ovl_open+0xb2/0x100 <- ovl_open_realfile) result=0xffff88800d8cf800
              dd-4413    [000] .....    16.766018: ovldiag_open: (ovl_open+0xb2/0x100 <- ovl_open_realfile) result=0xffff888004762300
              dd-4413    [000] .....    16.766049: ovldiag_ensure: (ovl_write_iter+0xaf/0x130 <- ovl_ensure_upper_and_switch) result=0x0
              dd-4413    [000] .....    16.766063: ovldiag_write: (ovl_write_iter+0x10c/0x130 <- backing_file_write_iter) result=0x1000
             cat-4415    [000] .....    16.767243: ovldiag_open: (ovl_open+0xb2/0x100 <- ovl_open_realfile) result=0xffff888008a6f800
              dd-4418    [001] .....    16.768748: ovldiag_open: (ovl_open+0xb2/0x100 <- ovl_open_realfile) result=0xffff88800452cf00
              dd-4418    [001] .....    16.768779: ovldiag_ensure: (ovl_write_iter+0xaf/0x130 <- ovl_ensure_upper_and_switch) result=0x0
              dd-4418    [001] .....    16.768794: ovldiag_write: (ovl_write_iter+0x10c/0x130 <- backing_file_write_iter) result=0x1000
             cat-4420    [001] .....    16.770254: ovldiag_open: (ovl_open+0xb2/0x100 <- ovl_open_realfile) result=0xffff8880089e7400
              dd-4422    [000] .....    16.771424: ovldiag_open: (ovl_open+0xb2/0x100 <- ovl_open_realfile) result=0xffff888004467c00
              dd-4422    [000] .....    16.771451: ovldiag_ensure: (ovl_write_iter+0xaf/0x130 <- ovl_ensure_upper_and_switch) result=0x0
              dd-4422    [000] .....    16.771468: ovldiag_write: (ovl_write_iter+0x10c/0x130 <- backing_file_write_iter) result=0x1000
             cat-4423    [000] .....    16.772639: ovldiag_open: (ovl_open+0xb2/0x100 <- ovl_open_realfile) result=0xffff888008a27d00
             cat-4428    [001] .....    16.776591: ovldiag_open: (ovl_open+0xb2/0x100 <- ovl_open_realfile) result=0xffff888004467f00
              dd-4430    [000] .....    16.776623: ovldiag_open: (ovl_open+0xb2/0x100 <- ovl_open_realfile) result=0xffff888007083300
              dd-4430    [000] .....    16.776660: ovldiag_ensure: (ovl_write_iter+0xaf/0x130 <- ovl_ensure_upper_and_switch) result=0x0
              dd-4430    [000] .....    16.776676: ovldiag_write: (ovl_write_iter+0x10c/0x130 <- backing_file_write_iter) result=0x1000
              dd-4434    [000] .....    16.779536: ovldiag_open: (ovl_open+0xb2/0x100 <- ovl_open_realfile) result=0xffff888007164200
              dd-4434    [000] .....    16.779565: ovldiag_ensure: (ovl_write_iter+0xaf/0x130 <- ovl_ensure_upper_and_switch) result=0x0
              dd-4434    [000] .....    16.779580: ovldiag_write: (ovl_write_iter+0x10c/0x130 <- backing_file_write_iter) result=0x1000
             cat-4437    [001] .....    16.780839: ovldiag_open: (ovl_open+0xb2/0x100 <- ovl_open_realfile) result=0xffff88800452c500
             cat-4440    [001] .....    16.782271: ovldiag_open: (ovl_open+0xb2/0x100 <- ovl_open_realfile) result=0xffff88800621b200
              dd-4438    [000] .....    16.783199: ovldiag_open: (ovl_open+0xb2/0x100 <- ovl_open_realfile) result=0xffff88800713a500
              dd-4438    [000] .....    16.783228: ovldiag_ensure: (ovl_write_iter+0xaf/0x130 <- ovl_ensure_upper_and_switch) result=0x0
              dd-4438    [000] .....    16.783244: ovldiag_write: (ovl_write_iter+0x10c/0x130 <- backing_file_write_iter) result=0x1000
             cat-4445    [000] .....    16.786199: ovldiag_open: (ovl_open+0xb2/0x100 <- ovl_open_realfile) result=0xffff88800e508100
             cat-4447    [001] .....    16.787265: ovldiag_open: (ovl_open+0xb2/0x100 <- ovl_open_realfile) result=0xffff88800e2aa300
              dd-4446    [001] .....    16.787646: ovldiag_open: (ovl_open+0xb2/0x100 <- ovl_open_realfile) result=0xffff88800e518500
              dd-4446    [001] .....    16.787674: ovldiag_ensure: (ovl_write_iter+0xaf/0x130 <- ovl_ensure_upper_and_switch) result=0x0
              dd-4446    [001] .....    16.787690: ovldiag_write: (ovl_write_iter+0x10c/0x130 <- backing_file_write_iter) result=0x1000
              dd-4452    [000] .....    16.790912: ovldiag_open: (ovl_open+0xb2/0x100 <- ovl_open_realfile) result=0xffff888004526600
              dd-4452    [000] .....    16.790940: ovldiag_ensure: (ovl_write_iter+0xaf/0x130 <- ovl_ensure_upper_and_switch) result=0x0
              dd-4452    [000] .....    16.790955: ovldiag_write: (ovl_write_iter+0x10c/0x130 <- backing_file_write_iter) result=0x1000
             cat-4453    [000] .....    16.791931: ovldiag_open: (ovl_open+0xb2/0x100 <- ovl_open_realfile) result=0xffff8880061d0b00
             cat-4455    [001] .....    16.792141: ovldiag_open: (ovl_open+0xb2/0x100 <- ovl_open_realfile) result=0xffff888008a6f700
              dd-4458    [000] .....    16.794402: ovldiag_open: (ovl_open+0xb2/0x100 <- ovl_open_realfile) result=0xffff8880046c6d00
              dd-4458    [000] .....    16.794432: ovldiag_ensure: (ovl_write_iter+0xaf/0x130 <- ovl_ensure_upper_and_switch) result=0x0
              dd-4458    [000] .....    16.794448: ovldiag_write: (ovl_write_iter+0x10c/0x130 <- backing_file_write_iter) result=0x1000
              dd-4463    [000] .....    16.796701: ovldiag_open: (ovl_open+0xb2/0x100 <- ovl_open_realfile) result=0xffff888004526200
              dd-4463    [000] .....    16.796731: ovldiag_ensure: (ovl_write_iter+0xaf/0x130 <- ovl_ensure_upper_and_switch) result=0x0
              dd-4463    [000] .....    16.796748: ovldiag_write: (ovl_write_iter+0x10c/0x130 <- backing_file_write_iter) result=0x1000
             cat-4465    [001] .....    16.798583: ovldiag_open: (ovl_open+0xb2/0x100 <- ovl_open_realfile) result=0xffff8880072eda00
             cat-4466    [000] .....    16.798908: ovldiag_open: (ovl_open+0xb2/0x100 <- ovl_open_realfile) result=0xffff888008a6f400
              dd-4469    [001] .....    16.800542: ovldiag_open: (ovl_open+0xb2/0x100 <- ovl_open_realfile) result=0xffff88800471d600
              dd-4469    [001] .....    16.800569: ovldiag_ensure: (ovl_write_iter+0xaf/0x130 <- ovl_ensure_upper_and_switch) result=0x0
              dd-4469    [001] .....    16.800585: ovldiag_write: (ovl_write_iter+0x10c/0x130 <- backing_file_write_iter) result=0x1000
             cat-4473    [000] .....    16.803670: ovldiag_open: (ovl_open+0xb2/0x100 <- ovl_open_realfile) result=0xffff888004720700
             cat-4474    [001] .....    16.804143: ovldiag_open: (ovl_open+0xb2/0x100 <- ovl_open_realfile) result=0xffff8880046e3900
              dd-4476    [001] .....    16.805228: ovldiag_open: (ovl_open+0xb2/0x100 <- ovl_open_realfile) result=0xffff88800e4fb600
              dd-4476    [001] .....    16.805256: ovldiag_ensure: (ovl_write_iter+0xaf/0x130 <- ovl_ensure_upper_and_switch) result=0x0
              dd-4476    [001] .....    16.805270: ovldiag_write: (ovl_write_iter+0x10c/0x130 <- backing_file_write_iter) result=0x1000
             cat-4481    [001] .....    16.808326: ovldiag_open: (ovl_open+0xb2/0x100 <- ovl_open_realfile) result=0xffff8880072ed200
              dd-4478    [001] .....    16.809008: ovldiag_open: (ovl_open+0xb2/0x100 <- ovl_open_realfile) result=0xffff88800727e700
              dd-4478    [001] .....    16.809033: ovldiag_ensure: (ovl_write_iter+0xaf/0x130 <- ovl_ensure_upper_and_switch) result=0x0
              dd-4478    [001] .....    16.809046: ovldiag_write: (ovl_write_iter+0x10c/0x130 <- backing_file_write_iter) result=0x1000
              dd-4482    [000] .....    16.809251: ovldiag_open: (ovl_open+0xb2/0x100 <- ovl_open_realfile) result=0xffff888006003b00
              dd-4482    [000] .....    16.809278: ovldiag_ensure: (ovl_write_iter+0xaf/0x130 <- ovl_ensure_upper_and_switch) result=0x0
              dd-4482    [000] .....    16.809318: ovldiag_write: (ovl_write_iter+0x10c/0x130 <- backing_file_write_iter) result=0x1000
             cat-4485    [001] .....    16.812385: ovldiag_open: (ovl_open+0xb2/0x100 <- ovl_open_realfile) result=0xffff88800e44b600
             cat-4490    [001] .....    16.814134: ovldiag_open: (ovl_open+0xb2/0x100 <- ovl_open_realfile) result=0xffff88800daff500
             cat-4492    [001] .....    16.815112: ovldiag_open: (ovl_open+0xb2/0x100 <- ovl_open_realfile) result=0xffff888008a6f900
              dd-4491    [000] .....    16.815484: ovldiag_open: (ovl_open+0xb2/0x100 <- ovl_open_realfile) result=0xffff888008a27400
              dd-4491    [000] .....    16.815514: ovldiag_ensure: (ovl_write_iter+0xaf/0x130 <- ovl_ensure_upper_and_switch) result=0x0
              dd-4491    [000] .....    16.815531: ovldiag_write: (ovl_write_iter+0x10c/0x130 <- backing_file_write_iter) result=0x1000
             cat-4499    [001] .....    16.819921: ovldiag_open: (ovl_open+0xb2/0x100 <- ovl_open_realfile) result=0xffff888007083900
              dd-4501    [000] .....    16.821616: ovldiag_open: (ovl_open+0xb2/0x100 <- ovl_open_realfile) result=0xffff88800e1c9400
              dd-4501    [000] .....    16.821647: ovldiag_ensure: (ovl_write_iter+0xaf/0x130 <- ovl_ensure_upper_and_switch) result=0x0
              dd-4501    [000] .....    16.821663: ovldiag_write: (ovl_write_iter+0x10c/0x130 <- backing_file_write_iter) result=0x1000
             cat-4502    [001] .....    16.822761: ovldiag_open: (ovl_open+0xb2/0x100 <- ovl_open_realfile) result=0xffff888008a27300
              dd-4503    [000] .....    16.823971: ovldiag_open: (ovl_open+0xb2/0x100 <- ovl_open_realfile) result=0xffff88800452c600
              dd-4503    [000] .....    16.824001: ovldiag_ensure: (ovl_write_iter+0xaf/0x130 <- ovl_ensure_upper_and_switch) result=0x0
              dd-4503    [000] .....    16.824017: ovldiag_write: (ovl_write_iter+0x10c/0x130 <- backing_file_write_iter) result=0x1000
              dd-4505    [001] .....    16.826139: ovldiag_open: (ovl_open+0xb2/0x100 <- ovl_open_realfile) result=0xffff88800e46f500
              dd-4505    [001] .....    16.826167: ovldiag_ensure: (ovl_write_iter+0xaf/0x130 <- ovl_ensure_upper_and_switch) result=0x0
              dd-4505    [001] .....    16.826183: ovldiag_write: (ovl_write_iter+0x10c/0x130 <- backing_file_write_iter) result=0x1000
             cat-4510    [000] .....    16.827381: ovldiag_open: (ovl_open+0xb2/0x100 <- ovl_open_realfile) result=0xffff88800e556f00
             cat-4509    [000] .....    16.827733: ovldiag_open: (ovl_open+0xb2/0x100 <- ovl_open_realfile) result=0xffff8880061d0c00
              dd-4516    [000] .....    16.831211: ovldiag_open: (ovl_open+0xb2/0x100 <- ovl_open_realfile) result=0xffff888003f11100
              dd-4516    [000] .....    16.831239: ovldiag_ensure: (ovl_write_iter+0xaf/0x130 <- ovl_ensure_upper_and_switch) result=0x0
              dd-4516    [000] .....    16.831256: ovldiag_write: (ovl_write_iter+0x10c/0x130 <- backing_file_write_iter) result=0x1000
             cat-4515    [001] .....    16.831470: ovldiag_open: (ovl_open+0xb2/0x100 <- ovl_open_realfile) result=0xffff88800720db00
             cat-4521    [001] .....    16.834605: ovldiag_open: (ovl_open+0xb2/0x100 <- ovl_open_realfile) result=0xffff888008a6fd00
              dd-4525    [000] .....    16.837379: ovldiag_open: (ovl_open+0xb2/0x100 <- ovl_open_realfile) result=0xffff8880071cc500
              dd-4525    [000] .....    16.837409: ovldiag_ensure: (ovl_write_iter+0xaf/0x130 <- ovl_ensure_upper_and_switch) result=0x0
              dd-4525    [000] .....    16.837424: ovldiag_write: (ovl_write_iter+0x10c/0x130 <- backing_file_write_iter) result=0x1000
              dd-4524    [001] .....    16.837658: ovldiag_open: (ovl_open+0xb2/0x100 <- ovl_open_realfile) result=0xffff888008ab8b00
              dd-4524    [001] .....    16.837690: ovldiag_ensure: (ovl_write_iter+0xaf/0x130 <- ovl_ensure_upper_and_switch) result=0x0
              dd-4524    [001] .....    16.837706: ovldiag_write: (ovl_write_iter+0x10c/0x130 <- backing_file_write_iter) result=0x1000
             cat-4527    [001] .....    16.838923: ovldiag_open: (ovl_open+0xb2/0x100 <- ovl_open_realfile) result=0xffff88800e1c9c00
             cat-4529    [000] .....    16.839721: ovldiag_open: (ovl_open+0xb2/0x100 <- ovl_open_realfile) result=0xffff888007317200
              dd-4532    [000] .....    16.842120: ovldiag_open: (ovl_open+0xb2/0x100 <- ovl_open_realfile) result=0xffff888007083d00
              dd-4532    [000] .....    16.842147: ovldiag_ensure: (ovl_write_iter+0xaf/0x130 <- ovl_ensure_upper_and_switch) result=0x0
              dd-4532    [000] .....    16.842163: ovldiag_write: (ovl_write_iter+0x10c/0x130 <- backing_file_write_iter) result=0x1000
              dd-4537    [001] .....    16.844147: ovldiag_open: (ovl_open+0xb2/0x100 <- ovl_open_realfile) result=0xffff88800727e700
              dd-4537    [001] .....    16.844178: ovldiag_ensure: (ovl_write_iter+0xaf/0x130 <- ovl_ensure_upper_and_switch) result=0x0
              dd-4537    [001] .....    16.844194: ovldiag_write: (ovl_write_iter+0x10c/0x130 <- backing_file_write_iter) result=0x1000
             cat-4536    [000] .....    16.844200: ovldiag_open: (ovl_open+0xb2/0x100 <- ovl_open_realfile) result=0xffff8880061cc900
             cat-4541    [000] .....    16.847193: ovldiag_open: (ovl_open+0xb2/0x100 <- ovl_open_realfile) result=0xffff888004467900
             cat-4542    [000] .....    16.848401: ovldiag_open: (ovl_open+0xb2/0x100 <- ovl_open_realfile) result=0xffff88800720bc00
              dd-4548    [000] .....    16.852407: ovldiag_open: (ovl_open+0xb2/0x100 <- ovl_open_realfile) result=0xffff888006008c00
              dd-4548    [000] .....    16.852437: ovldiag_ensure: (ovl_write_iter+0xaf/0x130 <- ovl_ensure_upper_and_switch) result=0x0
              dd-4548    [000] .....    16.852452: ovldiag_write: (ovl_write_iter+0x10c/0x130 <- backing_file_write_iter) result=0x1000
             cat-4550    [001] .....    16.853937: ovldiag_open: (ovl_open+0xb2/0x100 <- ovl_open_realfile) result=0xffff88800720db00
              dd-4551    [000] .....    16.855017: ovldiag_open: (ovl_open+0xb2/0x100 <- ovl_open_realfile) result=0xffff8880046e3200
              dd-4551    [000] .....    16.855048: ovldiag_ensure: (ovl_write_iter+0xaf/0x130 <- ovl_ensure_upper_and_switch) result=0x0
              dd-4551    [000] .....    16.855064: ovldiag_write: (ovl_write_iter+0x10c/0x130 <- backing_file_write_iter) result=0x1000
             cat-4552    [001] .....    16.855464: ovldiag_open: (ovl_open+0xb2/0x100 <- ovl_open_realfile) result=0xffff888004762400
              dd-4554    [000] .....    16.856992: ovldiag_open: (ovl_open+0xb2/0x100 <- ovl_open_realfile) result=0xffff88800720b900
              dd-4554    [000] .....    16.857020: ovldiag_ensure: (ovl_write_iter+0xaf/0x130 <- ovl_ensure_upper_and_switch) result=0x0
              dd-4554    [000] .....    16.857035: ovldiag_write: (ovl_write_iter+0x10c/0x130 <- backing_file_write_iter) result=0x1000
             cat-4558    [001] .....    16.859156: ovldiag_open: (ovl_open+0xb2/0x100 <- ovl_open_realfile) result=0xffff88800d9f1d00
             cat-4559    [000] .....    16.859664: ovldiag_open: (ovl_open+0xb2/0x100 <- ovl_open_realfile) result=0xffff88800d8cfe00
              dd-4557    [001] .....    16.860588: ovldiag_open: (ovl_open+0xb2/0x100 <- ovl_open_realfile) result=0xffff88800e4ba600
              dd-4557    [001] .....    16.860618: ovldiag_ensure: (ovl_write_iter+0xaf/0x130 <- ovl_ensure_upper_and_switch) result=0x0
              dd-4557    [001] .....    16.860634: ovldiag_write: (ovl_write_iter+0x10c/0x130 <- backing_file_write_iter) result=0x1000
              dd-4568    [000] .....    16.865002: ovldiag_open: (ovl_open+0xb2/0x100 <- ovl_open_realfile) result=0xffff8880071ccd00
              dd-4568    [000] .....    16.865028: ovldiag_ensure: (ovl_write_iter+0xaf/0x130 <- ovl_ensure_upper_and_switch) result=0x0
              dd-4568    [000] .....    16.865044: ovldiag_write: (ovl_write_iter+0x10c/0x130 <- backing_file_write_iter) result=0x1000
              dd-4570    [001] .....    16.867392: ovldiag_open: (ovl_open+0xb2/0x100 <- ovl_open_realfile) result=0xffff8880046f0500
              dd-4570    [001] .....    16.867420: ovldiag_ensure: (ovl_write_iter+0xaf/0x130 <- ovl_ensure_upper_and_switch) result=0x0
              dd-4570    [001] .....    16.867435: ovldiag_write: (ovl_write_iter+0x10c/0x130 <- backing_file_write_iter) result=0x1000
             cat-4571    [000] .....    16.868635: ovldiag_open: (ovl_open+0xb2/0x100 <- ovl_open_realfile) result=0xffff888004762400
             cat-4572    [000] .....    16.869462: ovldiag_open: (ovl_open+0xb2/0x100 <- ovl_open_realfile) result=0xffff888007317d00
             cat-4575    [000] .....    16.871715: ovldiag_open: (ovl_open+0xb2/0x100 <- ovl_open_realfile) result=0xffff88800e2ab800
             cat-4577    [000] .....    16.872544: ovldiag_open: (ovl_open+0xb2/0x100 <- ovl_open_realfile) result=0xffff88800e29e500
              dd-4583    [001] .....    16.874989: ovldiag_open: (ovl_open+0xb2/0x100 <- ovl_open_realfile) result=0xffff888004720200
              dd-4583    [001] .....    16.875019: ovldiag_ensure: (ovl_write_iter+0xaf/0x130 <- ovl_ensure_upper_and_switch) result=0x0
              dd-4583    [001] .....    16.875035: ovldiag_write: (ovl_write_iter+0x10c/0x130 <- backing_file_write_iter) result=0x1000
              dd-4584    [001] .....    16.876052: ovldiag_open: (ovl_open+0xb2/0x100 <- ovl_open_realfile) result=0xffff88800d8cf300
              dd-4584    [001] .....    16.876080: ovldiag_ensure: (ovl_write_iter+0xaf/0x130 <- ovl_ensure_upper_and_switch) result=0x0
              dd-4584    [001] .....    16.876093: ovldiag_write: (ovl_write_iter+0x10c/0x130 <- backing_file_write_iter) result=0x1000
              dd-4588    [000] .....    16.878802: ovldiag_open: (ovl_open+0xb2/0x100 <- ovl_open_realfile) result=0xffff888003f11e00
              dd-4588    [000] .....    16.878830: ovldiag_ensure: (ovl_write_iter+0xaf/0x130 <- ovl_ensure_upper_and_switch) result=0x0
              dd-4588    [000] .....    16.878846: ovldiag_write: (ovl_write_iter+0x10c/0x130 <- backing_file_write_iter) result=0x1000
              dd-4590    [001] .....    16.880766: ovldiag_open: (ovl_open+0xb2/0x100 <- ovl_open_realfile) result=0xffff88800e46a600
              dd-4590    [001] .....    16.880796: ovldiag_ensure: (ovl_write_iter+0xaf/0x130 <- ovl_ensure_upper_and_switch) result=0x0
              dd-4590    [001] .....    16.880813: ovldiag_write: (ovl_write_iter+0x10c/0x130 <- backing_file_write_iter) result=0x1000
             cat-4591    [000] .....    16.880900: ovldiag_open: (ovl_open+0xb2/0x100 <- ovl_open_realfile) result=0xffff88800e4fe800
             cat-4593    [001] .....    16.882462: ovldiag_open: (ovl_open+0xb2/0x100 <- ovl_open_realfile) result=0xffff88800713a100
             cat-4596    [000] .....    16.884037: ovldiag_open: (ovl_open+0xb2/0x100 <- ovl_open_realfile) result=0xffff88800d9f1e00
             cat-4598    [000] .....    16.885775: ovldiag_open: (ovl_open+0xb2/0x100 <- ovl_open_realfile) result=0xffff88800e461500
              dd-4603    [000] .....    16.888984: ovldiag_open: (ovl_open+0xb2/0x100 <- ovl_open_realfile) result=0xffff8880061ead00
              dd-4603    [000] .....    16.889015: ovldiag_ensure: (ovl_write_iter+0xaf/0x130 <- ovl_ensure_upper_and_switch) result=0x0
              dd-4603    [000] .....    16.889031: ovldiag_write: (ovl_write_iter+0x10c/0x130 <- backing_file_write_iter) result=0x1000
              dd-4606    [001] .....    16.890533: ovldiag_open: (ovl_open+0xb2/0x100 <- ovl_open_realfile) result=0xffff888008a6fe00
              dd-4606    [001] .....    16.890563: ovldiag_ensure: (ovl_write_iter+0xaf/0x130 <- ovl_ensure_upper_and_switch) result=0x0
              dd-4606    [001] .....    16.890579: ovldiag_write: (ovl_write_iter+0x10c/0x130 <- backing_file_write_iter) result=0x1000
              dd-4607    [001] .....    16.891975: ovldiag_open: (ovl_open+0xb2/0x100 <- ovl_open_realfile) result=0xffff8880071ce700
              dd-4607    [001] .....    16.892006: ovldiag_ensure: (ovl_write_iter+0xaf/0x130 <- ovl_ensure_upper_and_switch) result=0x0
              dd-4607    [001] .....    16.892022: ovldiag_write: (ovl_write_iter+0x10c/0x130 <- backing_file_write_iter) result=0x1000
             cat-4608    [000] .....    16.892206: ovldiag_open: (ovl_open+0xb2/0x100 <- ovl_open_realfile) result=0xffff88800720d800
              dd-4612    [000] .....    16.894226: ovldiag_open: (ovl_open+0xb2/0x100 <- ovl_open_realfile) result=0xffff88800e41b200
              dd-4612    [000] .....    16.894257: ovldiag_ensure: (ovl_write_iter+0xaf/0x130 <- ovl_ensure_upper_and_switch) result=0x0
              dd-4612    [000] .....    16.894273: ovldiag_write: (ovl_write_iter+0x10c/0x130 <- backing_file_write_iter) result=0x1000
             cat-4613    [000] .....    16.895212: ovldiag_open: (ovl_open+0xb2/0x100 <- ovl_open_realfile) result=0xffff88800e324100
             cat-4611    [000] .....    16.896099: ovldiag_open: (ovl_open+0xb2/0x100 <- ovl_open_realfile) result=0xffff888008a6f500
             cat-4617    [001] .....    16.896632: ovldiag_open: (ovl_open+0xb2/0x100 <- ovl_open_realfile) result=0xffff888003f01b00
              dd-4624    [000] .....    16.901575: ovldiag_open: (ovl_open+0xb2/0x100 <- ovl_open_realfile) result=0xffff8880072edf00
              dd-4624    [000] .....    16.901602: ovldiag_ensure: (ovl_write_iter+0xaf/0x130 <- ovl_ensure_upper_and_switch) result=0x0
              dd-4624    [000] .....    16.901617: ovldiag_write: (ovl_write_iter+0x10c/0x130 <- backing_file_write_iter) result=0x1000
              dd-4626    [000] .....    16.903189: ovldiag_open: (ovl_open+0xb2/0x100 <- ovl_open_realfile) result=0xffff8880071ccc00
              dd-4626    [000] .....    16.903218: ovldiag_ensure: (ovl_write_iter+0xaf/0x130 <- ovl_ensure_upper_and_switch) result=0x0
              dd-4626    [000] .....    16.903245: ovldiag_write: (ovl_write_iter+0x10c/0x130 <- backing_file_write_iter) result=0x1000
             cat-4627    [001] .....    16.903503: ovldiag_open: (ovl_open+0xb2/0x100 <- ovl_open_realfile) result=0xffff88800452ce00
              dd-4630    [001] .....    16.905187: ovldiag_open: (ovl_open+0xb2/0x100 <- ovl_open_realfile) result=0xffff8880061d0200
              dd-4630    [001] .....    16.905217: ovldiag_ensure: (ovl_write_iter+0xaf/0x130 <- ovl_ensure_upper_and_switch) result=0x0
              dd-4630    [001] .....    16.905234: ovldiag_write: (ovl_write_iter+0x10c/0x130 <- backing_file_write_iter) result=0x1000
             cat-4633    [000] .....    16.907066: ovldiag_open: (ovl_open+0xb2/0x100 <- ovl_open_realfile) result=0xffff88800e24ba00
             cat-4632    [001] .....    16.907716: ovldiag_open: (ovl_open+0xb2/0x100 <- ovl_open_realfile) result=0xffff888003cb6c00
              dd-4637    [001] .....    16.910524: ovldiag_open: (ovl_open+0xb2/0x100 <- ovl_open_realfile) result=0xffff888008a6fb00
              dd-4637    [001] .....    16.910554: ovldiag_ensure: (ovl_write_iter+0xaf/0x130 <- ovl_ensure_upper_and_switch) result=0x0
              dd-4637    [001] .....    16.910569: ovldiag_write: (ovl_write_iter+0x10c/0x130 <- backing_file_write_iter) result=0x1000
             cat-4636    [001] .....    16.910708: ovldiag_open: (ovl_open+0xb2/0x100 <- ovl_open_realfile) result=0xffff8880061d0600
             cat-4644    [000] .....    16.914304: ovldiag_open: (ovl_open+0xb2/0x100 <- ovl_open_realfile) result=0xffff88800e40cd00
              dd-4645    [001] .....    16.915111: ovldiag_open: (ovl_open+0xb2/0x100 <- ovl_open_realfile) result=0xffff88800e473100
              dd-4645    [001] .....    16.915138: ovldiag_ensure: (ovl_write_iter+0xaf/0x130 <- ovl_ensure_upper_and_switch) result=0x0
              dd-4645    [001] .....    16.915154: ovldiag_write: (ovl_write_iter+0x10c/0x130 <- backing_file_write_iter) result=0x1000
              dd-4649    [001] .....    16.917496: ovldiag_open: (ovl_open+0xb2/0x100 <- ovl_open_realfile) result=0xffff88800d98f400
              dd-4649    [001] .....    16.917527: ovldiag_ensure: (ovl_write_iter+0xaf/0x130 <- ovl_ensure_upper_and_switch) result=0x0
              dd-4649    [001] .....    16.917543: ovldiag_write: (ovl_write_iter+0x10c/0x130 <- backing_file_write_iter) result=0x1000
             cat-4650    [000] .....    16.917891: ovldiag_open: (ovl_open+0xb2/0x100 <- ovl_open_realfile) result=0xffff88800e24ab00
             cat-4653    [001] .....    16.919990: ovldiag_open: (ovl_open+0xb2/0x100 <- ovl_open_realfile) result=0xffff8880061cc300
             cat-4655    [001] .....    16.921212: ovldiag_open: (ovl_open+0xb2/0x100 <- ovl_open_realfile) result=0xffff888004467a00
              dd-4654    [000] .....    16.921718: ovldiag_open: (ovl_open+0xb2/0x100 <- ovl_open_realfile) result=0xffff8880046f0500
              dd-4654    [000] .....    16.921745: ovldiag_ensure: (ovl_write_iter+0xaf/0x130 <- ovl_ensure_upper_and_switch) result=0x0
              dd-4654    [000] .....    16.921761: ovldiag_write: (ovl_write_iter+0x10c/0x130 <- backing_file_write_iter) result=0x1000
             cat-4659    [000] .....    16.923211: ovldiag_open: (ovl_open+0xb2/0x100 <- ovl_open_realfile) result=0xffff88800e2abc00
              dd-4663    [001] .....    16.926674: ovldiag_open: (ovl_open+0xb2/0x100 <- ovl_open_realfile) result=0xffff88800e3a9600
              dd-4663    [001] .....    16.926704: ovldiag_ensure: (ovl_write_iter+0xaf/0x130 <- ovl_ensure_upper_and_switch) result=0x0
              dd-4663    [001] .....    16.926721: ovldiag_write: (ovl_write_iter+0x10c/0x130 <- backing_file_write_iter) result=0x1000
             cat-4666    [000] .....    16.927749: ovldiag_open: (ovl_open+0xb2/0x100 <- ovl_open_realfile) result=0xffff88800e28ec00
              dd-4667    [001] .....    16.929192: ovldiag_open: (ovl_open+0xb2/0x100 <- ovl_open_realfile) result=0xffff888008a27800
              dd-4667    [001] .....    16.929222: ovldiag_ensure: (ovl_write_iter+0xaf/0x130 <- ovl_ensure_upper_and_switch) result=0x0
              dd-4667    [001] .....    16.929239: ovldiag_write: (ovl_write_iter+0x10c/0x130 <- backing_file_write_iter) result=0x1000
             cat-4672    [001] .....    16.931609: ovldiag_open: (ovl_open+0xb2/0x100 <- ovl_open_realfile) result=0xffff888004798100
              dd-4671    [000] .....    16.932678: ovldiag_open: (ovl_open+0xb2/0x100 <- ovl_open_realfile) result=0xffff88800e17f500
              dd-4671    [000] .....    16.932708: ovldiag_ensure: (ovl_write_iter+0xaf/0x130 <- ovl_ensure_upper_and_switch) result=0x0
              dd-4671    [000] .....    16.932724: ovldiag_write: (ovl_write_iter+0x10c/0x130 <- backing_file_write_iter) result=0x1000
             cat-4674    [001] .....    16.932894: ovldiag_open: (ovl_open+0xb2/0x100 <- ovl_open_realfile) result=0xffff8880071cc000
             cat-4678    [001] .....    16.935081: ovldiag_open: (ovl_open+0xb2/0x100 <- ovl_open_realfile) result=0xffff88800e257500
             cat-4681    [000] .....    16.937820: ovldiag_open: (ovl_open+0xb2/0x100 <- ovl_open_realfile) result=0xffff888007083b00
              dd-4684    [000] .....    16.939100: ovldiag_open: (ovl_open+0xb2/0x100 <- ovl_open_realfile) result=0xffff8880061cc500
              dd-4684    [000] .....    16.939126: ovldiag_ensure: (ovl_write_iter+0xaf/0x130 <- ovl_ensure_upper_and_switch) result=0x0
              dd-4684    [000] .....    16.939141: ovldiag_write: (ovl_write_iter+0x10c/0x130 <- backing_file_write_iter) result=0x1000
              dd-4688    [001] .....    16.941557: ovldiag_open: (ovl_open+0xb2/0x100 <- ovl_open_realfile) result=0xffff888004762e00
              dd-4688    [001] .....    16.941583: ovldiag_ensure: (ovl_write_iter+0xaf/0x130 <- ovl_ensure_upper_and_switch) result=0x0
              dd-4688    [001] .....    16.941599: ovldiag_write: (ovl_write_iter+0x10c/0x130 <- backing_file_write_iter) result=0x1000
              dd-4689    [000] .....    16.942822: ovldiag_open: (ovl_open+0xb2/0x100 <- ovl_open_realfile) result=0xffff888008a27c00
              dd-4689    [000] .....    16.942853: ovldiag_ensure: (ovl_write_iter+0xaf/0x130 <- ovl_ensure_upper_and_switch) result=0x0
              dd-4689    [000] .....    16.942877: ovldiag_write: (ovl_write_iter+0x10c/0x130 <- backing_file_write_iter) result=0x1000
             cat-4691    [000] .....    16.943848: ovldiag_open: (ovl_open+0xb2/0x100 <- ovl_open_realfile) result=0xffff8880046f0e00
             cat-4694    [001] .....    16.945677: ovldiag_open: (ovl_open+0xb2/0x100 <- ovl_open_realfile) result=0xffff888004762800
             cat-4695    [000] .....    16.947541: ovldiag_open: (ovl_open+0xb2/0x100 <- ovl_open_realfile) result=0xffff88800720db00
              dd-4697    [000] .....    16.948234: ovldiag_open: (ovl_open+0xb2/0x100 <- ovl_open_realfile) result=0xffff88800e257100
              dd-4697    [000] .....    16.948261: ovldiag_ensure: (ovl_write_iter+0xaf/0x130 <- ovl_ensure_upper_and_switch) result=0x0
              dd-4697    [000] .....    16.948276: ovldiag_write: (ovl_write_iter+0x10c/0x130 <- backing_file_write_iter) result=0x1000
             cat-4699    [001] .....    16.949032: ovldiag_open: (ovl_open+0xb2/0x100 <- ovl_open_realfile) result=0xffff88800d842f00
              dd-4704    [000] .....    16.952015: ovldiag_open: (ovl_open+0xb2/0x100 <- ovl_open_realfile) result=0xffff8880061ccf00
              dd-4704    [000] .....    16.952044: ovldiag_ensure: (ovl_write_iter+0xaf/0x130 <- ovl_ensure_upper_and_switch) result=0x0
              dd-4704    [000] .....    16.952059: ovldiag_write: (ovl_write_iter+0x10c/0x130 <- backing_file_write_iter) result=0x1000
              dd-4708    [000] .....    16.954031: ovldiag_open: (ovl_open+0xb2/0x100 <- ovl_open_realfile) result=0xffff8880071ccd00
              dd-4708    [000] .....    16.954058: ovldiag_ensure: (ovl_write_iter+0xaf/0x130 <- ovl_ensure_upper_and_switch) result=0x0
              dd-4708    [000] .....    16.954072: ovldiag_write: (ovl_write_iter+0x10c/0x130 <- backing_file_write_iter) result=0x1000
             cat-4709    [001] .....    16.954518: ovldiag_open: (ovl_open+0xb2/0x100 <- ovl_open_realfile) result=0xffff888008a6f800
              dd-4711    [000] .....    16.956529: ovldiag_open: (ovl_open+0xb2/0x100 <- ovl_open_realfile) result=0xffff8880089e7d00
              dd-4711    [000] .....    16.956558: ovldiag_ensure: (ovl_write_iter+0xaf/0x130 <- ovl_ensure_upper_and_switch) result=0x0
              dd-4711    [000] .....    16.956574: ovldiag_write: (ovl_write_iter+0x10c/0x130 <- backing_file_write_iter) result=0x1000
             cat-4713    [000] .....    16.957595: ovldiag_open: (ovl_open+0xb2/0x100 <- ovl_open_realfile) result=0xffff88800e1d5700
             cat-4716    [001] .....    16.959217: ovldiag_open: (ovl_open+0xb2/0x100 <- ovl_open_realfile) result=0xffff888008a27400
             cat-4717    [000] .....    16.959851: ovldiag_open: (ovl_open+0xb2/0x100 <- ovl_open_realfile) result=0xffff8880061ea300
              dd-4722    [000] .....    16.963678: ovldiag_open: (ovl_open+0xb2/0x100 <- ovl_open_realfile) result=0xffff888008a6ff00
              dd-4722    [000] .....    16.963705: ovldiag_ensure: (ovl_write_iter+0xaf/0x130 <- ovl_ensure_upper_and_switch) result=0x0
              dd-4722    [000] .....    16.963721: ovldiag_write: (ovl_write_iter+0x10c/0x130 <- backing_file_write_iter) result=0x1000
             cat-4725    [000] .....    16.964926: ovldiag_open: (ovl_open+0xb2/0x100 <- ovl_open_realfile) result=0xffff888007164500
              dd-4728    [001] .....    16.966374: ovldiag_open: (ovl_open+0xb2/0x100 <- ovl_open_realfile) result=0xffff8880046e3700
              dd-4728    [001] .....    16.966404: ovldiag_ensure: (ovl_write_iter+0xaf/0x130 <- ovl_ensure_upper_and_switch) result=0x0
              dd-4728    [001] .....    16.966420: ovldiag_write: (ovl_write_iter+0x10c/0x130 <- backing_file_write_iter) result=0x1000
             cat-4731    [001] .....    16.968694: ovldiag_open: (ovl_open+0xb2/0x100 <- ovl_open_realfile) result=0xffff8880060c7600
              dd-4732    [000] .....    16.968881: ovldiag_open: (ovl_open+0xb2/0x100 <- ovl_open_realfile) result=0xffff8880061ea500
              dd-4732    [000] .....    16.968911: ovldiag_ensure: (ovl_write_iter+0xaf/0x130 <- ovl_ensure_upper_and_switch) result=0x0
              dd-4732    [000] .....    16.968927: ovldiag_write: (ovl_write_iter+0x10c/0x130 <- backing_file_write_iter) result=0x1000
              dd-4735    [000] .....    16.971212: ovldiag_open: (ovl_open+0xb2/0x100 <- ovl_open_realfile) result=0xffff888003f11000
              dd-4735    [000] .....    16.971242: ovldiag_ensure: (ovl_write_iter+0xaf/0x130 <- ovl_ensure_upper_and_switch) result=0x0
              dd-4735    [000] .....    16.971257: ovldiag_write: (ovl_write_iter+0x10c/0x130 <- backing_file_write_iter) result=0x1000
             cat-4736    [001] .....    16.971634: ovldiag_open: (ovl_open+0xb2/0x100 <- ovl_open_realfile) result=0xffff888008a6fb00
             cat-4734    [000] .....    16.972693: ovldiag_open: (ovl_open+0xb2/0x100 <- ovl_open_realfile) result=0xffff888004762900
             cat-4744    [000] .....    16.976240: ovldiag_open: (ovl_open+0xb2/0x100 <- ovl_open_realfile) result=0xffff88800727ea00
              dd-4745    [001] .....    16.977370: ovldiag_open: (ovl_open+0xb2/0x100 <- ovl_open_realfile) result=0xffff888003f11200
              dd-4745    [001] .....    16.977396: ovldiag_ensure: (ovl_write_iter+0xaf/0x130 <- ovl_ensure_upper_and_switch) result=0x0
              dd-4745    [001] .....    16.977414: ovldiag_write: (ovl_write_iter+0x10c/0x130 <- backing_file_write_iter) result=0x1000
              dd-4747    [001] .....    16.978917: ovldiag_open: (ovl_open+0xb2/0x100 <- ovl_open_realfile) result=0xffff8880046f0f00
              dd-4747    [001] .....    16.978945: ovldiag_ensure: (ovl_write_iter+0xaf/0x130 <- ovl_ensure_upper_and_switch) result=0x0
              dd-4747    [001] .....    16.978961: ovldiag_write: (ovl_write_iter+0x10c/0x130 <- backing_file_write_iter) result=0x1000
             cat-4750    [001] .....    16.980235: ovldiag_open: (ovl_open+0xb2/0x100 <- ovl_open_realfile) result=0xffff88800d958e00
             cat-4752    [000] .....    16.981531: ovldiag_open: (ovl_open+0xb2/0x100 <- ovl_open_realfile) result=0xffff88800d842600
             cat-4755    [001] .....    16.983125: ovldiag_open: (ovl_open+0xb2/0x100 <- ovl_open_realfile) result=0xffff8880089e7400
              dd-4759    [000] .....    16.985137: ovldiag_open: (ovl_open+0xb2/0x100 <- ovl_open_realfile) result=0xffff88800720b500
              dd-4759    [000] .....    16.985167: ovldiag_ensure: (ovl_write_iter+0xaf/0x130 <- ovl_ensure_upper_and_switch) result=0x0
              dd-4759    [000] .....    16.985184: ovldiag_write: (ovl_write_iter+0x10c/0x130 <- backing_file_write_iter) result=0x1000
              dd-4757    [001] .....    16.985245: ovldiag_open: (ovl_open+0xb2/0x100 <- ovl_open_realfile) result=0xffff8880046f0f00
              dd-4757    [001] .....    16.985277: ovldiag_ensure: (ovl_write_iter+0xaf/0x130 <- ovl_ensure_upper_and_switch) result=0x0
              dd-4757    [001] .....    16.987931: ovldiag_write: (ovl_write_iter+0x10c/0x130 <- backing_file_write_iter) result=0x1000
             cat-4762    [000] .....    16.988053: ovldiag_open: (ovl_open+0xb2/0x100 <- ovl_open_realfile) result=0xffff88800713d000
             cat-4766    [001] .....    16.990576: ovldiag_open: (ovl_open+0xb2/0x100 <- ovl_open_realfile) result=0xffff888008ab8700
              dd-4769    [000] .....    16.991987: ovldiag_open: (ovl_open+0xb2/0x100 <- ovl_open_realfile) result=0xffff8880047ff500
              dd-4769    [000] .....    16.992017: ovldiag_ensure: (ovl_write_iter+0xaf/0x130 <- ovl_ensure_upper_and_switch) result=0x0
              dd-4769    [000] .....    16.992033: ovldiag_write: (ovl_write_iter+0x10c/0x130 <- backing_file_write_iter) result=0x1000
              dd-4768    [001] .....    16.992878: ovldiag_open: (ovl_open+0xb2/0x100 <- ovl_open_realfile) result=0xffff8880046f0e00
              dd-4768    [001] .....    16.992909: ovldiag_ensure: (ovl_write_iter+0xaf/0x130 <- ovl_ensure_upper_and_switch) result=0x0
              dd-4768    [001] .....    16.992925: ovldiag_write: (ovl_write_iter+0x10c/0x130 <- backing_file_write_iter) result=0x1000
             cat-4771    [000] .....    16.993272: ovldiag_open: (ovl_open+0xb2/0x100 <- ovl_open_realfile) result=0xffff888006126800
             cat-4776    [001] .....    16.996266: ovldiag_open: (ovl_open+0xb2/0x100 <- ovl_open_realfile) result=0xffff8880061d0700
             cat-4777    [000] .....    16.998304: ovldiag_open: (ovl_open+0xb2/0x100 <- ovl_open_realfile) result=0xffff88800713d500
              dd-4781    [001] .....    17.000222: ovldiag_open: (ovl_open+0xb2/0x100 <- ovl_open_realfile) result=0xffff88800e2f6800
              dd-4781    [001] .....    17.000253: ovldiag_ensure: (ovl_write_iter+0xaf/0x130 <- ovl_ensure_upper_and_switch) result=0x0
              dd-4781    [001] .....    17.000269: ovldiag_write: (ovl_write_iter+0x10c/0x130 <- backing_file_write_iter) result=0x1000
              dd-4783    [000] .....    17.001076: ovldiag_open: (ovl_open+0xb2/0x100 <- ovl_open_realfile) result=0xffff88800727e900
              dd-4783    [000] .....    17.001103: ovldiag_ensure: (ovl_write_iter+0xaf/0x130 <- ovl_ensure_upper_and_switch) result=0x0
              dd-4783    [000] .....    17.001119: ovldiag_write: (ovl_write_iter+0x10c/0x130 <- backing_file_write_iter) result=0x1000
             cat-4786    [000] .....    17.003155: ovldiag_open: (ovl_open+0xb2/0x100 <- ovl_open_realfile) result=0xffff8880072ed500
             cat-4788    [001] .....    17.003934: ovldiag_open: (ovl_open+0xb2/0x100 <- ovl_open_realfile) result=0xffff8880061d0300
             cat-4791    [001] .....    17.005395: ovldiag_open: (ovl_open+0xb2/0x100 <- ovl_open_realfile) result=0xffff888007281f00
              dd-4793    [001] .....    17.006898: ovldiag_open: (ovl_open+0xb2/0x100 <- ovl_open_realfile) result=0xffff88800e144f00
              dd-4793    [001] .....    17.006925: ovldiag_ensure: (ovl_write_iter+0xaf/0x130 <- ovl_ensure_upper_and_switch) result=0x0
              dd-4793    [001] .....    17.006941: ovldiag_write: (ovl_write_iter+0x10c/0x130 <- backing_file_write_iter) result=0x1000
              dd-4795    [000] .....    17.008594: ovldiag_open: (ovl_open+0xb2/0x100 <- ovl_open_realfile) result=0xffff88800621b200
              dd-4795    [000] .....    17.008623: ovldiag_ensure: (ovl_write_iter+0xaf/0x130 <- ovl_ensure_upper_and_switch) result=0x0
              dd-4795    [000] .....    17.008639: ovldiag_write: (ovl_write_iter+0x10c/0x130 <- backing_file_write_iter) result=0x1000
             cat-4796    [001] .....    17.009120: ovldiag_open: (ovl_open+0xb2/0x100 <- ovl_open_realfile) result=0xffff8880046c6400
              dd-4803    [000] .....    17.013582: ovldiag_open: (ovl_open+0xb2/0x100 <- ovl_open_realfile) result=0xffff8880071cc500
              dd-4803    [000] .....    17.013609: ovldiag_ensure: (ovl_write_iter+0xaf/0x130 <- ovl_ensure_upper_and_switch) result=0x0
              dd-4803    [000] .....    17.013625: ovldiag_write: (ovl_write_iter+0x10c/0x130 <- backing_file_write_iter) result=0x1000
              dd-4804    [000] .....    17.014608: ovldiag_open: (ovl_open+0xb2/0x100 <- ovl_open_realfile) result=0xffff8880061d0e00
              dd-4804    [000] .....    17.014637: ovldiag_ensure: (ovl_write_iter+0xaf/0x130 <- ovl_ensure_upper_and_switch) result=0x0
              dd-4804    [000] .....    17.014649: ovldiag_write: (ovl_write_iter+0x10c/0x130 <- backing_file_write_iter) result=0x1000
             cat-4806    [000] .....    17.015839: ovldiag_open: (ovl_open+0xb2/0x100 <- ovl_open_realfile) result=0xffff88800727e500
             cat-4808    [001] .....    17.017078: ovldiag_open: (ovl_open+0xb2/0x100 <- ovl_open_realfile) result=0xffff888004467f00
             cat-4809    [000] .....    17.017391: ovldiag_open: (ovl_open+0xb2/0x100 <- ovl_open_realfile) result=0xffff888004720200
             cat-4815    [000] .....    17.021153: ovldiag_open: (ovl_open+0xb2/0x100 <- ovl_open_realfile) result=0xffff88800727af00
              dd-4817    [001] .....    17.022751: ovldiag_open: (ovl_open+0xb2/0x100 <- ovl_open_realfile) result=0xffff8880071ce300
              dd-4817    [001] .....    17.022779: ovldiag_ensure: (ovl_write_iter+0xaf/0x130 <- ovl_ensure_upper_and_switch) result=0x0
              dd-4817    [001] .....    17.022794: ovldiag_write: (ovl_write_iter+0x10c/0x130 <- backing_file_write_iter) result=0x1000
              dd-4819    [000] .....    17.024194: ovldiag_open: (ovl_open+0xb2/0x100 <- ovl_open_realfile) result=0xffff888008a6fd00
              dd-4819    [000] .....    17.024222: ovldiag_ensure: (ovl_write_iter+0xaf/0x130 <- ovl_ensure_upper_and_switch) result=0x0
              dd-4819    [000] .....    17.024238: ovldiag_write: (ovl_write_iter+0x10c/0x130 <- backing_file_write_iter) result=0x1000
             cat-4825    [001] .....    17.027247: ovldiag_open: (ovl_open+0xb2/0x100 <- ovl_open_realfile) result=0xffff8880072ed000
              dd-4824    [000] .....    17.027263: ovldiag_open: (ovl_open+0xb2/0x100 <- ovl_open_realfile) result=0xffff88800452c100
              dd-4824    [000] .....    17.027318: ovldiag_ensure: (ovl_write_iter+0xaf/0x130 <- ovl_ensure_upper_and_switch) result=0x0
              dd-4824    [000] .....    17.027335: ovldiag_write: (ovl_write_iter+0x10c/0x130 <- backing_file_write_iter) result=0x1000
              dd-4823    [000] .....    17.027579: ovldiag_open: (ovl_open+0xb2/0x100 <- ovl_open_realfile) result=0xffff888006003600
              dd-4823    [000] .....    17.027601: ovldiag_ensure: (ovl_write_iter+0xaf/0x130 <- ovl_ensure_upper_and_switch) result=0x0
              dd-4823    [000] .....    17.027605: ovldiag_write: (ovl_write_iter+0x10c/0x130 <- backing_file_write_iter) result=0x1000
             cat-4829    [000] .....    17.030259: ovldiag_open: (ovl_open+0xb2/0x100 <- ovl_open_realfile) result=0xffff88800e1c5e00
             cat-4830    [001] .....    17.030699: ovldiag_open: (ovl_open+0xb2/0x100 <- ovl_open_realfile) result=0xffff88800e252c00
             cat-4833    [001] .....    17.032182: ovldiag_open: (ovl_open+0xb2/0x100 <- ovl_open_realfile) result=0xffff8880046f0b00
              dd-4838    [001] .....    17.036168: ovldiag_open: (ovl_open+0xb2/0x100 <- ovl_open_realfile) result=0xffff88800447b700
              dd-4838    [001] .....    17.036196: ovldiag_ensure: (ovl_write_iter+0xaf/0x130 <- ovl_ensure_upper_and_switch) result=0x0
              dd-4838    [001] .....    17.036214: ovldiag_write: (ovl_write_iter+0x10c/0x130 <- backing_file_write_iter) result=0x1000
             cat-4842    [000] .....    17.037698: ovldiag_open: (ovl_open+0xb2/0x100 <- ovl_open_realfile) result=0xffff888007317100
              dd-4840    [000] .....    17.038021: ovldiag_open: (ovl_open+0xb2/0x100 <- ovl_open_realfile) result=0xffff888007083c00
              dd-4840    [000] .....    17.038049: ovldiag_ensure: (ovl_write_iter+0xaf/0x130 <- ovl_ensure_upper_and_switch) result=0x0
              dd-4840    [000] .....    17.038062: ovldiag_write: (ovl_write_iter+0x10c/0x130 <- backing_file_write_iter) result=0x1000
             cat-4845    [000] .....    17.040830: ovldiag_open: (ovl_open+0xb2/0x100 <- ovl_open_realfile) result=0xffff88800452c000
              dd-4847    [001] .....    17.041411: ovldiag_open: (ovl_open+0xb2/0x100 <- ovl_open_realfile) result=0xffff88800727af00
              dd-4847    [001] .....    17.041438: ovldiag_ensure: (ovl_write_iter+0xaf/0x130 <- ovl_ensure_upper_and_switch) result=0x0
              dd-4847    [001] .....    17.041455: ovldiag_write: (ovl_write_iter+0x10c/0x130 <- backing_file_write_iter) result=0x1000
             cat-4849    [000] .....    17.042316: ovldiag_open: (ovl_open+0xb2/0x100 <- ovl_open_realfile) result=0xffff88800e2f6d00
              dd-4846    [001] .....    17.042735: ovldiag_open: (ovl_open+0xb2/0x100 <- ovl_open_realfile) result=0xffff8880061eaa00
              dd-4846    [001] .....    17.042763: ovldiag_ensure: (ovl_write_iter+0xaf/0x130 <- ovl_ensure_upper_and_switch) result=0x0
              dd-4846    [001] .....    17.042778: ovldiag_write: (ovl_write_iter+0x10c/0x130 <- backing_file_write_iter) result=0x1000
             cat-4854    [000] .....    17.045159: ovldiag_open: (ovl_open+0xb2/0x100 <- ovl_open_realfile) result=0xffff88800604bd00
              dd-4859    [000] .....    17.049535: ovldiag_open: (ovl_open+0xb2/0x100 <- ovl_open_realfile) result=0xffff88800621b200
              dd-4859    [000] .....    17.049565: ovldiag_ensure: (ovl_write_iter+0xaf/0x130 <- ovl_ensure_upper_and_switch) result=0x0
              dd-4859    [000] .....    17.049581: ovldiag_write: (ovl_write_iter+0x10c/0x130 <- backing_file_write_iter) result=0x1000
             cat-4860    [001] .....    17.049724: ovldiag_open: (ovl_open+0xb2/0x100 <- ovl_open_realfile) result=0xffff888008ab8200
              dd-4861    [001] .....    17.051070: ovldiag_open: (ovl_open+0xb2/0x100 <- ovl_open_realfile) result=0xffff88800e083b00
              dd-4861    [001] .....    17.051098: ovldiag_ensure: (ovl_write_iter+0xaf/0x130 <- ovl_ensure_upper_and_switch) result=0x0
              dd-4861    [001] .....    17.051114: ovldiag_write: (ovl_write_iter+0x10c/0x130 <- backing_file_write_iter) result=0x1000
             cat-4864    [000] .....    17.052880: ovldiag_open: (ovl_open+0xb2/0x100 <- ovl_open_realfile) result=0xffff88800720d700
             cat-4867    [000] .....    17.054199: ovldiag_open: (ovl_open+0xb2/0x100 <- ovl_open_realfile) result=0xffff88800471d300
             cat-4870    [000] .....    17.056221: ovldiag_open: (ovl_open+0xb2/0x100 <- ovl_open_realfile) result=0xffff88800d977b00
              dd-4873    [001] .....    17.058163: ovldiag_open: (ovl_open+0xb2/0x100 <- ovl_open_realfile) result=0xffff88800d9f1000
              dd-4873    [001] .....    17.058190: ovldiag_ensure: (ovl_write_iter+0xaf/0x130 <- ovl_ensure_upper_and_switch) result=0x0
              dd-4873    [001] .....    17.058207: ovldiag_write: (ovl_write_iter+0x10c/0x130 <- backing_file_write_iter) result=0x1000
              dd-4871    [001] .....    17.058389: ovldiag_open: (ovl_open+0xb2/0x100 <- ovl_open_realfile) result=0xffff88800d9f1700
              dd-4871    [001] .....    17.058410: ovldiag_ensure: (ovl_write_iter+0xaf/0x130 <- ovl_ensure_upper_and_switch) result=0x0
              dd-4871    [001] .....    17.058415: ovldiag_write: (ovl_write_iter+0x10c/0x130 <- backing_file_write_iter) result=0x1000
             cat-4879    [000] .....    17.061527: ovldiag_open: (ovl_open+0xb2/0x100 <- ovl_open_realfile) result=0xffff888003f01c00
             cat-4880    [001] .....    17.062565: ovldiag_open: (ovl_open+0xb2/0x100 <- ovl_open_realfile) result=0xffff8880061ea300
              dd-4883    [001] .....    17.064014: ovldiag_open: (ovl_open+0xb2/0x100 <- ovl_open_realfile) result=0xffff88800d977000
              dd-4883    [001] .....    17.064042: ovldiag_ensure: (ovl_write_iter+0xaf/0x130 <- ovl_ensure_upper_and_switch) result=0x0
              dd-4883    [001] .....    17.064058: ovldiag_write: (ovl_write_iter+0x10c/0x130 <- backing_file_write_iter) result=0x1000
              dd-4884    [001] .....    17.067200: ovldiag_open: (ovl_open+0xb2/0x100 <- ovl_open_realfile) result=0xffff88800720b500
              dd-4884    [001] .....    17.067229: ovldiag_ensure: (ovl_write_iter+0xaf/0x130 <- ovl_ensure_upper_and_switch) result=0x0
             cat-4889    [000] .....    17.067244: ovldiag_open: (ovl_open+0xb2/0x100 <- ovl_open_realfile) result=0xffff888008a6f500
              dd-4884    [001] .....    17.067245: ovldiag_write: (ovl_write_iter+0x10c/0x130 <- backing_file_write_iter) result=0x1000
             cat-4888    [000] .....    17.068137: ovldiag_open: (ovl_open+0xb2/0x100 <- ovl_open_realfile) result=0xffff88800e1be500
             cat-4895    [000] .....    17.071888: ovldiag_open: (ovl_open+0xb2/0x100 <- ovl_open_realfile) result=0xffff88800e178d00
              dd-4896    [001] .....    17.072569: ovldiag_open: (ovl_open+0xb2/0x100 <- ovl_open_realfile) result=0xffff88800447ba00
              dd-4896    [001] .....    17.072599: ovldiag_ensure: (ovl_write_iter+0xaf/0x130 <- ovl_ensure_upper_and_switch) result=0x0
              dd-4896    [001] .....    17.072616: ovldiag_write: (ovl_write_iter+0x10c/0x130 <- backing_file_write_iter) result=0x1000
              dd-4897    [000] .....    17.073135: ovldiag_open: (ovl_open+0xb2/0x100 <- ovl_open_realfile) result=0xffff8880071ccd00
              dd-4897    [000] .....    17.073166: ovldiag_ensure: (ovl_write_iter+0xaf/0x130 <- ovl_ensure_upper_and_switch) result=0x0
              dd-4897    [000] .....    17.073182: ovldiag_write: (ovl_write_iter+0x10c/0x130 <- backing_file_write_iter) result=0x1000
             cat-4900    [001] .....    17.074895: ovldiag_open: (ovl_open+0xb2/0x100 <- ovl_open_realfile) result=0xffff888007024400
             cat-4904    [000] .....    17.077278: ovldiag_open: (ovl_open+0xb2/0x100 <- ovl_open_realfile) result=0xffff88800e523600
              dd-4905    [001] .....    17.078023: ovldiag_open: (ovl_open+0xb2/0x100 <- ovl_open_realfile) result=0xffff88800713d000
              dd-4905    [001] .....    17.078050: ovldiag_ensure: (ovl_write_iter+0xaf/0x130 <- ovl_ensure_upper_and_switch) result=0x0
              dd-4905    [001] .....    17.078067: ovldiag_write: (ovl_write_iter+0x10c/0x130 <- backing_file_write_iter) result=0x1000
             cat-4906    [000] .....    17.079811: ovldiag_open: (ovl_open+0xb2/0x100 <- ovl_open_realfile) result=0xffff888008ab8f00
              dd-4909    [001] .....    17.080418: ovldiag_open: (ovl_open+0xb2/0x100 <- ovl_open_realfile) result=0xffff888007317900
              dd-4909    [001] .....    17.080447: ovldiag_ensure: (ovl_write_iter+0xaf/0x130 <- ovl_ensure_upper_and_switch) result=0x0
              dd-4909    [001] .....    17.080464: ovldiag_write: (ovl_write_iter+0x10c/0x130 <- backing_file_write_iter) result=0x1000
             cat-4914    [001] .....    17.083756: ovldiag_open: (ovl_open+0xb2/0x100 <- ovl_open_realfile) result=0xffff88800720b500
             cat-4918    [000] .....    17.085530: ovldiag_open: (ovl_open+0xb2/0x100 <- ovl_open_realfile) result=0xffff88800e444100
              dd-4917    [001] .....    17.086265: ovldiag_open: (ovl_open+0xb2/0x100 <- ovl_open_realfile) result=0xffff888008a27200
              dd-4919    [000] .....    17.086831: ovldiag_open: (ovl_open+0xb2/0x100 <- ovl_open_realfile) result=0xffff88800471d200
              dd-4919    [000] .....    17.086868: ovldiag_ensure: (ovl_write_iter+0xaf/0x130 <- ovl_ensure_upper_and_switch) result=0x0
              dd-4919    [000] .....    17.086884: ovldiag_write: (ovl_write_iter+0x10c/0x130 <- backing_file_write_iter) result=0x1000
              dd-4917    [001] .....    17.087320: ovldiag_ensure: (ovl_write_iter+0xaf/0x130 <- ovl_ensure_upper_and_switch) result=0x0
              dd-4917    [001] .....    17.087339: ovldiag_write: (ovl_write_iter+0x10c/0x130 <- backing_file_write_iter) result=0x1000
             cat-4924    [000] .....    17.089984: ovldiag_open: (ovl_open+0xb2/0x100 <- ovl_open_realfile) result=0xffff88800da93800
             cat-4927    [000] .....    17.091199: ovldiag_open: (ovl_open+0xb2/0x100 <- ovl_open_realfile) result=0xffff888004467800
              dd-4926    [001] .....    17.091606: ovldiag_open: (ovl_open+0xb2/0x100 <- ovl_open_realfile) result=0xffff88800e139500
              dd-4926    [001] .....    17.091634: ovldiag_ensure: (ovl_write_iter+0xaf/0x130 <- ovl_ensure_upper_and_switch) result=0x0
              dd-4926    [001] .....    17.091651: ovldiag_write: (ovl_write_iter+0x10c/0x130 <- backing_file_write_iter) result=0x1000
             cat-4932    [001] .....    17.093611: ovldiag_open: (ovl_open+0xb2/0x100 <- ovl_open_realfile) result=0xffff88800727ea00
              dd-4930    [000] .....    17.094016: ovldiag_open: (ovl_open+0xb2/0x100 <- ovl_open_realfile) result=0xffff8880061ccf00
              dd-4930    [000] .....    17.094046: ovldiag_ensure: (ovl_write_iter+0xaf/0x130 <- ovl_ensure_upper_and_switch) result=0x0
              dd-4930    [000] .....    17.094062: ovldiag_write: (ovl_write_iter+0x10c/0x130 <- backing_file_write_iter) result=0x1000
             cat-4938    [000] .....    17.098378: ovldiag_open: (ovl_open+0xb2/0x100 <- ovl_open_realfile) result=0xffff88800d9f1400
              dd-4940    [001] .....    17.099933: ovldiag_open: (ovl_open+0xb2/0x100 <- ovl_open_realfile) result=0xffff888003f11a00
              dd-4940    [001] .....    17.099964: ovldiag_ensure: (ovl_write_iter+0xaf/0x130 <- ovl_ensure_upper_and_switch) result=0x0
              dd-4940    [001] .....    17.099980: ovldiag_write: (ovl_write_iter+0x10c/0x130 <- backing_file_write_iter) result=0x1000
              dd-4942    [001] .....    17.101270: ovldiag_open: (ovl_open+0xb2/0x100 <- ovl_open_realfile) result=0xffff888004720f00
              dd-4942    [001] .....    17.101331: ovldiag_ensure: (ovl_write_iter+0xaf/0x130 <- ovl_ensure_upper_and_switch) result=0x0
              dd-4942    [001] .....    17.101346: ovldiag_write: (ovl_write_iter+0x10c/0x130 <- backing_file_write_iter) result=0x1000
             cat-4945    [000] .....    17.103230: ovldiag_open: (ovl_open+0xb2/0x100 <- ovl_open_realfile) result=0xffff8880046e3200
             cat-4946    [001] .....    17.104023: ovldiag_open: (ovl_open+0xb2/0x100 <- ovl_open_realfile) result=0xffff88800423dd00
             cat-4948    [000] .....    17.104664: ovldiag_open: (ovl_open+0xb2/0x100 <- ovl_open_realfile) result=0xffff888006008c00
              dd-4950    [001] .....    17.108204: ovldiag_open: (ovl_open+0xb2/0x100 <- ovl_open_realfile) result=0xffff88800d95b900
              dd-4950    [001] .....    17.108235: ovldiag_ensure: (ovl_write_iter+0xaf/0x130 <- ovl_ensure_upper_and_switch) result=0x0
              dd-4950    [001] .....    17.108252: ovldiag_write: (ovl_write_iter+0x10c/0x130 <- backing_file_write_iter) result=0x1000
             cat-4953    [000] .....    17.108269: ovldiag_open: (ovl_open+0xb2/0x100 <- ovl_open_realfile) result=0xffff88800e235e00
              dd-4955    [000] .....    17.110672: ovldiag_open: (ovl_open+0xb2/0x100 <- ovl_open_realfile) result=0xffff88800e234500
              dd-4955    [000] .....    17.110699: ovldiag_ensure: (ovl_write_iter+0xaf/0x130 <- ovl_ensure_upper_and_switch) result=0x0
              dd-4955    [000] .....    17.110715: ovldiag_write: (ovl_write_iter+0x10c/0x130 <- backing_file_write_iter) result=0x1000
             cat-4962    [000] .....    17.113643: ovldiag_open: (ovl_open+0xb2/0x100 <- ovl_open_realfile) result=0xffff8880071cc200
              dd-4963    [001] .....    17.114077: ovldiag_open: (ovl_open+0xb2/0x100 <- ovl_open_realfile) result=0xffff88800d8ff000
              dd-4963    [001] .....    17.114107: ovldiag_ensure: (ovl_write_iter+0xaf/0x130 <- ovl_ensure_upper_and_switch) result=0x0
              dd-4963    [001] .....    17.114123: ovldiag_write: (ovl_write_iter+0x10c/0x130 <- backing_file_write_iter) result=0x1000
              dd-4961    [000] .....    17.114543: ovldiag_open: (ovl_open+0xb2/0x100 <- ovl_open_realfile) result=0xffff8880089f3600
              dd-4961    [000] .....    17.114573: ovldiag_ensure: (ovl_write_iter+0xaf/0x130 <- ovl_ensure_upper_and_switch) result=0x0
              dd-4961    [000] .....    17.114587: ovldiag_write: (ovl_write_iter+0x10c/0x130 <- backing_file_write_iter) result=0x1000
             cat-4966    [001] .....    17.116730: ovldiag_open: (ovl_open+0xb2/0x100 <- ovl_open_realfile) result=0xffff888008a7ef00
             cat-4968    [000] .....    17.118199: ovldiag_open: (ovl_open+0xb2/0x100 <- ovl_open_realfile) result=0xffff888007317c00
             cat-4972    [000] .....    17.120180: ovldiag_open: (ovl_open+0xb2/0x100 <- ovl_open_realfile) result=0xffff88800e183b00
              dd-4976    [001] .....    17.122575: ovldiag_open: (ovl_open+0xb2/0x100 <- ovl_open_realfile) result=0xffff888008a7c200
              dd-4976    [001] .....    17.122603: ovldiag_ensure: (ovl_write_iter+0xaf/0x130 <- ovl_ensure_upper_and_switch) result=0x0
              dd-4976    [001] .....    17.122620: ovldiag_write: (ovl_write_iter+0x10c/0x130 <- backing_file_write_iter) result=0x1000
              dd-4978    [000] .....    17.123883: ovldiag_open: (ovl_open+0xb2/0x100 <- ovl_open_realfile) result=0xffff88800720d600
              dd-4978    [000] .....    17.123911: ovldiag_ensure: (ovl_write_iter+0xaf/0x130 <- ovl_ensure_upper_and_switch) result=0x0
              dd-4978    [000] .....    17.123927: ovldiag_write: (ovl_write_iter+0x10c/0x130 <- backing_file_write_iter) result=0x1000
             cat-4981    [001] .....    17.125767: ovldiag_open: (ovl_open+0xb2/0x100 <- ovl_open_realfile) result=0xffff88800702c900
              dd-4983    [000] .....    17.126902: ovldiag_open: (ovl_open+0xb2/0x100 <- ovl_open_realfile) result=0xffff888004762300
              dd-4983    [000] .....    17.126929: ovldiag_ensure: (ovl_write_iter+0xaf/0x130 <- ovl_ensure_upper_and_switch) result=0x0
              dd-4983    [000] .....    17.126946: ovldiag_write: (ovl_write_iter+0x10c/0x130 <- backing_file_write_iter) result=0x1000
             cat-4982    [001] .....    17.128260: ovldiag_open: (ovl_open+0xb2/0x100 <- ovl_open_realfile) result=0xffff88800d95c600
              dd-4985    [000] .....    17.129253: ovldiag_open: (ovl_open+0xb2/0x100 <- ovl_open_realfile) result=0xffff88800d9f1e00
              dd-4985    [000] .....    17.129308: ovldiag_ensure: (ovl_write_iter+0xaf/0x130 <- ovl_ensure_upper_and_switch) result=0x0
              dd-4985    [000] .....    17.129324: ovldiag_write: (ovl_write_iter+0x10c/0x130 <- backing_file_write_iter) result=0x1000
             cat-4990    [000] .....    17.131562: ovldiag_open: (ovl_open+0xb2/0x100 <- ovl_open_realfile) result=0xffff88800e411900
             cat-4991    [001] .....    17.132178: ovldiag_open: (ovl_open+0xb2/0x100 <- ovl_open_realfile) result=0xffff88800423d000
              dd-4996    [000] .....    17.135841: ovldiag_open: (ovl_open+0xb2/0x100 <- ovl_open_realfile) result=0xffff88800e316d00
              dd-4996    [000] .....    17.135882: ovldiag_ensure: (ovl_write_iter+0xaf/0x130 <- ovl_ensure_upper_and_switch) result=0x0
              dd-4996    [000] .....    17.135898: ovldiag_write: (ovl_write_iter+0x10c/0x130 <- backing_file_write_iter) result=0x1000
             cat-5000    [001] .....    17.137400: ovldiag_open: (ovl_open+0xb2/0x100 <- ovl_open_realfile) result=0xffff8880061eaa00
              dd-4999    [000] .....    17.138053: ovldiag_open: (ovl_open+0xb2/0x100 <- ovl_open_realfile) result=0xffff888007281600
              dd-4999    [000] .....    17.138081: ovldiag_ensure: (ovl_write_iter+0xaf/0x130 <- ovl_ensure_upper_and_switch) result=0x0
              dd-4999    [000] .....    17.138097: ovldiag_write: (ovl_write_iter+0x10c/0x130 <- backing_file_write_iter) result=0x1000
             cat-5003    [001] .....    17.140193: ovldiag_open: (ovl_open+0xb2/0x100 <- ovl_open_realfile) result=0xffff888004415300
             cat-5004    [000] .....    17.140686: ovldiag_open: (ovl_open+0xb2/0x100 <- ovl_open_realfile) result=0xffff88800452c900
              dd-5005    [001] .....    17.142797: ovldiag_open: (ovl_open+0xb2/0x100 <- ovl_open_realfile) result=0xffff888004762400
              dd-5005    [001] .....    17.142827: ovldiag_ensure: (ovl_write_iter+0xaf/0x130 <- ovl_ensure_upper_and_switch) result=0x0
              dd-5005    [001] .....    17.142844: ovldiag_write: (ovl_write_iter+0x10c/0x130 <- backing_file_write_iter) result=0x1000
              dd-5007    [000] .....    17.143493: ovldiag_open: (ovl_open+0xb2/0x100 <- ovl_open_realfile) result=0xffff88800727e900
              dd-5007    [000] .....    17.143521: ovldiag_ensure: (ovl_write_iter+0xaf/0x130 <- ovl_ensure_upper_and_switch) result=0x0
              dd-5007    [000] .....    17.143536: ovldiag_write: (ovl_write_iter+0x10c/0x130 <- backing_file_write_iter) result=0x1000
             cat-5010    [001] .....    17.144817: ovldiag_open: (ovl_open+0xb2/0x100 <- ovl_open_realfile) result=0xffff8880061cc200
             cat-5016    [001] .....    17.148459: ovldiag_open: (ovl_open+0xb2/0x100 <- ovl_open_realfile) result=0xffff88800720d300
              dd-5018    [000] .....    17.149766: ovldiag_open: (ovl_open+0xb2/0x100 <- ovl_open_realfile) result=0xffff88800d87b600
              dd-5018    [000] .....    17.149797: ovldiag_ensure: (ovl_write_iter+0xaf/0x130 <- ovl_ensure_upper_and_switch) result=0x0
              dd-5018    [000] .....    17.149813: ovldiag_write: (ovl_write_iter+0x10c/0x130 <- backing_file_write_iter) result=0x1000
              dd-5020    [000] .....    17.152029: ovldiag_open: (ovl_open+0xb2/0x100 <- ovl_open_realfile) result=0xffff88800452ce00
              dd-5020    [000] .....    17.152056: ovldiag_ensure: (ovl_write_iter+0xaf/0x130 <- ovl_ensure_upper_and_switch) result=0x0
              dd-5020    [000] .....    17.152071: ovldiag_write: (ovl_write_iter+0x10c/0x130 <- backing_file_write_iter) result=0x1000
             cat-5023    [001] .....    17.153193: ovldiag_open: (ovl_open+0xb2/0x100 <- ovl_open_realfile) result=0xffff88800d9f1c00
             cat-5024    [000] .....    17.153526: ovldiag_open: (ovl_open+0xb2/0x100 <- ovl_open_realfile) result=0xffff888007083400
             cat-5027    [000] .....    17.156202: ovldiag_open: (ovl_open+0xb2/0x100 <- ovl_open_realfile) result=0xffff88800d949f00
              dd-5030    [001] .....    17.157187: ovldiag_open: (ovl_open+0xb2/0x100 <- ovl_open_realfile) result=0xffff88800e082100
              dd-5030    [001] .....    17.157214: ovldiag_ensure: (ovl_write_iter+0xaf/0x130 <- ovl_ensure_upper_and_switch) result=0x0
              dd-5030    [001] .....    17.157230: ovldiag_write: (ovl_write_iter+0x10c/0x130 <- backing_file_write_iter) result=0x1000
              dd-5034    [001] .....    17.160322: ovldiag_open: (ovl_open+0xb2/0x100 <- ovl_open_realfile) result=0xffff8880061d0000
              dd-5034    [001] .....    17.160351: ovldiag_ensure: (ovl_write_iter+0xaf/0x130 <- ovl_ensure_upper_and_switch) result=0x0
              dd-5034    [001] .....    17.160367: ovldiag_write: (ovl_write_iter+0x10c/0x130 <- backing_file_write_iter) result=0x1000
             cat-5033    [001] .....    17.160455: ovldiag_open: (ovl_open+0xb2/0x100 <- ovl_open_realfile) result=0xffff8880061d0000
              dd-5039    [000] .....    17.162486: ovldiag_open: (ovl_open+0xb2/0x100 <- ovl_open_realfile) result=0xffff88800e1aca00
              dd-5039    [000] .....    17.162515: ovldiag_ensure: (ovl_write_iter+0xaf/0x130 <- ovl_ensure_upper_and_switch) result=0x0
              dd-5039    [000] .....    17.162530: ovldiag_write: (ovl_write_iter+0x10c/0x130 <- backing_file_write_iter) result=0x1000
             cat-5042    [001] .....    17.163943: ovldiag_open: (ovl_open+0xb2/0x100 <- ovl_open_realfile) result=0xffff888008a27100
             cat-5044    [000] .....    17.165805: ovldiag_open: (ovl_open+0xb2/0x100 <- ovl_open_realfile) result=0xffff88800da52600
              dd-5045    [001] .....    17.166254: ovldiag_open: (ovl_open+0xb2/0x100 <- ovl_open_realfile) result=0xffff88800720bd00
              dd-5045    [001] .....    17.166297: ovldiag_ensure: (ovl_write_iter+0xaf/0x130 <- ovl_ensure_upper_and_switch) result=0x0
              dd-5045    [000] .....    17.166859: ovldiag_write: (ovl_write_iter+0x10c/0x130 <- backing_file_write_iter) result=0x1000
             cat-5046    [001] .....    17.167436: ovldiag_open: (ovl_open+0xb2/0x100 <- ovl_open_realfile) result=0xffff8880072edd00
             cat-5052    [000] .....    17.170783: ovldiag_open: (ovl_open+0xb2/0x100 <- ovl_open_realfile) result=0xffff88800727eb00
              dd-5054    [000] .....    17.172333: ovldiag_open: (ovl_open+0xb2/0x100 <- ovl_open_realfile) result=0xffff88800713a500
              dd-5054    [000] .....    17.172363: ovldiag_ensure: (ovl_write_iter+0xaf/0x130 <- ovl_ensure_upper_and_switch) result=0x0
              dd-5054    [000] .....    17.172379: ovldiag_write: (ovl_write_iter+0x10c/0x130 <- backing_file_write_iter) result=0x1000
              dd-5057    [001] .....    17.174225: ovldiag_open: (ovl_open+0xb2/0x100 <- ovl_open_realfile) result=0xffff888006003800
              dd-5057    [001] .....    17.174255: ovldiag_ensure: (ovl_write_iter+0xaf/0x130 <- ovl_ensure_upper_and_switch) result=0x0
              dd-5057    [001] .....    17.174271: ovldiag_write: (ovl_write_iter+0x10c/0x130 <- backing_file_write_iter) result=0x1000
             cat-5062    [000] .....    17.176232: ovldiag_open: (ovl_open+0xb2/0x100 <- ovl_open_realfile) result=0xffff88800d8cfe00
             cat-5060    [001] .....    17.176259: ovldiag_open: (ovl_open+0xb2/0x100 <- ovl_open_realfile) result=0xffff88800727ee00
              dd-5061    [000] .....    17.177145: ovldiag_open: (ovl_open+0xb2/0x100 <- ovl_open_realfile) result=0xffff888004467400
              dd-5061    [000] .....    17.177174: ovldiag_ensure: (ovl_write_iter+0xaf/0x130 <- ovl_ensure_upper_and_switch) result=0x0
              dd-5061    [000] .....    17.177188: ovldiag_write: (ovl_write_iter+0x10c/0x130 <- backing_file_write_iter) result=0x1000
             cat-5066    [001] .....    17.179334: ovldiag_open: (ovl_open+0xb2/0x100 <- ovl_open_realfile) result=0xffff888004415500
             cat-5068    [000] .....    17.181092: ovldiag_open: (ovl_open+0xb2/0x100 <- ovl_open_realfile) result=0xffff88800e322f00
              dd-5071    [001] .....    17.182225: ovldiag_open: (ovl_open+0xb2/0x100 <- ovl_open_realfile) result=0xffff8880061cc500
              dd-5071    [001] .....    17.182253: ovldiag_ensure: (ovl_write_iter+0xaf/0x130 <- ovl_ensure_upper_and_switch) result=0x0
              dd-5071    [001] .....    17.182269: ovldiag_write: (ovl_write_iter+0x10c/0x130 <- backing_file_write_iter) result=0x1000
              dd-5076    [000] .....    17.185443: ovldiag_open: (ovl_open+0xb2/0x100 <- ovl_open_realfile) result=0xffff88800d8cf200
              dd-5076    [000] .....    17.185471: ovldiag_ensure: (ovl_write_iter+0xaf/0x130 <- ovl_ensure_upper_and_switch) result=0x0
              dd-5076    [000] .....    17.185487: ovldiag_write: (ovl_write_iter+0x10c/0x130 <- backing_file_write_iter) result=0x1000
             cat-5077    [001] .....    17.186936: ovldiag_open: (ovl_open+0xb2/0x100 <- ovl_open_realfile) result=0xffff88800d97e600
              dd-5079    [000] .....    17.187659: ovldiag_open: (ovl_open+0xb2/0x100 <- ovl_open_realfile) result=0xffff8880061ead00
              dd-5079    [000] .....    17.187686: ovldiag_ensure: (ovl_write_iter+0xaf/0x130 <- ovl_ensure_upper_and_switch) result=0x0
              dd-5079    [000] .....    17.187701: ovldiag_write: (ovl_write_iter+0x10c/0x130 <- backing_file_write_iter) result=0x1000
             cat-5081    [000] .....    17.189938: ovldiag_open: (ovl_open+0xb2/0x100 <- ovl_open_realfile) result=0xffff888004762200
             cat-5084    [001] .....    17.191025: ovldiag_open: (ovl_open+0xb2/0x100 <- ovl_open_realfile) result=0xffff88800452c400
             cat-5087    [001] .....    17.192043: ovldiag_open: (ovl_open+0xb2/0x100 <- ovl_open_realfile) result=0xffff8880046e3000
              dd-5086    [000] .....    17.192662: ovldiag_open: (ovl_open+0xb2/0x100 <- ovl_open_realfile) result=0xffff88800d8cf900
              dd-5086    [000] .....    17.192689: ovldiag_ensure: (ovl_write_iter+0xaf/0x130 <- ovl_ensure_upper_and_switch) result=0x0
              dd-5086    [000] .....    17.192704: ovldiag_write: (ovl_write_iter+0x10c/0x130 <- backing_file_write_iter) result=0x1000
             cat-5093    [000] .....    17.195750: ovldiag_open: (ovl_open+0xb2/0x100 <- ovl_open_realfile) result=0xffff888008a27400
              dd-5097    [000] .....    17.198520: ovldiag_open: (ovl_open+0xb2/0x100 <- ovl_open_realfile) result=0xffff888008a27f00
              dd-5097    [000] .....    17.198550: ovldiag_ensure: (ovl_write_iter+0xaf/0x130 <- ovl_ensure_upper_and_switch) result=0x0
              dd-5097    [000] .....    17.198566: ovldiag_write: (ovl_write_iter+0x10c/0x130 <- backing_file_write_iter) result=0x1000
              dd-5096    [001] .....    17.198887: ovldiag_open: (ovl_open+0xb2/0x100 <- ovl_open_realfile) result=0xffff88800e3be200
              dd-5096    [001] .....    17.198918: ovldiag_ensure: (ovl_write_iter+0xaf/0x130 <- ovl_ensure_upper_and_switch) result=0x0
              dd-5096    [001] .....    17.199683: ovldiag_write: (ovl_write_iter+0x10c/0x130 <- backing_file_write_iter) result=0x1000
              dd-5100    [000] .....    17.200419: ovldiag_open: (ovl_open+0xb2/0x100 <- ovl_open_realfile) result=0xffff88800727af00
              dd-5100    [000] .....    17.200448: ovldiag_ensure: (ovl_write_iter+0xaf/0x130 <- ovl_ensure_upper_and_switch) result=0x0
              dd-5100    [000] .....    17.200463: ovldiag_write: (ovl_write_iter+0x10c/0x130 <- backing_file_write_iter) result=0x1000
             cat-5099    [000] .....    17.202004: ovldiag_open: (ovl_open+0xb2/0x100 <- ovl_open_realfile) result=0xffff8880046f0400
             cat-5104    [001] .....    17.202706: ovldiag_open: (ovl_open+0xb2/0x100 <- ovl_open_realfile) result=0xffff88800727e100
             cat-5108    [000] .....    17.205221: ovldiag_open: (ovl_open+0xb2/0x100 <- ovl_open_realfile) result=0xffff8880061d0f00
              dd-5111    [000] .....    17.207493: ovldiag_open: (ovl_open+0xb2/0x100 <- ovl_open_realfile) result=0xffff88800702c400
              dd-5111    [000] .....    17.207520: ovldiag_ensure: (ovl_write_iter+0xaf/0x130 <- ovl_ensure_upper_and_switch) result=0x0
              dd-5111    [000] .....    17.207536: ovldiag_write: (ovl_write_iter+0x10c/0x130 <- backing_file_write_iter) result=0x1000
             cat-5112    [001] .....    17.207971: ovldiag_open: (ovl_open+0xb2/0x100 <- ovl_open_realfile) result=0xffff88800423dd00
              dd-5117    [000] .....    17.211223: ovldiag_open: (ovl_open+0xb2/0x100 <- ovl_open_realfile) result=0xffff8880046e9e00
              dd-5117    [000] .....    17.211250: ovldiag_ensure: (ovl_write_iter+0xaf/0x130 <- ovl_ensure_upper_and_switch) result=0x0
              dd-5117    [000] .....    17.211265: ovldiag_write: (ovl_write_iter+0x10c/0x130 <- backing_file_write_iter) result=0x1000
              dd-5121    [001] .....    17.213241: ovldiag_open: (ovl_open+0xb2/0x100 <- ovl_open_realfile) result=0xffff88800d9f1e00
              dd-5121    [001] .....    17.213272: ovldiag_ensure: (ovl_write_iter+0xaf/0x130 <- ovl_ensure_upper_and_switch) result=0x0
              dd-5121    [001] .....    17.213308: ovldiag_write: (ovl_write_iter+0x10c/0x130 <- backing_file_write_iter) result=0x1000
             cat-5119    [000] .....    17.213351: ovldiag_open: (ovl_open+0xb2/0x100 <- ovl_open_realfile) result=0xffff8880061cc900
             cat-5120    [000] .....    17.214357: ovldiag_open: (ovl_open+0xb2/0x100 <- ovl_open_realfile) result=0xffff888008a7ef00
              dd-5124    [001] .....    17.217219: ovldiag_open: (ovl_open+0xb2/0x100 <- ovl_open_realfile) result=0xffff88800423fb00
              dd-5124    [001] .....    17.217246: ovldiag_ensure: (ovl_write_iter+0xaf/0x130 <- ovl_ensure_upper_and_switch) result=0x0
              dd-5124    [001] .....    17.217262: ovldiag_write: (ovl_write_iter+0x10c/0x130 <- backing_file_write_iter) result=0x1000
             cat-5129    [000] .....    17.219014: ovldiag_open: (ovl_open+0xb2/0x100 <- ovl_open_realfile) result=0xffff888008a6f900
             cat-5128    [001] .....    17.219592: ovldiag_open: (ovl_open+0xb2/0x100 <- ovl_open_realfile) result=0xffff88800720b500
              dd-5132    [001] .....    17.220852: ovldiag_open: (ovl_open+0xb2/0x100 <- ovl_open_realfile) result=0xffff88800d9f1d00
              dd-5132    [001] .....    17.220893: ovldiag_ensure: (ovl_write_iter+0xaf/0x130 <- ovl_ensure_upper_and_switch) result=0x0
              dd-5132    [001] .....    17.220910: ovldiag_write: (ovl_write_iter+0x10c/0x130 <- backing_file_write_iter) result=0x1000
             cat-5136    [001] .....    17.223419: ovldiag_open: (ovl_open+0xb2/0x100 <- ovl_open_realfile) result=0xffff888008a7c900
             cat-5139    [000] .....    17.224792: ovldiag_open: (ovl_open+0xb2/0x100 <- ovl_open_realfile) result=0xffff888004762900
              dd-5138    [001] .....    17.226706: ovldiag_open: (ovl_open+0xb2/0x100 <- ovl_open_realfile) result=0xffff888007083300
              dd-5138    [001] .....    17.226733: ovldiag_ensure: (ovl_write_iter+0xaf/0x130 <- ovl_ensure_upper_and_switch) result=0x0
              dd-5138    [001] .....    17.226749: ovldiag_write: (ovl_write_iter+0x10c/0x130 <- backing_file_write_iter) result=0x1000
             cat-5145    [001] .....    17.228935: ovldiag_open: (ovl_open+0xb2/0x100 <- ovl_open_realfile) result=0xffff88800727eb00
              dd-5146    [000] .....    17.229923: ovldiag_open: (ovl_open+0xb2/0x100 <- ovl_open_realfile) result=0xffff88800471dc00
              dd-5146    [000] .....    17.229952: ovldiag_ensure: (ovl_write_iter+0xaf/0x130 <- ovl_ensure_upper_and_switch) result=0x0
              dd-5146    [000] .....    17.229968: ovldiag_write: (ovl_write_iter+0x10c/0x130 <- backing_file_write_iter) result=0x1000
             cat-5149    [000] .....    17.231381: ovldiag_open: (ovl_open+0xb2/0x100 <- ovl_open_realfile) result=0xffff88800423f100
              dd-5151    [000] .....    17.232632: ovldiag_open: (ovl_open+0xb2/0x100 <- ovl_open_realfile) result=0xffff88800e0ff900
              dd-5151    [000] .....    17.232659: ovldiag_ensure: (ovl_write_iter+0xaf/0x130 <- ovl_ensure_upper_and_switch) result=0x0
              dd-5151    [000] .....    17.232674: ovldiag_write: (ovl_write_iter+0x10c/0x130 <- backing_file_write_iter) result=0x1000
             cat-5154    [001] .....    17.235034: ovldiag_open: (ovl_open+0xb2/0x100 <- ovl_open_realfile) result=0xffff88800452c600
             cat-5155    [000] .....    17.235089: ovldiag_open: (ovl_open+0xb2/0x100 <- ovl_open_realfile) result=0xffff88800e0ed300
             cat-5160    [001] .....    17.238794: ovldiag_open: (ovl_open+0xb2/0x100 <- ovl_open_realfile) result=0xffff888004526600
              dd-5161    [000] .....    17.239178: ovldiag_open: (ovl_open+0xb2/0x100 <- ovl_open_realfile) result=0xffff888003cb6c00
              dd-5161    [000] .....    17.239205: ovldiag_ensure: (ovl_write_iter+0xaf/0x130 <- ovl_ensure_upper_and_switch) result=0x0
              dd-5161    [000] .....    17.239221: ovldiag_write: (ovl_write_iter+0x10c/0x130 <- backing_file_write_iter) result=0x1000
              dd-5163    [000] .....    17.240636: ovldiag_open: (ovl_open+0xb2/0x100 <- ovl_open_realfile) result=0xffff888007164200
              dd-5163    [000] .....    17.240662: ovldiag_ensure: (ovl_write_iter+0xaf/0x130 <- ovl_ensure_upper_and_switch) result=0x0
              dd-5163    [000] .....    17.240677: ovldiag_write: (ovl_write_iter+0x10c/0x130 <- backing_file_write_iter) result=0x1000
              dd-5169    [001] .....    17.243836: ovldiag_open: (ovl_open+0xb2/0x100 <- ovl_open_realfile) result=0xffff88800d9f1800
              dd-5169    [001] .....    17.243880: ovldiag_ensure: (ovl_write_iter+0xaf/0x130 <- ovl_ensure_upper_and_switch) result=0x0
              dd-5169    [001] .....    17.243897: ovldiag_write: (ovl_write_iter+0x10c/0x130 <- backing_file_write_iter) result=0x1000
             cat-5170    [000] .....    17.244183: ovldiag_open: (ovl_open+0xb2/0x100 <- ovl_open_realfile) result=0xffff888003f11000
             cat-5168    [001] .....    17.244383: ovldiag_open: (ovl_open+0xb2/0x100 <- ovl_open_realfile) result=0xffff88800db55f00
              dd-5171    [000] .....    17.245679: ovldiag_open: (ovl_open+0xb2/0x100 <- ovl_open_realfile) result=0xffff88800db85f00
              dd-5171    [000] .....    17.245709: ovldiag_ensure: (ovl_write_iter+0xaf/0x130 <- ovl_ensure_upper_and_switch) result=0x0
              dd-5171    [000] .....    17.245724: ovldiag_write: (ovl_write_iter+0x10c/0x130 <- backing_file_write_iter) result=0x1000
             cat-5177    [000] .....    17.249502: ovldiag_open: (ovl_open+0xb2/0x100 <- ovl_open_realfile) result=0xffff8880061ea700
             cat-5178    [001] .....    17.250200: ovldiag_open: (ovl_open+0xb2/0x100 <- ovl_open_realfile) result=0xffff88800423d000
              dd-5184    [000] .....    17.253141: ovldiag_open: (ovl_open+0xb2/0x100 <- ovl_open_realfile) result=0xffff88800d97eb00
              dd-5184    [000] .....    17.253170: ovldiag_ensure: (ovl_write_iter+0xaf/0x130 <- ovl_ensure_upper_and_switch) result=0x0
              dd-5184    [000] .....    17.253188: ovldiag_write: (ovl_write_iter+0x10c/0x130 <- backing_file_write_iter) result=0x1000
              dd-5185    [001] .....    17.254047: ovldiag_open: (ovl_open+0xb2/0x100 <- ovl_open_realfile) result=0xffff88800720bf00
              dd-5185    [001] .....    17.254077: ovldiag_ensure: (ovl_write_iter+0xaf/0x130 <- ovl_ensure_upper_and_switch) result=0x0
              dd-5185    [001] .....    17.254093: ovldiag_write: (ovl_write_iter+0x10c/0x130 <- backing_file_write_iter) result=0x1000
             cat-5188    [001] .....    17.255455: ovldiag_open: (ovl_open+0xb2/0x100 <- ovl_open_realfile) result=0xffff888003f11e00
             cat-5189    [000] .....    17.256472: ovldiag_open: (ovl_open+0xb2/0x100 <- ovl_open_realfile) result=0xffff888006082a00
             cat-5193    [001] .....    17.259248: ovldiag_open: (ovl_open+0xb2/0x100 <- ovl_open_realfile) result=0xffff88800d8ba100
              dd-5196    [000] .....    17.260577: ovldiag_open: (ovl_open+0xb2/0x100 <- ovl_open_realfile) result=0xffff888007317200
              dd-5196    [000] .....    17.260604: ovldiag_ensure: (ovl_write_iter+0xaf/0x130 <- ovl_ensure_upper_and_switch) result=0x0
              dd-5196    [000] .....    17.260620: ovldiag_write: (ovl_write_iter+0x10c/0x130 <- backing_file_write_iter) result=0x1000
             cat-5197    [001] .....    17.261828: ovldiag_open: (ovl_open+0xb2/0x100 <- ovl_open_realfile) result=0xffff88800720b300
              dd-5195    [001] .....    17.262113: ovldiag_open: (ovl_open+0xb2/0x100 <- ovl_open_realfile) result=0xffff88800447b400
              dd-5195    [001] .....    17.262138: ovldiag_ensure: (ovl_write_iter+0xaf/0x130 <- ovl_ensure_upper_and_switch) result=0x0
              dd-5195    [001] .....    17.262149: ovldiag_write: (ovl_write_iter+0x10c/0x130 <- backing_file_write_iter) result=0x1000
             cat-5205    [001] .....    17.266229: ovldiag_open: (ovl_open+0xb2/0x100 <- ovl_open_realfile) result=0xffff8880047fff00
              dd-5207    [000] .....    17.266536: ovldiag_open: (ovl_open+0xb2/0x100 <- ovl_open_realfile) result=0xffff88800720d300
              dd-5207    [000] .....    17.266566: ovldiag_ensure: (ovl_write_iter+0xaf/0x130 <- ovl_ensure_upper_and_switch) result=0x0
              dd-5207    [000] .....    17.266582: ovldiag_write: (ovl_write_iter+0x10c/0x130 <- backing_file_write_iter) result=0x1000
             cat-5203    [000] .....    17.267767: ovldiag_open: (ovl_open+0xb2/0x100 <- ovl_open_realfile) result=0xffff88800452cb00
              dd-5204    [001] .....    17.267850: ovldiag_open: (ovl_open+0xb2/0x100 <- ovl_open_realfile) result=0xffff88800727a400
              dd-5204    [001] .....    17.267886: ovldiag_ensure: (ovl_write_iter+0xaf/0x130 <- ovl_ensure_upper_and_switch) result=0x0
              dd-5204    [001] .....    17.267902: ovldiag_write: (ovl_write_iter+0x10c/0x130 <- backing_file_write_iter) result=0x1000
             cat-5212    [000] .....    17.270888: ovldiag_open: (ovl_open+0xb2/0x100 <- ovl_open_realfile) result=0xffff88800e2ba600
              dd-5216    [000] .....    17.273057: ovldiag_open: (ovl_open+0xb2/0x100 <- ovl_open_realfile) result=0xffff88800d8bac00
              dd-5216    [000] .....    17.273084: ovldiag_ensure: (ovl_write_iter+0xaf/0x130 <- ovl_ensure_upper_and_switch) result=0x0
              dd-5216    [000] .....    17.273100: ovldiag_write: (ovl_write_iter+0x10c/0x130 <- backing_file_write_iter) result=0x1000
             cat-5218    [000] .....    17.274272: ovldiag_open: (ovl_open+0xb2/0x100 <- ovl_open_realfile) result=0xffff88800e098100
              dd-5219    [001] .....    17.275182: ovldiag_open: (ovl_open+0xb2/0x100 <- ovl_open_realfile) result=0xffff88800452c900
              dd-5219    [001] .....    17.275208: ovldiag_ensure: (ovl_write_iter+0xaf/0x130 <- ovl_ensure_upper_and_switch) result=0x0
              dd-5219    [001] .....    17.275224: ovldiag_write: (ovl_write_iter+0x10c/0x130 <- backing_file_write_iter) result=0x1000
             cat-5223    [001] .....    17.277618: ovldiag_open: (ovl_open+0xb2/0x100 <- ovl_open_realfile) result=0xffff888004720f00
             cat-5224    [000] .....    17.278042: ovldiag_open: (ovl_open+0xb2/0x100 <- ovl_open_realfile) result=0xffff888007317c00
              dd-5229    [000] .....    17.281201: ovldiag_open: (ovl_open+0xb2/0x100 <- ovl_open_realfile) result=0xffff888004467f00
              dd-5229    [000] .....    17.281228: ovldiag_ensure: (ovl_write_iter+0xaf/0x130 <- ovl_ensure_upper_and_switch) result=0x0
              dd-5229    [000] .....    17.281243: ovldiag_write: (ovl_write_iter+0x10c/0x130 <- backing_file_write_iter) result=0x1000
              dd-5230    [001] .....    17.281577: ovldiag_open: (ovl_open+0xb2/0x100 <- ovl_open_realfile) result=0xffff88800720b500
              dd-5230    [001] .....    17.281608: ovldiag_ensure: (ovl_write_iter+0xaf/0x130 <- ovl_ensure_upper_and_switch) result=0x0
              dd-5230    [001] .....    17.281625: ovldiag_write: (ovl_write_iter+0x10c/0x130 <- backing_file_write_iter) result=0x1000
             cat-5231    [001] .....    17.283712: ovldiag_open: (ovl_open+0xb2/0x100 <- ovl_open_realfile) result=0xffff8880072ed100
             cat-5236    [001] .....    17.285544: ovldiag_open: (ovl_open+0xb2/0x100 <- ovl_open_realfile) result=0xffff88800e18fb00
             cat-5239    [001] .....    17.287038: ovldiag_open: (ovl_open+0xb2/0x100 <- ovl_open_realfile) result=0xffff88800720bd00
              dd-5240    [001] .....    17.288200: ovldiag_open: (ovl_open+0xb2/0x100 <- ovl_open_realfile) result=0xffff88800e137000
              dd-5240    [001] .....    17.288227: ovldiag_ensure: (ovl_write_iter+0xaf/0x130 <- ovl_ensure_upper_and_switch) result=0x0
              dd-5240    [001] .....    17.288244: ovldiag_write: (ovl_write_iter+0x10c/0x130 <- backing_file_write_iter) result=0x1000
              dd-5242    [000] .....    17.289466: ovldiag_open: (ovl_open+0xb2/0x100 <- ovl_open_realfile) result=0xffff8880061ead00
              dd-5242    [000] .....    17.289494: ovldiag_ensure: (ovl_write_iter+0xaf/0x130 <- ovl_ensure_upper_and_switch) result=0x0
              dd-5242    [000] .....    17.289510: ovldiag_write: (ovl_write_iter+0x10c/0x130 <- backing_file_write_iter) result=0x1000
             cat-5244    [001] .....    17.291094: ovldiag_open: (ovl_open+0xb2/0x100 <- ovl_open_realfile) result=0xffff88800d9f1e00
             cat-5248    [001] .....    17.293683: ovldiag_open: (ovl_open+0xb2/0x100 <- ovl_open_realfile) result=0xffff88800e1b5000
              dd-5251    [001] .....    17.295039: ovldiag_open: (ovl_open+0xb2/0x100 <- ovl_open_realfile) result=0xffff888006162100
              dd-5251    [001] .....    17.295069: ovldiag_ensure: (ovl_write_iter+0xaf/0x130 <- ovl_ensure_upper_and_switch) result=0x0
              dd-5251    [001] .....    17.295084: ovldiag_write: (ovl_write_iter+0x10c/0x130 <- backing_file_write_iter) result=0x1000
              dd-5252    [001] .....    17.296072: ovldiag_open: (ovl_open+0xb2/0x100 <- ovl_open_realfile) result=0xffff88800e3adb00
              dd-5252    [001] .....    17.296098: ovldiag_ensure: (ovl_write_iter+0xaf/0x130 <- ovl_ensure_upper_and_switch) result=0x0
              dd-5252    [001] .....    17.296110: ovldiag_write: (ovl_write_iter+0x10c/0x130 <- backing_file_write_iter) result=0x1000
             cat-5257    [000] .....    17.297541: ovldiag_open: (ovl_open+0xb2/0x100 <- ovl_open_realfile) result=0xffff8880061ea000
             cat-5259    [001] .....    17.299953: ovldiag_open: (ovl_open+0xb2/0x100 <- ovl_open_realfile) result=0xffff88800e3ad900
             cat-5261    [000] .....    17.300840: ovldiag_open: (ovl_open+0xb2/0x100 <- ovl_open_realfile) result=0xffff888008a27c00
              dd-5264    [000] .....    17.303209: ovldiag_open: (ovl_open+0xb2/0x100 <- ovl_open_realfile) result=0xffff8880061d0400
              dd-5264    [000] .....    17.303239: ovldiag_ensure: (ovl_write_iter+0xaf/0x130 <- ovl_ensure_upper_and_switch) result=0x0
              dd-5264    [000] .....    17.303255: ovldiag_write: (ovl_write_iter+0x10c/0x130 <- backing_file_write_iter) result=0x1000
             cat-5267    [001] .....    17.304609: ovldiag_open: (ovl_open+0xb2/0x100 <- ovl_open_realfile) result=0xffff888004434600
              dd-5266    [000] .....    17.304971: ovldiag_open: (ovl_open+0xb2/0x100 <- ovl_open_realfile) result=0xffff88800452cb00
              dd-5266    [000] .....    17.304998: ovldiag_ensure: (ovl_write_iter+0xaf/0x130 <- ovl_ensure_upper_and_switch) result=0x0
              dd-5266    [000] .....    17.305013: ovldiag_write: (ovl_write_iter+0x10c/0x130 <- backing_file_write_iter) result=0x1000
             cat-5273    [001] .....    17.308433: ovldiag_open: (ovl_open+0xb2/0x100 <- ovl_open_realfile) result=0xffff88800db71300
              dd-5276    [001] .....    17.310137: ovldiag_open: (ovl_open+0xb2/0x100 <- ovl_open_realfile) result=0xffff888004762c00
              dd-5276    [001] .....    17.310168: ovldiag_ensure: (ovl_write_iter+0xaf/0x130 <- ovl_ensure_upper_and_switch) result=0x0
              dd-5276    [001] .....    17.310184: ovldiag_write: (ovl_write_iter+0x10c/0x130 <- backing_file_write_iter) result=0x1000
              dd-5274    [000] .....    17.310850: ovldiag_open: (ovl_open+0xb2/0x100 <- ovl_open_realfile) result=0xffff888003f01e00
              dd-5274    [000] .....    17.310892: ovldiag_ensure: (ovl_write_iter+0xaf/0x130 <- ovl_ensure_upper_and_switch) result=0x0
              dd-5274    [000] .....    17.310908: ovldiag_write: (ovl_write_iter+0x10c/0x130 <- backing_file_write_iter) result=0x1000
             cat-5277    [001] .....    17.311176: ovldiag_open: (ovl_open+0xb2/0x100 <- ovl_open_realfile) result=0xffff888004681500
             cat-5281    [001] .....    17.313652: ovldiag_open: (ovl_open+0xb2/0x100 <- ovl_open_realfile) result=0xffff888008a7cf00
             cat-5284    [000] .....    17.315769: ovldiag_open: (ovl_open+0xb2/0x100 <- ovl_open_realfile) result=0xffff88800e28f000
              dd-5289    [001] .....    17.318582: ovldiag_open: (ovl_open+0xb2/0x100 <- ovl_open_realfile) result=0xffff88800702c900
              dd-5289    [001] .....    17.318609: ovldiag_ensure: (ovl_write_iter+0xaf/0x130 <- ovl_ensure_upper_and_switch) result=0x0
              dd-5289    [001] .....    17.318625: ovldiag_write: (ovl_write_iter+0x10c/0x130 <- backing_file_write_iter) result=0x1000
              dd-5290    [000] .....    17.319423: ovldiag_open: (ovl_open+0xb2/0x100 <- ovl_open_realfile) result=0xffff888004434300
              dd-5290    [000] .....    17.319450: ovldiag_ensure: (ovl_write_iter+0xaf/0x130 <- ovl_ensure_upper_and_switch) result=0x0
              dd-5290    [000] .....    17.319467: ovldiag_write: (ovl_write_iter+0x10c/0x130 <- backing_file_write_iter) result=0x1000
             cat-5293    [000] .....    17.320842: ovldiag_open: (ovl_open+0xb2/0x100 <- ovl_open_realfile) result=0xffff88800471da00
             cat-5295    [001] .....    17.322553: ovldiag_open: (ovl_open+0xb2/0x100 <- ovl_open_realfile) result=0xffff88800d8cfd00
             cat-5298    [001] .....    17.324241: ovldiag_open: (ovl_open+0xb2/0x100 <- ovl_open_realfile) result=0xffff88800a66c800
              dd-5299    [000] .....    17.324611: ovldiag_open: (ovl_open+0xb2/0x100 <- ovl_open_realfile) result=0xffff888004762c00
              dd-5299    [000] .....    17.324638: ovldiag_ensure: (ovl_write_iter+0xaf/0x130 <- ovl_ensure_upper_and_switch) result=0x0
              dd-5299    [000] .....    17.324654: ovldiag_write: (ovl_write_iter+0x10c/0x130 <- backing_file_write_iter) result=0x1000
             cat-5300    [000] .....    17.326917: ovldiag_open: (ovl_open+0xb2/0x100 <- ovl_open_realfile) result=0xffff8880061cc400
              dd-5302    [000] .....    17.328279: ovldiag_open: (ovl_open+0xb2/0x100 <- ovl_open_realfile) result=0xffff88800db71100
              dd-5302    [000] .....    17.328345: ovldiag_ensure: (ovl_write_iter+0xaf/0x130 <- ovl_ensure_upper_and_switch) result=0x0
              dd-5302    [000] .....    17.328360: ovldiag_write: (ovl_write_iter+0x10c/0x130 <- backing_file_write_iter) result=0x1000
             cat-5308    [000] .....    17.330412: ovldiag_open: (ovl_open+0xb2/0x100 <- ovl_open_realfile) result=0xffff88800db03d00
              dd-5309    [000] .....    17.332475: ovldiag_open: (ovl_open+0xb2/0x100 <- ovl_open_realfile) result=0xffff88800727a500
              dd-5309    [000] .....    17.332504: ovldiag_ensure: (ovl_write_iter+0xaf/0x130 <- ovl_ensure_upper_and_switch) result=0x0
              dd-5309    [000] .....    17.332518: ovldiag_write: (ovl_write_iter+0x10c/0x130 <- backing_file_write_iter) result=0x1000
              dd-5312    [001] .....    17.333515: ovldiag_open: (ovl_open+0xb2/0x100 <- ovl_open_realfile) result=0xffff8880046c6400
              dd-5312    [001] .....    17.333542: ovldiag_ensure: (ovl_write_iter+0xaf/0x130 <- ovl_ensure_upper_and_switch) result=0x0
              dd-5312    [001] .....    17.333559: ovldiag_write: (ovl_write_iter+0x10c/0x130 <- backing_file_write_iter) result=0x1000
             cat-5317    [000] .....    17.336186: ovldiag_open: (ovl_open+0xb2/0x100 <- ovl_open_realfile) result=0xffff88800720bf00
             cat-5315    [000] .....    17.336477: ovldiag_open: (ovl_open+0xb2/0x100 <- ovl_open_realfile) result=0xffff888003f11200
             cat-5320    [001] .....    17.339153: ovldiag_open: (ovl_open+0xb2/0x100 <- ovl_open_realfile) result=0xffff88800727e500
              dd-5323    [000] .....    17.340297: ovldiag_open: (ovl_open+0xb2/0x100 <- ovl_open_realfile) result=0xffff88800d873e00
              dd-5323    [000] .....    17.340344: ovldiag_ensure: (ovl_write_iter+0xaf/0x130 <- ovl_ensure_upper_and_switch) result=0x0
              dd-5323    [000] .....    17.340359: ovldiag_write: (ovl_write_iter+0x10c/0x130 <- backing_file_write_iter) result=0x1000
              dd-5326    [000] .....    17.342940: ovldiag_open: (ovl_open+0xb2/0x100 <- ovl_open_realfile) result=0xffff88800e3f3700
              dd-5326    [000] .....    17.342969: ovldiag_ensure: (ovl_write_iter+0xaf/0x130 <- ovl_ensure_upper_and_switch) result=0x0
              dd-5326    [000] .....    17.342984: ovldiag_write: (ovl_write_iter+0x10c/0x130 <- backing_file_write_iter) result=0x1000
             cat-5328    [001] .....    17.343588: ovldiag_open: (ovl_open+0xb2/0x100 <- ovl_open_realfile) result=0xffff88800d8cfb00
             cat-5331    [000] .....    17.345511: ovldiag_open: (ovl_open+0xb2/0x100 <- ovl_open_realfile) result=0xffff88800e0dc300
              dd-5333    [000] .....    17.348210: ovldiag_open: (ovl_open+0xb2/0x100 <- ovl_open_realfile) result=0xffff888007317100
              dd-5333    [000] .....    17.348240: ovldiag_ensure: (ovl_write_iter+0xaf/0x130 <- ovl_ensure_upper_and_switch) result=0x0
              dd-5336    [001] .....    17.348251: ovldiag_open: (ovl_open+0xb2/0x100 <- ovl_open_realfile) result=0xffff88800d9f1800
              dd-5333    [000] .....    17.348256: ovldiag_write: (ovl_write_iter+0x10c/0x130 <- backing_file_write_iter) result=0x1000
              dd-5336    [001] .....    17.348310: ovldiag_ensure: (ovl_write_iter+0xaf/0x130 <- ovl_ensure_upper_and_switch) result=0x0
              dd-5336    [001] .....    17.348326: ovldiag_write: (ovl_write_iter+0x10c/0x130 <- backing_file_write_iter) result=0x1000
             cat-5335    [001] .....    17.348793: ovldiag_open: (ovl_open+0xb2/0x100 <- ovl_open_realfile) result=0xffff8880061ea500
             cat-5339    [000] .....    17.351252: ovldiag_open: (ovl_open+0xb2/0x100 <- ovl_open_realfile) result=0xffff888006003b00
              dd-5342    [000] .....    17.352719: ovldiag_open: (ovl_open+0xb2/0x100 <- ovl_open_realfile) result=0xffff888004467300
              dd-5342    [000] .....    17.352747: ovldiag_ensure: (ovl_write_iter+0xaf/0x130 <- ovl_ensure_upper_and_switch) result=0x0
              dd-5342    [000] .....    17.352762: ovldiag_write: (ovl_write_iter+0x10c/0x130 <- backing_file_write_iter) result=0x1000
             cat-5343    [001] .....    17.353211: ovldiag_open: (ovl_open+0xb2/0x100 <- ovl_open_realfile) result=0xffff88800e22a400
              dd-5349    [000] .....    17.356370: ovldiag_open: (ovl_open+0xb2/0x100 <- ovl_open_realfile) result=0xffff8880047ff700
              dd-5349    [000] .....    17.356400: ovldiag_ensure: (ovl_write_iter+0xaf/0x130 <- ovl_ensure_upper_and_switch) result=0x0
              dd-5349    [000] .....    17.356415: ovldiag_write: (ovl_write_iter+0x10c/0x130 <- backing_file_write_iter) result=0x1000
             cat-5350    [000] .....    17.357654: ovldiag_open: (ovl_open+0xb2/0x100 <- ovl_open_realfile) result=0xffff88800e256100
             cat-5354    [000] .....    17.360587: ovldiag_open: (ovl_open+0xb2/0x100 <- ovl_open_realfile) result=0xffff888004762200
              dd-5357    [001] .....    17.362138: ovldiag_open: (ovl_open+0xb2/0x100 <- ovl_open_realfile) result=0xffff888007317100
              dd-5357    [001] .....    17.362165: ovldiag_ensure: (ovl_write_iter+0xaf/0x130 <- ovl_ensure_upper_and_switch) result=0x0
              dd-5357    [001] .....    17.362181: ovldiag_write: (ovl_write_iter+0x10c/0x130 <- backing_file_write_iter) result=0x1000
              dd-5358    [000] .....    17.362430: ovldiag_open: (ovl_open+0xb2/0x100 <- ovl_open_realfile) result=0xffff8880072ed000
              dd-5358    [000] .....    17.362461: ovldiag_ensure: (ovl_write_iter+0xaf/0x130 <- ovl_ensure_upper_and_switch) result=0x0
              dd-5358    [000] .....    17.362477: ovldiag_write: (ovl_write_iter+0x10c/0x130 <- backing_file_write_iter) result=0x1000
             cat-5359    [001] .....    17.363455: ovldiag_open: (ovl_open+0xb2/0x100 <- ovl_open_realfile) result=0xffff88800db49500
             cat-5362    [001] .....    17.365607: ovldiag_open: (ovl_open+0xb2/0x100 <- ovl_open_realfile) result=0xffff8880061d1b00
              dd-5365    [000] .....    17.366228: ovldiag_open: (ovl_open+0xb2/0x100 <- ovl_open_realfile) result=0xffff888004434600
              dd-5365    [000] .....    17.366256: ovldiag_ensure: (ovl_write_iter+0xaf/0x130 <- ovl_ensure_upper_and_switch) result=0x0
              dd-5365    [000] .....    17.366271: ovldiag_write: (ovl_write_iter+0x10c/0x130 <- backing_file_write_iter) result=0x1000
             cat-5368    [001] .....    17.369564: ovldiag_open: (ovl_open+0xb2/0x100 <- ovl_open_realfile) result=0xffff8880061ccc00
              dd-5371    [000] .....    17.371231: ovldiag_open: (ovl_open+0xb2/0x100 <- ovl_open_realfile) result=0xffff88800e252000
              dd-5371    [000] .....    17.371261: ovldiag_ensure: (ovl_write_iter+0xaf/0x130 <- ovl_ensure_upper_and_switch) result=0x0
              dd-5371    [000] .....    17.371276: ovldiag_write: (ovl_write_iter+0x10c/0x130 <- backing_file_write_iter) result=0x1000
             cat-5375    [001] .....    17.373450: ovldiag_open: (ovl_open+0xb2/0x100 <- ovl_open_realfile) result=0xffff8880061ead00
              dd-5377    [000] .....    17.375549: ovldiag_open: (ovl_open+0xb2/0x100 <- ovl_open_realfile) result=0xffff88800da4fa00
              dd-5377    [000] .....    17.375579: ovldiag_ensure: (ovl_write_iter+0xaf/0x130 <- ovl_ensure_upper_and_switch) result=0x0
              dd-5377    [000] .....    17.375595: ovldiag_write: (ovl_write_iter+0x10c/0x130 <- backing_file_write_iter) result=0x1000
             cat-5379    [000] .....    17.376720: ovldiag_open: (ovl_open+0xb2/0x100 <- ovl_open_realfile) result=0xffff8880061d1c00
             cat-5381    [000] .....    17.377711: ovldiag_open: (ovl_open+0xb2/0x100 <- ovl_open_realfile) result=0xffff888004762e00
             cat-5384    [001] .....    17.379091: ovldiag_open: (ovl_open+0xb2/0x100 <- ovl_open_realfile) result=0xffff8880072ed200
              dd-5383    [000] .....    17.379200: ovldiag_open: (ovl_open+0xb2/0x100 <- ovl_open_realfile) result=0xffff88800e4f1600
              dd-5383    [000] .....    17.379231: ovldiag_ensure: (ovl_write_iter+0xaf/0x130 <- ovl_ensure_upper_and_switch) result=0x0
              dd-5383    [000] .....    17.379245: ovldiag_write: (ovl_write_iter+0x10c/0x130 <- backing_file_write_iter) result=0x1000
             cat-5390    [001] .....    17.382997: ovldiag_open: (ovl_open+0xb2/0x100 <- ovl_open_realfile) result=0xffff88800da4f000
              dd-5392    [001] .....    17.385207: ovldiag_open: (ovl_open+0xb2/0x100 <- ovl_open_realfile) result=0xffff88800610a500
              dd-5392    [001] .....    17.385235: ovldiag_ensure: (ovl_write_iter+0xaf/0x130 <- ovl_ensure_upper_and_switch) result=0x0
              dd-5392    [001] .....    17.385251: ovldiag_write: (ovl_write_iter+0x10c/0x130 <- backing_file_write_iter) result=0x1000
              dd-5393    [001] .....    17.386251: ovldiag_open: (ovl_open+0xb2/0x100 <- ovl_open_realfile) result=0xffff8880072ed200
              dd-5393    [001] .....    17.386276: ovldiag_ensure: (ovl_write_iter+0xaf/0x130 <- ovl_ensure_upper_and_switch) result=0x0
              dd-5393    [001] .....    17.386339: ovldiag_write: (ovl_write_iter+0x10c/0x130 <- backing_file_write_iter) result=0x1000
             cat-5400    [000] .....    17.389018: ovldiag_open: (ovl_open+0xb2/0x100 <- ovl_open_realfile) result=0xffff888008a7e100
             cat-5401    [001] .....    17.390035: ovldiag_open: (ovl_open+0xb2/0x100 <- ovl_open_realfile) result=0xffff8880071ccc00
             cat-5403    [000] .....    17.390625: ovldiag_open: (ovl_open+0xb2/0x100 <- ovl_open_realfile) result=0xffff88800621b400
              dd-5399    [001] .....    17.391367: ovldiag_open: (ovl_open+0xb2/0x100 <- ovl_open_realfile) result=0xffff888006134600
              dd-5399    [001] .....    17.391398: ovldiag_ensure: (ovl_write_iter+0xaf/0x130 <- ovl_ensure_upper_and_switch) result=0x0
              dd-5399    [001] .....    17.391412: ovldiag_write: (ovl_write_iter+0x10c/0x130 <- backing_file_write_iter) result=0x1000
             cat-5407    [001] .....    17.394238: ovldiag_open: (ovl_open+0xb2/0x100 <- ovl_open_realfile) result=0xffff88800610ae00
              dd-5414    [001] .....    17.401270: ovldiag_open: (ovl_open+0xb2/0x100 <- ovl_open_realfile) result=0xffff88800713a500
              dd-5414    [001] .....    17.401333: ovldiag_ensure: (ovl_write_iter+0xaf/0x130 <- ovl_ensure_upper_and_switch) result=0x0
              dd-5414    [001] .....    17.401349: ovldiag_write: (ovl_write_iter+0x10c/0x130 <- backing_file_write_iter) result=0x1000
              dd-5415    [001] .....    17.401465: ovldiag_open: (ovl_open+0xb2/0x100 <- ovl_open_realfile) result=0xffff88800713a500
              dd-5415    [001] .....    17.401492: ovldiag_ensure: (ovl_write_iter+0xaf/0x130 <- ovl_ensure_upper_and_switch) result=0x0
              dd-5415    [001] .....    17.401499: ovldiag_write: (ovl_write_iter+0x10c/0x130 <- backing_file_write_iter) result=0x1000
             cat-5417    [000] .....    17.401581: ovldiag_open: (ovl_open+0xb2/0x100 <- ovl_open_realfile) result=0xffff8880072ede00
              dd-5416    [001] .....    17.401800: ovldiag_open: (ovl_open+0xb2/0x100 <- ovl_open_realfile) result=0xffff88800e513000
             cat-5417    [000] .....    17.401815: ovldiag_open: (ovl_real_fdget_meta+0x1df/0x200 <- ovl_open_realfile) result=0xffff88800daad300
              dd-5416    [001] .....    17.401832: ovldiag_ensure: (ovl_write_iter+0xaf/0x130 <- ovl_ensure_upper_and_switch) result=0x0
              dd-5416    [001] .....    17.401840: ovldiag_write: (ovl_write_iter+0x10c/0x130 <- backing_file_write_iter) result=0x1000
             cat-5424    [001] .....    17.406662: ovldiag_open: (ovl_open+0xb2/0x100 <- ovl_open_realfile) result=0xffff88800720d600
             cat-5425    [000] .....    17.406887: ovldiag_open: (ovl_open+0xb2/0x100 <- ovl_open_realfile) result=0xffff888007317d00
              dd-5423    [001] .....    17.406895: ovldiag_open: (ovl_open+0xb2/0x100 <- ovl_open_realfile) result=0xffff888003f01c00
              dd-5423    [001] .....    17.406932: ovldiag_ensure: (ovl_write_iter+0xaf/0x130 <- ovl_ensure_upper_and_switch) result=0x0
              dd-5423    [001] .....    17.406948: ovldiag_write: (ovl_write_iter+0x10c/0x130 <- backing_file_write_iter) result=0x1000
             cat-5431    [000] .....    17.410843: ovldiag_open: (ovl_open+0xb2/0x100 <- ovl_open_realfile) result=0xffff888008ab8800
             cat-5434    [001] .....    17.412541: ovldiag_open: (ovl_open+0xb2/0x100 <- ovl_open_realfile) result=0xffff88800d9f1f00
              dd-5437    [000] .....    17.415778: ovldiag_open: (ovl_open+0xb2/0x100 <- ovl_open_realfile) result=0xffff88800e230400
              dd-5437    [000] .....    17.415821: ovldiag_ensure: (ovl_write_iter+0xaf/0x130 <- ovl_ensure_upper_and_switch) result=0x0
              dd-5437    [000] .....    17.415837: ovldiag_write: (ovl_write_iter+0x10c/0x130 <- backing_file_write_iter) result=0x1000
              dd-5438    [000] .....    17.415988: ovldiag_open: (ovl_open+0xb2/0x100 <- ovl_open_realfile) result=0xffff88800e230400
              dd-5438    [000] .....    17.416019: ovldiag_ensure: (ovl_write_iter+0xaf/0x130 <- ovl_ensure_upper_and_switch) result=0x0
              dd-5438    [000] .....    17.416026: ovldiag_write: (ovl_write_iter+0x10c/0x130 <- backing_file_write_iter) result=0x1000
             cat-5441    [001] .....    17.417614: ovldiag_open: (ovl_open+0xb2/0x100 <- ovl_open_realfile) result=0xffff88800daad400
             cat-5444    [000] .....    17.419132: ovldiag_open: (ovl_open+0xb2/0x100 <- ovl_open_realfile) result=0xffff88800e12a900
             cat-5447    [001] .....    17.420730: ovldiag_open: (ovl_open+0xb2/0x100 <- ovl_open_realfile) result=0xffff88800452c000
              dd-5440    [000] .....    17.421025: ovldiag_open: (ovl_open+0xb2/0x100 <- ovl_open_realfile) result=0xffff88800e230d00
              dd-5440    [000] .....    17.421063: ovldiag_ensure: (ovl_write_iter+0xaf/0x130 <- ovl_ensure_upper_and_switch) result=0x0
              dd-5440    [000] .....    17.421079: ovldiag_write: (ovl_write_iter+0x10c/0x130 <- backing_file_write_iter) result=0x1000
              dd-5449    [001] .....    17.423145: ovldiag_open: (ovl_open+0xb2/0x100 <- ovl_open_realfile) result=0xffff88800720b400
              dd-5449    [001] .....    17.423183: ovldiag_ensure: (ovl_write_iter+0xaf/0x130 <- ovl_ensure_upper_and_switch) result=0x0
              dd-5449    [001] .....    17.423202: ovldiag_write: (ovl_write_iter+0x10c/0x130 <- backing_file_write_iter) result=0x1000
             cat-5450    [000] .....    17.424186: ovldiag_open: (ovl_open+0xb2/0x100 <- ovl_open_realfile) result=0xffff88800e5c7700
             cat-5460    [000] .....    17.431323: ovldiag_open: (ovl_open+0xb2/0x100 <- ovl_open_realfile) result=0xffff888008ab8f00
              dd-5459    [000] .....    17.431807: ovldiag_open: (ovl_open+0xb2/0x100 <- ovl_open_realfile) result=0xffff888008ab8700
              dd-5459    [000] .....    17.431850: ovldiag_ensure: (ovl_write_iter+0xaf/0x130 <- ovl_ensure_upper_and_switch) result=0x0
              dd-5459    [000] .....    17.431881: ovldiag_write: (ovl_write_iter+0x10c/0x130 <- backing_file_write_iter) result=0x1000
              dd-5458    [000] .....    17.431976: ovldiag_open: (ovl_open+0xb2/0x100 <- ovl_open_realfile) result=0xffff888008ab8700
              dd-5458    [000] .....    17.432008: ovldiag_ensure: (ovl_write_iter+0xaf/0x130 <- ovl_ensure_upper_and_switch) result=0x0
              dd-5458    [000] .....    17.432011: ovldiag_write: (ovl_write_iter+0x10c/0x130 <- backing_file_write_iter) result=0x1000
             cat-5461    [001] .....    17.432525: ovldiag_open: (ovl_open+0xb2/0x100 <- ovl_open_realfile) result=0xffff8880061cc100
             cat-5466    [001] .....    17.436326: ovldiag_open: (ovl_open+0xb2/0x100 <- ovl_open_realfile) result=0xffff88800e1a2100
             cat-5467    [000] .....    17.436970: ovldiag_open: (ovl_open+0xb2/0x100 <- ovl_open_realfile) result=0xffff88800e3a9600
              dd-5469    [000] .....    17.440019: ovldiag_open: (ovl_open+0xb2/0x100 <- ovl_open_realfile) result=0xffff88800e2c2500
              dd-5473    [001] .....    17.440052: ovldiag_open: (ovl_open+0xb2/0x100 <- ovl_open_realfile) result=0xffff8880046e3500
              dd-5469    [000] .....    17.440057: ovldiag_ensure: (ovl_write_iter+0xaf/0x130 <- ovl_ensure_upper_and_switch) result=0x0
              dd-5469    [000] .....    17.440073: ovldiag_write: (ovl_write_iter+0x10c/0x130 <- backing_file_write_iter) result=0x1000
              dd-5473    [001] .....    17.440083: ovldiag_ensure: (ovl_write_iter+0xaf/0x130 <- ovl_ensure_upper_and_switch) result=0x0
              dd-5473    [001] .....    17.440101: ovldiag_write: (ovl_write_iter+0x10c/0x130 <- backing_file_write_iter) result=0x1000
             cat-5478    [000] .....    17.441982: ovldiag_open: (ovl_open+0xb2/0x100 <- ovl_open_realfile) result=0xffff888008a6f500
             cat-5481    [001] .....    17.446035: ovldiag_open: (ovl_open+0xb2/0x100 <- ovl_open_realfile) result=0xffff8880046c6500
              dd-5482    [000] .....    17.446418: ovldiag_open: (ovl_open+0xb2/0x100 <- ovl_open_realfile) result=0xffff88800d9f1100
              dd-5482    [000] .....    17.446452: ovldiag_ensure: (ovl_write_iter+0xaf/0x130 <- ovl_ensure_upper_and_switch) result=0x0
              dd-5482    [000] .....    17.446467: ovldiag_write: (ovl_write_iter+0x10c/0x130 <- backing_file_write_iter) result=0x1000
             cat-5484    [001] .....    17.448157: ovldiag_open: (ovl_open+0xb2/0x100 <- ovl_open_realfile) result=0xffff88800447ba00
              dd-5483    [000] .....    17.448740: ovldiag_open: (ovl_open+0xb2/0x100 <- ovl_open_realfile) result=0xffff88800452c500
              dd-5483    [000] .....    17.448782: ovldiag_ensure: (ovl_write_iter+0xaf/0x130 <- ovl_ensure_upper_and_switch) result=0x0
              dd-5483    [000] .....    17.448799: ovldiag_write: (ovl_write_iter+0x10c/0x130 <- backing_file_write_iter) result=0x1000
             cat-5488    [000] .....    17.451236: ovldiag_open: (ovl_open+0xb2/0x100 <- ovl_open_realfile) result=0xffff888003f01c00
             cat-5492    [000] .....    17.453035: ovldiag_open: (ovl_open+0xb2/0x100 <- ovl_open_realfile) result=0xffff88800e455100
              dd-5495    [000] .....    17.456041: ovldiag_open: (ovl_open+0xb2/0x100 <- ovl_open_realfile) result=0xffff88800720b500
              dd-5495    [000] .....    17.456076: ovldiag_ensure: (ovl_write_iter+0xaf/0x130 <- ovl_ensure_upper_and_switch) result=0x0
              dd-5495    [000] .....    17.456092: ovldiag_write: (ovl_write_iter+0x10c/0x130 <- backing_file_write_iter) result=0x1000
              dd-5496    [001] .....    17.456099: ovldiag_open: (ovl_open+0xb2/0x100 <- ovl_open_realfile) result=0xffff8880046f0500
              dd-5496    [001] .....    17.456129: ovldiag_ensure: (ovl_write_iter+0xaf/0x130 <- ovl_ensure_upper_and_switch) result=0x0
              dd-5496    [001] .....    17.456146: ovldiag_write: (ovl_write_iter+0x10c/0x130 <- backing_file_write_iter) result=0x1000
             cat-5501    [001] .....    17.459060: ovldiag_open: (ovl_open+0xb2/0x100 <- ovl_open_realfile) result=0xffff888007281600
             cat-5502    [000] .....    17.459175: ovldiag_open: (ovl_open+0xb2/0x100 <- ovl_open_realfile) result=0xffff8880047ff500
              dd-5503    [000] .....    17.462104: ovldiag_open: (ovl_open+0xb2/0x100 <- ovl_open_realfile) result=0xffff88800423dd00
              dd-5503    [000] .....    17.462146: ovldiag_ensure: (ovl_write_iter+0xaf/0x130 <- ovl_ensure_upper_and_switch) result=0x0
              dd-5503    [000] .....    17.462162: ovldiag_write: (ovl_write_iter+0x10c/0x130 <- backing_file_write_iter) result=0x1000
              dd-5508    [001] .....    17.464066: ovldiag_open: (ovl_open+0xb2/0x100 <- ovl_open_realfile) result=0xffff88800702ca00
              dd-5508    [001] .....    17.464096: ovldiag_ensure: (ovl_write_iter+0xaf/0x130 <- ovl_ensure_upper_and_switch) result=0x0
              dd-5508    [001] .....    17.464114: ovldiag_write: (ovl_write_iter+0x10c/0x130 <- backing_file_write_iter) result=0x1000
             cat-5511    [000] .....    17.464975: ovldiag_open: (ovl_open+0xb2/0x100 <- ovl_open_realfile) result=0xffff88800e27a200
             cat-5509    [001] .....    17.465752: ovldiag_open: (ovl_open+0xb2/0x100 <- ovl_open_realfile) result=0xffff88800e39d100
              dd-5516    [000] .....    17.469262: ovldiag_open: (ovl_open+0xb2/0x100 <- ovl_open_realfile) result=0xffff88800e546b00
              dd-5516    [000] .n...    17.470327: ovldiag_ensure: (ovl_write_iter+0xaf/0x130 <- ovl_ensure_upper_and_switch) result=0x0
              dd-5516    [000] .....    17.470358: ovldiag_write: (ovl_write_iter+0x10c/0x130 <- backing_file_write_iter) result=0x1000
             cat-5519    [001] .....    17.470768: ovldiag_open: (ovl_open+0xb2/0x100 <- ovl_open_realfile) result=0xffff888004526200
              dd-5518    [000] .....    17.471642: ovldiag_open: (ovl_open+0xb2/0x100 <- ovl_open_realfile) result=0xffff88800e59ab00
              dd-5518    [000] .....    17.471670: ovldiag_ensure: (ovl_write_iter+0xaf/0x130 <- ovl_ensure_upper_and_switch) result=0x0
              dd-5518    [000] .....    17.471687: ovldiag_write: (ovl_write_iter+0x10c/0x130 <- backing_file_write_iter) result=0x1000
             cat-5520    [001] .....    17.473190: ovldiag_open: (ovl_open+0xb2/0x100 <- ovl_open_realfile) result=0xffff8880046e3000
             cat-5526    [001] .....    17.475063: ovldiag_open: (ovl_open+0xb2/0x100 <- ovl_open_realfile) result=0xffff888006096500
             cat-5529    [001] .....    17.476810: ovldiag_open: (ovl_open+0xb2/0x100 <- ovl_open_realfile) result=0xffff8880061ea500
              dd-5530    [000] .....    17.477138: ovldiag_open: (ovl_open+0xb2/0x100 <- ovl_open_realfile) result=0xffff888004467f00
              dd-5530    [000] .....    17.477169: ovldiag_ensure: (ovl_write_iter+0xaf/0x130 <- ovl_ensure_upper_and_switch) result=0x0
              dd-5530    [000] .....    17.477186: ovldiag_write: (ovl_write_iter+0x10c/0x130 <- backing_file_write_iter) result=0x1000
              dd-5533    [000] .....    17.479728: ovldiag_open: (ovl_open+0xb2/0x100 <- ovl_open_realfile) result=0xffff8880046e3900
              dd-5533    [000] .....    17.479758: ovldiag_ensure: (ovl_write_iter+0xaf/0x130 <- ovl_ensure_upper_and_switch) result=0x0
              dd-5533    [000] .....    17.479773: ovldiag_write: (ovl_write_iter+0x10c/0x130 <- backing_file_write_iter) result=0x1000
             cat-5536    [001] .....    17.482188: ovldiag_open: (ovl_open+0xb2/0x100 <- ovl_open_realfile) result=0xffff8880046e3400
             cat-5538    [000] .....    17.482678: ovldiag_open: (ovl_open+0xb2/0x100 <- ovl_open_realfile) result=0xffff88800d9f1300
              dd-5542    [000] .....    17.484935: ovldiag_open: (ovl_open+0xb2/0x100 <- ovl_open_realfile) result=0xffff88800e2def00
              dd-5542    [000] .....    17.485188: ovldiag_ensure: (ovl_write_iter+0xaf/0x130 <- ovl_ensure_upper_and_switch) result=0x0
              dd-5542    [000] .....    17.485207: ovldiag_write: (ovl_write_iter+0x10c/0x130 <- backing_file_write_iter) result=0x1000
              dd-5541    [000] .....    17.486726: ovldiag_open: (ovl_open+0xb2/0x100 <- ovl_open_realfile) result=0xffff88800e39d700
              dd-5541    [000] .....    17.486759: ovldiag_ensure: (ovl_write_iter+0xaf/0x130 <- ovl_ensure_upper_and_switch) result=0x0
              dd-5541    [000] .....    17.486774: ovldiag_write: (ovl_write_iter+0x10c/0x130 <- backing_file_write_iter) result=0x1000
             cat-5546    [001] .....    17.488497: ovldiag_open: (ovl_open+0xb2/0x100 <- ovl_open_realfile) result=0xffff88800713d000
             cat-5547    [001] .....    17.489044: ovldiag_open: (ovl_open+0xb2/0x100 <- ovl_open_realfile) result=0xffff8880089f3f00
              dd-5551    [001] .....    17.490429: ovldiag_open: (ovl_open+0xb2/0x100 <- ovl_open_realfile) result=0xffff8880089f3400
              dd-5551    [001] .....    17.490455: ovldiag_ensure: (ovl_write_iter+0xaf/0x130 <- ovl_ensure_upper_and_switch) result=0x0
              dd-5551    [001] .....    17.490474: ovldiag_write: (ovl_write_iter+0x10c/0x130 <- backing_file_write_iter) result=0x1000
             cat-5554    [001] .....    17.493625: ovldiag_open: (ovl_open+0xb2/0x100 <- ovl_open_realfile) result=0xffff88800d9f1800
             cat-5556    [000] .....    17.494613: ovldiag_open: (ovl_open+0xb2/0x100 <- ovl_open_realfile) result=0xffff8880072ed500
              dd-5557    [001] .....    17.494704: ovldiag_open: (ovl_open+0xb2/0x100 <- ovl_open_realfile) result=0xffff888008ab8c00
              dd-5557    [001] .....    17.494731: ovldiag_ensure: (ovl_write_iter+0xaf/0x130 <- ovl_ensure_upper_and_switch) result=0x0
              dd-5557    [001] .....    17.494749: ovldiag_write: (ovl_write_iter+0x10c/0x130 <- backing_file_write_iter) result=0x1000
              dd-5563    [000] .....    17.499040: ovldiag_open: (ovl_open+0xb2/0x100 <- ovl_open_realfile) result=0xffff8880061d0900
              dd-5563    [000] .....    17.499067: ovldiag_ensure: (ovl_write_iter+0xaf/0x130 <- ovl_ensure_upper_and_switch) result=0x0
              dd-5563    [000] .....    17.499082: ovldiag_write: (ovl_write_iter+0x10c/0x130 <- backing_file_write_iter) result=0x1000
             cat-5565    [001] .....    17.499709: ovldiag_open: (ovl_open+0xb2/0x100 <- ovl_open_realfile) result=0xffff888008ab8200
             cat-5564    [000] .....    17.500078: ovldiag_open: (ovl_open+0xb2/0x100 <- ovl_open_realfile) result=0xffff888008a27400
              dd-5569    [001] .....    17.502673: ovldiag_open: (ovl_open+0xb2/0x100 <- ovl_open_realfile) result=0xffff88800e5ace00
              dd-5569    [001] .....    17.502702: ovldiag_ensure: (ovl_write_iter+0xaf/0x130 <- ovl_ensure_upper_and_switch) result=0x0
              dd-5569    [001] .....    17.502719: ovldiag_write: (ovl_write_iter+0x10c/0x130 <- backing_file_write_iter) result=0x1000
              dd-5570    [001] .....    17.504756: ovldiag_open: (ovl_open+0xb2/0x100 <- ovl_open_realfile) result=0xffff888004798000
              dd-5570    [001] .....    17.504784: ovldiag_ensure: (ovl_write_iter+0xaf/0x130 <- ovl_ensure_upper_and_switch) result=0x0
              dd-5570    [001] .....    17.504800: ovldiag_write: (ovl_write_iter+0x10c/0x130 <- backing_file_write_iter) result=0x1000
              dd-5577    [001] .....    17.507146: ovldiag_open: (ovl_open+0xb2/0x100 <- ovl_open_realfile) result=0xffff8880047ff600
             cat-5575    [000] .....    17.507174: ovldiag_open: (ovl_open+0xb2/0x100 <- ovl_open_realfile) result=0xffff88800727ed00
              dd-5577    [001] .....    17.507174: ovldiag_ensure: (ovl_write_iter+0xaf/0x130 <- ovl_ensure_upper_and_switch) result=0x0
              dd-5577    [001] .....    17.507192: ovldiag_write: (ovl_write_iter+0x10c/0x130 <- backing_file_write_iter) result=0x1000
             cat-5573    [000] .....    17.507417: ovldiag_open: (ovl_open+0xb2/0x100 <- ovl_open_realfile) result=0xffff88800452ce00
             cat-5582    [001] .....    17.510737: ovldiag_open: (ovl_open+0xb2/0x100 <- ovl_open_realfile) result=0xffff888004762900
              dd-5585    [000] .....    17.512616: ovldiag_open: (ovl_open+0xb2/0x100 <- ovl_open_realfile) result=0xffff88800e336600
              dd-5585    [000] .....    17.512646: ovldiag_ensure: (ovl_write_iter+0xaf/0x130 <- ovl_ensure_upper_and_switch) result=0x0
              dd-5585    [000] .....    17.512663: ovldiag_write: (ovl_write_iter+0x10c/0x130 <- backing_file_write_iter) result=0x1000
             cat-5586    [001] .....    17.513274: ovldiag_open: (ovl_open+0xb2/0x100 <- ovl_open_realfile) result=0xffff888008ab8f00
             cat-5591    [000] .....    17.516627: ovldiag_open: (ovl_open+0xb2/0x100 <- ovl_open_realfile) result=0xffff888003f01f00
              dd-5592    [001] .....    17.517178: ovldiag_open: (ovl_open+0xb2/0x100 <- ovl_open_realfile) result=0xffff888006096f00
              dd-5592    [001] .....    17.517204: ovldiag_ensure: (ovl_write_iter+0xaf/0x130 <- ovl_ensure_upper_and_switch) result=0x0
              dd-5592    [001] .....    17.517223: ovldiag_write: (ovl_write_iter+0x10c/0x130 <- backing_file_write_iter) result=0x1000
             cat-5593    [001] .....    17.519461: ovldiag_open: (ovl_open+0xb2/0x100 <- ovl_open_realfile) result=0xffff88800e292900
              dd-5599    [001] .....    17.521138: ovldiag_open: (ovl_open+0xb2/0x100 <- ovl_open_realfile) result=0xffff8880061d0c00
              dd-5599    [001] .....    17.521169: ovldiag_ensure: (ovl_write_iter+0xaf/0x130 <- ovl_ensure_upper_and_switch) result=0x0
              dd-5599    [001] .....    17.521185: ovldiag_write: (ovl_write_iter+0x10c/0x130 <- backing_file_write_iter) result=0x1000
              dd-5598    [001] .....    17.522036: ovldiag_open: (ovl_open+0xb2/0x100 <- ovl_open_realfile) result=0xffff888008ab8900
              dd-5598    [001] .....    17.522063: ovldiag_ensure: (ovl_write_iter+0xaf/0x130 <- ovl_ensure_upper_and_switch) result=0x0
              dd-5598    [001] .....    17.522077: ovldiag_write: (ovl_write_iter+0x10c/0x130 <- backing_file_write_iter) result=0x1000
             cat-5600    [000] .....    17.522619: ovldiag_open: (ovl_open+0xb2/0x100 <- ovl_open_realfile) result=0xffff88800e537b00
             cat-5605    [001] .....    17.525463: ovldiag_open: (ovl_open+0xb2/0x100 <- ovl_open_realfile) result=0xffff88800d9f1b00
             cat-5609    [001] .....    17.526899: ovldiag_open: (ovl_open+0xb2/0x100 <- ovl_open_realfile) result=0xffff8880047ffa00
              dd-5607    [001] .....    17.528110: ovldiag_open: (ovl_open+0xb2/0x100 <- ovl_open_realfile) result=0xffff8880061d0200
              dd-5607    [001] .....    17.528140: ovldiag_ensure: (ovl_write_iter+0xaf/0x130 <- ovl_ensure_upper_and_switch) result=0x0
              dd-5607    [001] .....    17.528157: ovldiag_write: (ovl_write_iter+0x10c/0x130 <- backing_file_write_iter) result=0x1000
              dd-5614    [001] .....    17.530602: ovldiag_open: (ovl_open+0xb2/0x100 <- ovl_open_realfile) result=0xffff8880071cc200
              dd-5614    [001] .....    17.530632: ovldiag_ensure: (ovl_write_iter+0xaf/0x130 <- ovl_ensure_upper_and_switch) result=0x0
              dd-5614    [001] .....    17.530649: ovldiag_write: (ovl_write_iter+0x10c/0x130 <- backing_file_write_iter) result=0x1000
             cat-5615    [001] .....    17.531621: ovldiag_open: (ovl_open+0xb2/0x100 <- ovl_open_realfile) result=0xffff88800713a100
             cat-5618    [000] .....    17.533174: ovldiag_open: (ovl_open+0xb2/0x100 <- ovl_open_realfile) result=0xffff888003f11000
              dd-5621    [001] .....    17.535116: ovldiag_open: (ovl_open+0xb2/0x100 <- ovl_open_realfile) result=0xffff8880046e3000
              dd-5621    [001] .....    17.535147: ovldiag_ensure: (ovl_write_iter+0xaf/0x130 <- ovl_ensure_upper_and_switch) result=0x0
              dd-5621    [001] .....    17.535163: ovldiag_write: (ovl_write_iter+0x10c/0x130 <- backing_file_write_iter) result=0x1000
             cat-5624    [000] .....    17.536683: ovldiag_open: (ovl_open+0xb2/0x100 <- ovl_open_realfile) result=0xffff88800e515e00
              dd-5625    [000] .....    17.538382: ovldiag_open: (ovl_open+0xb2/0x100 <- ovl_open_realfile) result=0xffff8880072eda00
              dd-5625    [000] .....    17.538422: ovldiag_ensure: (ovl_write_iter+0xaf/0x130 <- ovl_ensure_upper_and_switch) result=0x0
              dd-5625    [000] .....    17.538438: ovldiag_write: (ovl_write_iter+0x10c/0x130 <- backing_file_write_iter) result=0x1000
             cat-5626    [000] .....    17.538800: ovldiag_open: (ovl_open+0xb2/0x100 <- ovl_open_realfile) result=0xffff88800e4ed800
              dd-5631    [001] .....    17.541963: ovldiag_open: (ovl_open+0xb2/0x100 <- ovl_open_realfile) result=0xffff8880071ce700
              dd-5631    [001] .....    17.541993: ovldiag_ensure: (ovl_write_iter+0xaf/0x130 <- ovl_ensure_upper_and_switch) result=0x0
              dd-5631    [001] .....    17.542009: ovldiag_write: (ovl_write_iter+0x10c/0x130 <- backing_file_write_iter) result=0x1000
              dd-5633    [000] .....    17.543799: ovldiag_open: (ovl_open+0xb2/0x100 <- ovl_open_realfile) result=0xffff88800e413700
              dd-5633    [000] .....    17.543829: ovldiag_ensure: (ovl_write_iter+0xaf/0x130 <- ovl_ensure_upper_and_switch) result=0x0
              dd-5633    [000] .....    17.543847: ovldiag_write: (ovl_write_iter+0x10c/0x130 <- backing_file_write_iter) result=0x1000
             cat-5634    [001] .....    17.544440: ovldiag_open: (ovl_open+0xb2/0x100 <- ovl_open_realfile) result=0xffff88800452c500
             cat-5637    [000] .....    17.545357: ovldiag_open: (ovl_open+0xb2/0x100 <- ovl_open_realfile) result=0xffff88800471dc00
             cat-5641    [001] .....    17.548184: ovldiag_open: (ovl_open+0xb2/0x100 <- ovl_open_realfile) result=0xffff8880061ea200
             cat-5643    [000] .....    17.549050: ovldiag_open: (ovl_open+0xb2/0x100 <- ovl_open_realfile) result=0xffff88800452c100
              dd-5645    [001] .....    17.550526: ovldiag_open: (ovl_open+0xb2/0x100 <- ovl_open_realfile) result=0xffff88800d9f1900
              dd-5645    [001] .....    17.550553: ovldiag_ensure: (ovl_write_iter+0xaf/0x130 <- ovl_ensure_upper_and_switch) result=0x0
              dd-5645    [001] .....    17.550569: ovldiag_write: (ovl_write_iter+0x10c/0x130 <- backing_file_write_iter) result=0x1000
             cat-5650    [001] .....    17.553365: ovldiag_open: (ovl_open+0xb2/0x100 <- ovl_open_realfile) result=0xffff88800e3b0900
              dd-5651    [001] .....    17.554396: ovldiag_open: (ovl_open+0xb2/0x100 <- ovl_open_realfile) result=0xffff88800727a400
              dd-5651    [001] .....    17.554433: ovldiag_ensure: (ovl_write_iter+0xaf/0x130 <- ovl_ensure_upper_and_switch) result=0x0
              dd-5651    [001] .....    17.554449: ovldiag_write: (ovl_write_iter+0x10c/0x130 <- backing_file_write_iter) result=0x1000
              dd-5653    [001] .....    17.555755: ovldiag_open: (ovl_open+0xb2/0x100 <- ovl_open_realfile) result=0xffff888004467c00
              dd-5653    [001] .....    17.555781: ovldiag_ensure: (ovl_write_iter+0xaf/0x130 <- ovl_ensure_upper_and_switch) result=0x0
              dd-5653    [001] .....    17.555797: ovldiag_write: (ovl_write_iter+0x10c/0x130 <- backing_file_write_iter) result=0x1000
             cat-5656    [001] .....    17.557954: ovldiag_open: (ovl_open+0xb2/0x100 <- ovl_open_realfile) result=0xffff8880046f0400
              dd-5658    [001] .....    17.559224: ovldiag_open: (ovl_open+0xb2/0x100 <- ovl_open_realfile) result=0xffff88800e3b0000
              dd-5658    [001] .....    17.559252: ovldiag_ensure: (ovl_write_iter+0xaf/0x130 <- ovl_ensure_upper_and_switch) result=0x0
              dd-5658    [001] .....    17.559268: ovldiag_write: (ovl_write_iter+0x10c/0x130 <- backing_file_write_iter) result=0x1000
             cat-5662    [001] .....    17.561164: ovldiag_open: (ovl_open+0xb2/0x100 <- ovl_open_realfile) result=0xffff8880046c6900
             cat-5663    [001] .....    17.562181: ovldiag_open: (ovl_open+0xb2/0x100 <- ovl_open_realfile) result=0xffff8880061cc200
              dd-5665    [001] .....    17.563735: ovldiag_open: (ovl_open+0xb2/0x100 <- ovl_open_realfile) result=0xffff88800e4e8500
              dd-5665    [001] .....    17.563764: ovldiag_ensure: (ovl_write_iter+0xaf/0x130 <- ovl_ensure_upper_and_switch) result=0x0
              dd-5665    [001] .....    17.563781: ovldiag_write: (ovl_write_iter+0x10c/0x130 <- backing_file_write_iter) result=0x1000
             cat-5668    [001] .....    17.565159: ovldiag_open: (ovl_open+0xb2/0x100 <- ovl_open_realfile) result=0xffff88800e1c1000
             cat-5672    [001] .....    17.567267: ovldiag_open: (ovl_open+0xb2/0x100 <- ovl_open_realfile) result=0xffff888008a6f800
              dd-5674    [000] .....    17.569222: ovldiag_open: (ovl_open+0xb2/0x100 <- ovl_open_realfile) result=0xffff8880061cce00
              dd-5674    [000] .....    17.569249: ovldiag_ensure: (ovl_write_iter+0xaf/0x130 <- ovl_ensure_upper_and_switch) result=0x0
              dd-5674    [000] .....    17.569265: ovldiag_write: (ovl_write_iter+0x10c/0x130 <- backing_file_write_iter) result=0x1000
              dd-5677    [001] .....    17.571844: ovldiag_open: (ovl_open+0xb2/0x100 <- ovl_open_realfile) result=0xffff88800727e100
              dd-5677    [001] .....    17.571895: ovldiag_ensure: (ovl_write_iter+0xaf/0x130 <- ovl_ensure_upper_and_switch) result=0x0
              dd-5677    [001] .....    17.571912: ovldiag_write: (ovl_write_iter+0x10c/0x130 <- backing_file_write_iter) result=0x1000
              dd-5680    [000] .....    17.572816: ovldiag_open: (ovl_open+0xb2/0x100 <- ovl_open_realfile) result=0xffff88800452c200
              dd-5680    [000] .....    17.572847: ovldiag_ensure: (ovl_write_iter+0xaf/0x130 <- ovl_ensure_upper_and_switch) result=0x0
              dd-5680    [000] .....    17.572860: ovldiag_write: (ovl_write_iter+0x10c/0x130 <- backing_file_write_iter) result=0x1000
             cat-5679    [000] .....    17.573817: ovldiag_open: (ovl_open+0xb2/0x100 <- ovl_open_realfile) result=0xffff888004762100
             cat-5682    [000] .....    17.575073: ovldiag_open: (ovl_open+0xb2/0x100 <- ovl_open_realfile) result=0xffff888004467800
             cat-5686    [000] .....    17.576590: ovldiag_open: (ovl_open+0xb2/0x100 <- ovl_open_realfile) result=0xffff888004720f00
             cat-5689    [000] .....    17.578389: ovldiag_open: (ovl_open+0xb2/0x100 <- ovl_open_realfile) result=0xffff888004762300
              dd-5688    [001] .....    17.579929: ovldiag_open: (ovl_open+0xb2/0x100 <- ovl_open_realfile) result=0xffff88800e323000
              dd-5688    [001] .....    17.579957: ovldiag_ensure: (ovl_write_iter+0xaf/0x130 <- ovl_ensure_upper_and_switch) result=0x0
              dd-5688    [001] .....    17.579973: ovldiag_write: (ovl_write_iter+0x10c/0x130 <- backing_file_write_iter) result=0x1000
              dd-5694    [000] .....    17.583155: ovldiag_open: (ovl_open+0xb2/0x100 <- ovl_open_realfile) result=0xffff888004467300
              dd-5694    [000] .....    17.583185: ovldiag_ensure: (ovl_write_iter+0xaf/0x130 <- ovl_ensure_upper_and_switch) result=0x0
              dd-5694    [000] .....    17.583202: ovldiag_write: (ovl_write_iter+0x10c/0x130 <- backing_file_write_iter) result=0x1000
              dd-5698    [001] .....    17.585156: ovldiag_open: (ovl_open+0xb2/0x100 <- ovl_open_realfile) result=0xffff88800720dc00
              dd-5698    [001] .....    17.585183: ovldiag_ensure: (ovl_write_iter+0xaf/0x130 <- ovl_ensure_upper_and_switch) result=0x0
              dd-5698    [001] .....    17.585202: ovldiag_write: (ovl_write_iter+0x10c/0x130 <- backing_file_write_iter) result=0x1000
             cat-5699    [000] .....    17.585242: ovldiag_open: (ovl_open+0xb2/0x100 <- ovl_open_realfile) result=0xffff888007281700
             cat-5703    [001] .....    17.587555: ovldiag_open: (ovl_open+0xb2/0x100 <- ovl_open_realfile) result=0xffff8880071cc200
              dd-5701    [000] .....    17.588465: ovldiag_open: (ovl_open+0xb2/0x100 <- ovl_open_realfile) result=0xffff888006003100
              dd-5701    [000] .....    17.588500: ovldiag_ensure: (ovl_write_iter+0xaf/0x130 <- ovl_ensure_upper_and_switch) result=0x0
              dd-5701    [000] .....    17.588515: ovldiag_write: (ovl_write_iter+0x10c/0x130 <- backing_file_write_iter) result=0x1000
             cat-5706    [000] .....    17.591151: ovldiag_open: (ovl_open+0xb2/0x100 <- ovl_open_realfile) result=0xffff88800e261b00
             cat-5708    [001] .....    17.591976: ovldiag_open: (ovl_open+0xb2/0x100 <- ovl_open_realfile) result=0xffff88800d96bd00
              dd-5712    [000] .....    17.593906: ovldiag_open: (ovl_open+0xb2/0x100 <- ovl_open_realfile) result=0xffff88800720b100
              dd-5712    [000] .....    17.593933: ovldiag_ensure: (ovl_write_iter+0xaf/0x130 <- ovl_ensure_upper_and_switch) result=0x0
              dd-5712    [000] .....    17.593949: ovldiag_write: (ovl_write_iter+0x10c/0x130 <- backing_file_write_iter) result=0x1000
             cat-5717    [001] .....    17.596488: ovldiag_open: (ovl_open+0xb2/0x100 <- ovl_open_realfile) result=0xffff88800e3dc500
              dd-5720    [001] .....    17.598257: ovldiag_open: (ovl_open+0xb2/0x100 <- ovl_open_realfile) result=0xffff88800daada00
              dd-5720    [001] .....    17.598304: ovldiag_ensure: (ovl_write_iter+0xaf/0x130 <- ovl_ensure_upper_and_switch) result=0x0
              dd-5720    [001] .....    17.598321: ovldiag_write: (ovl_write_iter+0x10c/0x130 <- backing_file_write_iter) result=0x1000
             cat-5716    [000] .....    17.598413: ovldiag_open: (ovl_open+0xb2/0x100 <- ovl_open_realfile) result=0xffff88800471da00
              dd-5719    [001] .....    17.599093: ovldiag_open: (ovl_open+0xb2/0x100 <- ovl_open_realfile) result=0xffff8880089f3a00
              dd-5719    [001] .....    17.599118: ovldiag_ensure: (ovl_write_iter+0xaf/0x130 <- ovl_ensure_upper_and_switch) result=0x0
              dd-5719    [001] .....    17.599130: ovldiag_write: (ovl_write_iter+0x10c/0x130 <- backing_file_write_iter) result=0x1000
             cat-5725    [000] .....    17.602334: ovldiag_open: (ovl_open+0xb2/0x100 <- ovl_open_realfile) result=0xffff888003f11200
             cat-5726    [001] .....    17.602652: ovldiag_open: (ovl_open+0xb2/0x100 <- ovl_open_realfile) result=0xffff8880046c6f00
              dd-5727    [001] .....    17.603669: ovldiag_open: (ovl_open+0xb2/0x100 <- ovl_open_realfile) result=0xffff88800e480700
              dd-5727    [001] .....    17.603696: ovldiag_ensure: (ovl_write_iter+0xaf/0x130 <- ovl_ensure_upper_and_switch) result=0x0
              dd-5727    [001] .....    17.603712: ovldiag_write: (ovl_write_iter+0x10c/0x130 <- backing_file_write_iter) result=0x1000
             cat-5733    [000] .....    17.607101: ovldiag_open: (ovl_open+0xb2/0x100 <- ovl_open_realfile) result=0xffff88800e25a900
              dd-5735    [001] .....    17.608512: ovldiag_open: (ovl_open+0xb2/0x100 <- ovl_open_realfile) result=0xffff88800471d300
              dd-5735    [001] .....    17.608543: ovldiag_ensure: (ovl_write_iter+0xaf/0x130 <- ovl_ensure_upper_and_switch) result=0x0
              dd-5735    [001] .....    17.608561: ovldiag_write: (ovl_write_iter+0x10c/0x130 <- backing_file_write_iter) result=0x1000
             cat-5739    [001] .....    17.611019: ovldiag_open: (ovl_open+0xb2/0x100 <- ovl_open_realfile) result=0xffff8880072ed800
              dd-5741    [001] .....    17.612440: ovldiag_open: (ovl_open+0xb2/0x100 <- ovl_open_realfile) result=0xffff888003f01e00
              dd-5741    [001] .....    17.612471: ovldiag_ensure: (ovl_write_iter+0xaf/0x130 <- ovl_ensure_upper_and_switch) result=0x0
              dd-5741    [001] .....    17.612487: ovldiag_write: (ovl_write_iter+0x10c/0x130 <- backing_file_write_iter) result=0x1000
             cat-5742    [000] .....    17.612582: ovldiag_open: (ovl_open+0xb2/0x100 <- ovl_open_realfile) result=0xffff8880061d0600
              dd-5740    [000] .....    17.613012: ovldiag_open: (ovl_open+0xb2/0x100 <- ovl_open_realfile) result=0xffff88800e3dc900
              dd-5740    [000] .....    17.613041: ovldiag_ensure: (ovl_write_iter+0xaf/0x130 <- ovl_ensure_upper_and_switch) result=0x0
              dd-5740    [000] .....    17.613056: ovldiag_write: (ovl_write_iter+0x10c/0x130 <- backing_file_write_iter) result=0x1000
             cat-5744    [001] .....    17.613938: ovldiag_open: (ovl_open+0xb2/0x100 <- ovl_open_realfile) result=0xffff8880061ead00
             cat-5751    [001] .....    17.618726: ovldiag_open: (ovl_open+0xb2/0x100 <- ovl_open_realfile) result=0xffff88800713a100
              dd-5752    [000] .....    17.619210: ovldiag_open: (ovl_open+0xb2/0x100 <- ovl_open_realfile) result=0xffff8880061d0c00
              dd-5752    [000] .....    17.619239: ovldiag_ensure: (ovl_write_iter+0xaf/0x130 <- ovl_ensure_upper_and_switch) result=0x0
              dd-5752    [000] .....    17.619256: ovldiag_write: (ovl_write_iter+0x10c/0x130 <- backing_file_write_iter) result=0x1000
              dd-5756    [000] .....    17.621547: ovldiag_open: (ovl_open+0xb2/0x100 <- ovl_open_realfile) result=0xffff88800e339900
              dd-5756    [000] .....    17.621575: ovldiag_ensure: (ovl_write_iter+0xaf/0x130 <- ovl_ensure_upper_and_switch) result=0x0
              dd-5756    [000] .....    17.621591: ovldiag_write: (ovl_write_iter+0x10c/0x130 <- backing_file_write_iter) result=0x1000
             cat-5759    [001] .....    17.624098: ovldiag_open: (ovl_open+0xb2/0x100 <- ovl_open_realfile) result=0xffff8880089e7a00
             cat-5760    [000] .....    17.624414: ovldiag_open: (ovl_open+0xb2/0x100 <- ovl_open_realfile) result=0xffff88800d9f1100
             cat-5763    [001] .....    17.627498: ovldiag_open: (ovl_open+0xb2/0x100 <- ovl_open_realfile) result=0xffff888008ab8000
              dd-5764    [000] .....    17.628426: ovldiag_open: (ovl_open+0xb2/0x100 <- ovl_open_realfile) result=0xffff8880046e3900
              dd-5764    [000] .....    17.628460: ovldiag_ensure: (ovl_write_iter+0xaf/0x130 <- ovl_ensure_upper_and_switch) result=0x0
              dd-5764    [000] .....    17.628475: ovldiag_write: (ovl_write_iter+0x10c/0x130 <- backing_file_write_iter) result=0x1000
             cat-5770    [000] .....    17.629850: ovldiag_open: (ovl_open+0xb2/0x100 <- ovl_open_realfile) result=0xffff8880072ed100
              dd-5765    [001] .....    17.630409: ovldiag_open: (ovl_open+0xb2/0x100 <- ovl_open_realfile) result=0xffff8880046c6f00
              dd-5765    [001] .....    17.630439: ovldiag_ensure: (ovl_write_iter+0xaf/0x130 <- ovl_ensure_upper_and_switch) result=0x0
              dd-5765    [001] .....    17.630455: ovldiag_write: (ovl_write_iter+0x10c/0x130 <- backing_file_write_iter) result=0x1000
              dd-5772    [000] .....    17.632561: ovldiag_open: (ovl_open+0xb2/0x100 <- ovl_open_realfile) result=0xffff888004762900
              dd-5772    [000] .....    17.632589: ovldiag_ensure: (ovl_write_iter+0xaf/0x130 <- ovl_ensure_upper_and_switch) result=0x0
              dd-5772    [000] .....    17.632604: ovldiag_write: (ovl_write_iter+0x10c/0x130 <- backing_file_write_iter) result=0x1000
              dd-5776    [001] .....    17.634480: ovldiag_open: (ovl_open+0xb2/0x100 <- ovl_open_realfile) result=0xffff88800471d300
              dd-5776    [001] .....    17.634506: ovldiag_ensure: (ovl_write_iter+0xaf/0x130 <- ovl_ensure_upper_and_switch) result=0x0
              dd-5776    [001] .....    17.634523: ovldiag_write: (ovl_write_iter+0x10c/0x130 <- backing_file_write_iter) result=0x1000
             cat-5778    [001] .....    17.635904: ovldiag_open: (ovl_open+0xb2/0x100 <- ovl_open_realfile) result=0xffff888004467b00
             cat-5781    [000] .....    17.638533: ovldiag_open: (ovl_open+0xb2/0x100 <- ovl_open_realfile) result=0xffff888004762400
             cat-5784    [000] .....    17.640049: ovldiag_open: (ovl_open+0xb2/0x100 <- ovl_open_realfile) result=0xffff888004798100
             cat-5787    [000] .....    17.642406: ovldiag_open: (ovl_open+0xb2/0x100 <- ovl_open_realfile) result=0xffff88800e4d7b00
              dd-5788    [001] .....    17.642891: ovldiag_open: (ovl_open+0xb2/0x100 <- ovl_open_realfile) result=0xffff888008a27100
              dd-5788    [001] .....    17.642921: ovldiag_ensure: (ovl_write_iter+0xaf/0x130 <- ovl_ensure_upper_and_switch) result=0x0
              dd-5788    [001] .....    17.642937: ovldiag_write: (ovl_write_iter+0x10c/0x130 <- backing_file_write_iter) result=0x1000
              dd-5792    [001] .....    17.644446: ovldiag_open: (ovl_open+0xb2/0x100 <- ovl_open_realfile) result=0xffff8880061d0e00
              dd-5792    [001] .....    17.644475: ovldiag_ensure: (ovl_write_iter+0xaf/0x130 <- ovl_ensure_upper_and_switch) result=0x0
              dd-5792    [001] .....    17.644490: ovldiag_write: (ovl_write_iter+0x10c/0x130 <- backing_file_write_iter) result=0x1000
             cat-5793    [001] .....    17.645745: ovldiag_open: (ovl_open+0xb2/0x100 <- ovl_open_realfile) result=0xffff88800727eb00
              dd-5798    [000] .....    17.648140: ovldiag_open: (ovl_open+0xb2/0x100 <- ovl_open_realfile) result=0xffff88800e5cd600
              dd-5798    [000] .....    17.648169: ovldiag_ensure: (ovl_write_iter+0xaf/0x130 <- ovl_ensure_upper_and_switch) result=0x0
              dd-5798    [000] .....    17.648186: ovldiag_write: (ovl_write_iter+0x10c/0x130 <- backing_file_write_iter) result=0x1000
              dd-5796    [001] .....    17.649242: ovldiag_open: (ovl_open+0xb2/0x100 <- ovl_open_realfile) result=0xffff88800e4d7100
              dd-5796    [001] .....    17.649273: ovldiag_ensure: (ovl_write_iter+0xaf/0x130 <- ovl_ensure_upper_and_switch) result=0x0
              dd-5796    [001] .....    17.649304: ovldiag_write: (ovl_write_iter+0x10c/0x130 <- backing_file_write_iter) result=0x1000
             cat-5799    [000] .....    17.650209: ovldiag_open: (ovl_open+0xb2/0x100 <- ovl_open_realfile) result=0xffff88800e49d700
             cat-5803    [001] .....    17.652191: ovldiag_open: (ovl_open+0xb2/0x100 <- ovl_open_realfile) result=0xffff888008a7cb00
             cat-5805    [000] .....    17.654374: ovldiag_open: (ovl_open+0xb2/0x100 <- ovl_open_realfile) result=0xffff88800e43b900
              dd-5810    [001] .....    17.656646: ovldiag_open: (ovl_open+0xb2/0x100 <- ovl_open_realfile) result=0xffff88800e46e700
              dd-5810    [001] .....    17.656673: ovldiag_ensure: (ovl_write_iter+0xaf/0x130 <- ovl_ensure_upper_and_switch) result=0x0
              dd-5810    [001] .....    17.656690: ovldiag_write: (ovl_write_iter+0x10c/0x130 <- backing_file_write_iter) result=0x1000
              dd-5813    [001] .....    17.658327: ovldiag_open: (ovl_open+0xb2/0x100 <- ovl_open_realfile) result=0xffff888008a7e100
              dd-5813    [001] .....    17.658353: ovldiag_ensure: (ovl_write_iter+0xaf/0x130 <- ovl_ensure_upper_and_switch) result=0x0
              dd-5813    [001] .....    17.658370: ovldiag_write: (ovl_write_iter+0x10c/0x130 <- backing_file_write_iter) result=0x1000
             cat-5814    [000] .....    17.659018: ovldiag_open: (ovl_open+0xb2/0x100 <- ovl_open_realfile) result=0xffff88800452c900
             cat-5817    [000] .....    17.660744: ovldiag_open: (ovl_open+0xb2/0x100 <- ovl_open_realfile) result=0xffff88800daade00
              dd-5818    [000] .....    17.661806: ovldiag_open: (ovl_open+0xb2/0x100 <- ovl_open_realfile) result=0xffff888008a6f300
              dd-5818    [000] .....    17.661833: ovldiag_ensure: (ovl_write_iter+0xaf/0x130 <- ovl_ensure_upper_and_switch) result=0x0
              dd-5818    [000] .....    17.661846: ovldiag_write: (ovl_write_iter+0x10c/0x130 <- backing_file_write_iter) result=0x1000
             cat-5820    [000] .....    17.663045: ovldiag_open: (ovl_open+0xb2/0x100 <- ovl_open_realfile) result=0xffff888007083400
              dd-5822    [001] .....    17.663264: ovldiag_open: (ovl_open+0xb2/0x100 <- ovl_open_realfile) result=0xffff8880061d0700
              dd-5822    [001] .....    17.663322: ovldiag_ensure: (ovl_write_iter+0xaf/0x130 <- ovl_ensure_upper_and_switch) result=0x0
              dd-5822    [001] .....    17.663339: ovldiag_write: (ovl_write_iter+0x10c/0x130 <- backing_file_write_iter) result=0x1000
             cat-5826    [000] .....    17.666202: ovldiag_open: (ovl_open+0xb2/0x100 <- ovl_open_realfile) result=0xffff888007317900
             cat-5828    [000] .....    17.668064: ovldiag_open: (ovl_open+0xb2/0x100 <- ovl_open_realfile) result=0xffff88800e460600
              dd-5831    [001] .....    17.669891: ovldiag_open: (ovl_open+0xb2/0x100 <- ovl_open_realfile) result=0xffff88800727a400
              dd-5831    [001] .....    17.669921: ovldiag_ensure: (ovl_write_iter+0xaf/0x130 <- ovl_ensure_upper_and_switch) result=0x0
              dd-5831    [001] .....    17.669938: ovldiag_write: (ovl_write_iter+0x10c/0x130 <- backing_file_write_iter) result=0x1000
              dd-5835    [000] .....    17.672275: ovldiag_open: (ovl_open+0xb2/0x100 <- ovl_open_realfile) result=0xffff88800e46e600
             cat-5836    [001] .....    17.673108: ovldiag_open: (ovl_open+0xb2/0x100 <- ovl_open_realfile) result=0xffff88800e5c1100
              dd-5835    [000] .....    17.673139: ovldiag_ensure: (ovl_write_iter+0xaf/0x130 <- ovl_ensure_upper_and_switch) result=0x0
              dd-5835    [000] .....    17.673158: ovldiag_write: (ovl_write_iter+0x10c/0x130 <- backing_file_write_iter) result=0x1000
             cat-5840    [001] .....    17.674881: ovldiag_open: (ovl_open+0xb2/0x100 <- ovl_open_realfile) result=0xffff88800720de00
              dd-5841    [000] .....    17.676238: ovldiag_open: (ovl_open+0xb2/0x100 <- ovl_open_realfile) result=0xffff888007083200
              dd-5841    [000] .....    17.676268: ovldiag_ensure: (ovl_write_iter+0xaf/0x130 <- ovl_ensure_upper_and_switch) result=0x0
              dd-5841    [000] .....    17.676296: ovldiag_write: (ovl_write_iter+0x10c/0x130 <- backing_file_write_iter) result=0x1000
             cat-5846    [001] .....    17.679267: ovldiag_open: (ovl_open+0xb2/0x100 <- ovl_open_realfile) result=0xffff88800d9f1500
              dd-5843    [000] .....    17.679606: ovldiag_open: (ovl_open+0xb2/0x100 <- ovl_open_realfile) result=0xffff888004762e00
              dd-5843    [000] .....    17.679636: ovldiag_ensure: (ovl_write_iter+0xaf/0x130 <- ovl_ensure_upper_and_switch) result=0x0
              dd-5843    [000] .....    17.679651: ovldiag_write: (ovl_write_iter+0x10c/0x130 <- backing_file_write_iter) result=0x1000
             cat-5848    [000] .....    17.681066: ovldiag_open: (ovl_open+0xb2/0x100 <- ovl_open_realfile) result=0xffff8880046c6c00
              dd-5852    [000] .....    17.682453: ovldiag_open: (ovl_open+0xb2/0x100 <- ovl_open_realfile) result=0xffff888004762200
              dd-5852    [000] .....    17.682483: ovldiag_ensure: (ovl_write_iter+0xaf/0x130 <- ovl_ensure_upper_and_switch) result=0x0
              dd-5852    [000] .....    17.682498: ovldiag_write: (ovl_write_iter+0x10c/0x130 <- backing_file_write_iter) result=0x1000
             cat-5856    [001] .....    17.685107: ovldiag_open: (ovl_open+0xb2/0x100 <- ovl_open_realfile) result=0xffff88800d9f1e00
              dd-5857    [000] .....    17.685661: ovldiag_open: (ovl_open+0xb2/0x100 <- ovl_open_realfile) result=0xffff88800e4dae00
              dd-5857    [000] .....    17.685691: ovldiag_ensure: (ovl_write_iter+0xaf/0x130 <- ovl_ensure_upper_and_switch) result=0x0
              dd-5857    [000] .....    17.685706: ovldiag_write: (ovl_write_iter+0x10c/0x130 <- backing_file_write_iter) result=0x1000
             cat-5859    [001] .....    17.687128: ovldiag_open: (ovl_open+0xb2/0x100 <- ovl_open_realfile) result=0xffff8880046f0f00
              dd-5863    [000] .....    17.690187: ovldiag_open: (ovl_open+0xb2/0x100 <- ovl_open_realfile) result=0xffff8880071ccc00
              dd-5863    [000] .....    17.690217: ovldiag_ensure: (ovl_write_iter+0xaf/0x130 <- ovl_ensure_upper_and_switch) result=0x0
              dd-5863    [000] .....    17.690233: ovldiag_write: (ovl_write_iter+0x10c/0x130 <- backing_file_write_iter) result=0x1000
             cat-5865    [001] .....    17.690350: ovldiag_open: (ovl_open+0xb2/0x100 <- ovl_open_realfile) result=0xffff8880046f0800
             cat-5868    [001] .....    17.693393: ovldiag_open: (ovl_open+0xb2/0x100 <- ovl_open_realfile) result=0xffff88800e515200
              dd-5869    [000] .....    17.693425: ovldiag_open: (ovl_open+0xb2/0x100 <- ovl_open_realfile) result=0xffff88800e52f900
              dd-5869    [000] .....    17.693452: ovldiag_ensure: (ovl_write_iter+0xaf/0x130 <- ovl_ensure_upper_and_switch) result=0x0
              dd-5869    [000] .....    17.693469: ovldiag_write: (ovl_write_iter+0x10c/0x130 <- backing_file_write_iter) result=0x1000
             cat-5875    [001] .....    17.697180: ovldiag_open: (ovl_open+0xb2/0x100 <- ovl_open_realfile) result=0xffff88800e2bf600
             cat-5876    [000] .....    17.697473: ovldiag_open: (ovl_open+0xb2/0x100 <- ovl_open_realfile) result=0xffff888004467400
              dd-5874    [001] .....    17.697606: ovldiag_open: (ovl_open+0xb2/0x100 <- ovl_open_realfile) result=0xffff88800e3cfb00
              dd-5874    [001] .....    17.697632: ovldiag_ensure: (ovl_write_iter+0xaf/0x130 <- ovl_ensure_upper_and_switch) result=0x0
              dd-5874    [001] .....    17.697649: ovldiag_write: (ovl_write_iter+0x10c/0x130 <- backing_file_write_iter) result=0x1000
              dd-5877    [000] .....    17.698956: ovldiag_open: (ovl_open+0xb2/0x100 <- ovl_open_realfile) result=0xffff88800e292900
              dd-5877    [000] .....    17.698983: ovldiag_ensure: (ovl_write_iter+0xaf/0x130 <- ovl_ensure_upper_and_switch) result=0x0
              dd-5877    [000] .....    17.699000: ovldiag_write: (ovl_write_iter+0x10c/0x130 <- backing_file_write_iter) result=0x1000
             cat-5884    [001] .....    17.702459: ovldiag_open: (ovl_open+0xb2/0x100 <- ovl_open_realfile) result=0xffff8880072ed100
             cat-5885    [000] .....    17.703883: ovldiag_open: (ovl_open+0xb2/0x100 <- ovl_open_realfile) result=0xffff888008a6fe00
              dd-5887    [001] .....    17.705022: ovldiag_open: (ovl_open+0xb2/0x100 <- ovl_open_realfile) result=0xffff8880046e3200
              dd-5887    [001] .....    17.705053: ovldiag_ensure: (ovl_write_iter+0xaf/0x130 <- ovl_ensure_upper_and_switch) result=0x0
              dd-5887    [001] .....    17.705070: ovldiag_write: (ovl_write_iter+0x10c/0x130 <- backing_file_write_iter) result=0x1000
              dd-5892    [000] .....    17.707447: ovldiag_open: (ovl_open+0xb2/0x100 <- ovl_open_realfile) result=0xffff88800e531900
              dd-5892    [000] .....    17.707474: ovldiag_ensure: (ovl_write_iter+0xaf/0x130 <- ovl_ensure_upper_and_switch) result=0x0
              dd-5892    [000] .....    17.707490: ovldiag_write: (ovl_write_iter+0x10c/0x130 <- backing_file_write_iter) result=0x1000
             cat-5893    [001] .....    17.708386: ovldiag_open: (ovl_open+0xb2/0x100 <- ovl_open_realfile) result=0xffff88800e3fe600
             cat-5896    [000] .....    17.709816: ovldiag_open: (ovl_open+0xb2/0x100 <- ovl_open_realfile) result=0xffff88800e3e7f00
              dd-5899    [001] .....    17.712252: ovldiag_open: (ovl_open+0xb2/0x100 <- ovl_open_realfile) result=0xffff88800713a100
              dd-5899    [001] .....    17.712280: ovldiag_ensure: (ovl_write_iter+0xaf/0x130 <- ovl_ensure_upper_and_switch) result=0x0
              dd-5899    [001] .....    17.712307: ovldiag_write: (ovl_write_iter+0x10c/0x130 <- backing_file_write_iter) result=0x1000
             cat-5901    [000] .....    17.713789: ovldiag_open: (ovl_open+0xb2/0x100 <- ovl_open_realfile) result=0xffff88800727ef00
             cat-5904    [001] .....    17.713967: ovldiag_open: (ovl_open+0xb2/0x100 <- ovl_open_realfile) result=0xffff88800471d700
              dd-5902    [000] .....    17.714892: ovldiag_open: (ovl_open+0xb2/0x100 <- ovl_open_realfile) result=0xffff888008ab8400
              dd-5902    [000] .....    17.714921: ovldiag_ensure: (ovl_write_iter+0xaf/0x130 <- ovl_ensure_upper_and_switch) result=0x0
              dd-5902    [000] .....    17.714936: ovldiag_write: (ovl_write_iter+0x10c/0x130 <- backing_file_write_iter) result=0x1000
             cat-5909    [001] .....    17.718218: ovldiag_open: (ovl_open+0xb2/0x100 <- ovl_open_realfile) result=0xffff8880061cc200
              dd-5910    [000] .....    17.719240: ovldiag_open: (ovl_open+0xb2/0x100 <- ovl_open_realfile) result=0xffff88800e2bf700
              dd-5910    [000] .....    17.719267: ovldiag_ensure: (ovl_write_iter+0xaf/0x130 <- ovl_ensure_upper_and_switch) result=0x0
             cat-5911    [000] .....    17.720668: ovldiag_open: (ovl_open+0xb2/0x100 <- ovl_open_realfile) result=0xffff888007024400
              dd-5910    [000] .....    17.722222: ovldiag_write: (ovl_write_iter+0x10c/0x130 <- backing_file_write_iter) result=0x1000
              dd-5914    [001] .....    17.722962: ovldiag_open: (ovl_open+0xb2/0x100 <- ovl_open_realfile) result=0xffff88800daad500
              dd-5914    [001] .....    17.722989: ovldiag_ensure: (ovl_write_iter+0xaf/0x130 <- ovl_ensure_upper_and_switch) result=0x0
              dd-5914    [001] .....    17.723007: ovldiag_write: (ovl_write_iter+0x10c/0x130 <- backing_file_write_iter) result=0x1000
             cat-5920    [000] .....    17.725893: ovldiag_open: (ovl_open+0xb2/0x100 <- ovl_open_realfile) result=0xffff8880047ffa00
              dd-5921    [001] .....    17.726619: ovldiag_open: (ovl_open+0xb2/0x100 <- ovl_open_realfile) result=0xffff888008a7c600
              dd-5921    [001] .....    17.726646: ovldiag_ensure: (ovl_write_iter+0xaf/0x130 <- ovl_ensure_upper_and_switch) result=0x0
              dd-5921    [001] .....    17.726663: ovldiag_write: (ovl_write_iter+0x10c/0x130 <- backing_file_write_iter) result=0x1000
             cat-5923    [001] .....    17.727942: ovldiag_open: (ovl_open+0xb2/0x100 <- ovl_open_realfile) result=0xffff88800720d800
              dd-5926    [000] .....    17.729468: ovldiag_open: (ovl_open+0xb2/0x100 <- ovl_open_realfile) result=0xffff888008a27f00
              dd-5926    [000] .....    17.729498: ovldiag_ensure: (ovl_write_iter+0xaf/0x130 <- ovl_ensure_upper_and_switch) result=0x0
              dd-5926    [000] .....    17.729514: ovldiag_write: (ovl_write_iter+0x10c/0x130 <- backing_file_write_iter) result=0x1000
             cat-5928    [001] .....    17.731189: ovldiag_open: (ovl_open+0xb2/0x100 <- ovl_open_realfile) result=0xffff88800e3cc400
             cat-5931    [000] .....    17.732726: ovldiag_open: (ovl_open+0xb2/0x100 <- ovl_open_realfile) result=0xffff88800e4cee00
              dd-5936    [000] .....    17.735621: ovldiag_open: (ovl_open+0xb2/0x100 <- ovl_open_realfile) result=0xffff888008a7c700
              dd-5936    [000] .....    17.735652: ovldiag_ensure: (ovl_write_iter+0xaf/0x130 <- ovl_ensure_upper_and_switch) result=0x0
              dd-5936    [000] .....    17.735669: ovldiag_write: (ovl_write_iter+0x10c/0x130 <- backing_file_write_iter) result=0x1000
              dd-5937    [001] .....    17.736828: ovldiag_open: (ovl_open+0xb2/0x100 <- ovl_open_realfile) result=0xffff88800471df00
              dd-5937    [001] .....    17.736858: ovldiag_ensure: (ovl_write_iter+0xaf/0x130 <- ovl_ensure_upper_and_switch) result=0x0
              dd-5937    [001] .....    17.736885: ovldiag_write: (ovl_write_iter+0x10c/0x130 <- backing_file_write_iter) result=0x1000
             cat-5939    [001] .....    17.738132: ovldiag_open: (ovl_open+0xb2/0x100 <- ovl_open_realfile) result=0xffff8880071cc500
             cat-5941    [000] .....    17.738218: ovldiag_open: (ovl_open+0xb2/0x100 <- ovl_open_realfile) result=0xffff88800e2bf900
              dd-5944    [000] .....    17.740542: ovldiag_open: (ovl_open+0xb2/0x100 <- ovl_open_realfile) result=0xffff888004467300
              dd-5944    [000] .....    17.740569: ovldiag_ensure: (ovl_write_iter+0xaf/0x130 <- ovl_ensure_upper_and_switch) result=0x0
              dd-5944    [000] .....    17.740584: ovldiag_write: (ovl_write_iter+0x10c/0x130 <- backing_file_write_iter) result=0x1000
             cat-5946    [001] .....    17.742212: ovldiag_open: (ovl_open+0xb2/0x100 <- ovl_open_realfile) result=0xffff8880071d1400
             cat-5948    [000] .....    17.744221: ovldiag_open: (ovl_open+0xb2/0x100 <- ovl_open_realfile) result=0xffff88800471d000
              dd-5950    [000] .....    17.745435: ovldiag_open: (ovl_open+0xb2/0x100 <- ovl_open_realfile) result=0xffff88800e261d00
              dd-5950    [000] .....    17.745465: ovldiag_ensure: (ovl_write_iter+0xaf/0x130 <- ovl_ensure_upper_and_switch) result=0x0
              dd-5950    [000] .....    17.745479: ovldiag_write: (ovl_write_iter+0x10c/0x130 <- backing_file_write_iter) result=0x1000
              dd-5955    [000] .....    17.748026: ovldiag_open: (ovl_open+0xb2/0x100 <- ovl_open_realfile) result=0xffff88800471d700
              dd-5955    [000] .....    17.748054: ovldiag_ensure: (ovl_write_iter+0xaf/0x130 <- ovl_ensure_upper_and_switch) result=0x0
              dd-5955    [000] .....    17.748070: ovldiag_write: (ovl_write_iter+0x10c/0x130 <- backing_file_write_iter) result=0x1000
             cat-5958    [001] .....    17.749736: ovldiag_open: (ovl_open+0xb2/0x100 <- ovl_open_realfile) result=0xffff888004762200
             cat-5959    [000] .....    17.750009: ovldiag_open: (ovl_open+0xb2/0x100 <- ovl_open_realfile) result=0xffff888007164500
             cat-5963    [001] .....    17.751543: ovldiag_open: (ovl_open+0xb2/0x100 <- ovl_open_realfile) result=0xffff888003f11000
              dd-5961    [001] .....    17.752415: ovldiag_open: (ovl_open+0xb2/0x100 <- ovl_open_realfile) result=0xffff88800d9f1900
              dd-5961    [001] .....    17.752444: ovldiag_ensure: (ovl_write_iter+0xaf/0x130 <- ovl_ensure_upper_and_switch) result=0x0
              dd-5961    [001] .....    17.752460: ovldiag_write: (ovl_write_iter+0x10c/0x130 <- backing_file_write_iter) result=0x1000
             cat-5969    [001] .....    17.756273: ovldiag_open: (ovl_open+0xb2/0x100 <- ovl_open_realfile) result=0xffff88800e547d00
              dd-5972    [001] .....    17.758216: ovldiag_open: (ovl_open+0xb2/0x100 <- ovl_open_realfile) result=0xffff8880089e7d00
              dd-5972    [001] .....    17.758246: ovldiag_ensure: (ovl_write_iter+0xaf/0x130 <- ovl_ensure_upper_and_switch) result=0x0
              dd-5972    [001] .....    17.758262: ovldiag_write: (ovl_write_iter+0x10c/0x130 <- backing_file_write_iter) result=0x1000
              dd-5970    [000] .....    17.758479: ovldiag_open: (ovl_open+0xb2/0x100 <- ovl_open_realfile) result=0xffff8880071ccc00
              dd-5970    [000] .....    17.758508: ovldiag_ensure: (ovl_write_iter+0xaf/0x130 <- ovl_ensure_upper_and_switch) result=0x0
              dd-5970    [000] .....    17.758524: ovldiag_write: (ovl_write_iter+0x10c/0x130 <- backing_file_write_iter) result=0x1000
             cat-5976    [001] .....    17.761056: ovldiag_open: (ovl_open+0xb2/0x100 <- ovl_open_realfile) result=0xffff88800e53a100
              dd-5977    [000] .....    17.761353: ovldiag_open: (ovl_open+0xb2/0x100 <- ovl_open_realfile) result=0xffff88800713d000
              dd-5977    [000] .....    17.761379: ovldiag_ensure: (ovl_write_iter+0xaf/0x130 <- ovl_ensure_upper_and_switch) result=0x0
              dd-5977    [000] .....    17.761396: ovldiag_write: (ovl_write_iter+0x10c/0x130 <- backing_file_write_iter) result=0x1000
             cat-5979    [000] .....    17.763845: ovldiag_open: (ovl_open+0xb2/0x100 <- ovl_open_realfile) result=0xffff8880061ea700
             cat-5981    [000] .....    17.764239: ovldiag_open: (ovl_open+0xb2/0x100 <- ovl_open_realfile) result=0xffff88800713d700
             cat-5985    [001] .....    17.765824: ovldiag_open: (ovl_open+0xb2/0x100 <- ovl_open_realfile) result=0xffff8880061d0400
              dd-5987    [000] .....    17.769505: ovldiag_open: (ovl_open+0xb2/0x100 <- ovl_open_realfile) result=0xffff8880061cc600
              dd-5987    [000] .....    17.769532: ovldiag_ensure: (ovl_write_iter+0xaf/0x130 <- ovl_ensure_upper_and_switch) result=0x0
              dd-5987    [000] .....    17.769549: ovldiag_write: (ovl_write_iter+0x10c/0x130 <- backing_file_write_iter) result=0x1000
             cat-5991    [001] .....    17.770946: ovldiag_open: (ovl_open+0xb2/0x100 <- ovl_open_realfile) result=0xffff88800e5bcf00
              dd-5993    [000] .....    17.771172: ovldiag_open: (ovl_open+0xb2/0x100 <- ovl_open_realfile) result=0xffff8880071d1400
              dd-5993    [000] .....    17.771201: ovldiag_ensure: (ovl_write_iter+0xaf/0x130 <- ovl_ensure_upper_and_switch) result=0x0
              dd-5993    [000] .....    17.771217: ovldiag_write: (ovl_write_iter+0x10c/0x130 <- backing_file_write_iter) result=0x1000
              dd-5995    [001] .....    17.774012: ovldiag_open: (ovl_open+0xb2/0x100 <- ovl_open_realfile) result=0xffff8880061cc100
              dd-5995    [001] .....    17.774045: ovldiag_ensure: (ovl_write_iter+0xaf/0x130 <- ovl_ensure_upper_and_switch) result=0x0
              dd-5995    [001] .....    17.774061: ovldiag_write: (ovl_write_iter+0x10c/0x130 <- backing_file_write_iter) result=0x1000
             cat-5998    [001] .....    17.775363: ovldiag_open: (ovl_open+0xb2/0x100 <- ovl_open_realfile) result=0xffff888008a7c600
             cat-6001    [001] .....    17.776739: ovldiag_open: (ovl_open+0xb2/0x100 <- ovl_open_realfile) result=0xffff88800447b500
              dd-6000    [000] .....    17.776781: ovldiag_open: (ovl_open+0xb2/0x100 <- ovl_open_realfile) result=0xffff888007317c00
              dd-6000    [000] .....    17.776811: ovldiag_ensure: (ovl_write_iter+0xaf/0x130 <- ovl_ensure_upper_and_switch) result=0x0
              dd-6000    [000] .....    17.776827: ovldiag_write: (ovl_write_iter+0x10c/0x130 <- backing_file_write_iter) result=0x1000
             cat-6002    [001] .....    17.777773: ovldiag_open: (ovl_open+0xb2/0x100 <- ovl_open_realfile) result=0xffff88800452cb00
             cat-6008    [000] .....    17.780835: ovldiag_open: (ovl_open+0xb2/0x100 <- ovl_open_realfile) result=0xffff88800daad500
              dd-6013    [000] .....    17.784564: ovldiag_open: (ovl_open+0xb2/0x100 <- ovl_open_realfile) result=0xffff88800da03200
              dd-6013    [000] .....    17.784593: ovldiag_ensure: (ovl_write_iter+0xaf/0x130 <- ovl_ensure_upper_and_switch) result=0x0
              dd-6013    [000] .....    17.784610: ovldiag_write: (ovl_write_iter+0x10c/0x130 <- backing_file_write_iter) result=0x1000
              dd-6014    [001] .....    17.784901: ovldiag_open: (ovl_open+0xb2/0x100 <- ovl_open_realfile) result=0xffff88800e5bc700
              dd-6014    [001] .....    17.784929: ovldiag_ensure: (ovl_write_iter+0xaf/0x130 <- ovl_ensure_upper_and_switch) result=0x0
              dd-6014    [001] .....    17.784947: ovldiag_write: (ovl_write_iter+0x10c/0x130 <- backing_file_write_iter) result=0x1000
              dd-6017    [000] .....    17.786864: ovldiag_open: (ovl_open+0xb2/0x100 <- ovl_open_realfile) result=0xffff88800da03d00
              dd-6017    [000] .....    17.786904: ovldiag_ensure: (ovl_write_iter+0xaf/0x130 <- ovl_ensure_upper_and_switch) result=0x0
              dd-6017    [000] .....    17.786919: ovldiag_write: (ovl_write_iter+0x10c/0x130 <- backing_file_write_iter) result=0x1000
             cat-6018    [001] .....    17.787516: ovldiag_open: (ovl_open+0xb2/0x100 <- ovl_open_realfile) result=0xffff88800720b900
             cat-6020    [001] .....    17.788834: ovldiag_open: (ovl_open+0xb2/0x100 <- ovl_open_realfile) result=0xffff888003f11a00
             cat-6022    [001] .....    17.790133: ovldiag_open: (ovl_open+0xb2/0x100 <- ovl_open_realfile) result=0xffff8880071ccb00
              dd-6023    [000] .....    17.790942: ovldiag_open: (ovl_open+0xb2/0x100 <- ovl_open_realfile) result=0xffff888003f01c00
              dd-6023    [000] .....    17.790972: ovldiag_ensure: (ovl_write_iter+0xaf/0x130 <- ovl_ensure_upper_and_switch) result=0x0
              dd-6023    [000] .....    17.790987: ovldiag_write: (ovl_write_iter+0x10c/0x130 <- backing_file_write_iter) result=0x1000
             cat-6026    [001] .....    17.793524: ovldiag_open: (ovl_open+0xb2/0x100 <- ovl_open_realfile) result=0xffff888008a7ce00
              dd-6032    [001] .....    17.797353: ovldiag_open: (ovl_open+0xb2/0x100 <- ovl_open_realfile) result=0xffff88800e274400
              dd-6032    [001] .....    17.797381: ovldiag_ensure: (ovl_write_iter+0xaf/0x130 <- ovl_ensure_upper_and_switch) result=0x0
              dd-6032    [001] .....    17.797398: ovldiag_write: (ovl_write_iter+0x10c/0x130 <- backing_file_write_iter) result=0x1000
              dd-6034    [001] .....    17.798460: ovldiag_open: (ovl_open+0xb2/0x100 <- ovl_open_realfile) result=0xffff888004720700
              dd-6034    [001] .....    17.798488: ovldiag_ensure: (ovl_write_iter+0xaf/0x130 <- ovl_ensure_upper_and_switch) result=0x0
              dd-6034    [001] .....    17.798500: ovldiag_write: (ovl_write_iter+0x10c/0x130 <- backing_file_write_iter) result=0x1000
             cat-6035    [000] .....    17.798766: ovldiag_open: (ovl_open+0xb2/0x100 <- ovl_open_realfile) result=0xffff88800727e900
              dd-6036    [000] .....    17.799890: ovldiag_open: (ovl_open+0xb2/0x100 <- ovl_open_realfile) result=0xffff88800e239600
              dd-6036    [000] .....    17.799917: ovldiag_ensure: (ovl_write_iter+0xaf/0x130 <- ovl_ensure_upper_and_switch) result=0x0
              dd-6036    [000] .....    17.799933: ovldiag_write: (ovl_write_iter+0x10c/0x130 <- backing_file_write_iter) result=0x1000
             cat-6040    [001] .....    17.801747: ovldiag_open: (ovl_open+0xb2/0x100 <- ovl_open_realfile) result=0xffff888006003b00
             cat-6041    [000] .....    17.804863: ovldiag_open: (ovl_open+0xb2/0x100 <- ovl_open_realfile) result=0xffff88800e274300
             cat-6045    [000] .....    17.805418: ovldiag_open: (ovl_open+0xb2/0x100 <- ovl_open_realfile) result=0xffff8880046c6600
              dd-6048    [000] .....    17.807840: ovldiag_open: (ovl_open+0xb2/0x100 <- ovl_open_realfile) result=0xffff88800e143400
              dd-6048    [000] .....    17.807867: ovldiag_ensure: (ovl_write_iter+0xaf/0x130 <- ovl_ensure_upper_and_switch) result=0x0
              dd-6048    [000] .....    17.807894: ovldiag_write: (ovl_write_iter+0x10c/0x130 <- backing_file_write_iter) result=0x1000
             cat-6053    [000] .....    17.810441: ovldiag_open: (ovl_open+0xb2/0x100 <- ovl_open_realfile) result=0xffff88800e4c6700
             cat-6054    [001] .....    17.811398: ovldiag_open: (ovl_open+0xb2/0x100 <- ovl_open_realfile) result=0xffff888004720f00
              dd-6056    [001] .....    17.812637: ovldiag_open: (ovl_open+0xb2/0x100 <- ovl_open_realfile) result=0xffff8880046c6c00
              dd-6056    [001] .....    17.812664: ovldiag_ensure: (ovl_write_iter+0xaf/0x130 <- ovl_ensure_upper_and_switch) result=0x0
              dd-6056    [001] .....    17.812681: ovldiag_write: (ovl_write_iter+0x10c/0x130 <- backing_file_write_iter) result=0x1000
              dd-6057    [001] .....    17.814940: ovldiag_open: (ovl_open+0xb2/0x100 <- ovl_open_realfile) result=0xffff88800e143600
              dd-6057    [001] .....    17.814967: ovldiag_ensure: (ovl_write_iter+0xaf/0x130 <- ovl_ensure_upper_and_switch) result=0x0
              dd-6057    [001] .....    17.814982: ovldiag_write: (ovl_write_iter+0x10c/0x130 <- backing_file_write_iter) result=0x1000
              dd-6061    [001] .....    17.815957: ovldiag_open: (ovl_open+0xb2/0x100 <- ovl_open_realfile) result=0xffff8880061cc200
              dd-6061    [001] .....    17.815985: ovldiag_ensure: (ovl_write_iter+0xaf/0x130 <- ovl_ensure_upper_and_switch) result=0x0
              dd-6061    [001] .....    17.815997: ovldiag_write: (ovl_write_iter+0x10c/0x130 <- backing_file_write_iter) result=0x1000
             cat-6062    [000] .....    17.816973: ovldiag_open: (ovl_open+0xb2/0x100 <- ovl_open_realfile) result=0xffff88800d8e6400
             cat-6063    [000] .....    17.818608: ovldiag_open: (ovl_open+0xb2/0x100 <- ovl_open_realfile) result=0xffff888004467100
              dd-6069    [001] .....    17.820907: ovldiag_open: (ovl_open+0xb2/0x100 <- ovl_open_realfile) result=0xffff8880072edb00
              dd-6069    [001] .....    17.820937: ovldiag_ensure: (ovl_write_iter+0xaf/0x130 <- ovl_ensure_upper_and_switch) result=0x0
              dd-6069    [001] .....    17.820953: ovldiag_write: (ovl_write_iter+0x10c/0x130 <- backing_file_write_iter) result=0x1000
             cat-6072    [001] .....    17.822749: ovldiag_open: (ovl_open+0xb2/0x100 <- ovl_open_realfile) result=0xffff888007083d00
             cat-6074    [000] .....    17.823794: ovldiag_open: (ovl_open+0xb2/0x100 <- ovl_open_realfile) result=0xffff88800e32a500
              dd-6076    [001] .....    17.825275: ovldiag_open: (ovl_open+0xb2/0x100 <- ovl_open_realfile) result=0xffff8880046c6d00
              dd-6076    [001] .....    17.825329: ovldiag_ensure: (ovl_write_iter+0xaf/0x130 <- ovl_ensure_upper_and_switch) result=0x0
              dd-6076    [001] .....    17.825346: ovldiag_write: (ovl_write_iter+0x10c/0x130 <- backing_file_write_iter) result=0x1000
             cat-6081    [000] .....    17.827907: ovldiag_open: (ovl_open+0xb2/0x100 <- ovl_open_realfile) result=0xffff888008a6f900
             cat-6082    [001] .....    17.828696: ovldiag_open: (ovl_open+0xb2/0x100 <- ovl_open_realfile) result=0xffff888007317300
              dd-6086    [000] .....    17.831184: ovldiag_open: (ovl_open+0xb2/0x100 <- ovl_open_realfile) result=0xffff8880046f0900
              dd-6086    [000] .....    17.831211: ovldiag_ensure: (ovl_write_iter+0xaf/0x130 <- ovl_ensure_upper_and_switch) result=0x0
              dd-6086    [000] .....    17.831227: ovldiag_write: (ovl_write_iter+0x10c/0x130 <- backing_file_write_iter) result=0x1000
              dd-6085    [001] .....    17.831722: ovldiag_open: (ovl_open+0xb2/0x100 <- ovl_open_realfile) result=0xffff888008a27400
              dd-6085    [001] .....    17.831751: ovldiag_ensure: (ovl_write_iter+0xaf/0x130 <- ovl_ensure_upper_and_switch) result=0x0
              dd-6085    [001] .....    17.831768: ovldiag_write: (ovl_write_iter+0x10c/0x130 <- backing_file_write_iter) result=0x1000
             cat-6091    [001] .....    17.834115: ovldiag_open: (ovl_open+0xb2/0x100 <- ovl_open_realfile) result=0xffff88800720d300
             cat-6092    [000] .....    17.834750: ovldiag_open: (ovl_open+0xb2/0x100 <- ovl_open_realfile) result=0xffff888004762e00
              dd-6093    [000] .....    17.835994: ovldiag_open: (ovl_open+0xb2/0x100 <- ovl_open_realfile) result=0xffff88800452c400
              dd-6093    [000] .....    17.836021: ovldiag_ensure: (ovl_write_iter+0xaf/0x130 <- ovl_ensure_upper_and_switch) result=0x0
              dd-6093    [000] .....    17.836037: ovldiag_write: (ovl_write_iter+0x10c/0x130 <- backing_file_write_iter) result=0x1000
              dd-6100    [001] .....    17.839240: ovldiag_open: (ovl_open+0xb2/0x100 <- ovl_open_realfile) result=0xffff888004434600
              dd-6100    [001] .....    17.839268: ovldiag_ensure: (ovl_write_iter+0xaf/0x130 <- ovl_ensure_upper_and_switch) result=0x0
              dd-6100    [001] .....    17.839308: ovldiag_write: (ovl_write_iter+0x10c/0x130 <- backing_file_write_iter) result=0x1000
             cat-6098    [000] .....    17.839589: ovldiag_open: (ovl_open+0xb2/0x100 <- ovl_open_realfile) result=0xffff88800daad800
             cat-6101    [000] .....    17.840612: ovldiag_open: (ovl_open+0xb2/0x100 <- ovl_open_realfile) result=0xffff88800452c200
              dd-6108    [000] .....    17.844306: ovldiag_open: (ovl_open+0xb2/0x100 <- ovl_open_realfile) result=0xffff88800e534a00
              dd-6108    [000] .....    17.844336: ovldiag_ensure: (ovl_write_iter+0xaf/0x130 <- ovl_ensure_upper_and_switch) result=0x0
              dd-6108    [000] .....    17.844352: ovldiag_write: (ovl_write_iter+0x10c/0x130 <- backing_file_write_iter) result=0x1000
             cat-6106    [001] .....    17.844892: ovldiag_open: (ovl_open+0xb2/0x100 <- ovl_open_realfile) result=0xffff88800e3efe00
             cat-6110    [000] .....    17.845708: ovldiag_open: (ovl_open+0xb2/0x100 <- ovl_open_realfile) result=0xffff88800d9f1e00
              dd-6113    [001] .....    17.848451: ovldiag_open: (ovl_open+0xb2/0x100 <- ovl_open_realfile) result=0xffff888004415300
              dd-6113    [001] .....    17.848481: ovldiag_ensure: (ovl_write_iter+0xaf/0x130 <- ovl_ensure_upper_and_switch) result=0x0
              dd-6113    [001] .....    17.848497: ovldiag_write: (ovl_write_iter+0x10c/0x130 <- backing_file_write_iter) result=0x1000
              dd-6115    [000] .....    17.849567: ovldiag_open: (ovl_open+0xb2/0x100 <- ovl_open_realfile) result=0xffff88800e31de00
              dd-6115    [000] .....    17.849596: ovldiag_ensure: (ovl_write_iter+0xaf/0x130 <- ovl_ensure_upper_and_switch) result=0x0
              dd-6115    [000] .....    17.849612: ovldiag_write: (ovl_write_iter+0x10c/0x130 <- backing_file_write_iter) result=0x1000
             cat-6118    [000] .....    17.851843: ovldiag_open: (ovl_open+0xb2/0x100 <- ovl_open_realfile) result=0xffff8880072edd00
             cat-6120    [001] .....    17.852059: ovldiag_open: (ovl_open+0xb2/0x100 <- ovl_open_realfile) result=0xffff88800e439600
              dd-6121    [000] .....    17.854714: ovldiag_open: (ovl_open+0xb2/0x100 <- ovl_open_realfile) result=0xffff888008ab8600
              dd-6121    [000] .....    17.854744: ovldiag_ensure: (ovl_write_iter+0xaf/0x130 <- ovl_ensure_upper_and_switch) result=0x0
              dd-6121    [000] .....    17.854759: ovldiag_write: (ovl_write_iter+0x10c/0x130 <- backing_file_write_iter) result=0x1000
             cat-6127    [000] .....    17.856369: ovldiag_open: (ovl_open+0xb2/0x100 <- ovl_open_realfile) result=0xffff8880046e3200
             cat-6128    [001] .....    17.857165: ovldiag_open: (ovl_open+0xb2/0x100 <- ovl_open_realfile) result=0xffff8880061cc200
              dd-6129    [000] .....    17.858225: ovldiag_open: (ovl_open+0xb2/0x100 <- ovl_open_realfile) result=0xffff88800e49fe00
              dd-6129    [000] .....    17.858252: ovldiag_ensure: (ovl_write_iter+0xaf/0x130 <- ovl_ensure_upper_and_switch) result=0x0
              dd-6129    [000] .....    17.858268: ovldiag_write: (ovl_write_iter+0x10c/0x130 <- backing_file_write_iter) result=0x1000
             cat-6135    [000] .....    17.862130: ovldiag_open: (ovl_open+0xb2/0x100 <- ovl_open_realfile) result=0xffff88800e2f1600
              dd-6137    [001] .n...    17.862321: ovldiag_open: (ovl_open+0xb2/0x100 <- ovl_open_realfile) result=0xffff8880061d0500
              dd-6136    [001] .....    17.863081: ovldiag_open: (ovl_open+0xb2/0x100 <- ovl_open_realfile) result=0xffff888007317300
              dd-6136    [001] .....    17.863109: ovldiag_ensure: (ovl_write_iter+0xaf/0x130 <- ovl_ensure_upper_and_switch) result=0x0
              dd-6136    [001] .....    17.863125: ovldiag_write: (ovl_write_iter+0x10c/0x130 <- backing_file_write_iter) result=0x1000
             cat-6138    [001] .....    17.864151: ovldiag_open: (ovl_open+0xb2/0x100 <- ovl_open_realfile) result=0xffff88800e460a00
              dd-6137    [000] .....    17.864261: ovldiag_ensure: (ovl_write_iter+0xaf/0x130 <- ovl_ensure_upper_and_switch) result=0x0
              dd-6137    [000] .....    17.864279: ovldiag_write: (ovl_write_iter+0x10c/0x130 <- backing_file_write_iter) result=0x1000
              dd-6144    [001] .....    17.867461: ovldiag_open: (ovl_open+0xb2/0x100 <- ovl_open_realfile) result=0xffff88800e50cb00
              dd-6144    [001] .....    17.867491: ovldiag_ensure: (ovl_write_iter+0xaf/0x130 <- ovl_ensure_upper_and_switch) result=0x0
              dd-6144    [001] .....    17.867507: ovldiag_write: (ovl_write_iter+0x10c/0x130 <- backing_file_write_iter) result=0x1000
             cat-6145    [000] .....    17.868245: ovldiag_open: (ovl_open+0xb2/0x100 <- ovl_open_realfile) result=0xffff888007164c00
             cat-6146    [000] .....    17.869191: ovldiag_open: (ovl_open+0xb2/0x100 <- ovl_open_realfile) result=0xffff88800423d000
              dd-6150    [001] .....    17.871657: ovldiag_open: (ovl_open+0xb2/0x100 <- ovl_open_realfile) result=0xffff88800447ba00
              dd-6150    [001] .....    17.871687: ovldiag_ensure: (ovl_write_iter+0xaf/0x130 <- ovl_ensure_upper_and_switch) result=0x0
              dd-6150    [001] .....    17.871704: ovldiag_write: (ovl_write_iter+0x10c/0x130 <- backing_file_write_iter) result=0x1000
             cat-6153    [000] .....    17.873422: ovldiag_open: (ovl_open+0xb2/0x100 <- ovl_open_realfile) result=0xffff88800e2f1000
             cat-6157    [001] .....    17.875831: ovldiag_open: (ovl_open+0xb2/0x100 <- ovl_open_realfile) result=0xffff88800727af00
              dd-6160    [000] .....    17.877230: ovldiag_open: (ovl_open+0xb2/0x100 <- ovl_open_realfile) result=0xffff8880061ea500
              dd-6160    [000] .....    17.877258: ovldiag_ensure: (ovl_write_iter+0xaf/0x130 <- ovl_ensure_upper_and_switch) result=0x0
              dd-6160    [000] .....    17.877274: ovldiag_write: (ovl_write_iter+0x10c/0x130 <- backing_file_write_iter) result=0x1000
             cat-6164    [001] .....    17.878892: ovldiag_open: (ovl_open+0xb2/0x100 <- ovl_open_realfile) result=0xffff88800e2fd600
              dd-6163    [000] .....    17.880010: ovldiag_open: (ovl_open+0xb2/0x100 <- ovl_open_realfile) result=0xffff88800e192500
              dd-6163    [000] .....    17.880037: ovldiag_ensure: (ovl_write_iter+0xaf/0x130 <- ovl_ensure_upper_and_switch) result=0x0
              dd-6163    [000] .....    17.880053: ovldiag_write: (ovl_write_iter+0x10c/0x130 <- backing_file_write_iter) result=0x1000
             cat-6166    [001] .....    17.881171: ovldiag_open: (ovl_open+0xb2/0x100 <- ovl_open_realfile) result=0xffff88800e4de100
              dd-6165    [000] .....    17.882120: ovldiag_open: (ovl_open+0xb2/0x100 <- ovl_open_realfile) result=0xffff88800e50ce00
              dd-6165    [000] .....    17.882150: ovldiag_ensure: (ovl_write_iter+0xaf/0x130 <- ovl_ensure_upper_and_switch) result=0x0
              dd-6165    [000] .....    17.882166: ovldiag_write: (ovl_write_iter+0x10c/0x130 <- backing_file_write_iter) result=0x1000
             cat-6169    [001] .....    17.883230: ovldiag_open: (ovl_open+0xb2/0x100 <- ovl_open_realfile) result=0xffff8880061cc300
              dd-6173    [000] .....    17.885493: ovldiag_open: (ovl_open+0xb2/0x100 <- ovl_open_realfile) result=0xffff888007083300
              dd-6173    [000] .....    17.885520: ovldiag_ensure: (ovl_write_iter+0xaf/0x130 <- ovl_ensure_upper_and_switch) result=0x0
              dd-6173    [000] .....    17.885536: ovldiag_write: (ovl_write_iter+0x10c/0x130 <- backing_file_write_iter) result=0x1000
             cat-6175    [001] .....    17.887245: ovldiag_open: (ovl_open+0xb2/0x100 <- ovl_open_realfile) result=0xffff888008a6fb00
              dd-6181    [001] .....    17.891741: ovldiag_open: (ovl_open+0xb2/0x100 <- ovl_open_realfile) result=0xffff8880061d0900
              dd-6181    [001] .....    17.891772: ovldiag_ensure: (ovl_write_iter+0xaf/0x130 <- ovl_ensure_upper_and_switch) result=0x0
              dd-6181    [001] .....    17.891788: ovldiag_write: (ovl_write_iter+0x10c/0x130 <- backing_file_write_iter) result=0x1000
             cat-6182    [000] .....    17.892998: ovldiag_open: (ovl_open+0xb2/0x100 <- ovl_open_realfile) result=0xffff88800e137000
              dd-6184    [001] .....    17.893269: ovldiag_open: (ovl_open+0xb2/0x100 <- ovl_open_realfile) result=0xffff888008a7cb00
              dd-6184    [001] .....    17.893323: ovldiag_ensure: (ovl_write_iter+0xaf/0x130 <- ovl_ensure_upper_and_switch) result=0x0
              dd-6184    [001] .....    17.893339: ovldiag_write: (ovl_write_iter+0x10c/0x130 <- backing_file_write_iter) result=0x1000
              dd-6188    [000] .....    17.895960: ovldiag_open: (ovl_open+0xb2/0x100 <- ovl_open_realfile) result=0xffff888003cb6c00
              dd-6188    [000] .....    17.895988: ovldiag_ensure: (ovl_write_iter+0xaf/0x130 <- ovl_ensure_upper_and_switch) result=0x0
              dd-6188    [000] .....    17.896003: ovldiag_write: (ovl_write_iter+0x10c/0x130 <- backing_file_write_iter) result=0x1000
             cat-6187    [001] .....    17.896212: ovldiag_open: (ovl_open+0xb2/0x100 <- ovl_open_realfile) result=0xffff88800423dd00
             cat-6189    [000] .....    17.897388: ovldiag_open: (ovl_open+0xb2/0x100 <- ovl_open_realfile) result=0xffff8880072edb00
             cat-6192    [001] .....    17.897744: ovldiag_open: (ovl_open+0xb2/0x100 <- ovl_open_realfile) result=0xffff88800d8e6a00
              dd-6196    [000] .....    17.901308: ovldiag_open: (ovl_open+0xb2/0x100 <- ovl_open_realfile) result=0xffff888003f01f00
              dd-6196    [000] .....    17.901340: ovldiag_ensure: (ovl_write_iter+0xaf/0x130 <- ovl_ensure_upper_and_switch) result=0x0
              dd-6196    [000] .....    17.901356: ovldiag_write: (ovl_write_iter+0x10c/0x130 <- backing_file_write_iter) result=0x1000
              dd-6201    [001] .....    17.905268: ovldiag_open: (ovl_open+0xb2/0x100 <- ovl_open_realfile) result=0xffff88800e40e600
              dd-6201    [001] .....    17.905365: ovldiag_ensure: (ovl_write_iter+0xaf/0x130 <- ovl_ensure_upper_and_switch) result=0x0
              dd-6201    [001] .....    17.905392: ovldiag_write: (ovl_write_iter+0x10c/0x130 <- backing_file_write_iter) result=0x1000
             cat-6202    [000] .....    17.906126: ovldiag_open: (ovl_open+0xb2/0x100 <- ovl_open_realfile) result=0xffff88800720b400
              dd-6203    [001] .....    17.906712: ovldiag_open: (ovl_open+0xb2/0x100 <- ovl_open_realfile) result=0xffff8880089f3400
              dd-6203    [001] .....    17.906740: ovldiag_ensure: (ovl_write_iter+0xaf/0x130 <- ovl_ensure_upper_and_switch) result=0x0
              dd-6203    [001] .....    17.906757: ovldiag_write: (ovl_write_iter+0x10c/0x130 <- backing_file_write_iter) result=0x1000
             cat-6205    [001] .....    17.908202: ovldiag_open: (ovl_open+0xb2/0x100 <- ovl_open_realfile) result=0xffff888007164200
             cat-6208    [000] .....    17.911569: ovldiag_open: (ovl_open+0xb2/0x100 <- ovl_open_realfile) result=0xffff8880071ccb00
             cat-6210    [001] .....    17.912016: ovldiag_open: (ovl_open+0xb2/0x100 <- ovl_open_realfile) result=0xffff8880046e3700
              dd-6212    [001] .....    17.913101: ovldiag_open: (ovl_open+0xb2/0x100 <- ovl_open_realfile) result=0xffff88800d8e6700
              dd-6212    [001] .....    17.913131: ovldiag_ensure: (ovl_write_iter+0xaf/0x130 <- ovl_ensure_upper_and_switch) result=0x0
              dd-6212    [001] .....    17.913147: ovldiag_write: (ovl_write_iter+0x10c/0x130 <- backing_file_write_iter) result=0x1000
              dd-6217    [000] .....    17.916383: ovldiag_open: (ovl_open+0xb2/0x100 <- ovl_open_realfile) result=0xffff88800e1a5b00
              dd-6217    [000] .....    17.916411: ovldiag_ensure: (ovl_write_iter+0xaf/0x130 <- ovl_ensure_upper_and_switch) result=0x0
              dd-6217    [000] .....    17.916426: ovldiag_write: (ovl_write_iter+0x10c/0x130 <- backing_file_write_iter) result=0x1000
             cat-6220    [001] .....    17.918262: ovldiag_open: (ovl_open+0xb2/0x100 <- ovl_open_realfile) result=0xffff8880046c6400
             cat-6224    [000] .....    17.920250: ovldiag_open: (ovl_open+0xb2/0x100 <- ovl_open_realfile) result=0xffff88800d9f1900
              dd-6222    [000] .....    17.920727: ovldiag_open: (ovl_open+0xb2/0x100 <- ovl_open_realfile) result=0xffff88800d9f1300
              dd-6222    [000] .....    17.920766: ovldiag_ensure: (ovl_write_iter+0xaf/0x130 <- ovl_ensure_upper_and_switch) result=0x0
              dd-6222    [000] .....    17.920781: ovldiag_write: (ovl_write_iter+0x10c/0x130 <- backing_file_write_iter) result=0x1000
              dd-6226    [001] .....    17.921663: ovldiag_open: (ovl_open+0xb2/0x100 <- ovl_open_realfile) result=0xffff88800e52b300
              dd-6226    [001] .....    17.921691: ovldiag_ensure: (ovl_write_iter+0xaf/0x130 <- ovl_ensure_upper_and_switch) result=0x0
              dd-6226    [001] .....    17.921708: ovldiag_write: (ovl_write_iter+0x10c/0x130 <- backing_file_write_iter) result=0x1000
             cat-6231    [001] .....    17.924966: ovldiag_open: (ovl_open+0xb2/0x100 <- ovl_open_realfile) result=0xffff88800e4fdc00
             cat-6232    [000] .....    17.925472: ovldiag_open: (ovl_open+0xb2/0x100 <- ovl_open_realfile) result=0xffff88800d9f1300
              dd-6235    [000] .....    17.927226: ovldiag_open: (ovl_open+0xb2/0x100 <- ovl_open_realfile) result=0xffff88800e3d9e00
              dd-6235    [000] .....    17.927253: ovldiag_ensure: (ovl_write_iter+0xaf/0x130 <- ovl_ensure_upper_and_switch) result=0x0
              dd-6235    [000] .....    17.927269: ovldiag_write: (ovl_write_iter+0x10c/0x130 <- backing_file_write_iter) result=0x1000
              dd-6238    [000] .....    17.929216: ovldiag_open: (ovl_open+0xb2/0x100 <- ovl_open_realfile) result=0xffff88800e52b600
              dd-6238    [000] .....    17.929243: ovldiag_ensure: (ovl_write_iter+0xaf/0x130 <- ovl_ensure_upper_and_switch) result=0x0
              dd-6238    [000] .....    17.929260: ovldiag_write: (ovl_write_iter+0x10c/0x130 <- backing_file_write_iter) result=0x1000
             cat-6241    [001] .....    17.931453: ovldiag_open: (ovl_open+0xb2/0x100 <- ovl_open_realfile) result=0xffff888007024400
             cat-6242    [000] .....    17.931830: ovldiag_open: (ovl_open+0xb2/0x100 <- ovl_open_realfile) result=0xffff888007317900
              dd-6248    [001] .....    17.935503: ovldiag_open: (ovl_open+0xb2/0x100 <- ovl_open_realfile) result=0xffff888004720f00
              dd-6248    [001] .....    17.935533: ovldiag_ensure: (ovl_write_iter+0xaf/0x130 <- ovl_ensure_upper_and_switch) result=0x0
              dd-6248    [001] .....    17.935549: ovldiag_write: (ovl_write_iter+0x10c/0x130 <- backing_file_write_iter) result=0x1000
              dd-6246    [000] .....    17.935713: ovldiag_open: (ovl_open+0xb2/0x100 <- ovl_open_realfile) result=0xffff88800e30cb00
              dd-6246    [000] .....    17.935745: ovldiag_ensure: (ovl_write_iter+0xaf/0x130 <- ovl_ensure_upper_and_switch) result=0x0
              dd-6246    [000] .....    17.935761: ovldiag_write: (ovl_write_iter+0x10c/0x130 <- backing_file_write_iter) result=0x1000
             cat-6250    [001] .....    17.937150: ovldiag_open: (ovl_open+0xb2/0x100 <- ovl_open_realfile) result=0xffff888007164200
             cat-6251    [001] .....    17.938176: ovldiag_open: (ovl_open+0xb2/0x100 <- ovl_open_realfile) result=0xffff8880072ed000
              dd-6255    [001] .....    17.942531: ovldiag_open: (ovl_open+0xb2/0x100 <- ovl_open_realfile) result=0xffff88800e5df500
              dd-6255    [001] .....    17.942560: ovldiag_ensure: (ovl_write_iter+0xaf/0x130 <- ovl_ensure_upper_and_switch) result=0x0
              dd-6255    [001] .....    17.942576: ovldiag_write: (ovl_write_iter+0x10c/0x130 <- backing_file_write_iter) result=0x1000
             cat-6257    [000] .....    17.942896: ovldiag_open: (ovl_open+0xb2/0x100 <- ovl_open_realfile) result=0xffff888008a6f900
             cat-6260    [000] .....    17.943777: ovldiag_open: (ovl_open+0xb2/0x100 <- ovl_open_realfile) result=0xffff88800d9f1200
              dd-6259    [001] .....    17.944544: ovldiag_open: (ovl_open+0xb2/0x100 <- ovl_open_realfile) result=0xffff88800e421300
              dd-6259    [001] .....    17.944572: ovldiag_ensure: (ovl_write_iter+0xaf/0x130 <- ovl_ensure_upper_and_switch) result=0x0
              dd-6259    [001] .....    17.944589: ovldiag_write: (ovl_write_iter+0x10c/0x130 <- backing_file_write_iter) result=0x1000
             cat-6266    [000] .....    17.947916: ovldiag_open: (ovl_open+0xb2/0x100 <- ovl_open_realfile) result=0xffff88800e3d9300
             cat-6268    [000] .....    17.949053: ovldiag_open: (ovl_open+0xb2/0x100 <- ovl_open_realfile) result=0xffff88800e5f2600
              dd-6270    [000] .....    17.950078: ovldiag_open: (ovl_open+0xb2/0x100 <- ovl_open_realfile) result=0xffff8880046f0900
              dd-6270    [000] .....    17.950108: ovldiag_ensure: (ovl_write_iter+0xaf/0x130 <- ovl_ensure_upper_and_switch) result=0x0
              dd-6270    [000] .....    17.950122: ovldiag_write: (ovl_write_iter+0x10c/0x130 <- backing_file_write_iter) result=0x1000
              dd-6272    [000] .....    17.952391: ovldiag_open: (ovl_open+0xb2/0x100 <- ovl_open_realfile) result=0xffff888007164200
              dd-6272    [000] .....    17.952421: ovldiag_ensure: (ovl_write_iter+0xaf/0x130 <- ovl_ensure_upper_and_switch) result=0x0
              dd-6272    [000] .....    17.952437: ovldiag_write: (ovl_write_iter+0x10c/0x130 <- backing_file_write_iter) result=0x1000
             cat-6275    [001] .....    17.953523: ovldiag_open: (ovl_open+0xb2/0x100 <- ovl_open_realfile) result=0xffff888008ab8000
             cat-6279    [001] .....    17.955509: ovldiag_open: (ovl_open+0xb2/0x100 <- ovl_open_realfile) result=0xffff888008a27200
              dd-6281    [000] .....    17.957602: ovldiag_open: (ovl_open+0xb2/0x100 <- ovl_open_realfile) result=0xffff88800713d600
              dd-6281    [000] .....    17.957630: ovldiag_ensure: (ovl_write_iter+0xaf/0x130 <- ovl_ensure_upper_and_switch) result=0x0
              dd-6281    [000] .....    17.957646: ovldiag_write: (ovl_write_iter+0x10c/0x130 <- backing_file_write_iter) result=0x1000
              dd-6280    [000] .....    17.958258: ovldiag_open: (ovl_open+0xb2/0x100 <- ovl_open_realfile) result=0xffff8880061d0900
              dd-6280    [000] .....    17.958297: ovldiag_ensure: (ovl_write_iter+0xaf/0x130 <- ovl_ensure_upper_and_switch) result=0x0
             cat-6284    [001] .....    17.958440: ovldiag_open: (ovl_open+0xb2/0x100 <- ovl_open_realfile) result=0xffff8880046c6900
              dd-6280    [000] .....    17.959319: ovldiag_write: (ovl_write_iter+0x10c/0x130 <- backing_file_write_iter) result=0x1000
             cat-6290    [000] .....    17.962209: ovldiag_open: (ovl_open+0xb2/0x100 <- ovl_open_realfile) result=0xffff888004467c00
              dd-6292    [001] .....    17.964071: ovldiag_open: (ovl_open+0xb2/0x100 <- ovl_open_realfile) result=0xffff88800e3d9f00
              dd-6292    [001] .....    17.964098: ovldiag_ensure: (ovl_write_iter+0xaf/0x130 <- ovl_ensure_upper_and_switch) result=0x0
              dd-6292    [001] .....    17.964115: ovldiag_write: (ovl_write_iter+0x10c/0x130 <- backing_file_write_iter) result=0x1000
             cat-6293    [000] .....    17.964395: ovldiag_open: (ovl_open+0xb2/0x100 <- ovl_open_realfile) result=0xffff8880061d0600
              dd-6297    [000] .....    17.967308: ovldiag_open: (ovl_open+0xb2/0x100 <- ovl_open_realfile) result=0xffff8880071ce300
              dd-6297    [000] .....    17.967355: ovldiag_ensure: (ovl_write_iter+0xaf/0x130 <- ovl_ensure_upper_and_switch) result=0x0
              dd-6297    [000] .....    17.967371: ovldiag_write: (ovl_write_iter+0x10c/0x130 <- backing_file_write_iter) result=0x1000
             cat-6301    [000] .....    17.969005: ovldiag_open: (ovl_open+0xb2/0x100 <- ovl_open_realfile) result=0xffff88800720bf00
             cat-6300    [001] .....    17.969719: ovldiag_open: (ovl_open+0xb2/0x100 <- ovl_open_realfile) result=0xffff88800d963b00
             cat-6307    [000] .....    17.973705: ovldiag_open: (ovl_open+0xb2/0x100 <- ovl_open_realfile) result=0xffff88800daadf00
             cat-6309    [001] .....    17.974427: ovldiag_open: (ovl_open+0xb2/0x100 <- ovl_open_realfile) result=0xffff888008a7c600
              dd-6306    [000] .....    17.974763: ovldiag_open: (ovl_open+0xb2/0x100 <- ovl_open_realfile) result=0xffff88800e1dbc00
              dd-6306    [000] .....    17.974792: ovldiag_ensure: (ovl_write_iter+0xaf/0x130 <- ovl_ensure_upper_and_switch) result=0x0
              dd-6306    [000] .....    17.974808: ovldiag_write: (ovl_write_iter+0x10c/0x130 <- backing_file_write_iter) result=0x1000
              dd-6308    [001] .....    17.974885: ovldiag_open: (ovl_open+0xb2/0x100 <- ovl_open_realfile) result=0xffff888008a7c200
              dd-6308    [001] .....    17.974915: ovldiag_ensure: (ovl_write_iter+0xaf/0x130 <- ovl_ensure_upper_and_switch) result=0x0
              dd-6308    [001] .....    17.974928: ovldiag_write: (ovl_write_iter+0x10c/0x130 <- backing_file_write_iter) result=0x1000
              dd-6314    [001] .....    17.978481: ovldiag_open: (ovl_open+0xb2/0x100 <- ovl_open_realfile) result=0xffff888007317c00
              dd-6314    [001] .....    17.978511: ovldiag_ensure: (ovl_write_iter+0xaf/0x130 <- ovl_ensure_upper_and_switch) result=0x0
              dd-6314    [001] .....    17.978527: ovldiag_write: (ovl_write_iter+0x10c/0x130 <- backing_file_write_iter) result=0x1000
             cat-6319    [000] .....    17.980387: ovldiag_open: (ovl_open+0xb2/0x100 <- ovl_open_realfile) result=0xffff8880046f0400
             cat-6318    [001] .....    17.981801: ovldiag_open: (ovl_open+0xb2/0x100 <- ovl_open_realfile) result=0xffff8880071ce300
              dd-6323    [000] .....    17.984505: ovldiag_open: (ovl_open+0xb2/0x100 <- ovl_open_realfile) result=0xffff88800e5e4e00
              dd-6323    [000] .....    17.984542: ovldiag_ensure: (ovl_write_iter+0xaf/0x130 <- ovl_ensure_upper_and_switch) result=0x0
              dd-6323    [000] .....    17.984557: ovldiag_write: (ovl_write_iter+0x10c/0x130 <- backing_file_write_iter) result=0x1000
             cat-6325    [001] .....    17.985782: ovldiag_open: (ovl_open+0xb2/0x100 <- ovl_open_realfile) result=0xffff88800471d200
             cat-6328    [000] .....    17.987412: ovldiag_open: (ovl_open+0xb2/0x100 <- ovl_open_realfile) result=0xffff8880061cc300
             cat-6333    [000] .....    17.990822: ovldiag_open: (ovl_open+0xb2/0x100 <- ovl_open_realfile) result=0xffff88800e5e4700
              dd-6332    [001] .....    17.991305: ovldiag_open: (ovl_open+0xb2/0x100 <- ovl_open_realfile) result=0xffff888003f11a00
              dd-6332    [001] .....    17.991336: ovldiag_ensure: (ovl_write_iter+0xaf/0x130 <- ovl_ensure_upper_and_switch) result=0x0
              dd-6332    [001] .....    17.991353: ovldiag_write: (ovl_write_iter+0x10c/0x130 <- backing_file_write_iter) result=0x1000
              dd-6330    [001] .....    17.991864: ovldiag_open: (ovl_open+0xb2/0x100 <- ovl_open_realfile) result=0xffff88800d97da00
              dd-6330    [001] .....    17.991903: ovldiag_ensure: (ovl_write_iter+0xaf/0x130 <- ovl_ensure_upper_and_switch) result=0x0
              dd-6330    [001] .....    17.991912: ovldiag_write: (ovl_write_iter+0x10c/0x130 <- backing_file_write_iter) result=0x1000
             cat-6337    [001] .....    17.993395: ovldiag_open: (ovl_open+0xb2/0x100 <- ovl_open_realfile) result=0xffff88800720b100
              dd-6339    [001] .....    17.995204: ovldiag_open: (ovl_open+0xb2/0x100 <- ovl_open_realfile) result=0xffff8880061cc900
              dd-6339    [001] .....    17.995230: ovldiag_ensure: (ovl_write_iter+0xaf/0x130 <- ovl_ensure_upper_and_switch) result=0x0
              dd-6339    [001] .....    17.995245: ovldiag_write: (ovl_write_iter+0x10c/0x130 <- backing_file_write_iter) result=0x1000
              dd-6344    [000] .....    17.998453: ovldiag_open: (ovl_open+0xb2/0x100 <- ovl_open_realfile) result=0xffff888004467300
              dd-6344    [000] .....    17.998483: ovldiag_ensure: (ovl_write_iter+0xaf/0x130 <- ovl_ensure_upper_and_switch) result=0x0
              dd-6344    [000] .....    17.998499: ovldiag_write: (ovl_write_iter+0x10c/0x130 <- backing_file_write_iter) result=0x1000
             cat-6345    [001] .....    17.998860: ovldiag_open: (ovl_open+0xb2/0x100 <- ovl_open_realfile) result=0xffff888008a27700
             cat-6346    [001] .....    18.000146: ovldiag_open: (ovl_open+0xb2/0x100 <- ovl_open_realfile) result=0xffff888008a6fa00
             cat-6350    [000] .....    18.002793: ovldiag_open: (ovl_open+0xb2/0x100 <- ovl_open_realfile) result=0xffff8880072edd00
              dd-6355    [001] .....    18.005296: ovldiag_open: (ovl_open+0xb2/0x100 <- ovl_open_realfile) result=0xffff88800e26eb00
              dd-6355    [001] .....    18.005326: ovldiag_ensure: (ovl_write_iter+0xaf/0x130 <- ovl_ensure_upper_and_switch) result=0x0
              dd-6355    [001] .....    18.005343: ovldiag_write: (ovl_write_iter+0x10c/0x130 <- backing_file_write_iter) result=0x1000
             cat-6354    [000] .....    18.006323: ovldiag_open: (ovl_open+0xb2/0x100 <- ovl_open_realfile) result=0xffff88800e6c5900
              dd-6357    [001] .....    18.007685: ovldiag_open: (ovl_open+0xb2/0x100 <- ovl_open_realfile) result=0xffff88800e26e700
              dd-6357    [001] .....    18.007716: ovldiag_ensure: (ovl_write_iter+0xaf/0x130 <- ovl_ensure_upper_and_switch) result=0x0
              dd-6357    [001] .....    18.007732: ovldiag_write: (ovl_write_iter+0x10c/0x130 <- backing_file_write_iter) result=0x1000
              dd-6362    [000] .....    18.010000: ovldiag_open: (ovl_open+0xb2/0x100 <- ovl_open_realfile) result=0xffff888003f11a00
              dd-6362    [000] .....    18.010027: ovldiag_ensure: (ovl_write_iter+0xaf/0x130 <- ovl_ensure_upper_and_switch) result=0x0
              dd-6362    [000] .....    18.010043: ovldiag_write: (ovl_write_iter+0x10c/0x130 <- backing_file_write_iter) result=0x1000
             cat-6363    [001] .....    18.010511: ovldiag_open: (ovl_open+0xb2/0x100 <- ovl_open_realfile) result=0xffff8880071ce300
             cat-6364    [001] .....    18.011756: ovldiag_open: (ovl_open+0xb2/0x100 <- ovl_open_realfile) result=0xffff8880089e7600
              dd-6366    [000] .....    18.012314: ovldiag_open: (ovl_open+0xb2/0x100 <- ovl_open_realfile) result=0xffff88800452c400
              dd-6366    [000] .....    18.012345: ovldiag_ensure: (ovl_write_iter+0xaf/0x130 <- ovl_ensure_upper_and_switch) result=0x0
              dd-6366    [000] .....    18.012361: ovldiag_write: (ovl_write_iter+0x10c/0x130 <- backing_file_write_iter) result=0x1000
             cat-6368    [000] .....    18.013607: ovldiag_open: (ovl_open+0xb2/0x100 <- ovl_open_realfile) result=0xffff88800e6c5300
             cat-6373    [000] .....    18.017107: ovldiag_open: (ovl_open+0xb2/0x100 <- ovl_open_realfile) result=0xffff888007164d00
              dd-6377    [001] .....    18.019421: ovldiag_open: (ovl_open+0xb2/0x100 <- ovl_open_realfile) result=0xffff88800d9f1500
              dd-6377    [001] .....    18.019451: ovldiag_ensure: (ovl_write_iter+0xaf/0x130 <- ovl_ensure_upper_and_switch) result=0x0
              dd-6377    [001] .....    18.019467: ovldiag_write: (ovl_write_iter+0x10c/0x130 <- backing_file_write_iter) result=0x1000
              dd-6380    [001] .....    18.021075: ovldiag_open: (ovl_open+0xb2/0x100 <- ovl_open_realfile) result=0xffff8880061ccb00
              dd-6380    [001] .....    18.021102: ovldiag_ensure: (ovl_write_iter+0xaf/0x130 <- ovl_ensure_upper_and_switch) result=0x0
              dd-6380    [001] .....    18.021119: ovldiag_write: (ovl_write_iter+0x10c/0x130 <- backing_file_write_iter) result=0x1000
             cat-6381    [000] .....    18.021719: ovldiag_open: (ovl_open+0xb2/0x100 <- ovl_open_realfile) result=0xffff888004762c00
              dd-6384    [000] .....    18.024356: ovldiag_open: (ovl_open+0xb2/0x100 <- ovl_open_realfile) result=0xffff888003f11e00
              dd-6384    [000] .....    18.024386: ovldiag_ensure: (ovl_write_iter+0xaf/0x130 <- ovl_ensure_upper_and_switch) result=0x0
              dd-6384    [000] .....    18.024402: ovldiag_write: (ovl_write_iter+0x10c/0x130 <- backing_file_write_iter) result=0x1000
             cat-6385    [001] .....    18.024829: ovldiag_open: (ovl_open+0xb2/0x100 <- ovl_open_realfile) result=0xffff888007083700
             cat-6387    [001] .....    18.026251: ovldiag_open: (ovl_open+0xb2/0x100 <- ovl_open_realfile) result=0xffff888004415300
              dd-6393    [000] .....    18.028276: ovldiag_open: (ovl_open+0xb2/0x100 <- ovl_open_realfile) result=0xffff88800e6c5a00
              dd-6393    [000] .....    18.028319: ovldiag_ensure: (ovl_write_iter+0xaf/0x130 <- ovl_ensure_upper_and_switch) result=0x0
              dd-6393    [000] .....    18.028335: ovldiag_write: (ovl_write_iter+0x10c/0x130 <- backing_file_write_iter) result=0x1000
             cat-6391    [001] .....    18.028706: ovldiag_open: (ovl_open+0xb2/0x100 <- ovl_open_realfile) result=0xffff88800e6fe500
              dd-6397    [001] .....    18.031789: ovldiag_open: (ovl_open+0xb2/0x100 <- ovl_open_realfile) result=0xffff88800e6dde00
              dd-6397    [001] .....    18.031819: ovldiag_ensure: (ovl_write_iter+0xaf/0x130 <- ovl_ensure_upper_and_switch) result=0x0
              dd-6397    [001] .....    18.031835: ovldiag_write: (ovl_write_iter+0x10c/0x130 <- backing_file_write_iter) result=0x1000
             cat-6396    [001] .....    18.032186: ovldiag_open: (ovl_open+0xb2/0x100 <- ovl_open_realfile) result=0xffff8880046c6300
              dd-6402    [001] .....    18.033758: ovldiag_open: (ovl_open+0xb2/0x100 <- ovl_open_realfile) result=0xffff88800720db00
              dd-6402    [001] .....    18.033787: ovldiag_ensure: (ovl_write_iter+0xaf/0x130 <- ovl_ensure_upper_and_switch) result=0x0
              dd-6402    [001] .....    18.033802: ovldiag_write: (ovl_write_iter+0x10c/0x130 <- backing_file_write_iter) result=0x1000
             cat-6403    [000] .....    18.035611: ovldiag_open: (ovl_open+0xb2/0x100 <- ovl_open_realfile) result=0xffff888007083300
              dd-6407    [001] .....    18.037587: ovldiag_open: (ovl_open+0xb2/0x100 <- ovl_open_realfile) result=0xffff88800dbcf100
              dd-6407    [001] .....    18.037617: ovldiag_ensure: (ovl_write_iter+0xaf/0x130 <- ovl_ensure_upper_and_switch) result=0x0
              dd-6407    [001] .....    18.037634: ovldiag_write: (ovl_write_iter+0x10c/0x130 <- backing_file_write_iter) result=0x1000
             cat-6410    [000] .....    18.039434: ovldiag_open: (ovl_open+0xb2/0x100 <- ovl_open_realfile) result=0xffff88800720d800
             cat-6412    [000] .....    18.040977: ovldiag_open: (ovl_open+0xb2/0x100 <- ovl_open_realfile) result=0xffff8880061ea200
              dd-6413    [001] .....    18.042371: ovldiag_open: (ovl_open+0xb2/0x100 <- ovl_open_realfile) result=0xffff88800e64d600
              dd-6413    [001] .....    18.042402: ovldiag_ensure: (ovl_write_iter+0xaf/0x130 <- ovl_ensure_upper_and_switch) result=0x0
              dd-6413    [001] .....    18.042418: ovldiag_write: (ovl_write_iter+0x10c/0x130 <- backing_file_write_iter) result=0x1000
             cat-6417    [000] .....    18.044516: ovldiag_open: (ovl_open+0xb2/0x100 <- ovl_open_realfile) result=0xffff88800471da00
             cat-6420    [000] .....    18.046014: ovldiag_open: (ovl_open+0xb2/0x100 <- ovl_open_realfile) result=0xffff888008ab8900
              dd-6419    [001] .....    18.046118: ovldiag_open: (ovl_open+0xb2/0x100 <- ovl_open_realfile) result=0xffff8880072ed500
              dd-6419    [001] .....    18.046148: ovldiag_ensure: (ovl_write_iter+0xaf/0x130 <- ovl_ensure_upper_and_switch) result=0x0
              dd-6419    [001] .....    18.046163: ovldiag_write: (ovl_write_iter+0x10c/0x130 <- backing_file_write_iter) result=0x1000
              dd-6423    [001] .....    18.047527: ovldiag_open: (ovl_open+0xb2/0x100 <- ovl_open_realfile) result=0xffff8880061ccb00
              dd-6423    [001] .....    18.047556: ovldiag_ensure: (ovl_write_iter+0xaf/0x130 <- ovl_ensure_upper_and_switch) result=0x0
              dd-6423    [001] .....    18.047571: ovldiag_write: (ovl_write_iter+0x10c/0x130 <- backing_file_write_iter) result=0x1000
             cat-6429    [001] .....    18.051092: ovldiag_open: (ovl_open+0xb2/0x100 <- ovl_open_realfile) result=0xffff88800e3e1e00
             cat-6427    [000] .....    18.051864: ovldiag_open: (ovl_open+0xb2/0x100 <- ovl_open_realfile) result=0xffff8880061ead00
              dd-6428    [000] .....    18.052742: ovldiag_open: (ovl_open+0xb2/0x100 <- ovl_open_realfile) result=0xffff8880046f0e00
              dd-6428    [000] .....    18.052772: ovldiag_ensure: (ovl_write_iter+0xaf/0x130 <- ovl_ensure_upper_and_switch) result=0x0
              dd-6428    [000] .....    18.052788: ovldiag_write: (ovl_write_iter+0x10c/0x130 <- backing_file_write_iter) result=0x1000
              dd-6435    [001] .....    18.055921: ovldiag_open: (ovl_open+0xb2/0x100 <- ovl_open_realfile) result=0xffff888008ab8c00
              dd-6435    [001] .....    18.055948: ovldiag_ensure: (ovl_write_iter+0xaf/0x130 <- ovl_ensure_upper_and_switch) result=0x0
              dd-6435    [001] .....    18.055965: ovldiag_write: (ovl_write_iter+0x10c/0x130 <- backing_file_write_iter) result=0x1000
             cat-6438    [000] .....    18.057739: ovldiag_open: (ovl_open+0xb2/0x100 <- ovl_open_realfile) result=0xffff88800e559100
             cat-6440    [000] .....    18.059806: ovldiag_open: (ovl_open+0xb2/0x100 <- ovl_open_realfile) result=0xffff8880072ede00
              dd-6442    [000] .....    18.061211: ovldiag_open: (ovl_open+0xb2/0x100 <- ovl_open_realfile) result=0xffff88800447b700
              dd-6442    [000] .....    18.061239: ovldiag_ensure: (ovl_write_iter+0xaf/0x130 <- ovl_ensure_upper_and_switch) result=0x0
              dd-6442    [000] .....    18.061255: ovldiag_write: (ovl_write_iter+0x10c/0x130 <- backing_file_write_iter) result=0x1000
              dd-6444    [001] .....    18.061970: ovldiag_open: (ovl_open+0xb2/0x100 <- ovl_open_realfile) result=0xffff88800e559800
              dd-6444    [001] .....    18.061998: ovldiag_ensure: (ovl_write_iter+0xaf/0x130 <- ovl_ensure_upper_and_switch) result=0x0
              dd-6444    [001] .....    18.062015: ovldiag_write: (ovl_write_iter+0x10c/0x130 <- backing_file_write_iter) result=0x1000
             cat-6445    [001] .....    18.063036: ovldiag_open: (ovl_open+0xb2/0x100 <- ovl_open_realfile) result=0xffff888008a27c00
             cat-6448    [000] .....    18.064498: ovldiag_open: (ovl_open+0xb2/0x100 <- ovl_open_realfile) result=0xffff8880061ead00
             cat-6453    [001] .....    18.068109: ovldiag_open: (ovl_open+0xb2/0x100 <- ovl_open_realfile) result=0xffff888003f01b00
              dd-6455    [001] .....    18.069154: ovldiag_open: (ovl_open+0xb2/0x100 <- ovl_open_realfile) result=0xffff888003cb6c00
              dd-6455    [001] .....    18.069180: ovldiag_ensure: (ovl_write_iter+0xaf/0x130 <- ovl_ensure_upper_and_switch) result=0x0
              dd-6455    [001] .....    18.069195: ovldiag_write: (ovl_write_iter+0x10c/0x130 <- backing_file_write_iter) result=0x1000
              dd-6456    [000] .....    18.069237: ovldiag_open: (ovl_open+0xb2/0x100 <- ovl_open_realfile) result=0xffff88800713a100
              dd-6456    [000] .....    18.069265: ovldiag_ensure: (ovl_write_iter+0xaf/0x130 <- ovl_ensure_upper_and_switch) result=0x0
              dd-6456    [000] .....    18.069296: ovldiag_write: (ovl_write_iter+0x10c/0x130 <- backing_file_write_iter) result=0x1000
             cat-6461    [000] .....    18.072894: ovldiag_open: (ovl_open+0xb2/0x100 <- ovl_open_realfile) result=0xffff88800713da00
             cat-6464    [001] .....    18.076339: ovldiag_open: (ovl_open+0xb2/0x100 <- ovl_open_realfile) result=0xffff888008a7c900
             cat-6466    [000] .....    18.077143: ovldiag_open: (ovl_open+0xb2/0x100 <- ovl_open_realfile) result=0xffff8880046f0900
              dd-6463    [001] .....    18.077439: ovldiag_open: (ovl_open+0xb2/0x100 <- ovl_open_realfile) result=0xffff888007164900
              dd-6463    [001] .....    18.077472: ovldiag_ensure: (ovl_write_iter+0xaf/0x130 <- ovl_ensure_upper_and_switch) result=0x0
              dd-6463    [001] .....    18.077488: ovldiag_write: (ovl_write_iter+0x10c/0x130 <- backing_file_write_iter) result=0x1000
              dd-6465    [000] .....    18.079971: ovldiag_open: (ovl_open+0xb2/0x100 <- ovl_open_realfile) result=0xffff888004798100
              dd-6465    [000] .....    18.080007: ovldiag_ensure: (ovl_write_iter+0xaf/0x130 <- ovl_ensure_upper_and_switch) result=0x0
              dd-6465    [000] .....    18.080023: ovldiag_write: (ovl_write_iter+0x10c/0x130 <- backing_file_write_iter) result=0x1000
             cat-6469    [001] .....    18.080787: ovldiag_open: (ovl_open+0xb2/0x100 <- ovl_open_realfile) result=0xffff8880047ff600
              dd-6476    [000] .....    18.083788: ovldiag_open: (ovl_open+0xb2/0x100 <- ovl_open_realfile) result=0xffff88800471df00
              dd-6476    [000] .....    18.083819: ovldiag_ensure: (ovl_write_iter+0xaf/0x130 <- ovl_ensure_upper_and_switch) result=0x0
              dd-6476    [000] .....    18.083835: ovldiag_write: (ovl_write_iter+0x10c/0x130 <- backing_file_write_iter) result=0x1000
              dd-6477    [001] .....    18.084322: ovldiag_open: (ovl_open+0xb2/0x100 <- ovl_open_realfile) result=0xffff888008a7c800
              dd-6477    [001] .....    18.084350: ovldiag_ensure: (ovl_write_iter+0xaf/0x130 <- ovl_ensure_upper_and_switch) result=0x0
              dd-6477    [001] .....    18.084366: ovldiag_write: (ovl_write_iter+0x10c/0x130 <- backing_file_write_iter) result=0x1000
             cat-6480    [001] .....    18.085660: ovldiag_open: (ovl_open+0xb2/0x100 <- ovl_open_realfile) result=0xffff88800e673300
             cat-6483    [001] .....    18.088367: ovldiag_open: (ovl_open+0xb2/0x100 <- ovl_open_realfile) result=0xffff88800e4f7100
             cat-6485    [000] .....    18.088464: ovldiag_open: (ovl_open+0xb2/0x100 <- ovl_open_realfile) result=0xffff888004798000
             cat-6489    [001] .....    18.091225: ovldiag_open: (ovl_open+0xb2/0x100 <- ovl_open_realfile) result=0xffff88800db4a200
              dd-6491    [000] .....    18.093514: ovldiag_open: (ovl_open+0xb2/0x100 <- ovl_open_realfile) result=0xffff88800e6fe000
              dd-6491    [000] .....    18.093541: ovldiag_ensure: (ovl_write_iter+0xaf/0x130 <- ovl_ensure_upper_and_switch) result=0x0
              dd-6491    [000] .....    18.093557: ovldiag_write: (ovl_write_iter+0x10c/0x130 <- backing_file_write_iter) result=0x1000
              dd-6493    [001] .....    18.093756: ovldiag_open: (ovl_open+0xb2/0x100 <- ovl_open_realfile) result=0xffff88800e3a0e00
              dd-6493    [001] .....    18.093787: ovldiag_ensure: (ovl_write_iter+0xaf/0x130 <- ovl_ensure_upper_and_switch) result=0x0
              dd-6493    [001] .....    18.093804: ovldiag_write: (ovl_write_iter+0x10c/0x130 <- backing_file_write_iter) result=0x1000
             cat-6497    [000] .....    18.096369: ovldiag_open: (ovl_open+0xb2/0x100 <- ovl_open_realfile) result=0xffff88800e5ef400
              dd-6498    [001] .....    18.096655: ovldiag_open: (ovl_open+0xb2/0x100 <- ovl_open_realfile) result=0xffff888004762a00
              dd-6498    [001] .....    18.096683: ovldiag_ensure: (ovl_write_iter+0xaf/0x130 <- ovl_ensure_upper_and_switch) result=0x0
              dd-6498    [001] .....    18.096700: ovldiag_write: (ovl_write_iter+0x10c/0x130 <- backing_file_write_iter) result=0x1000
             cat-6500    [000] .....    18.099011: ovldiag_open: (ovl_open+0xb2/0x100 <- ovl_open_realfile) result=0xffff88800452c500
              dd-6499    [001] .....    18.099516: ovldiag_open: (ovl_open+0xb2/0x100 <- ovl_open_realfile) result=0xffff8880072ede00
              dd-6499    [001] .....    18.099543: ovldiag_ensure: (ovl_write_iter+0xaf/0x130 <- ovl_ensure_upper_and_switch) result=0x0
              dd-6499    [001] .....    18.099559: ovldiag_write: (ovl_write_iter+0x10c/0x130 <- backing_file_write_iter) result=0x1000
             cat-6503    [001] .....    18.101512: ovldiag_open: (ovl_open+0xb2/0x100 <- ovl_open_realfile) result=0xffff888008a27f00
             cat-6507    [000] .....    18.102159: ovldiag_open: (ovl_open+0xb2/0x100 <- ovl_open_realfile) result=0xffff88800e3a0600
              dd-6513    [001] .....    18.107034: ovldiag_open: (ovl_open+0xb2/0x100 <- ovl_open_realfile) result=0xffff88800e5f2e00
              dd-6513    [001] .....    18.107065: ovldiag_ensure: (ovl_write_iter+0xaf/0x130 <- ovl_ensure_upper_and_switch) result=0x0
              dd-6513    [001] .....    18.107082: ovldiag_write: (ovl_write_iter+0x10c/0x130 <- backing_file_write_iter) result=0x1000
              dd-6514    [000] .....    18.108232: ovldiag_open: (ovl_open+0xb2/0x100 <- ovl_open_realfile) result=0xffff88800720d600
              dd-6514    [000] .....    18.108258: ovldiag_ensure: (ovl_write_iter+0xaf/0x130 <- ovl_ensure_upper_and_switch) result=0x0
              dd-6514    [000] .....    18.108274: ovldiag_write: (ovl_write_iter+0x10c/0x130 <- backing_file_write_iter) result=0x1000
             cat-6515    [001] .....    18.108431: ovldiag_open: (ovl_open+0xb2/0x100 <- ovl_open_realfile) result=0xffff8880046c6f00
             cat-6519    [001] .....    18.111383: ovldiag_open: (ovl_open+0xb2/0x100 <- ovl_open_realfile) result=0xffff8880046e3b00
             cat-6522    [000] .....    18.111738: ovldiag_open: (ovl_open+0xb2/0x100 <- ovl_open_realfile) result=0xffff88800e24cb00
              dd-6521    [001] .....    18.113185: ovldiag_open: (ovl_open+0xb2/0x100 <- ovl_open_realfile) result=0xffff8880046f0400
              dd-6521    [001] .....    18.113213: ovldiag_ensure: (ovl_write_iter+0xaf/0x130 <- ovl_ensure_upper_and_switch) result=0x0
              dd-6521    [001] .....    18.113229: ovldiag_write: (ovl_write_iter+0x10c/0x130 <- backing_file_write_iter) result=0x1000
             cat-6527    [000] .....    18.115525: ovldiag_open: (ovl_open+0xb2/0x100 <- ovl_open_realfile) result=0xffff88800e24c200
              dd-6528    [001] .....    18.116257: ovldiag_open: (ovl_open+0xb2/0x100 <- ovl_open_realfile) result=0xffff888008a7cd00
              dd-6528    [001] .....    18.116302: ovldiag_ensure: (ovl_write_iter+0xaf/0x130 <- ovl_ensure_upper_and_switch) result=0x0
              dd-6528    [001] .....    18.116319: ovldiag_write: (ovl_write_iter+0x10c/0x130 <- backing_file_write_iter) result=0x1000
             cat-6532    [000] .....    18.119382: ovldiag_open: (ovl_open+0xb2/0x100 <- ovl_open_realfile) result=0xffff8880047ffa00
              dd-6536    [000] .....    18.120920: ovldiag_open: (ovl_open+0xb2/0x100 <- ovl_open_realfile) result=0xffff8880047ff300
              dd-6536    [000] .....    18.120951: ovldiag_ensure: (ovl_write_iter+0xaf/0x130 <- ovl_ensure_upper_and_switch) result=0x0
              dd-6536    [000] .....    18.120967: ovldiag_write: (ovl_write_iter+0x10c/0x130 <- backing_file_write_iter) result=0x1000
             cat-6534    [001] .....    18.121575: ovldiag_open: (ovl_open+0xb2/0x100 <- ovl_open_realfile) result=0xffff888008a7c600
              dd-6538    [000] .....    18.122907: ovldiag_open: (ovl_open+0xb2/0x100 <- ovl_open_realfile) result=0xffff888008a6fb00
              dd-6538    [000] .....    18.122937: ovldiag_ensure: (ovl_write_iter+0xaf/0x130 <- ovl_ensure_upper_and_switch) result=0x0
              dd-6538    [000] .....    18.122953: ovldiag_write: (ovl_write_iter+0x10c/0x130 <- backing_file_write_iter) result=0x1000
             cat-6541    [000] .....    18.125449: ovldiag_open: (ovl_open+0xb2/0x100 <- ovl_open_realfile) result=0xffff8880046c6400
             cat-6544    [001] .....    18.126660: ovldiag_open: (ovl_open+0xb2/0x100 <- ovl_open_realfile) result=0xffff888004762e00
              dd-6547    [000] .....    18.129394: ovldiag_open: (ovl_open+0xb2/0x100 <- ovl_open_realfile) result=0xffff88800e516200
              dd-6547    [000] .....    18.129421: ovldiag_ensure: (ovl_write_iter+0xaf/0x130 <- ovl_ensure_upper_and_switch) result=0x0
              dd-6547    [000] .....    18.129437: ovldiag_write: (ovl_write_iter+0x10c/0x130 <- backing_file_write_iter) result=0x1000
              dd-6550    [001] .....    18.130524: ovldiag_open: (ovl_open+0xb2/0x100 <- ovl_open_realfile) result=0xffff8880061d0b00
              dd-6550    [001] .....    18.130554: ovldiag_ensure: (ovl_write_iter+0xaf/0x130 <- ovl_ensure_upper_and_switch) result=0x0
              dd-6550    [001] .....    18.130570: ovldiag_write: (ovl_write_iter+0x10c/0x130 <- backing_file_write_iter) result=0x1000
             cat-6552    [000] .....    18.132120: ovldiag_open: (ovl_open+0xb2/0x100 <- ovl_open_realfile) result=0xffff8880089f3400
             cat-6554    [001] .....    18.132539: ovldiag_open: (ovl_open+0xb2/0x100 <- ovl_open_realfile) result=0xffff8880046c6e00
              dd-6558    [000] .....    18.135131: ovldiag_open: (ovl_open+0xb2/0x100 <- ovl_open_realfile) result=0xffff888004681500
              dd-6558    [000] .....    18.135161: ovldiag_ensure: (ovl_write_iter+0xaf/0x130 <- ovl_ensure_upper_and_switch) result=0x0
              dd-6558    [000] .....    18.135177: ovldiag_write: (ovl_write_iter+0x10c/0x130 <- backing_file_write_iter) result=0x1000
             cat-6560    [000] .....    18.136598: ovldiag_open: (ovl_open+0xb2/0x100 <- ovl_open_realfile) result=0xffff88800713d700
             cat-6562    [001] .....    18.137170: ovldiag_open: (ovl_open+0xb2/0x100 <- ovl_open_realfile) result=0xffff88800e63db00
              dd-6565    [000] .....    18.140644: ovldiag_open: (ovl_open+0xb2/0x100 <- ovl_open_realfile) result=0xffff88800e2fd300
              dd-6565    [000] .....    18.140671: ovldiag_ensure: (ovl_write_iter+0xaf/0x130 <- ovl_ensure_upper_and_switch) result=0x0
              dd-6565    [000] .....    18.140687: ovldiag_write: (ovl_write_iter+0x10c/0x130 <- backing_file_write_iter) result=0x1000
              dd-6570    [000] .....    18.142224: ovldiag_open: (ovl_open+0xb2/0x100 <- ovl_open_realfile) result=0xffff8880061ea800
              dd-6570    [000] .....    18.142253: ovldiag_ensure: (ovl_write_iter+0xaf/0x130 <- ovl_ensure_upper_and_switch) result=0x0
              dd-6570    [000] .....    18.142268: ovldiag_write: (ovl_write_iter+0x10c/0x130 <- backing_file_write_iter) result=0x1000
             cat-6568    [001] .....    18.142437: ovldiag_open: (ovl_open+0xb2/0x100 <- ovl_open_realfile) result=0xffff8880072ed400
              dd-6571    [000] .....    18.143718: ovldiag_open: (ovl_open+0xb2/0x100 <- ovl_open_realfile) result=0xffff88800452cf00
              dd-6571    [000] .....    18.143744: ovldiag_ensure: (ovl_write_iter+0xaf/0x130 <- ovl_ensure_upper_and_switch) result=0x0
              dd-6571    [000] .....    18.143759: ovldiag_write: (ovl_write_iter+0x10c/0x130 <- backing_file_write_iter) result=0x1000
             cat-6573    [001] .....    18.144953: ovldiag_open: (ovl_open+0xb2/0x100 <- ovl_open_realfile) result=0xffff88800727ea00
             cat-6577    [000] .....    18.146771: ovldiag_open: (ovl_open+0xb2/0x100 <- ovl_open_realfile) result=0xffff88800daad700
             cat-6579    [001] .....    18.148956: ovldiag_open: (ovl_open+0xb2/0x100 <- ovl_open_realfile) result=0xffff88800e653600
              dd-6581    [000] .....    18.150495: ovldiag_open: (ovl_open+0xb2/0x100 <- ovl_open_realfile) result=0xffff88800e6e2800
              dd-6581    [000] .....    18.150527: ovldiag_ensure: (ovl_write_iter+0xaf/0x130 <- ovl_ensure_upper_and_switch) result=0x0
              dd-6581    [000] .....    18.150543: ovldiag_write: (ovl_write_iter+0x10c/0x130 <- backing_file_write_iter) result=0x1000
              dd-6587    [000] .....    18.153480: ovldiag_open: (ovl_open+0xb2/0x100 <- ovl_open_realfile) result=0xffff8880061cc100
              dd-6587    [000] .....    18.153511: ovldiag_ensure: (ovl_write_iter+0xaf/0x130 <- ovl_ensure_upper_and_switch) result=0x0
              dd-6587    [000] .....    18.153526: ovldiag_write: (ovl_write_iter+0x10c/0x130 <- backing_file_write_iter) result=0x1000
             cat-6588    [001] .....    18.153921: ovldiag_open: (ovl_open+0xb2/0x100 <- ovl_open_realfile) result=0xffff8880046e3600
              dd-6591    [001] .....    18.155992: ovldiag_open: (ovl_open+0xb2/0x100 <- ovl_open_realfile) result=0xffff88800e6d9100
              dd-6591    [001] .....    18.156024: ovldiag_ensure: (ovl_write_iter+0xaf/0x130 <- ovl_ensure_upper_and_switch) result=0x0
              dd-6591    [001] .....    18.156040: ovldiag_write: (ovl_write_iter+0x10c/0x130 <- backing_file_write_iter) result=0x1000
             cat-6592    [000] .....    18.156723: ovldiag_open: (ovl_open+0xb2/0x100 <- ovl_open_realfile) result=0xffff88800452c000
             cat-6597    [000] .....    18.159232: ovldiag_open: (ovl_open+0xb2/0x100 <- ovl_open_realfile) result=0xffff888008a27300
              dd-6593    [001] .....    18.159827: ovldiag_open: (ovl_open+0xb2/0x100 <- ovl_open_realfile) result=0xffff8880061ea500
              dd-6593    [001] .....    18.159857: ovldiag_ensure: (ovl_write_iter+0xaf/0x130 <- ovl_ensure_upper_and_switch) result=0x0
              dd-6593    [001] .....    18.159887: ovldiag_write: (ovl_write_iter+0x10c/0x130 <- backing_file_write_iter) result=0x1000
             cat-6598    [000] .....    18.160490: ovldiag_open: (ovl_open+0xb2/0x100 <- ovl_open_realfile) result=0xffff88800e2fd100
              dd-6603    [000] .....    18.163572: ovldiag_open: (ovl_open+0xb2/0x100 <- ovl_open_realfile) result=0xffff88800e6d9400
              dd-6603    [000] .....    18.163602: ovldiag_ensure: (ovl_write_iter+0xaf/0x130 <- ovl_ensure_upper_and_switch) result=0x0
              dd-6603    [000] .....    18.163618: ovldiag_write: (ovl_write_iter+0x10c/0x130 <- backing_file_write_iter) result=0x1000
             cat-6606    [001] .....    18.165481: ovldiag_open: (ovl_open+0xb2/0x100 <- ovl_open_realfile) result=0xffff88800e65f300
              dd-6609    [000] .....    18.166745: ovldiag_open: (ovl_open+0xb2/0x100 <- ovl_open_realfile) result=0xffff888008a7c600
              dd-6609    [000] .....    18.166775: ovldiag_ensure: (ovl_write_iter+0xaf/0x130 <- ovl_ensure_upper_and_switch) result=0x0
              dd-6609    [000] .....    18.166790: ovldiag_write: (ovl_write_iter+0x10c/0x130 <- backing_file_write_iter) result=0x1000
             cat-6612    [000] .....    18.168782: ovldiag_open: (ovl_open+0xb2/0x100 <- ovl_open_realfile) result=0xffff88800e648f00
             cat-6615    [000] .....    18.171208: ovldiag_open: (ovl_open+0xb2/0x100 <- ovl_open_realfile) result=0xffff88800713d700
              dd-6616    [001] .....    18.171541: ovldiag_open: (ovl_open+0xb2/0x100 <- ovl_open_realfile) result=0xffff88800452c500
              dd-6616    [001] .....    18.171572: ovldiag_ensure: (ovl_write_iter+0xaf/0x130 <- ovl_ensure_upper_and_switch) result=0x0
              dd-6616    [001] .....    18.171587: ovldiag_write: (ovl_write_iter+0x10c/0x130 <- backing_file_write_iter) result=0x1000
             cat-6614    [000] .....    18.171903: ovldiag_open: (ovl_open+0xb2/0x100 <- ovl_open_realfile) result=0xffff8880046e3200
              dd-6625    [000] .....    18.176826: ovldiag_open: (ovl_open+0xb2/0x100 <- ovl_open_realfile) result=0xffff888008a7ce00
              dd-6625    [000] .....    18.176853: ovldiag_ensure: (ovl_write_iter+0xaf/0x130 <- ovl_ensure_upper_and_switch) result=0x0
              dd-6625    [000] .....    18.176869: ovldiag_write: (ovl_write_iter+0x10c/0x130 <- backing_file_write_iter) result=0x1000
             cat-6624    [001] .....    18.177213: ovldiag_open: (ovl_open+0xb2/0x100 <- ovl_open_realfile) result=0xffff8880061cc400
              dd-6623    [001] .....    18.177457: ovldiag_open: (ovl_open+0xb2/0x100 <- ovl_open_realfile) result=0xffff88800720db00
              dd-6623    [001] .....    18.177482: ovldiag_ensure: (ovl_write_iter+0xaf/0x130 <- ovl_ensure_upper_and_switch) result=0x0
              dd-6623    [001] .....    18.177499: ovldiag_write: (ovl_write_iter+0x10c/0x130 <- backing_file_write_iter) result=0x1000
              dd-6629    [001] .....    18.180451: ovldiag_open: (ovl_open+0xb2/0x100 <- ovl_open_realfile) result=0xffff88800471da00
              dd-6629    [001] .....    18.180479: ovldiag_ensure: (ovl_write_iter+0xaf/0x130 <- ovl_ensure_upper_and_switch) result=0x0
              dd-6629    [001] .....    18.180495: ovldiag_write: (ovl_write_iter+0x10c/0x130 <- backing_file_write_iter) result=0x1000
             cat-6632    [000] .....    18.181277: ovldiag_open: (ovl_open+0xb2/0x100 <- ovl_open_realfile) result=0xffff88800e6b8600
             cat-6631    [001] .....    18.182453: ovldiag_open: (ovl_open+0xb2/0x100 <- ovl_open_realfile) result=0xffff88800e6d6600
             cat-6634    [000] .....    18.182611: ovldiag_open: (ovl_open+0xb2/0x100 <- ovl_open_realfile) result=0xffff8880061d0400
              dd-6640    [001] .....    18.186611: ovldiag_open: (ovl_open+0xb2/0x100 <- ovl_open_realfile) result=0xffff8880061ea400
              dd-6640    [001] .....    18.186639: ovldiag_ensure: (ovl_write_iter+0xaf/0x130 <- ovl_ensure_upper_and_switch) result=0x0
              dd-6640    [001] .....    18.186655: ovldiag_write: (ovl_write_iter+0x10c/0x130 <- backing_file_write_iter) result=0x1000
             cat-6642    [001] .....    18.188037: ovldiag_open: (ovl_open+0xb2/0x100 <- ovl_open_realfile) result=0xffff888003f11e00
              dd-6645    [000] .....    18.189488: ovldiag_open: (ovl_open+0xb2/0x100 <- ovl_open_realfile) result=0xffff88800e700500
              dd-6645    [000] .....    18.189517: ovldiag_ensure: (ovl_write_iter+0xaf/0x130 <- ovl_ensure_upper_and_switch) result=0x0
              dd-6645    [000] .....    18.189533: ovldiag_write: (ovl_write_iter+0x10c/0x130 <- backing_file_write_iter) result=0x1000
             cat-6649    [001] .....    18.191771: ovldiag_open: (ovl_open+0xb2/0x100 <- ovl_open_realfile) result=0xffff888003f01e00
              dd-6647    [000] .....    18.191779: ovldiag_open: (ovl_open+0xb2/0x100 <- ovl_open_realfile) result=0xffff888006008c00
              dd-6647    [000] .....    18.191810: ovldiag_ensure: (ovl_write_iter+0xaf/0x130 <- ovl_ensure_upper_and_switch) result=0x0
              dd-6647    [000] .....    18.191826: ovldiag_write: (ovl_write_iter+0x10c/0x130 <- backing_file_write_iter) result=0x1000
             cat-6652    [000] .....    18.193365: ovldiag_open: (ovl_open+0xb2/0x100 <- ovl_open_realfile) result=0xffff88800e700900
              dd-6654    [001] .....    18.195438: ovldiag_open: (ovl_open+0xb2/0x100 <- ovl_open_realfile) result=0xffff8880072ed400
              dd-6654    [001] .....    18.195469: ovldiag_ensure: (ovl_write_iter+0xaf/0x130 <- ovl_ensure_upper_and_switch) result=0x0
              dd-6654    [001] .....    18.195484: ovldiag_write: (ovl_write_iter+0x10c/0x130 <- backing_file_write_iter) result=0x1000
             cat-6653    [000] .....    18.195674: ovldiag_open: (ovl_open+0xb2/0x100 <- ovl_open_realfile) result=0xffff88800713da00
             cat-6661    [000] .....    18.199427: ovldiag_open: (ovl_open+0xb2/0x100 <- ovl_open_realfile) result=0xffff8880061ea800
              dd-6662    [001] .....    18.200599: ovldiag_open: (ovl_open+0xb2/0x100 <- ovl_open_realfile) result=0xffff888008a7c700
              dd-6662    [001] .....    18.200626: ovldiag_ensure: (ovl_write_iter+0xaf/0x130 <- ovl_ensure_upper_and_switch) result=0x0
              dd-6662    [001] .....    18.200642: ovldiag_write: (ovl_write_iter+0x10c/0x130 <- backing_file_write_iter) result=0x1000
              dd-6666    [001] .....    18.202951: ovldiag_open: (ovl_open+0xb2/0x100 <- ovl_open_realfile) result=0xffff888007317d00
              dd-6666    [001] .....    18.202980: ovldiag_ensure: (ovl_write_iter+0xaf/0x130 <- ovl_ensure_upper_and_switch) result=0x0
              dd-6666    [001] .....    18.202996: ovldiag_write: (ovl_write_iter+0x10c/0x130 <- backing_file_write_iter) result=0x1000
             cat-6667    [000] .....    18.203147: ovldiag_open: (ovl_open+0xb2/0x100 <- ovl_open_realfile) result=0xffff8880061cc300
             cat-6669    [000] .....    18.204825: ovldiag_open: (ovl_open+0xb2/0x100 <- ovl_open_realfile) result=0xffff88800621ba00
              dd-6671    [000] .....    18.206074: ovldiag_open: (ovl_open+0xb2/0x100 <- ovl_open_realfile) result=0xffff88800d9f1a00
              dd-6671    [000] .....    18.206104: ovldiag_ensure: (ovl_write_iter+0xaf/0x130 <- ovl_ensure_upper_and_switch) result=0x0
              dd-6671    [000] .....    18.206119: ovldiag_write: (ovl_write_iter+0x10c/0x130 <- backing_file_write_iter) result=0x1000
             cat-6673    [001] .....    18.207641: ovldiag_open: (ovl_open+0xb2/0x100 <- ovl_open_realfile) result=0xffff888006003500
             cat-6677    [000] .....    18.210617: ovldiag_open: (ovl_open+0xb2/0x100 <- ovl_open_realfile) result=0xffff888008a7c600
              dd-6680    [001] .....    18.211386: ovldiag_open: (ovl_open+0xb2/0x100 <- ovl_open_realfile) result=0xffff888007083700
              dd-6680    [001] .....    18.211416: ovldiag_ensure: (ovl_write_iter+0xaf/0x130 <- ovl_ensure_upper_and_switch) result=0x0
              dd-6680    [001] .....    18.211432: ovldiag_write: (ovl_write_iter+0x10c/0x130 <- backing_file_write_iter) result=0x1000
              dd-6684    [001] .....    18.213745: ovldiag_open: (ovl_open+0xb2/0x100 <- ovl_open_realfile) result=0xffff88800e521700
              dd-6684    [001] .....    18.213776: ovldiag_ensure: (ovl_write_iter+0xaf/0x130 <- ovl_ensure_upper_and_switch) result=0x0
              dd-6684    [001] .....    18.213792: ovldiag_write: (ovl_write_iter+0x10c/0x130 <- backing_file_write_iter) result=0x1000
             cat-6685    [000] .....    18.214433: ovldiag_open: (ovl_open+0xb2/0x100 <- ovl_open_realfile) result=0xffff88800727ed00
              dd-6688    [000] .....    18.216275: ovldiag_open: (ovl_open+0xb2/0x100 <- ovl_open_realfile) result=0xffff8880046f0400
              dd-6688    [000] .....    18.216331: ovldiag_ensure: (ovl_write_iter+0xaf/0x130 <- ovl_ensure_upper_and_switch) result=0x0
              dd-6688    [000] .....    18.216347: ovldiag_write: (ovl_write_iter+0x10c/0x130 <- backing_file_write_iter) result=0x1000
             cat-6689    [001] .....    18.217433: ovldiag_open: (ovl_open+0xb2/0x100 <- ovl_open_realfile) result=0xffff888008a27f00
             cat-6690    [001] .....    18.219195: ovldiag_open: (ovl_open+0xb2/0x100 <- ovl_open_realfile) result=0xffff88800e5bfe00
             cat-6694    [000] .....    18.220240: ovldiag_open: (ovl_open+0xb2/0x100 <- ovl_open_realfile) result=0xffff8880046e3600
              dd-6699    [001] .....    18.222836: ovldiag_open: (ovl_open+0xb2/0x100 <- ovl_open_realfile) result=0xffff888007024400
              dd-6699    [001] .....    18.222867: ovldiag_ensure: (ovl_write_iter+0xaf/0x130 <- ovl_ensure_upper_and_switch) result=0x0
              dd-6699    [001] .....    18.222894: ovldiag_write: (ovl_write_iter+0x10c/0x130 <- backing_file_write_iter) result=0x1000
              dd-6700    [001] .....    18.224188: ovldiag_open: (ovl_open+0xb2/0x100 <- ovl_open_realfile) result=0xffff88800e1ca800
              dd-6700    [001] .....    18.224216: ovldiag_ensure: (ovl_write_iter+0xaf/0x130 <- ovl_ensure_upper_and_switch) result=0x0
              dd-6700    [001] .....    18.224231: ovldiag_write: (ovl_write_iter+0x10c/0x130 <- backing_file_write_iter) result=0x1000
             cat-6705    [000] .....    18.226521: ovldiag_open: (ovl_open+0xb2/0x100 <- ovl_open_realfile) result=0xffff888007164400
              dd-6707    [001] .....    18.229197: ovldiag_open: (ovl_open+0xb2/0x100 <- ovl_open_realfile) result=0xffff88800e554600
              dd-6707    [001] .....    18.229227: ovldiag_ensure: (ovl_write_iter+0xaf/0x130 <- ovl_ensure_upper_and_switch) result=0x0
              dd-6707    [001] .....    18.229243: ovldiag_write: (ovl_write_iter+0x10c/0x130 <- backing_file_write_iter) result=0x1000
             cat-6708    [000] .....    18.229676: ovldiag_open: (ovl_open+0xb2/0x100 <- ovl_open_realfile) result=0xffff888008a7cb00
              dd-6709    [001] .....    18.230716: ovldiag_open: (ovl_open+0xb2/0x100 <- ovl_open_realfile) result=0xffff88800713d700
             cat-6711    [000] .....    18.230742: ovldiag_open: (ovl_open+0xb2/0x100 <- ovl_open_realfile) result=0xffff88800e700c00
              dd-6709    [001] .....    18.230744: ovldiag_ensure: (ovl_write_iter+0xaf/0x130 <- ovl_ensure_upper_and_switch) result=0x0
              dd-6709    [001] .....    18.230760: ovldiag_write: (ovl_write_iter+0x10c/0x130 <- backing_file_write_iter) result=0x1000
             cat-6717    [000] .....    18.234703: ovldiag_open: (ovl_open+0xb2/0x100 <- ovl_open_realfile) result=0xffff88800e6d8000
             cat-6719    [001] .....    18.236145: ovldiag_open: (ovl_open+0xb2/0x100 <- ovl_open_realfile) result=0xffff888004798400
              dd-6722    [001] .....    18.237732: ovldiag_open: (ovl_open+0xb2/0x100 <- ovl_open_realfile) result=0xffff8880046c6900
              dd-6722    [001] .....    18.237760: ovldiag_ensure: (ovl_write_iter+0xaf/0x130 <- ovl_ensure_upper_and_switch) result=0x0
              dd-6722    [001] .....    18.237776: ovldiag_write: (ovl_write_iter+0x10c/0x130 <- backing_file_write_iter) result=0x1000
              dd-6726    [000] .....    18.240095: ovldiag_open: (ovl_open+0xb2/0x100 <- ovl_open_realfile) result=0xffff88800e416400
              dd-6726    [000] .....    18.240125: ovldiag_ensure: (ovl_write_iter+0xaf/0x130 <- ovl_ensure_upper_and_switch) result=0x0
              dd-6726    [000] .....    18.240140: ovldiag_write: (ovl_write_iter+0x10c/0x130 <- backing_file_write_iter) result=0x1000
             cat-6727    [001] .....    18.241184: ovldiag_open: (ovl_open+0xb2/0x100 <- ovl_open_realfile) result=0xffff88800e3dca00
             cat-6730    [000] .....    18.242512: ovldiag_open: (ovl_open+0xb2/0x100 <- ovl_open_realfile) result=0xffff88800447b700
             cat-6736    [000] .....    18.245516: ovldiag_open: (ovl_open+0xb2/0x100 <- ovl_open_realfile) result=0xffff88800e554a00
              dd-6735    [000] .....    18.246394: ovldiag_open: (ovl_open+0xb2/0x100 <- ovl_open_realfile) result=0xffff888003cb6c00
              dd-6735    [000] .....    18.246424: ovldiag_ensure: (ovl_write_iter+0xaf/0x130 <- ovl_ensure_upper_and_switch) result=0x0
              dd-6735    [000] .....    18.246437: ovldiag_write: (ovl_write_iter+0x10c/0x130 <- backing_file_write_iter) result=0x1000
              dd-6733    [001] .....    18.247459: ovldiag_open: (ovl_open+0xb2/0x100 <- ovl_open_realfile) result=0xffff88800e521700
              dd-6733    [001] .....    18.247487: ovldiag_ensure: (ovl_write_iter+0xaf/0x130 <- ovl_ensure_upper_and_switch) result=0x0
              dd-6733    [001] .....    18.247503: ovldiag_write: (ovl_write_iter+0x10c/0x130 <- backing_file_write_iter) result=0x1000
             cat-6737    [000] .....    18.248535: ovldiag_open: (ovl_open+0xb2/0x100 <- ovl_open_realfile) result=0xffff88800713da00
             cat-6743    [000] .....    18.251308: ovldiag_open: (ovl_open+0xb2/0x100 <- ovl_open_realfile) result=0xffff888004467400
              dd-6744    [001] .....    18.251697: ovldiag_open: (ovl_open+0xb2/0x100 <- ovl_open_realfile) result=0xffff8880046c6500
              dd-6744    [001] .....    18.251727: ovldiag_ensure: (ovl_write_iter+0xaf/0x130 <- ovl_ensure_upper_and_switch) result=0x0
              dd-6744    [001] .....    18.251743: ovldiag_write: (ovl_write_iter+0x10c/0x130 <- backing_file_write_iter) result=0x1000
              dd-6746    [001] .....    18.253248: ovldiag_open: (ovl_open+0xb2/0x100 <- ovl_open_realfile) result=0xffff88800e646600
              dd-6746    [001] .....    18.253279: ovldiag_ensure: (ovl_write_iter+0xaf/0x130 <- ovl_ensure_upper_and_switch) result=0x0
             cat-6748    [001] .n...    18.254300: ovldiag_open: (ovl_open+0xb2/0x100 <- ovl_open_realfile) result=0xffff888007083700
              dd-6746    [001] .....    18.254330: ovldiag_write: (ovl_write_iter+0x10c/0x130 <- backing_file_write_iter) result=0x1000
             cat-6753    [000] .....    18.257607: ovldiag_open: (ovl_open+0xb2/0x100 <- ovl_open_realfile) result=0xffff8880046e3500
              dd-6756    [000] .....    18.259442: ovldiag_open: (ovl_open+0xb2/0x100 <- ovl_open_realfile) result=0xffff888003f11900
              dd-6756    [000] .....    18.259468: ovldiag_ensure: (ovl_write_iter+0xaf/0x130 <- ovl_ensure_upper_and_switch) result=0x0
              dd-6756    [000] .....    18.259484: ovldiag_write: (ovl_write_iter+0x10c/0x130 <- backing_file_write_iter) result=0x1000
             cat-6759    [000] .....    18.260871: ovldiag_open: (ovl_open+0xb2/0x100 <- ovl_open_realfile) result=0xffff8880089f3700
              dd-6760    [001] .....    18.262121: ovldiag_open: (ovl_open+0xb2/0x100 <- ovl_open_realfile) result=0xffff8880061cc300
              dd-6760    [001] .....    18.262151: ovldiag_ensure: (ovl_write_iter+0xaf/0x130 <- ovl_ensure_upper_and_switch) result=0x0
              dd-6760    [001] .....    18.262168: ovldiag_write: (ovl_write_iter+0x10c/0x130 <- backing_file_write_iter) result=0x1000
             cat-6762    [000] .....    18.262550: ovldiag_open: (ovl_open+0xb2/0x100 <- ovl_open_realfile) result=0xffff88800727ed00
              dd-6768    [001] .....    18.266222: ovldiag_open: (ovl_open+0xb2/0x100 <- ovl_open_realfile) result=0xffff88800d9f1700
              dd-6768    [001] .....    18.266252: ovldiag_ensure: (ovl_write_iter+0xaf/0x130 <- ovl_ensure_upper_and_switch) result=0x0
              dd-6768    [001] .....    18.266268: ovldiag_write: (ovl_write_iter+0x10c/0x130 <- backing_file_write_iter) result=0x1000
             cat-6766    [000] .....    18.266736: ovldiag_open: (ovl_open+0xb2/0x100 <- ovl_open_realfile) result=0xffff88800471df00
             cat-6770    [001] .....    18.268049: ovldiag_open: (ovl_open+0xb2/0x100 <- ovl_open_realfile) result=0xffff8880061ccf00
              dd-6772    [000] .....    18.270430: ovldiag_open: (ovl_open+0xb2/0x100 <- ovl_open_realfile) result=0xffff8880061ea400
              dd-6772    [000] .....    18.270458: ovldiag_ensure: (ovl_write_iter+0xaf/0x130 <- ovl_ensure_upper_and_switch) result=0x0
              dd-6772    [000] .....    18.270474: ovldiag_write: (ovl_write_iter+0x10c/0x130 <- backing_file_write_iter) result=0x1000
             cat-6776    [000] .....    18.271809: ovldiag_open: (ovl_open+0xb2/0x100 <- ovl_open_realfile) result=0xffff88800e317800
              dd-6778    [001] .....    18.273437: ovldiag_open: (ovl_open+0xb2/0x100 <- ovl_open_realfile) result=0xffff8880046c6e00
              dd-6778    [001] .....    18.273468: ovldiag_ensure: (ovl_write_iter+0xaf/0x130 <- ovl_ensure_upper_and_switch) result=0x0
              dd-6778    [001] .....    18.273484: ovldiag_write: (ovl_write_iter+0x10c/0x130 <- backing_file_write_iter) result=0x1000
             cat-6780    [001] .....    18.274212: ovldiag_open: (ovl_open+0xb2/0x100 <- ovl_open_realfile) result=0xffff88800e46c600
             cat-6784    [000] .....    18.276564: ovldiag_open: (ovl_open+0xb2/0x100 <- ovl_open_realfile) result=0xffff888007281f00
             cat-6788    [000] .....    18.279369: ovldiag_open: (ovl_open+0xb2/0x100 <- ovl_open_realfile) result=0xffff8880072edc00
              dd-6786    [000] .....    18.279838: ovldiag_open: (ovl_open+0xb2/0x100 <- ovl_open_realfile) result=0xffff8880046f0900
              dd-6786    [000] .....    18.279864: ovldiag_ensure: (ovl_write_iter+0xaf/0x130 <- ovl_ensure_upper_and_switch) result=0x0
              dd-6786    [000] .....    18.279888: ovldiag_write: (ovl_write_iter+0x10c/0x130 <- backing_file_write_iter) result=0x1000
              dd-6790    [000] .....    18.280924: ovldiag_open: (ovl_open+0xb2/0x100 <- ovl_open_realfile) result=0xffff88800621b400
              dd-6790    [000] .....    18.280953: ovldiag_ensure: (ovl_write_iter+0xaf/0x130 <- ovl_ensure_upper_and_switch) result=0x0
              dd-6790    [000] .....    18.280964: ovldiag_write: (ovl_write_iter+0x10c/0x130 <- backing_file_write_iter) result=0x1000
             cat-6794    [000] .....    18.283137: ovldiag_open: (ovl_open+0xb2/0x100 <- ovl_open_realfile) result=0xffff8880061cc600
              dd-6796    [000] .....    18.284204: ovldiag_open: (ovl_open+0xb2/0x100 <- ovl_open_realfile) result=0xffff8880046e3600
              dd-6796    [000] .....    18.284234: ovldiag_ensure: (ovl_write_iter+0xaf/0x130 <- ovl_ensure_upper_and_switch) result=0x0
              dd-6796    [000] .....    18.284249: ovldiag_write: (ovl_write_iter+0x10c/0x130 <- backing_file_write_iter) result=0x1000
             cat-6797    [001] .....    18.285318: ovldiag_open: (ovl_open+0xb2/0x100 <- ovl_open_realfile) result=0xffff888008a27800
              dd-6803    [001] .....    18.288116: ovldiag_open: (ovl_open+0xb2/0x100 <- ovl_open_realfile) result=0xffff888008a6fd00
              dd-6803    [001] .....    18.288142: ovldiag_ensure: (ovl_write_iter+0xaf/0x130 <- ovl_ensure_upper_and_switch) result=0x0
              dd-6803    [001] .....    18.288159: ovldiag_write: (ovl_write_iter+0x10c/0x130 <- backing_file_write_iter) result=0x1000
             cat-6800    [000] .....    18.288324: ovldiag_open: (ovl_open+0xb2/0x100 <- ovl_open_realfile) result=0xffff88800e6bde00
             cat-6806    [000] .....    18.290569: ovldiag_open: (ovl_open+0xb2/0x100 <- ovl_open_realfile) result=0xffff88800e6bd000
              dd-6812    [000] .....    18.293900: ovldiag_open: (ovl_open+0xb2/0x100 <- ovl_open_realfile) result=0xffff888008a6f300
              dd-6812    [000] .....    18.293929: ovldiag_ensure: (ovl_write_iter+0xaf/0x130 <- ovl_ensure_upper_and_switch) result=0x0
              dd-6812    [000] .....    18.293946: ovldiag_write: (ovl_write_iter+0x10c/0x130 <- backing_file_write_iter) result=0x1000
              dd-6811    [001] .....    18.294870: ovldiag_open: (ovl_open+0xb2/0x100 <- ovl_open_realfile) result=0xffff8880061cc200
              dd-6811    [001] .....    18.294912: ovldiag_ensure: (ovl_write_iter+0xaf/0x130 <- ovl_ensure_upper_and_switch) result=0x0
             cat-6813    [000] .....    18.294926: ovldiag_open: (ovl_open+0xb2/0x100 <- ovl_open_realfile) result=0xffff88800e5eb600
              dd-6811    [001] .....    18.294929: ovldiag_write: (ovl_write_iter+0x10c/0x130 <- backing_file_write_iter) result=0x1000
             cat-6818    [001] .....    18.298262: ovldiag_open: (ovl_open+0xb2/0x100 <- ovl_open_realfile) result=0xffff88800d9f1000
             cat-6819    [000] .....    18.298610: ovldiag_open: (ovl_open+0xb2/0x100 <- ovl_open_realfile) result=0xffff8880089e7300
             cat-6822    [000] .....    18.300044: ovldiag_open: (ovl_open+0xb2/0x100 <- ovl_open_realfile) result=0xffff888008a7e100
              dd-6823    [000] .....    18.301493: ovldiag_open: (ovl_open+0xb2/0x100 <- ovl_open_realfile) result=0xffff88800e416a00
              dd-6823    [000] .....    18.301521: ovldiag_ensure: (ovl_write_iter+0xaf/0x130 <- ovl_ensure_upper_and_switch) result=0x0
              dd-6823    [000] .....    18.301536: ovldiag_write: (ovl_write_iter+0x10c/0x130 <- backing_file_write_iter) result=0x1000
              dd-6825    [001] .....    18.303748: ovldiag_open: (ovl_open+0xb2/0x100 <- ovl_open_realfile) result=0xffff8880072ed500
              dd-6825    [001] .....    18.303778: ovldiag_ensure: (ovl_write_iter+0xaf/0x130 <- ovl_ensure_upper_and_switch) result=0x0
              dd-6825    [001] .....    18.303795: ovldiag_write: (ovl_write_iter+0x10c/0x130 <- backing_file_write_iter) result=0x1000
             cat-6829    [001] .....    18.305806: ovldiag_open: (ovl_open+0xb2/0x100 <- ovl_open_realfile) result=0xffff88800621b500
              dd-6833    [001] .....    18.307327: ovldiag_open: (ovl_open+0xb2/0x100 <- ovl_open_realfile) result=0xffff888007281f00
              dd-6833    [001] .....    18.307357: ovldiag_ensure: (ovl_write_iter+0xaf/0x130 <- ovl_ensure_upper_and_switch) result=0x0
              dd-6833    [001] .....    18.307373: ovldiag_write: (ovl_write_iter+0x10c/0x130 <- backing_file_write_iter) result=0x1000
              dd-6835    [000] .....    18.308776: ovldiag_open: (ovl_open+0xb2/0x100 <- ovl_open_realfile) result=0xffff888008a7c800
              dd-6835    [000] .....    18.308807: ovldiag_ensure: (ovl_write_iter+0xaf/0x130 <- ovl_ensure_upper_and_switch) result=0x0
              dd-6835    [000] .....    18.308823: ovldiag_write: (ovl_write_iter+0x10c/0x130 <- backing_file_write_iter) result=0x1000
             cat-6838    [000] .....    18.310276: ovldiag_open: (ovl_open+0xb2/0x100 <- ovl_open_realfile) result=0xffff88800e666600
             cat-6839    [001] .....    18.311448: ovldiag_open: (ovl_open+0xb2/0x100 <- ovl_open_realfile) result=0xffff888008a27300
             cat-6842    [001] .....    18.314104: ovldiag_open: (ovl_open+0xb2/0x100 <- ovl_open_realfile) result=0xffff88800471d000
             cat-6846    [001] .....    18.315582: ovldiag_open: (ovl_open+0xb2/0x100 <- ovl_open_realfile) result=0xffff88800621b400
              dd-6848    [001] .....    18.317935: ovldiag_open: (ovl_open+0xb2/0x100 <- ovl_open_realfile) result=0xffff88800a7a7500
              dd-6848    [001] .....    18.317966: ovldiag_ensure: (ovl_write_iter+0xaf/0x130 <- ovl_ensure_upper_and_switch) result=0x0
              dd-6848    [001] .....    18.317982: ovldiag_write: (ovl_write_iter+0x10c/0x130 <- backing_file_write_iter) result=0x1000
              dd-6850    [000] .....    18.318145: ovldiag_open: (ovl_open+0xb2/0x100 <- ovl_open_realfile) result=0xffff88800727ee00
              dd-6850    [000] .....    18.318175: ovldiag_ensure: (ovl_write_iter+0xaf/0x130 <- ovl_ensure_upper_and_switch) result=0x0
              dd-6850    [000] .....    18.318191: ovldiag_write: (ovl_write_iter+0x10c/0x130 <- backing_file_write_iter) result=0x1000
             cat-6853    [000] .....    18.320080: ovldiag_open: (ovl_open+0xb2/0x100 <- ovl_open_realfile) result=0xffff8880061ea300
             cat-6855    [001] .....    18.322040: ovldiag_open: (ovl_open+0xb2/0x100 <- ovl_open_realfile) result=0xffff88800452cc00
             cat-6861    [001] .....    18.324813: ovldiag_open: (ovl_open+0xb2/0x100 <- ovl_open_realfile) result=0xffff888007083c00
              dd-6859    [000] .....    18.324959: ovldiag_open: (ovl_open+0xb2/0x100 <- ovl_open_realfile) result=0xffff888007164400
              dd-6859    [000] .....    18.324989: ovldiag_ensure: (ovl_write_iter+0xaf/0x130 <- ovl_ensure_upper_and_switch) result=0x0
              dd-6859    [000] .....    18.325005: ovldiag_write: (ovl_write_iter+0x10c/0x130 <- backing_file_write_iter) result=0x1000
              dd-6860    [000] .....    18.325142: ovldiag_open: (ovl_open+0xb2/0x100 <- ovl_open_realfile) result=0xffff88800e62ed00
              dd-6860    [000] .....    18.325166: ovldiag_ensure: (ovl_write_iter+0xaf/0x130 <- ovl_ensure_upper_and_switch) result=0x0
              dd-6860    [000] .....    18.325171: ovldiag_write: (ovl_write_iter+0x10c/0x130 <- backing_file_write_iter) result=0x1000
             cat-6866    [001] .....    18.328151: ovldiag_open: (ovl_open+0xb2/0x100 <- ovl_open_realfile) result=0xffff88800621b200
             cat-6869    [000] .....    18.329815: ovldiag_open: (ovl_open+0xb2/0x100 <- ovl_open_realfile) result=0xffff8880061cce00
             cat-6873    [001] .....    18.332182: ovldiag_open: (ovl_open+0xb2/0x100 <- ovl_open_realfile) result=0xffff88800e2f0f00
              dd-6872    [000] .....    18.332316: ovldiag_open: (ovl_open+0xb2/0x100 <- ovl_open_realfile) result=0xffff888008a7e100
              dd-6872    [000] .....    18.332347: ovldiag_ensure: (ovl_write_iter+0xaf/0x130 <- ovl_ensure_upper_and_switch) result=0x0
              dd-6872    [000] .....    18.332362: ovldiag_write: (ovl_write_iter+0x10c/0x130 <- backing_file_write_iter) result=0x1000
              dd-6874    [000] .....    18.334959: ovldiag_open: (ovl_open+0xb2/0x100 <- ovl_open_realfile) result=0xffff88800720d700
              dd-6874    [000] .....    18.334989: ovldiag_ensure: (ovl_write_iter+0xaf/0x130 <- ovl_ensure_upper_and_switch) result=0x0
              dd-6874    [000] .....    18.335005: ovldiag_write: (ovl_write_iter+0x10c/0x130 <- backing_file_write_iter) result=0x1000
             cat-6878    [001] .....    18.335869: ovldiag_open: (ovl_open+0xb2/0x100 <- ovl_open_realfile) result=0xffff88800e427600
              dd-6884    [000] .....    18.339006: ovldiag_open: (ovl_open+0xb2/0x100 <- ovl_open_realfile) result=0xffff8880071ccf00
              dd-6884    [000] .....    18.339033: ovldiag_ensure: (ovl_write_iter+0xaf/0x130 <- ovl_ensure_upper_and_switch) result=0x0
              dd-6884    [000] .....    18.339049: ovldiag_write: (ovl_write_iter+0x10c/0x130 <- backing_file_write_iter) result=0x1000
             cat-6882    [001] .....    18.339454: ovldiag_open: (ovl_open+0xb2/0x100 <- ovl_open_realfile) result=0xffff8880046f0700
             cat-6886    [000] .....    18.340345: ovldiag_open: (ovl_open+0xb2/0x100 <- ovl_open_realfile) result=0xffff88800471dc00
              dd-6885    [001] .....    18.340444: ovldiag_open: (ovl_open+0xb2/0x100 <- ovl_open_realfile) result=0xffff8880072ed300
              dd-6885    [001] .....    18.340474: ovldiag_ensure: (ovl_write_iter+0xaf/0x130 <- ovl_ensure_upper_and_switch) result=0x0
              dd-6885    [001] .....    18.340492: ovldiag_write: (ovl_write_iter+0x10c/0x130 <- backing_file_write_iter) result=0x1000
             cat-6890    [000] .....    18.344240: ovldiag_open: (ovl_open+0xb2/0x100 <- ovl_open_realfile) result=0xffff88800e608900
             cat-6895    [001] .....    18.346240: ovldiag_open: (ovl_open+0xb2/0x100 <- ovl_open_realfile) result=0xffff8880061ea400
              dd-6896    [000] .....    18.347141: ovldiag_open: (ovl_open+0xb2/0x100 <- ovl_open_realfile) result=0xffff8880046c6200
              dd-6896    [000] .....    18.347173: ovldiag_ensure: (ovl_write_iter+0xaf/0x130 <- ovl_ensure_upper_and_switch) result=0x0
              dd-6896    [000] .....    18.347188: ovldiag_write: (ovl_write_iter+0x10c/0x130 <- backing_file_write_iter) result=0x1000
              dd-6901    [000] .....    18.349716: ovldiag_open: (ovl_open+0xb2/0x100 <- ovl_open_realfile) result=0xffff88800471d000
              dd-6901    [000] .....    18.349745: ovldiag_ensure: (ovl_write_iter+0xaf/0x130 <- ovl_ensure_upper_and_switch) result=0x0
              dd-6901    [000] .....    18.349760: ovldiag_write: (ovl_write_iter+0x10c/0x130 <- backing_file_write_iter) result=0x1000
             cat-6902    [001] .....    18.350918: ovldiag_open: (ovl_open+0xb2/0x100 <- ovl_open_realfile) result=0xffff8880061d0100
             cat-6904    [001] .....    18.351940: ovldiag_open: (ovl_open+0xb2/0x100 <- ovl_open_realfile) result=0xffff888008a27200
              dd-6908    [000] .....    18.354142: ovldiag_open: (ovl_open+0xb2/0x100 <- ovl_open_realfile) result=0xffff88800e5ee400
              dd-6908    [000] .....    18.354165: ovldiag_ensure: (ovl_write_iter+0xaf/0x130 <- ovl_ensure_upper_and_switch) result=0x0
              dd-6908    [000] .....    18.354190: ovldiag_write: (ovl_write_iter+0x10c/0x130 <- backing_file_write_iter) result=0x1000
             cat-6911    [000] .....    18.355349: ovldiag_open: (ovl_open+0xb2/0x100 <- ovl_open_realfile) result=0xffff8880072ed100
             cat-6914    [000] .....    18.356424: ovldiag_open: (ovl_open+0xb2/0x100 <- ovl_open_realfile) result=0xffff888003f01c00
              dd-6912    [001] .....    18.357809: ovldiag_open: (ovl_open+0xb2/0x100 <- ovl_open_realfile) result=0xffff88800447bc00
              dd-6912    [001] .....    18.357837: ovldiag_ensure: (ovl_write_iter+0xaf/0x130 <- ovl_ensure_upper_and_switch) result=0x0
              dd-6912    [001] .....    18.357854: ovldiag_write: (ovl_write_iter+0x10c/0x130 <- backing_file_write_iter) result=0x1000
             cat-6919    [000] .....    18.359525: ovldiag_open: (ovl_open+0xb2/0x100 <- ovl_open_realfile) result=0xffff888007164900
              dd-6920    [000] .....    18.360319: ovldiag_open: (ovl_open+0xb2/0x100 <- ovl_open_realfile) result=0xffff888008a7c100
              dd-6920    [000] .....    18.360339: ovldiag_ensure: (ovl_write_iter+0xaf/0x130 <- ovl_ensure_upper_and_switch) result=0x0
              dd-6920    [000] .....    18.360353: ovldiag_write: (ovl_write_iter+0x10c/0x130 <- backing_file_write_iter) result=0x1000
             cat-6923    [001] .....    18.362218: ovldiag_open: (ovl_open+0xb2/0x100 <- ovl_open_realfile) result=0xffff88800da03000
              dd-6924    [000] .....    18.362610: ovldiag_open: (ovl_open+0xb2/0x100 <- ovl_open_realfile) result=0xffff88800e4d1a00
              dd-6924    [000] .....    18.362630: ovldiag_ensure: (ovl_write_iter+0xaf/0x130 <- ovl_ensure_upper_and_switch) result=0x0
              dd-6924    [000] .....    18.362643: ovldiag_write: (ovl_write_iter+0x10c/0x130 <- backing_file_write_iter) result=0x1000
             cat-6928    [001] .....    18.365040: ovldiag_open: (ovl_open+0xb2/0x100 <- ovl_open_realfile) result=0xffff888003f11200
             cat-6930    [000] .....    18.366001: ovldiag_open: (ovl_open+0xb2/0x100 <- ovl_open_realfile) result=0xffff888004415900
              dd-6935    [000] .....    18.368679: ovldiag_open: (ovl_open+0xb2/0x100 <- ovl_open_realfile) result=0xffff88800e659e00
              dd-6935    [000] .....    18.368700: ovldiag_ensure: (ovl_write_iter+0xaf/0x130 <- ovl_ensure_upper_and_switch) result=0x0
              dd-6935    [000] .....    18.368713: ovldiag_write: (ovl_write_iter+0x10c/0x130 <- backing_file_write_iter) result=0x1000
             cat-6937    [001] .....    18.370498: ovldiag_open: (ovl_open+0xb2/0x100 <- ovl_open_realfile) result=0xffff8880046c6600
             cat-6938    [000] .....    18.371034: ovldiag_open: (ovl_open+0xb2/0x100 <- ovl_open_realfile) result=0xffff88800d9f1100
              dd-6939    [001] .....    18.371943: ovldiag_open: (ovl_open+0xb2/0x100 <- ovl_open_realfile) result=0xffff88800621b400
              dd-6939    [001] .....    18.371972: ovldiag_ensure: (ovl_write_iter+0xaf/0x130 <- ovl_ensure_upper_and_switch) result=0x0
              dd-6939    [001] .....    18.371988: ovldiag_write: (ovl_write_iter+0x10c/0x130 <- backing_file_write_iter) result=0x1000
              dd-6942    [000] .....    18.373317: ovldiag_open: (ovl_open+0xb2/0x100 <- ovl_open_realfile) result=0xffff88800452cb00
              dd-6942    [000] .....    18.373337: ovldiag_ensure: (ovl_write_iter+0xaf/0x130 <- ovl_ensure_upper_and_switch) result=0x0
              dd-6942    [000] .....    18.373351: ovldiag_write: (ovl_write_iter+0x10c/0x130 <- backing_file_write_iter) result=0x1000
             cat-6945    [000] .....    18.375080: ovldiag_open: (ovl_open+0xb2/0x100 <- ovl_open_realfile) result=0xffff88800e4ac100
             cat-6947    [001] .....    18.376686: ovldiag_open: (ovl_open+0xb2/0x100 <- ovl_open_realfile) result=0xffff888008a7c800
              dd-6948    [000] .....    18.377863: ovldiag_open: (ovl_open+0xb2/0x100 <- ovl_open_realfile) result=0xffff88800e2e7600
              dd-6948    [000] .....    18.377897: ovldiag_ensure: (ovl_write_iter+0xaf/0x130 <- ovl_ensure_upper_and_switch) result=0x0
              dd-6948    [000] .....    18.377910: ovldiag_write: (ovl_write_iter+0x10c/0x130 <- backing_file_write_iter) result=0x1000
             cat-6954    [000] .....    18.380012: ovldiag_open: (ovl_open+0xb2/0x100 <- ovl_open_realfile) result=0xffff88800e016f00
              dd-6957    [001] .....    18.381518: ovldiag_open: (ovl_open+0xb2/0x100 <- ovl_open_realfile) result=0xffff888004762800
              dd-6957    [001] .....    18.381545: ovldiag_ensure: (ovl_write_iter+0xaf/0x130 <- ovl_ensure_upper_and_switch) result=0x0
              dd-6957    [001] .....    18.381561: ovldiag_write: (ovl_write_iter+0x10c/0x130 <- backing_file_write_iter) result=0x1000
             cat-6960    [000] .....    18.383655: ovldiag_open: (ovl_open+0xb2/0x100 <- ovl_open_realfile) result=0xffff8880046f0800
             cat-6961    [001] .....    18.383950: ovldiag_open: (ovl_open+0xb2/0x100 <- ovl_open_realfile) result=0xffff888006003500
              dd-6968    [000] .....    18.386952: ovldiag_open: (ovl_open+0xb2/0x100 <- ovl_open_realfile) result=0xffff888008a7cd00
              dd-6968    [000] .....    18.386973: ovldiag_ensure: (ovl_write_iter+0xaf/0x130 <- ovl_ensure_upper_and_switch) result=0x0
              dd-6968    [000] .....    18.386987: ovldiag_write: (ovl_write_iter+0x10c/0x130 <- backing_file_write_iter) result=0x1000
             cat-6967    [001] .....    18.388177: ovldiag_open: (ovl_open+0xb2/0x100 <- ovl_open_realfile) result=0xffff88800d9f1200
              dd-6966    [001] .....    18.388679: ovldiag_open: (ovl_open+0xb2/0x100 <- ovl_open_realfile) result=0xffff88800720de00
             cat-6970    [000] .....    18.388706: ovldiag_open: (ovl_open+0xb2/0x100 <- ovl_open_realfile) result=0xffff888006003900
              dd-6966    [001] .....    18.388708: ovldiag_ensure: (ovl_write_iter+0xaf/0x130 <- ovl_ensure_upper_and_switch) result=0x0
              dd-6966    [001] .....    18.388723: ovldiag_write: (ovl_write_iter+0x10c/0x130 <- backing_file_write_iter) result=0x1000
              dd-6973    [001] .....    18.390432: ovldiag_open: (ovl_open+0xb2/0x100 <- ovl_open_realfile) result=0xffff88800720b900
              dd-6973    [001] .....    18.390461: ovldiag_ensure: (ovl_write_iter+0xaf/0x130 <- ovl_ensure_upper_and_switch) result=0x0
              dd-6973    [001] .....    18.390477: ovldiag_write: (ovl_write_iter+0x10c/0x130 <- backing_file_write_iter) result=0x1000
             cat-6977    [000] .....    18.392244: ovldiag_open: (ovl_open+0xb2/0x100 <- ovl_open_realfile) result=0xffff88800e527600
              dd-6981    [000] .....    18.394280: ovldiag_open: (ovl_open+0xb2/0x100 <- ovl_open_realfile) result=0xffff88800e2e7700
              dd-6981    [000] .....    18.394326: ovldiag_ensure: (ovl_write_iter+0xaf/0x130 <- ovl_ensure_upper_and_switch) result=0x0
              dd-6981    [000] .....    18.394340: ovldiag_write: (ovl_write_iter+0x10c/0x130 <- backing_file_write_iter) result=0x1000
             cat-6979    [000] .....    18.394793: ovldiag_open: (ovl_open+0xb2/0x100 <- ovl_open_realfile) result=0xffff88800452ce00
             cat-6987    [000] .....    18.397913: ovldiag_open: (ovl_open+0xb2/0x100 <- ovl_open_realfile) result=0xffff88800e6e1000
              dd-6989    [000] .....    18.399101: ovldiag_open: (ovl_open+0xb2/0x100 <- ovl_open_realfile) result=0xffff8880061d0400
              dd-6989    [000] .....    18.399122: ovldiag_ensure: (ovl_write_iter+0xaf/0x130 <- ovl_ensure_upper_and_switch) result=0x0
              dd-6989    [000] .....    18.399135: ovldiag_write: (ovl_write_iter+0x10c/0x130 <- backing_file_write_iter) result=0x1000
             cat-6990    [000] .....    18.401059: ovldiag_open: (ovl_open+0xb2/0x100 <- ovl_open_realfile) result=0xffff88800e527c00
              dd-6995    [001] .....    18.403430: ovldiag_open: (ovl_open+0xb2/0x100 <- ovl_open_realfile) result=0xffff888007317100
              dd-6995    [001] .....    18.403470: ovldiag_ensure: (ovl_write_iter+0xaf/0x130 <- ovl_ensure_upper_and_switch) result=0x0
              dd-6995    [001] .....    18.403486: ovldiag_write: (ovl_write_iter+0x10c/0x130 <- backing_file_write_iter) result=0x1000
             cat-6998    [001] .....    18.405341: ovldiag_open: (ovl_open+0xb2/0x100 <- ovl_open_realfile) result=0xffff8880046f0700
             cat-6997    [001] .....    18.406684: ovldiag_open: (ovl_open+0xb2/0x100 <- ovl_open_realfile) result=0xffff88800452c300
              dd-6999    [000] .....    18.407089: ovldiag_open: (ovl_open+0xb2/0x100 <- ovl_open_realfile) result=0xffff888007083b00
              dd-6999    [000] .....    18.407113: ovldiag_ensure: (ovl_write_iter+0xaf/0x130 <- ovl_ensure_upper_and_switch) result=0x0
              dd-6999    [000] .....    18.407129: ovldiag_write: (ovl_write_iter+0x10c/0x130 <- backing_file_write_iter) result=0x1000
             cat-7003    [001] .....    18.408050: ovldiag_open: (ovl_open+0xb2/0x100 <- ovl_open_realfile) result=0xffff88800e69ee00
              dd-7005    [000] .....    18.409366: ovldiag_open: (ovl_open+0xb2/0x100 <- ovl_open_realfile) result=0xffff88800e40b000
              dd-7005    [000] .....    18.409396: ovldiag_ensure: (ovl_write_iter+0xaf/0x130 <- ovl_ensure_upper_and_switch) result=0x0
              dd-7005    [000] .....    18.409409: ovldiag_write: (ovl_write_iter+0x10c/0x130 <- backing_file_write_iter) result=0x1000
             cat-7010    [000] .....    18.411239: ovldiag_open: (ovl_open+0xb2/0x100 <- ovl_open_realfile) result=0xffff888008a27f00
              dd-7015    [000] .....    18.414225: ovldiag_open: (ovl_open+0xb2/0x100 <- ovl_open_realfile) result=0xffff88800471d100
              dd-7015    [000] .....    18.414250: ovldiag_ensure: (ovl_write_iter+0xaf/0x130 <- ovl_ensure_upper_and_switch) result=0x0
              dd-7015    [000] .....    18.414262: ovldiag_write: (ovl_write_iter+0x10c/0x130 <- backing_file_write_iter) result=0x1000
             cat-7017    [001] .....    18.415592: ovldiag_open: (ovl_open+0xb2/0x100 <- ovl_open_realfile) result=0xffff88800713d000
              dd-7019    [000] .....    18.417144: ovldiag_open: (ovl_open+0xb2/0x100 <- ovl_open_realfile) result=0xffff88800e527d00
              dd-7019    [000] .....    18.417170: ovldiag_ensure: (ovl_write_iter+0xaf/0x130 <- ovl_ensure_upper_and_switch) result=0x0
              dd-7019    [000] .....    18.417182: ovldiag_write: (ovl_write_iter+0x10c/0x130 <- backing_file_write_iter) result=0x1000
             cat-7023    [000] .....    18.419210: ovldiag_open: (ovl_open+0xb2/0x100 <- ovl_open_realfile) result=0xffff88800daad100
             cat-7026    [001] .....    18.421250: ovldiag_open: (ovl_open+0xb2/0x100 <- ovl_open_realfile) result=0xffff88800e10f600
             cat-7025    [001] .....    18.422072: ovldiag_open: (ovl_open+0xb2/0x100 <- ovl_open_realfile) result=0xffff88800471db00
              dd-7022    [001] .....    18.422365: ovldiag_open: (ovl_open+0xb2/0x100 <- ovl_open_realfile) result=0xffff88800471d900
              dd-7022    [001] .....    18.422402: ovldiag_ensure: (ovl_write_iter+0xaf/0x130 <- ovl_ensure_upper_and_switch) result=0x0
              dd-7022    [001] .....    18.422418: ovldiag_write: (ovl_write_iter+0x10c/0x130 <- backing_file_write_iter) result=0x1000
              dd-7027    [000] .....    18.423023: ovldiag_open: (ovl_open+0xb2/0x100 <- ovl_open_realfile) result=0xffff888007317300
              dd-7027    [000] .....    18.423051: ovldiag_ensure: (ovl_write_iter+0xaf/0x130 <- ovl_ensure_upper_and_switch) result=0x0
              dd-7027    [000] .....    18.423064: ovldiag_write: (ovl_write_iter+0x10c/0x130 <- backing_file_write_iter) result=0x1000
             cat-7033    [001] .....    18.425434: ovldiag_open: (ovl_open+0xb2/0x100 <- ovl_open_realfile) result=0xffff8880061cc900
             cat-7039    [000] .....    18.428299: ovldiag_open: (ovl_open+0xb2/0x100 <- ovl_open_realfile) result=0xffff88800471d900
              dd-7037    [001] .....    18.429341: ovldiag_open: (ovl_open+0xb2/0x100 <- ovl_open_realfile) result=0xffff88800702ca00
              dd-7037    [001] .....    18.429377: ovldiag_ensure: (ovl_write_iter+0xaf/0x130 <- ovl_ensure_upper_and_switch) result=0x0
              dd-7037    [001] .....    18.429393: ovldiag_write: (ovl_write_iter+0x10c/0x130 <- backing_file_write_iter) result=0x1000
              dd-7041    [000] .....    18.429936: ovldiag_open: (ovl_open+0xb2/0x100 <- ovl_open_realfile) result=0xffff88800727ef00
              dd-7041    [000] .....    18.429957: ovldiag_ensure: (ovl_write_iter+0xaf/0x130 <- ovl_ensure_upper_and_switch) result=0x0
              dd-7041    [000] .....    18.429971: ovldiag_write: (ovl_write_iter+0x10c/0x130 <- backing_file_write_iter) result=0x1000
             cat-7045    [000] .....    18.432201: ovldiag_open: (ovl_open+0xb2/0x100 <- ovl_open_realfile) result=0xffff888008a6fa00
             cat-7046    [001] .....    18.433457: ovldiag_open: (ovl_open+0xb2/0x100 <- ovl_open_realfile) result=0xffff88800daad800
             cat-7049    [000] .....    18.435924: ovldiag_open: (ovl_open+0xb2/0x100 <- ovl_open_realfile) result=0xffff88800e260a00
              dd-7048    [000] .....    18.438119: ovldiag_open: (ovl_open+0xb2/0x100 <- ovl_open_realfile) result=0xffff88800e40d400
              dd-7048    [000] .....    18.438152: ovldiag_ensure: (ovl_write_iter+0xaf/0x130 <- ovl_ensure_upper_and_switch) result=0x0
              dd-7048    [000] .....    18.438164: ovldiag_write: (ovl_write_iter+0x10c/0x130 <- backing_file_write_iter) result=0x1000
              dd-7052    [000] .....    18.438480: ovldiag_open: (ovl_open+0xb2/0x100 <- ovl_open_realfile) result=0xffff88800e40d900
              dd-7052    [000] .....    18.438507: ovldiag_ensure: (ovl_write_iter+0xaf/0x130 <- ovl_ensure_upper_and_switch) result=0x0
              dd-7052    [000] .....    18.438516: ovldiag_write: (ovl_write_iter+0x10c/0x130 <- backing_file_write_iter) result=0x1000
             cat-7057    [000] .....    18.440210: ovldiag_open: (ovl_open+0xb2/0x100 <- ovl_open_realfile) result=0xffff8880061cc900
             cat-7059    [000] .....    18.441310: ovldiag_open: (ovl_open+0xb2/0x100 <- ovl_open_realfile) result=0xffff888008a6ff00
              dd-7061    [001] .....    18.443132: ovldiag_open: (ovl_open+0xb2/0x100 <- ovl_open_realfile) result=0xffff8880061d0e00
              dd-7061    [001] .....    18.443162: ovldiag_ensure: (ovl_write_iter+0xaf/0x130 <- ovl_ensure_upper_and_switch) result=0x0
              dd-7061    [001] .....    18.443179: ovldiag_write: (ovl_write_iter+0x10c/0x130 <- backing_file_write_iter) result=0x1000
              dd-7062    [000] .....    18.444370: ovldiag_open: (ovl_open+0xb2/0x100 <- ovl_open_realfile) result=0xffff888008a6f400
              dd-7062    [000] .....    18.444398: ovldiag_ensure: (ovl_write_iter+0xaf/0x130 <- ovl_ensure_upper_and_switch) result=0x0
              dd-7062    [000] .....    18.444411: ovldiag_write: (ovl_write_iter+0x10c/0x130 <- backing_file_write_iter) result=0x1000
             cat-7066    [000] .....    18.445231: ovldiag_open: (ovl_open+0xb2/0x100 <- ovl_open_realfile) result=0xffff8880046e3a00
             cat-7067    [001] .....    18.446524: ovldiag_open: (ovl_open+0xb2/0x100 <- ovl_open_realfile) result=0xffff888007083d00
              dd-7074    [001] .....    18.450706: ovldiag_open: (ovl_open+0xb2/0x100 <- ovl_open_realfile) result=0xffff888004762500
              dd-7074    [001] .....    18.450735: ovldiag_ensure: (ovl_write_iter+0xaf/0x130 <- ovl_ensure_upper_and_switch) result=0x0
              dd-7074    [001] .....    18.450752: ovldiag_write: (ovl_write_iter+0x10c/0x130 <- backing_file_write_iter) result=0x1000
              dd-7075    [000] .....    18.451204: ovldiag_open: (ovl_open+0xb2/0x100 <- ovl_open_realfile) result=0xffff88800e69d100
              dd-7075    [000] .....    18.451234: ovldiag_ensure: (ovl_write_iter+0xaf/0x130 <- ovl_ensure_upper_and_switch) result=0x0
              dd-7075    [000] .....    18.451247: ovldiag_write: (ovl_write_iter+0x10c/0x130 <- backing_file_write_iter) result=0x1000
             cat-7076    [001] .....    18.452118: ovldiag_open: (ovl_open+0xb2/0x100 <- ovl_open_realfile) result=0xffff8880046e3b00
             cat-7079    [000] .....    18.453134: ovldiag_open: (ovl_open+0xb2/0x100 <- ovl_open_realfile) result=0xffff88800621b200
             cat-7082    [000] .....    18.455412: ovldiag_open: (ovl_open+0xb2/0x100 <- ovl_open_realfile) result=0xffff88800720bd00
             cat-7084    [001] .....    18.455838: ovldiag_open: (ovl_open+0xb2/0x100 <- ovl_open_realfile) result=0xffff888008a7ef00
              dd-7089    [001] .....    18.459433: ovldiag_open: (ovl_open+0xb2/0x100 <- ovl_open_realfile) result=0xffff888008a7cb00
              dd-7089    [001] .....    18.459464: ovldiag_ensure: (ovl_write_iter+0xaf/0x130 <- ovl_ensure_upper_and_switch) result=0x0
              dd-7089    [001] .....    18.459483: ovldiag_write: (ovl_write_iter+0x10c/0x130 <- backing_file_write_iter) result=0x1000
              dd-7088    [000] .....    18.459612: ovldiag_open: (ovl_open+0xb2/0x100 <- ovl_open_realfile) result=0xffff8880061d0e00
              dd-7088    [000] .....    18.459641: ovldiag_ensure: (ovl_write_iter+0xaf/0x130 <- ovl_ensure_upper_and_switch) result=0x0
              dd-7088    [000] .....    18.459653: ovldiag_write: (ovl_write_iter+0x10c/0x130 <- backing_file_write_iter) result=0x1000
             cat-7094    [001] .....    18.462337: ovldiag_open: (ovl_open+0xb2/0x100 <- ovl_open_realfile) result=0xffff8880061ea900
             cat-7097    [001] .....    18.463836: ovldiag_open: (ovl_open+0xb2/0x100 <- ovl_open_realfile) result=0xffff888007083d00
             cat-7100    [000] .....    18.465278: ovldiag_open: (ovl_open+0xb2/0x100 <- ovl_open_realfile) result=0xffff888008a7c000
              dd-7095    [000] .....    18.465474: ovldiag_open: (ovl_open+0xb2/0x100 <- ovl_open_realfile) result=0xffff888008a7c100
              dd-7095    [000] .....    18.465501: ovldiag_ensure: (ovl_write_iter+0xaf/0x130 <- ovl_ensure_upper_and_switch) result=0x0
              dd-7095    [000] .....    18.465514: ovldiag_write: (ovl_write_iter+0x10c/0x130 <- backing_file_write_iter) result=0x1000
              dd-7098    [001] .....    18.465518: ovldiag_open: (ovl_open+0xb2/0x100 <- ovl_open_realfile) result=0xffff888004762400
              dd-7098    [001] .....    18.465546: ovldiag_ensure: (ovl_write_iter+0xaf/0x130 <- ovl_ensure_upper_and_switch) result=0x0
              dd-7098    [001] .....    18.465555: ovldiag_write: (ovl_write_iter+0x10c/0x130 <- backing_file_write_iter) result=0x1000
             cat-7105    [000] .....    18.469000: ovldiag_open: (ovl_open+0xb2/0x100 <- ovl_open_realfile) result=0xffff88800e662f00
              dd-7110    [001] .....    18.472276: ovldiag_open: (ovl_open+0xb2/0x100 <- ovl_open_realfile) result=0xffff8880072eda00
              dd-7110    [001] .....    18.472346: ovldiag_ensure: (ovl_write_iter+0xaf/0x130 <- ovl_ensure_upper_and_switch) result=0x0
              dd-7110    [001] .....    18.472362: ovldiag_write: (ovl_write_iter+0x10c/0x130 <- backing_file_write_iter) result=0x1000
              dd-7111    [000] .....    18.472492: ovldiag_open: (ovl_open+0xb2/0x100 <- ovl_open_realfile) result=0xffff88800d9e3b00
              dd-7111    [000] .....    18.472514: ovldiag_ensure: (ovl_write_iter+0xaf/0x130 <- ovl_ensure_upper_and_switch) result=0x0
              dd-7111    [000] .....    18.472525: ovldiag_write: (ovl_write_iter+0x10c/0x130 <- backing_file_write_iter) result=0x1000
             cat-7114    [000] .....    18.474220: ovldiag_open: (ovl_open+0xb2/0x100 <- ovl_open_realfile) result=0xffff8880046c6f00
             cat-7115    [001] .....    18.475448: ovldiag_open: (ovl_open+0xb2/0x100 <- ovl_open_realfile) result=0xffff88800e477a00
             cat-7118    [000] .....    18.476702: ovldiag_open: (ovl_open+0xb2/0x100 <- ovl_open_realfile) result=0xffff88800447bc00
             cat-7120    [000] .....    18.478067: ovldiag_open: (ovl_open+0xb2/0x100 <- ovl_open_realfile) result=0xffff88800d97de00
              dd-7123    [000] .....    18.482267: ovldiag_open: (ovl_open+0xb2/0x100 <- ovl_open_realfile) result=0xffff88800471d900
              dd-7123    [000] .....    18.482427: ovldiag_ensure: (ovl_write_iter+0xaf/0x130 <- ovl_ensure_upper_and_switch) result=0x0
              dd-7123    [000] .....    18.482441: ovldiag_write: (ovl_write_iter+0x10c/0x130 <- backing_file_write_iter) result=0x1000
              dd-7127    [000] .....    18.483387: ovldiag_open: (ovl_open+0xb2/0x100 <- ovl_open_realfile) result=0xffff888004467b00
              dd-7127    [000] .....    18.483415: ovldiag_ensure: (ovl_write_iter+0xaf/0x130 <- ovl_ensure_upper_and_switch) result=0x0
              dd-7127    [000] .....    18.483427: ovldiag_write: (ovl_write_iter+0x10c/0x130 <- backing_file_write_iter) result=0x1000
             cat-7128    [001] .....    18.483469: ovldiag_open: (ovl_open+0xb2/0x100 <- ovl_open_realfile) result=0xffff88800e4c8a00
              dd-7131    [000] .....    18.485149: ovldiag_open: (ovl_open+0xb2/0x100 <- ovl_open_realfile) result=0xffff8880072ede00
              dd-7131    [000] .....    18.485172: ovldiag_ensure: (ovl_write_iter+0xaf/0x130 <- ovl_ensure_upper_and_switch) result=0x0
              dd-7131    [000] .....    18.485188: ovldiag_write: (ovl_write_iter+0x10c/0x130 <- backing_file_write_iter) result=0x1000
              dd-7134    [001] .....    18.486607: ovldiag_open: (ovl_open+0xb2/0x100 <- ovl_open_realfile) result=0xffff888004762800
              dd-7134    [001] .....    18.486634: ovldiag_ensure: (ovl_write_iter+0xaf/0x130 <- ovl_ensure_upper_and_switch) result=0x0
              dd-7134    [001] .....    18.486651: ovldiag_write: (ovl_write_iter+0x10c/0x130 <- backing_file_write_iter) result=0x1000
             cat-7135    [000] .....    18.487370: ovldiag_open: (ovl_open+0xb2/0x100 <- ovl_open_realfile) result=0xffff88800720b900
             cat-7139    [001] .....    18.489184: ovldiag_open: (ovl_open+0xb2/0x100 <- ovl_open_realfile) result=0xffff88800e608600
             cat-7137    [001] .....    18.489455: ovldiag_open: (ovl_open+0xb2/0x100 <- ovl_open_realfile) result=0xffff88800e5e8100
              dd-7147    [000] .....    18.494325: ovldiag_open: (ovl_open+0xb2/0x100 <- ovl_open_realfile) result=0xffff88800e26f000
              dd-7147    [000] .....    18.494349: ovldiag_ensure: (ovl_write_iter+0xaf/0x130 <- ovl_ensure_upper_and_switch) result=0x0
              dd-7147    [000] .....    18.494364: ovldiag_write: (ovl_write_iter+0x10c/0x130 <- backing_file_write_iter) result=0x1000
             cat-7146    [001] .....    18.494545: ovldiag_open: (ovl_open+0xb2/0x100 <- ovl_open_realfile) result=0xffff88800e6fe500
              dd-7149    [000] .....    18.496037: ovldiag_open: (ovl_open+0xb2/0x100 <- ovl_open_realfile) result=0xffff88800e527600
              dd-7149    [000] .....    18.496062: ovldiag_ensure: (ovl_write_iter+0xaf/0x130 <- ovl_ensure_upper_and_switch) result=0x0
              dd-7149    [000] .....    18.496084: ovldiag_write: (ovl_write_iter+0x10c/0x130 <- backing_file_write_iter) result=0x1000
              dd-7151    [000] .....    18.497103: ovldiag_open: (ovl_open+0xb2/0x100 <- ovl_open_realfile) result=0xffff8880046e3900
              dd-7151    [000] .....    18.497123: ovldiag_ensure: (ovl_write_iter+0xaf/0x130 <- ovl_ensure_upper_and_switch) result=0x0
              dd-7151    [000] .....    18.497135: ovldiag_write: (ovl_write_iter+0x10c/0x130 <- backing_file_write_iter) result=0x1000
             cat-7155    [000] .....    18.498347: ovldiag_open: (ovl_open+0xb2/0x100 <- ovl_open_realfile) result=0xffff888008a7ef00
             cat-7154    [001] .....    18.500771: ovldiag_open: (ovl_open+0xb2/0x100 <- ovl_open_realfile) result=0xffff88800e690400
              dd-7158    [001] .....    18.501356: ovldiag_open: (ovl_open+0xb2/0x100 <- ovl_open_realfile) result=0xffff88800e690e00
              dd-7158    [001] .....    18.501383: ovldiag_ensure: (ovl_write_iter+0xaf/0x130 <- ovl_ensure_upper_and_switch) result=0x0
              dd-7158    [001] .....    18.501396: ovldiag_write: (ovl_write_iter+0x10c/0x130 <- backing_file_write_iter) result=0x1000
             cat-7160    [000] .....    18.501801: ovldiag_open: (ovl_open+0xb2/0x100 <- ovl_open_realfile) result=0xffff888004434300
             cat-7165    [000] .....    18.504820: ovldiag_open: (ovl_open+0xb2/0x100 <- ovl_open_realfile) result=0xffff88800471dc00
              dd-7168    [000] .....    18.507179: ovldiag_open: (ovl_open+0xb2/0x100 <- ovl_open_realfile) result=0xffff888008b4f200
              dd-7168    [000] .....    18.507210: ovldiag_ensure: (ovl_write_iter+0xaf/0x130 <- ovl_ensure_upper_and_switch) result=0x0
              dd-7168    [000] .....    18.507223: ovldiag_write: (ovl_write_iter+0x10c/0x130 <- backing_file_write_iter) result=0x1000
             cat-7170    [001] .....    18.508024: ovldiag_open: (ovl_open+0xb2/0x100 <- ovl_open_realfile) result=0xffff88800e260900
              dd-7173    [000] .....    18.510086: ovldiag_open: (ovl_open+0xb2/0x100 <- ovl_open_realfile) result=0xffff8880071ccf00
              dd-7173    [000] .....    18.510105: ovldiag_ensure: (ovl_write_iter+0xaf/0x130 <- ovl_ensure_upper_and_switch) result=0x0
              dd-7173    [000] .....    18.510118: ovldiag_write: (ovl_write_iter+0x10c/0x130 <- backing_file_write_iter) result=0x1000
             cat-7177    [000] .....    18.511970: ovldiag_open: (ovl_open+0xb2/0x100 <- ovl_open_realfile) result=0xffff888004467400
              dd-7176    [001] .....    18.512267: ovldiag_open: (ovl_open+0xb2/0x100 <- ovl_open_realfile) result=0xffff8880072ede00
              dd-7176    [001] .....    18.512323: ovldiag_ensure: (ovl_write_iter+0xaf/0x130 <- ovl_ensure_upper_and_switch) result=0x0
              dd-7176    [001] .....    18.512340: ovldiag_write: (ovl_write_iter+0x10c/0x130 <- backing_file_write_iter) result=0x1000
             cat-7178    [001] .....    18.514388: ovldiag_open: (ovl_open+0xb2/0x100 <- ovl_open_realfile) result=0xffff88800e6adc00
              dd-7182    [000] .....    18.514717: ovldiag_open: (ovl_open+0xb2/0x100 <- ovl_open_realfile) result=0xffff88800e1c3700
              dd-7182    [000] .....    18.514738: ovldiag_ensure: (ovl_write_iter+0xaf/0x130 <- ovl_ensure_upper_and_switch) result=0x0
              dd-7182    [000] .....    18.514752: ovldiag_write: (ovl_write_iter+0x10c/0x130 <- backing_file_write_iter) result=0x1000
             cat-7183    [000] .....    18.515534: ovldiag_open: (ovl_open+0xb2/0x100 <- ovl_open_realfile) result=0xffff88800471d200
             cat-7188    [001] .....    18.518169: ovldiag_open: (ovl_open+0xb2/0x100 <- ovl_open_realfile) result=0xffff8880061d0b00
              dd-7190    [000] .....    18.519739: ovldiag_open: (ovl_open+0xb2/0x100 <- ovl_open_realfile) result=0xffff88800607b200
              dd-7190    [000] .....    18.519765: ovldiag_ensure: (ovl_write_iter+0xaf/0x130 <- ovl_ensure_upper_and_switch) result=0x0
              dd-7190    [000] .....    18.519777: ovldiag_write: (ovl_write_iter+0x10c/0x130 <- backing_file_write_iter) result=0x1000
             cat-7192    [001] .....    18.522003: ovldiag_open: (ovl_open+0xb2/0x100 <- ovl_open_realfile) result=0xffff88800e2a9c00
              dd-7195    [000] .....    18.522402: ovldiag_open: (ovl_open+0xb2/0x100 <- ovl_open_realfile) result=0xffff88800e260800
              dd-7195    [000] .....    18.522431: ovldiag_ensure: (ovl_write_iter+0xaf/0x130 <- ovl_ensure_upper_and_switch) result=0x0
              dd-7195    [000] .....    18.522443: ovldiag_write: (ovl_write_iter+0x10c/0x130 <- backing_file_write_iter) result=0x1000
             cat-7198    [000] .....    18.524308: ovldiag_open: (ovl_open+0xb2/0x100 <- ovl_open_realfile) result=0xffff888004467100
             cat-7201    [001] .....    18.525876: ovldiag_open: (ovl_open+0xb2/0x100 <- ovl_open_realfile) result=0xffff88800447b000
              dd-7203    [001] .....    18.527260: ovldiag_open: (ovl_open+0xb2/0x100 <- ovl_open_realfile) result=0xffff88800e5d4e00
              dd-7204    [000] .....    18.527456: ovldiag_open: (ovl_open+0xb2/0x100 <- ovl_open_realfile) result=0xffff888003cb6c00
              dd-7204    [000] .....    18.527480: ovldiag_ensure: (ovl_write_iter+0xaf/0x130 <- ovl_ensure_upper_and_switch) result=0x0
              dd-7204    [000] .....    18.527497: ovldiag_write: (ovl_write_iter+0x10c/0x130 <- backing_file_write_iter) result=0x1000
              dd-7203    [000] .....    18.528333: ovldiag_ensure: (ovl_write_iter+0xaf/0x130 <- ovl_ensure_upper_and_switch) result=0x0
              dd-7203    [000] .....    18.528348: ovldiag_write: (ovl_write_iter+0x10c/0x130 <- backing_file_write_iter) result=0x1000
             cat-7207    [001] .....    18.529468: ovldiag_open: (ovl_open+0xb2/0x100 <- ovl_open_realfile) result=0xffff88800e5d4500
             cat-7211    [000] .....    18.531248: ovldiag_open: (ovl_open+0xb2/0x100 <- ovl_open_realfile) result=0xffff88800452c000
              dd-7212    [000] .....    18.532403: ovldiag_open: (ovl_open+0xb2/0x100 <- ovl_open_realfile) result=0xffff8880046e3b00
              dd-7212    [000] .....    18.532424: ovldiag_ensure: (ovl_write_iter+0xaf/0x130 <- ovl_ensure_upper_and_switch) result=0x0
              dd-7212    [000] .....    18.532438: ovldiag_write: (ovl_write_iter+0x10c/0x130 <- backing_file_write_iter) result=0x1000
             cat-7215    [000] .....    18.534390: ovldiag_open: (ovl_open+0xb2/0x100 <- ovl_open_realfile) result=0xffff888004434300
              dd-7218    [001] .....    18.535254: ovldiag_open: (ovl_open+0xb2/0x100 <- ovl_open_realfile) result=0xffff888008a6f000
              dd-7218    [001] .....    18.535311: ovldiag_ensure: (ovl_write_iter+0xaf/0x130 <- ovl_ensure_upper_and_switch) result=0x0
              dd-7218    [001] .....    18.535330: ovldiag_write: (ovl_write_iter+0x10c/0x130 <- backing_file_write_iter) result=0x1000
             cat-7221    [001] .....    18.537347: ovldiag_open: (ovl_open+0xb2/0x100 <- ovl_open_realfile) result=0xffff88800607b000
              dd-7224    [000] .....    18.539529: ovldiag_open: (ovl_open+0xb2/0x100 <- ovl_open_realfile) result=0xffff88800e260400
              dd-7224    [000] .....    18.539550: ovldiag_ensure: (ovl_write_iter+0xaf/0x130 <- ovl_ensure_upper_and_switch) result=0x0
              dd-7224    [000] .....    18.539565: ovldiag_write: (ovl_write_iter+0x10c/0x130 <- backing_file_write_iter) result=0x1000
             cat-7226    [001] .....    18.541191: ovldiag_open: (ovl_open+0xb2/0x100 <- ovl_open_realfile) result=0xffff8880061d0100
              dd-7228    [000] .....    18.541436: ovldiag_open: (ovl_open+0xb2/0x100 <- ovl_open_realfile) result=0xffff8880046e3a00
              dd-7228    [000] .....    18.541460: ovldiag_ensure: (ovl_write_iter+0xaf/0x130 <- ovl_ensure_upper_and_switch) result=0x0
              dd-7228    [000] .....    18.541474: ovldiag_write: (ovl_write_iter+0x10c/0x130 <- backing_file_write_iter) result=0x1000
             cat-7231    [000] .....    18.543475: ovldiag_open: (ovl_open+0xb2/0x100 <- ovl_open_realfile) result=0xffff888007083900
             cat-7232    [001] .....    18.543723: ovldiag_open: (ovl_open+0xb2/0x100 <- ovl_open_realfile) result=0xffff888006003100
              dd-7240    [000] .....    18.547791: ovldiag_open: (ovl_open+0xb2/0x100 <- ovl_open_realfile) result=0xffff88800e5edf00
              dd-7240    [000] .....    18.547812: ovldiag_ensure: (ovl_write_iter+0xaf/0x130 <- ovl_ensure_upper_and_switch) result=0x0
              dd-7240    [000] .....    18.547820: ovldiag_write: (ovl_write_iter+0x10c/0x130 <- backing_file_write_iter) result=0x1000
              dd-7236    [001] .....    18.548420: ovldiag_open: (ovl_open+0xb2/0x100 <- ovl_open_realfile) result=0xffff888007083d00
              dd-7236    [001] .....    18.548455: ovldiag_ensure: (ovl_write_iter+0xaf/0x130 <- ovl_ensure_upper_and_switch) result=0x0
              dd-7236    [001] .....    18.548471: ovldiag_write: (ovl_write_iter+0x10c/0x130 <- backing_file_write_iter) result=0x1000
             cat-7238    [001] .....    18.548932: ovldiag_open: (ovl_open+0xb2/0x100 <- ovl_open_realfile) result=0xffff88800d953600
              dd-7244    [000] .....    18.551461: ovldiag_open: (ovl_open+0xb2/0x100 <- ovl_open_realfile) result=0xffff88800e527900
              dd-7244    [000] .....    18.551482: ovldiag_ensure: (ovl_write_iter+0xaf/0x130 <- ovl_ensure_upper_and_switch) result=0x0
              dd-7244    [000] .....    18.551496: ovldiag_write: (ovl_write_iter+0x10c/0x130 <- backing_file_write_iter) result=0x1000
             cat-7246    [001] .....    18.552818: ovldiag_open: (ovl_open+0xb2/0x100 <- ovl_open_realfile) result=0xffff888007164800
             cat-7249    [000] .....    18.553774: ovldiag_open: (ovl_open+0xb2/0x100 <- ovl_open_realfile) result=0xffff888007024400
              dd-7248    [001] .....    18.553834: ovldiag_open: (ovl_open+0xb2/0x100 <- ovl_open_realfile) result=0xffff88800d891600
              dd-7248    [001] .....    18.553862: ovldiag_ensure: (ovl_write_iter+0xaf/0x130 <- ovl_ensure_upper_and_switch) result=0x0
              dd-7248    [001] .....    18.553889: ovldiag_write: (ovl_write_iter+0x10c/0x130 <- backing_file_write_iter) result=0x1000
             cat-7252    [001] .....    18.556939: ovldiag_open: (ovl_open+0xb2/0x100 <- ovl_open_realfile) result=0xffff88800e527500
             cat-7256    [001] .....    18.558561: ovldiag_open: (ovl_open+0xb2/0x100 <- ovl_open_realfile) result=0xffff888007083200
              dd-7259    [000] .....    18.559963: ovldiag_open: (ovl_open+0xb2/0x100 <- ovl_open_realfile) result=0xffff8880072ed200
              dd-7259    [000] .....    18.559984: ovldiag_ensure: (ovl_write_iter+0xaf/0x130 <- ovl_ensure_upper_and_switch) result=0x0
              dd-7259    [000] .....    18.559998: ovldiag_write: (ovl_write_iter+0x10c/0x130 <- backing_file_write_iter) result=0x1000
              dd-7261    [000] .....    18.561105: ovldiag_open: (ovl_open+0xb2/0x100 <- ovl_open_realfile) result=0xffff888003f01e00
              dd-7261    [000] .....    18.561128: ovldiag_ensure: (ovl_write_iter+0xaf/0x130 <- ovl_ensure_upper_and_switch) result=0x0
              dd-7261    [000] .....    18.561141: ovldiag_write: (ovl_write_iter+0x10c/0x130 <- backing_file_write_iter) result=0x1000
             cat-7265    [000] .....    18.563034: ovldiag_open: (ovl_open+0xb2/0x100 <- ovl_open_realfile) result=0xffff8880061d0800
              dd-7266    [000] .....    18.564002: ovldiag_open: (ovl_open+0xb2/0x100 <- ovl_open_realfile) result=0xffff88800daad400
              dd-7266    [000] .....    18.564026: ovldiag_ensure: (ovl_write_iter+0xaf/0x130 <- ovl_ensure_upper_and_switch) result=0x0
              dd-7266    [000] .....    18.564040: ovldiag_write: (ovl_write_iter+0x10c/0x130 <- backing_file_write_iter) result=0x1000
             cat-7270    [000] .....    18.565992: ovldiag_open: (ovl_open+0xb2/0x100 <- ovl_open_realfile) result=0xffff88800e1b2200
             cat-7271    [001] .....    18.566187: ovldiag_open: (ovl_open+0xb2/0x100 <- ovl_open_realfile) result=0xffff88800713da00
              dd-7274    [001] .....    18.568153: ovldiag_open: (ovl_open+0xb2/0x100 <- ovl_open_realfile) result=0xffff88800607b600
              dd-7274    [001] .....    18.568180: ovldiag_ensure: (ovl_write_iter+0xaf/0x130 <- ovl_ensure_upper_and_switch) result=0x0
              dd-7274    [001] .....    18.568199: ovldiag_write: (ovl_write_iter+0x10c/0x130 <- backing_file_write_iter) result=0x1000
             cat-7277    [001] .....    18.570050: ovldiag_open: (ovl_open+0xb2/0x100 <- ovl_open_realfile) result=0xffff8880061ea400
             cat-7281    [001] .....    18.572812: ovldiag_open: (ovl_open+0xb2/0x100 <- ovl_open_realfile) result=0xffff888006003b00
              dd-7282    [000] .....    18.573239: ovldiag_open: (ovl_open+0xb2/0x100 <- ovl_open_realfile) result=0xffff88800e1b2c00
              dd-7282    [000] .....    18.573262: ovldiag_ensure: (ovl_write_iter+0xaf/0x130 <- ovl_ensure_upper_and_switch) result=0x0
              dd-7282    [000] .....    18.573276: ovldiag_write: (ovl_write_iter+0x10c/0x130 <- backing_file_write_iter) result=0x1000
              dd-7286    [000] .....    18.574584: ovldiag_open: (ovl_open+0xb2/0x100 <- ovl_open_realfile) result=0xffff88800d8b7b00
              dd-7286    [000] .....    18.574605: ovldiag_ensure: (ovl_write_iter+0xaf/0x130 <- ovl_ensure_upper_and_switch) result=0x0
              dd-7286    [000] .....    18.574618: ovldiag_write: (ovl_write_iter+0x10c/0x130 <- backing_file_write_iter) result=0x1000
             cat-7285    [001] .....    18.576043: ovldiag_open: (ovl_open+0xb2/0x100 <- ovl_open_realfile) result=0xffff88800471da00
             cat-7289    [000] .....    18.576549: ovldiag_open: (ovl_open+0xb2/0x100 <- ovl_open_realfile) result=0xffff888003f01e00
              dd-7288    [001] .....    18.577057: ovldiag_open: (ovl_open+0xb2/0x100 <- ovl_open_realfile) result=0xffff888007164400
              dd-7288    [001] .....    18.577085: ovldiag_ensure: (ovl_write_iter+0xaf/0x130 <- ovl_ensure_upper_and_switch) result=0x0
              dd-7288    [001] .....    18.577102: ovldiag_write: (ovl_write_iter+0x10c/0x130 <- backing_file_write_iter) result=0x1000
             cat-7292    [000] .....    18.579444: ovldiag_open: (ovl_open+0xb2/0x100 <- ovl_open_realfile) result=0xffff88800e260600
              dd-7296    [000] .....    18.580661: ovldiag_open: (ovl_open+0xb2/0x100 <- ovl_open_realfile) result=0xffff888007083800
              dd-7296    [000] .....    18.580685: ovldiag_ensure: (ovl_write_iter+0xaf/0x130 <- ovl_ensure_upper_and_switch) result=0x0
              dd-7296    [000] .....    18.580698: ovldiag_write: (ovl_write_iter+0x10c/0x130 <- backing_file_write_iter) result=0x1000
             cat-7301    [001] .....    18.585132: ovldiag_open: (ovl_open+0xb2/0x100 <- ovl_open_realfile) result=0xffff888007317200
              dd-7302    [000] .....    18.586187: ovldiag_open: (ovl_open+0xb2/0x100 <- ovl_open_realfile) result=0xffff88800e5b6b00
              dd-7302    [000] .....    18.586208: ovldiag_ensure: (ovl_write_iter+0xaf/0x130 <- ovl_ensure_upper_and_switch) result=0x0
              dd-7302    [000] .....    18.586222: ovldiag_write: (ovl_write_iter+0x10c/0x130 <- backing_file_write_iter) result=0x1000
              dd-7304    [000] .....    18.587155: ovldiag_open: (ovl_open+0xb2/0x100 <- ovl_open_realfile) result=0xffff888008a6fa00
              dd-7304    [000] .....    18.587175: ovldiag_ensure: (ovl_write_iter+0xaf/0x130 <- ovl_ensure_upper_and_switch) result=0x0
              dd-7304    [000] .....    18.587188: ovldiag_write: (ovl_write_iter+0x10c/0x130 <- backing_file_write_iter) result=0x1000
             cat-7305    [000] .....    18.588125: ovldiag_open: (ovl_open+0xb2/0x100 <- ovl_open_realfile) result=0xffff88800daade00
             cat-7307    [001] .....    18.588658: ovldiag_open: (ovl_open+0xb2/0x100 <- ovl_open_realfile) result=0xffff888006003100
             cat-7310    [001] .....    18.590735: ovldiag_open: (ovl_open+0xb2/0x100 <- ovl_open_realfile) result=0xffff8880072ed100
              dd-7316    [000] .....    18.593950: ovldiag_open: (ovl_open+0xb2/0x100 <- ovl_open_realfile) result=0xffff88800e1db900
              dd-7316    [000] .....    18.593970: ovldiag_ensure: (ovl_write_iter+0xaf/0x130 <- ovl_ensure_upper_and_switch) result=0x0
              dd-7316    [000] .....    18.593984: ovldiag_write: (ovl_write_iter+0x10c/0x130 <- backing_file_write_iter) result=0x1000
              dd-7315    [000] .....    18.594793: ovldiag_open: (ovl_open+0xb2/0x100 <- ovl_open_realfile) result=0xffff88800daadc00
              dd-7315    [000] .....    18.594823: ovldiag_ensure: (ovl_write_iter+0xaf/0x130 <- ovl_ensure_upper_and_switch) result=0x0
              dd-7315    [000] .....    18.594835: ovldiag_write: (ovl_write_iter+0x10c/0x130 <- backing_file_write_iter) result=0x1000
             cat-7321    [000] .....    18.596614: ovldiag_open: (ovl_open+0xb2/0x100 <- ovl_open_realfile) result=0xffff88800447bc00
             cat-7324    [000] .....    18.599107: ovldiag_open: (ovl_open+0xb2/0x100 <- ovl_open_realfile) result=0xffff888004720500
              dd-7328    [000] .....    18.601199: ovldiag_open: (ovl_open+0xb2/0x100 <- ovl_open_realfile) result=0xffff888008a6fd00
              dd-7328    [000] .....    18.601219: ovldiag_ensure: (ovl_write_iter+0xaf/0x130 <- ovl_ensure_upper_and_switch) result=0x0
              dd-7328    [000] .....    18.601233: ovldiag_write: (ovl_write_iter+0x10c/0x130 <- backing_file_write_iter) result=0x1000
              dd-7327    [000] .....    18.601493: ovldiag_open: (ovl_open+0xb2/0x100 <- ovl_open_realfile) result=0xffff888008a6f000
              dd-7327    [000] .....    18.601510: ovldiag_ensure: (ovl_write_iter+0xaf/0x130 <- ovl_ensure_upper_and_switch) result=0x0
              dd-7327    [000] .....    18.601518: ovldiag_write: (ovl_write_iter+0x10c/0x130 <- backing_file_write_iter) result=0x1000
             cat-7326    [001] .....    18.601745: ovldiag_open: (ovl_open+0xb2/0x100 <- ovl_open_realfile) result=0xffff88800daad900
             cat-7330    [000] .....    18.603738: ovldiag_open: (ovl_open+0xb2/0x100 <- ovl_open_realfile) result=0xffff88800dbfc000
             cat-7335    [000] .....    18.606373: ovldiag_open: (ovl_open+0xb2/0x100 <- ovl_open_realfile) result=0xffff88800e41d500
              dd-7339    [001] .....    18.607865: ovldiag_open: (ovl_open+0xb2/0x100 <- ovl_open_realfile) result=0xffff88800452c100
              dd-7339    [001] .....    18.607905: ovldiag_ensure: (ovl_write_iter+0xaf/0x130 <- ovl_ensure_upper_and_switch) result=0x0
              dd-7339    [001] .....    18.607921: ovldiag_write: (ovl_write_iter+0x10c/0x130 <- backing_file_write_iter) result=0x1000
              dd-7340    [000] .....    18.608427: ovldiag_open: (ovl_open+0xb2/0x100 <- ovl_open_realfile) result=0xffff88800e527400
              dd-7340    [000] .....    18.608450: ovldiag_ensure: (ovl_write_iter+0xaf/0x130 <- ovl_ensure_upper_and_switch) result=0x0
              dd-7340    [000] .....    18.608464: ovldiag_write: (ovl_write_iter+0x10c/0x130 <- backing_file_write_iter) result=0x1000
             cat-7343    [000] .....    18.609462: ovldiag_open: (ovl_open+0xb2/0x100 <- ovl_open_realfile) result=0xffff88800452c700
             cat-7347    [000] .....    18.612403: ovldiag_open: (ovl_open+0xb2/0x100 <- ovl_open_realfile) result=0xffff8880046f0700
             cat-7348    [001] .....    18.612592: ovldiag_open: (ovl_open+0xb2/0x100 <- ovl_open_realfile) result=0xffff88800452c000
              dd-7351    [000] .....    18.614195: ovldiag_open: (ovl_open+0xb2/0x100 <- ovl_open_realfile) result=0xffff8880071cc200
              dd-7351    [000] .....    18.614218: ovldiag_ensure: (ovl_write_iter+0xaf/0x130 <- ovl_ensure_upper_and_switch) result=0x0
              dd-7351    [000] .....    18.614233: ovldiag_write: (ovl_write_iter+0x10c/0x130 <- backing_file_write_iter) result=0x1000
             cat-7353    [001] .....    18.615716: ovldiag_open: (ovl_open+0xb2/0x100 <- ovl_open_realfile) result=0xffff88800621b200
             cat-7358    [000] .....    18.618165: ovldiag_open: (ovl_open+0xb2/0x100 <- ovl_open_realfile) result=0xffff88800e1caf00
              dd-7357    [001] .....    18.618189: ovldiag_open: (ovl_open+0xb2/0x100 <- ovl_open_realfile) result=0xffff88800e694900
              dd-7357    [001] .....    18.618219: ovldiag_ensure: (ovl_write_iter+0xaf/0x130 <- ovl_ensure_upper_and_switch) result=0x0
              dd-7357    [001] .....    18.618236: ovldiag_write: (ovl_write_iter+0x10c/0x130 <- backing_file_write_iter) result=0x1000
              dd-7363    [000] .....    18.621140: ovldiag_open: (ovl_open+0xb2/0x100 <- ovl_open_realfile) result=0xffff8880061d0e00
              dd-7363    [000] .....    18.621163: ovldiag_ensure: (ovl_write_iter+0xaf/0x130 <- ovl_ensure_upper_and_switch) result=0x0
              dd-7363    [000] .....    18.621177: ovldiag_write: (ovl_write_iter+0x10c/0x130 <- backing_file_write_iter) result=0x1000
              dd-7364    [001] .....    18.622230: ovldiag_open: (ovl_open+0xb2/0x100 <- ovl_open_realfile) result=0xffff88800621ba00
              dd-7364    [001] .....    18.622257: ovldiag_ensure: (ovl_write_iter+0xaf/0x130 <- ovl_ensure_upper_and_switch) result=0x0
              dd-7364    [001] .....    18.622273: ovldiag_write: (ovl_write_iter+0x10c/0x130 <- backing_file_write_iter) result=0x1000
             cat-7366    [000] .....    18.623087: ovldiag_open: (ovl_open+0xb2/0x100 <- ovl_open_realfile) result=0xffff888008a7ef00
             cat-7369    [001] .....    18.624426: ovldiag_open: (ovl_open+0xb2/0x100 <- ovl_open_realfile) result=0xffff88800727e400
             cat-7373    [000] .....    18.626177: ovldiag_open: (ovl_open+0xb2/0x100 <- ovl_open_realfile) result=0xffff88800e6c9b00
             cat-7372    [001] .....    18.627325: ovldiag_open: (ovl_open+0xb2/0x100 <- ovl_open_realfile) result=0xffff88800447b100
              dd-7378    [000] .....    18.629128: ovldiag_open: (ovl_open+0xb2/0x100 <- ovl_open_realfile) result=0xffff88800e4b7900
              dd-7378    [000] .....    18.629150: ovldiag_ensure: (ovl_write_iter+0xaf/0x130 <- ovl_ensure_upper_and_switch) result=0x0
              dd-7378    [000] .....    18.629163: ovldiag_write: (ovl_write_iter+0x10c/0x130 <- backing_file_write_iter) result=0x1000
             cat-7381    [000] .....    18.631364: ovldiag_open: (ovl_open+0xb2/0x100 <- ovl_open_realfile) result=0xffff88800e2d3700
              dd-7382    [001] .....    18.631868: ovldiag_open: (ovl_open+0xb2/0x100 <- ovl_open_realfile) result=0xffff888007281c00
              dd-7382    [001] .....    18.631909: ovldiag_ensure: (ovl_write_iter+0xaf/0x130 <- ovl_ensure_upper_and_switch) result=0x0
              dd-7382    [001] .....    18.631926: ovldiag_write: (ovl_write_iter+0x10c/0x130 <- backing_file_write_iter) result=0x1000
              dd-7385    [000] .....    18.633666: ovldiag_open: (ovl_open+0xb2/0x100 <- ovl_open_realfile) result=0xffff88800621ba00
              dd-7385    [000] .....    18.633689: ovldiag_ensure: (ovl_write_iter+0xaf/0x130 <- ovl_ensure_upper_and_switch) result=0x0
              dd-7385    [000] .....    18.633704: ovldiag_write: (ovl_write_iter+0x10c/0x130 <- backing_file_write_iter) result=0x1000
             cat-7388    [000] .....    18.634710: ovldiag_open: (ovl_open+0xb2/0x100 <- ovl_open_realfile) result=0xffff888004720700
             cat-7391    [001] .....    18.636369: ovldiag_open: (ovl_open+0xb2/0x100 <- ovl_open_realfile) result=0xffff88800e689c00
              dd-7390    [000] .....    18.636639: ovldiag_open: (ovl_open+0xb2/0x100 <- ovl_open_realfile) result=0xffff88800720dc00
              dd-7390    [000] .....    18.636661: ovldiag_ensure: (ovl_write_iter+0xaf/0x130 <- ovl_ensure_upper_and_switch) result=0x0
              dd-7390    [000] .....    18.636674: ovldiag_write: (ovl_write_iter+0x10c/0x130 <- backing_file_write_iter) result=0x1000
             cat-7394    [000] .....    18.637985: ovldiag_open: (ovl_open+0xb2/0x100 <- ovl_open_realfile) result=0xffff88800e527300
             cat-7399    [001] .....    18.641137: ovldiag_open: (ovl_open+0xb2/0x100 <- ovl_open_realfile) result=0xffff88800720de00
              dd-7400    [000] .....    18.641190: ovldiag_open: (ovl_open+0xb2/0x100 <- ovl_open_realfile) result=0xffff88800e348000
              dd-7400    [000] .....    18.641211: ovldiag_ensure: (ovl_write_iter+0xaf/0x130 <- ovl_ensure_upper_and_switch) result=0x0
              dd-7400    [000] .....    18.641225: ovldiag_write: (ovl_write_iter+0x10c/0x130 <- backing_file_write_iter) result=0x1000
              dd-7404    [001] .....    18.644271: ovldiag_open: (ovl_open+0xb2/0x100 <- ovl_open_realfile) result=0xffff888008a27400
              dd-7404    [001] .....    18.644329: ovldiag_ensure: (ovl_write_iter+0xaf/0x130 <- ovl_ensure_upper_and_switch) result=0x0
              dd-7404    [001] .....    18.644347: ovldiag_write: (ovl_write_iter+0x10c/0x130 <- backing_file_write_iter) result=0x1000
             cat-7405    [000] .....    18.644663: ovldiag_open: (ovl_open+0xb2/0x100 <- ovl_open_realfile) result=0xffff888004681500
             cat-7411    [000] .....    18.647554: ovldiag_open: (ovl_open+0xb2/0x100 <- ovl_open_realfile) result=0xffff88800720de00
              dd-7410    [001] .....    18.647628: ovldiag_open: (ovl_open+0xb2/0x100 <- ovl_open_realfile) result=0xffff88800e4acf00
              dd-7410    [001] .....    18.647659: ovldiag_ensure: (ovl_write_iter+0xaf/0x130 <- ovl_ensure_upper_and_switch) result=0x0
              dd-7410    [001] .....    18.647676: ovldiag_write: (ovl_write_iter+0x10c/0x130 <- backing_file_write_iter) result=0x1000
             cat-7408    [001] .....    18.648022: ovldiag_open: (ovl_open+0xb2/0x100 <- ovl_open_realfile) result=0xffff88800471d000
             cat-7416    [000] .....    18.650428: ovldiag_open: (ovl_open+0xb2/0x100 <- ovl_open_realfile) result=0xffff88800e64ba00
              dd-7417    [001] .....    18.651639: ovldiag_open: (ovl_open+0xb2/0x100 <- ovl_open_realfile) result=0xffff8880046f0800
              dd-7417    [001] .....    18.651669: ovldiag_ensure: (ovl_write_iter+0xaf/0x130 <- ovl_ensure_upper_and_switch) result=0x0
              dd-7417    [001] .....    18.651686: ovldiag_write: (ovl_write_iter+0x10c/0x130 <- backing_file_write_iter) result=0x1000
             cat-7421    [000] .....    18.653206: ovldiag_open: (ovl_open+0xb2/0x100 <- ovl_open_realfile) result=0xffff8880071ccb00
              dd-7423    [000] .....    18.654453: ovldiag_open: (ovl_open+0xb2/0x100 <- ovl_open_realfile) result=0xffff88800e675600
              dd-7423    [000] .....    18.654477: ovldiag_ensure: (ovl_write_iter+0xaf/0x130 <- ovl_ensure_upper_and_switch) result=0x0
              dd-7423    [000] .....    18.654492: ovldiag_write: (ovl_write_iter+0x10c/0x130 <- backing_file_write_iter) result=0x1000
             cat-7426    [000] .....    18.656167: ovldiag_open: (ovl_open+0xb2/0x100 <- ovl_open_realfile) result=0xffff88800720bc00
              dd-7429    [000] .....    18.657561: ovldiag_open: (ovl_open+0xb2/0x100 <- ovl_open_realfile) result=0xffff88800e527800
              dd-7429    [000] .....    18.657582: ovldiag_ensure: (ovl_write_iter+0xaf/0x130 <- ovl_ensure_upper_and_switch) result=0x0
              dd-7429    [000] .....    18.657595: ovldiag_write: (ovl_write_iter+0x10c/0x130 <- backing_file_write_iter) result=0x1000
             cat-7432    [001] .....    18.659617: ovldiag_open: (ovl_open+0xb2/0x100 <- ovl_open_realfile) result=0xffff88800daad100
             cat-7433    [000] .....    18.659895: ovldiag_open: (ovl_open+0xb2/0x100 <- ovl_open_realfile) result=0xffff88800720d700
              dd-7436    [000] .....    18.661110: ovldiag_open: (ovl_open+0xb2/0x100 <- ovl_open_realfile) result=0xffff88800452cc00
              dd-7436    [000] .....    18.661131: ovldiag_ensure: (ovl_write_iter+0xaf/0x130 <- ovl_ensure_upper_and_switch) result=0x0
              dd-7436    [000] .....    18.661145: ovldiag_write: (ovl_write_iter+0x10c/0x130 <- backing_file_write_iter) result=0x1000
             cat-7439    [001] .....    18.663459: ovldiag_open: (ovl_open+0xb2/0x100 <- ovl_open_realfile) result=0xffff88800e260800
             cat-7442    [000] .....    18.665225: ovldiag_open: (ovl_open+0xb2/0x100 <- ovl_open_realfile) result=0xffff88800e527000
              dd-7443    [001] .....    18.666254: ovldiag_open: (ovl_open+0xb2/0x100 <- ovl_open_realfile) result=0xffff88800daad800
              dd-7443    [001] .....    18.666313: ovldiag_ensure: (ovl_write_iter+0xaf/0x130 <- ovl_ensure_upper_and_switch) result=0x0
              dd-7443    [001] .....    18.666330: ovldiag_write: (ovl_write_iter+0x10c/0x130 <- backing_file_write_iter) result=0x1000
              dd-7446    [000] .....    18.667859: ovldiag_open: (ovl_open+0xb2/0x100 <- ovl_open_realfile) result=0xffff88800720db00
              dd-7446    [000] .....    18.667896: ovldiag_ensure: (ovl_write_iter+0xaf/0x130 <- ovl_ensure_upper_and_switch) result=0x0
              dd-7446    [000] .....    18.667910: ovldiag_write: (ovl_write_iter+0x10c/0x130 <- backing_file_write_iter) result=0x1000
             cat-7449    [000] .....    18.669771: ovldiag_open: (ovl_open+0xb2/0x100 <- ovl_open_realfile) result=0xffff888007164c00
             cat-7452    [001] .....    18.671163: ovldiag_open: (ovl_open+0xb2/0x100 <- ovl_open_realfile) result=0xffff88800e61c100
              dd-7451    [001] .....    18.671603: ovldiag_open: (ovl_open+0xb2/0x100 <- ovl_open_realfile) result=0xffff8880061ccf00
              dd-7451    [001] .....    18.671631: ovldiag_ensure: (ovl_write_iter+0xaf/0x130 <- ovl_ensure_upper_and_switch) result=0x0
              dd-7451    [001] .....    18.671643: ovldiag_write: (ovl_write_iter+0x10c/0x130 <- backing_file_write_iter) result=0x1000
              dd-7457    [000] .....    18.673074: ovldiag_open: (ovl_open+0xb2/0x100 <- ovl_open_realfile) result=0xffff88800e354f00
              dd-7457    [000] .....    18.673097: ovldiag_ensure: (ovl_write_iter+0xaf/0x130 <- ovl_ensure_upper_and_switch) result=0x0
              dd-7457    [000] .....    18.673111: ovldiag_write: (ovl_write_iter+0x10c/0x130 <- backing_file_write_iter) result=0x1000
             cat-7461    [000] .....    18.675169: ovldiag_open: (ovl_open+0xb2/0x100 <- ovl_open_realfile) result=0xffff8880072edb00
             cat-7460    [001] .....    18.675362: ovldiag_open: (ovl_open+0xb2/0x100 <- ovl_open_realfile) result=0xffff8880071ccf00
             cat-7465    [000] .....    18.678099: ovldiag_open: (ovl_open+0xb2/0x100 <- ovl_open_realfile) result=0xffff888007317200
              dd-7468    [001] .....    18.680053: ovldiag_open: (ovl_open+0xb2/0x100 <- ovl_open_realfile) result=0xffff88800d98e700
              dd-7468    [001] .....    18.680082: ovldiag_ensure: (ovl_write_iter+0xaf/0x130 <- ovl_ensure_upper_and_switch) result=0x0
              dd-7468    [001] .....    18.680098: ovldiag_write: (ovl_write_iter+0x10c/0x130 <- backing_file_write_iter) result=0x1000
              dd-7470    [000] .....    18.681033: ovldiag_open: (ovl_open+0xb2/0x100 <- ovl_open_realfile) result=0xffff8880046c6f00
              dd-7470    [000] .....    18.681056: ovldiag_ensure: (ovl_write_iter+0xaf/0x130 <- ovl_ensure_upper_and_switch) result=0x0
              dd-7470    [000] .....    18.681071: ovldiag_write: (ovl_write_iter+0x10c/0x130 <- backing_file_write_iter) result=0x1000
             cat-7472    [000] .....    18.682093: ovldiag_open: (ovl_open+0xb2/0x100 <- ovl_open_realfile) result=0xffff88800e633b00
              dd-7475    [000] .....    18.684275: ovldiag_open: (ovl_open+0xb2/0x100 <- ovl_open_realfile) result=0xffff88800d974e00
             cat-7476    [001] .....    18.684976: ovldiag_open: (ovl_open+0xb2/0x100 <- ovl_open_realfile) result=0xffff88800e409f00
              dd-7475    [000] .....    18.685340: ovldiag_ensure: (ovl_write_iter+0xaf/0x130 <- ovl_ensure_upper_and_switch) result=0x0
              dd-7475    [000] .....    18.685355: ovldiag_write: (ovl_write_iter+0x10c/0x130 <- backing_file_write_iter) result=0x1000
             cat-7478    [001] .....    18.685999: ovldiag_open: (ovl_open+0xb2/0x100 <- ovl_open_realfile) result=0xffff8880071ce300
             cat-7481    [000] .....    18.687004: ovldiag_open: (ovl_open+0xb2/0x100 <- ovl_open_realfile) result=0xffff888004762300
              dd-7479    [001] .....    18.687240: ovldiag_open: (ovl_open+0xb2/0x100 <- ovl_open_realfile) result=0xffff88800e6dfa00
              dd-7479    [001] .....    18.687267: ovldiag_ensure: (ovl_write_iter+0xaf/0x130 <- ovl_ensure_upper_and_switch) result=0x0
              dd-7479    [001] .....    18.688427: ovldiag_write: (ovl_write_iter+0x10c/0x130 <- backing_file_write_iter) result=0x1000
             cat-7490    [000] .....    18.693127: ovldiag_open: (ovl_open+0xb2/0x100 <- ovl_open_realfile) result=0xffff88800e542900
              dd-7489    [000] .....    18.693501: ovldiag_open: (ovl_open+0xb2/0x100 <- ovl_open_realfile) result=0xffff88800471dc00
              dd-7489    [000] .....    18.693522: ovldiag_ensure: (ovl_write_iter+0xaf/0x130 <- ovl_ensure_upper_and_switch) result=0x0
              dd-7489    [000] .....    18.693536: ovldiag_write: (ovl_write_iter+0x10c/0x130 <- backing_file_write_iter) result=0x1000
              dd-7491    [001] .....    18.693592: ovldiag_open: (ovl_open+0xb2/0x100 <- ovl_open_realfile) result=0xffff88800720bc00
              dd-7491    [001] .....    18.693623: ovldiag_ensure: (ovl_write_iter+0xaf/0x130 <- ovl_ensure_upper_and_switch) result=0x0
              dd-7491    [001] .....    18.693640: ovldiag_write: (ovl_write_iter+0x10c/0x130 <- backing_file_write_iter) result=0x1000
             cat-7496    [000] .....    18.697052: ovldiag_open: (ovl_open+0xb2/0x100 <- ovl_open_realfile) result=0xffff8880046c6500
             cat-7497    [001] .....    18.697515: ovldiag_open: (ovl_open+0xb2/0x100 <- ovl_open_realfile) result=0xffff88800713d000
             cat-7498    [000] .....    18.698210: ovldiag_open: (ovl_open+0xb2/0x100 <- ovl_open_realfile) result=0xffff88800713a100
              dd-7503    [001] .....    18.701508: ovldiag_open: (ovl_open+0xb2/0x100 <- ovl_open_realfile) result=0xffff88800452ce00
              dd-7503    [001] .....    18.701537: ovldiag_ensure: (ovl_write_iter+0xaf/0x130 <- ovl_ensure_upper_and_switch) result=0x0
              dd-7503    [001] .....    18.701553: ovldiag_write: (ovl_write_iter+0x10c/0x130 <- backing_file_write_iter) result=0x1000
             cat-7507    [000] .....    18.703212: ovldiag_open: (ovl_open+0xb2/0x100 <- ovl_open_realfile) result=0xffff888003f11a00
              dd-7502    [000] .....    18.703333: ovldiag_open: (ovl_open+0xb2/0x100 <- ovl_open_realfile) result=0xffff888003f11100
              dd-7502    [000] .....    18.703353: ovldiag_ensure: (ovl_write_iter+0xaf/0x130 <- ovl_ensure_upper_and_switch) result=0x0
              dd-7502    [000] .....    18.703362: ovldiag_write: (ovl_write_iter+0x10c/0x130 <- backing_file_write_iter) result=0x1000
              dd-7512    [001] .....    18.706214: ovldiag_open: (ovl_open+0xb2/0x100 <- ovl_open_realfile) result=0xffff88800e016000
              dd-7512    [001] .....    18.706240: ovldiag_ensure: (ovl_write_iter+0xaf/0x130 <- ovl_ensure_upper_and_switch) result=0x0
              dd-7512    [001] .....    18.706257: ovldiag_write: (ovl_write_iter+0x10c/0x130 <- backing_file_write_iter) result=0x1000
              dd-7513    [000] .....    18.706618: ovldiag_open: (ovl_open+0xb2/0x100 <- ovl_open_realfile) result=0xffff888008a7c600
              dd-7513    [000] .....    18.706641: ovldiag_ensure: (ovl_write_iter+0xaf/0x130 <- ovl_ensure_upper_and_switch) result=0x0
              dd-7513    [000] .....    18.706655: ovldiag_write: (ovl_write_iter+0x10c/0x130 <- backing_file_write_iter) result=0x1000
             cat-7514    [000] .....    18.708451: ovldiag_open: (ovl_open+0xb2/0x100 <- ovl_open_realfile) result=0xffff8880046f0400
             cat-7517    [001] .....    18.708653: ovldiag_open: (ovl_open+0xb2/0x100 <- ovl_open_realfile) result=0xffff88800e672600
             cat-7520    [001] .....    18.710081: ovldiag_open: (ovl_open+0xb2/0x100 <- ovl_open_realfile) result=0xffff8880046c6f00
             cat-7523    [000] .....    18.713316: ovldiag_open: (ovl_open+0xb2/0x100 <- ovl_open_realfile) result=0xffff88800e135400
              dd-7526    [001] .....    18.713946: ovldiag_open: (ovl_open+0xb2/0x100 <- ovl_open_realfile) result=0xffff888007281f00
              dd-7526    [001] .....    18.713973: ovldiag_ensure: (ovl_write_iter+0xaf/0x130 <- ovl_ensure_upper_and_switch) result=0x0
              dd-7526    [001] .....    18.713990: ovldiag_write: (ovl_write_iter+0x10c/0x130 <- backing_file_write_iter) result=0x1000
              dd-7530    [000] .....    18.715698: ovldiag_open: (ovl_open+0xb2/0x100 <- ovl_open_realfile) result=0xffff88800713d600
              dd-7530    [000] .....    18.715722: ovldiag_ensure: (ovl_write_iter+0xaf/0x130 <- ovl_ensure_upper_and_switch) result=0x0
              dd-7530    [000] .....    18.715736: ovldiag_write: (ovl_write_iter+0x10c/0x130 <- backing_file_write_iter) result=0x1000
             cat-7532    [000] .....    18.718756: ovldiag_open: (ovl_open+0xb2/0x100 <- ovl_open_realfile) result=0xffff888008a6f700
             cat-7533    [001] .....    18.719259: ovldiag_open: (ovl_open+0xb2/0x100 <- ovl_open_realfile) result=0xffff88800e6e3b00
             cat-7535    [000] .....    18.719681: ovldiag_open: (ovl_open+0xb2/0x100 <- ovl_open_realfile) result=0xffff8880046e3600
              dd-7534    [001] .....    18.720224: ovldiag_open: (ovl_open+0xb2/0x100 <- ovl_open_realfile) result=0xffff88800727ef00
              dd-7534    [001] .....    18.720251: ovldiag_ensure: (ovl_write_iter+0xaf/0x130 <- ovl_ensure_upper_and_switch) result=0x0
              dd-7534    [001] .....    18.720268: ovldiag_write: (ovl_write_iter+0x10c/0x130 <- backing_file_write_iter) result=0x1000
              dd-7536    [000] .....    18.720819: ovldiag_open: (ovl_open+0xb2/0x100 <- ovl_open_realfile) result=0xffff888004467a00
              dd-7536    [000] .....    18.720842: ovldiag_ensure: (ovl_write_iter+0xaf/0x130 <- ovl_ensure_upper_and_switch) result=0x0
              dd-7536    [000] .....    18.720857: ovldiag_write: (ovl_write_iter+0x10c/0x130 <- backing_file_write_iter) result=0x1000
             cat-7544    [001] .....    18.725070: ovldiag_open: (ovl_open+0xb2/0x100 <- ovl_open_realfile) result=0xffff88800e664f00
              dd-7547    [000] .....    18.726420: ovldiag_open: (ovl_open+0xb2/0x100 <- ovl_open_realfile) result=0xffff88800e701a00
              dd-7547    [000] .....    18.726444: ovldiag_ensure: (ovl_write_iter+0xaf/0x130 <- ovl_ensure_upper_and_switch) result=0x0
              dd-7547    [000] .....    18.726458: ovldiag_write: (ovl_write_iter+0x10c/0x130 <- backing_file_write_iter) result=0x1000
              dd-7550    [000] .....    18.728161: ovldiag_open: (ovl_open+0xb2/0x100 <- ovl_open_realfile) result=0xffff88800452c400
              dd-7550    [000] .....    18.728184: ovldiag_ensure: (ovl_write_iter+0xaf/0x130 <- ovl_ensure_upper_and_switch) result=0x0
              dd-7550    [000] .....    18.728197: ovldiag_write: (ovl_write_iter+0x10c/0x130 <- backing_file_write_iter) result=0x1000
             cat-7552    [000] .....    18.729916: ovldiag_open: (ovl_open+0xb2/0x100 <- ovl_open_realfile) result=0xffff8880061d0700
             cat-7553    [001] .....    18.730430: ovldiag_open: (ovl_open+0xb2/0x100 <- ovl_open_realfile) result=0xffff8880072ed800
             cat-7556    [001] .....    18.731909: ovldiag_open: (ovl_open+0xb2/0x100 <- ovl_open_realfile) result=0xffff88800e521400
              dd-7559    [000] .....    18.733905: ovldiag_open: (ovl_open+0xb2/0x100 <- ovl_open_realfile) result=0xffff888008a7cd00
              dd-7559    [000] .....    18.733928: ovldiag_ensure: (ovl_write_iter+0xaf/0x130 <- ovl_ensure_upper_and_switch) result=0x0
              dd-7559    [000] .....    18.733942: ovldiag_write: (ovl_write_iter+0x10c/0x130 <- backing_file_write_iter) result=0x1000
              dd-7562    [000] .....    18.735690: ovldiag_open: (ovl_open+0xb2/0x100 <- ovl_open_realfile) result=0xffff88800e6d5300
              dd-7562    [000] .....    18.735713: ovldiag_ensure: (ovl_write_iter+0xaf/0x130 <- ovl_ensure_upper_and_switch) result=0x0
              dd-7562    [000] .....    18.735727: ovldiag_write: (ovl_write_iter+0x10c/0x130 <- backing_file_write_iter) result=0x1000
             cat-7564    [001] .....    18.736671: ovldiag_open: (ovl_open+0xb2/0x100 <- ovl_open_realfile) result=0xffff88800e769b00
              dd-7567    [001] .....    18.738569: ovldiag_open: (ovl_open+0xb2/0x100 <- ovl_open_realfile) result=0xffff888007083400
              dd-7567    [001] .....    18.738596: ovldiag_ensure: (ovl_write_iter+0xaf/0x130 <- ovl_ensure_upper_and_switch) result=0x0
              dd-7567    [001] .....    18.738612: ovldiag_write: (ovl_write_iter+0x10c/0x130 <- backing_file_write_iter) result=0x1000
             cat-7568    [000] .....    18.738851: ovldiag_open: (ovl_open+0xb2/0x100 <- ovl_open_realfile) result=0xffff88800e273b00
             cat-7574    [000] .....    18.741757: ovldiag_open: (ovl_open+0xb2/0x100 <- ovl_open_realfile) result=0xffff88800daad000
              dd-7573    [001] .....    18.742227: ovldiag_open: (ovl_open+0xb2/0x100 <- ovl_open_realfile) result=0xffff88800e795e00
              dd-7573    [001] .....    18.742255: ovldiag_ensure: (ovl_write_iter+0xaf/0x130 <- ovl_ensure_upper_and_switch) result=0x0
              dd-7573    [001] .....    18.742271: ovldiag_write: (ovl_write_iter+0x10c/0x130 <- backing_file_write_iter) result=0x1000
             cat-7575    [001] .....    18.743252: ovldiag_open: (ovl_open+0xb2/0x100 <- ovl_open_realfile) result=0xffff8880089f3700
             cat-7581    [001] .....    18.746007: ovldiag_open: (ovl_open+0xb2/0x100 <- ovl_open_realfile) result=0xffff888007083c00
             cat-7583    [000] .....    18.746800: ovldiag_open: (ovl_open+0xb2/0x100 <- ovl_open_realfile) result=0xffff88800e527800
              dd-7582    [001] .....    18.747116: ovldiag_open: (ovl_open+0xb2/0x100 <- ovl_open_realfile) result=0xffff8880061ccc00
              dd-7582    [001] .....    18.747146: ovldiag_ensure: (ovl_write_iter+0xaf/0x130 <- ovl_ensure_upper_and_switch) result=0x0
              dd-7582    [001] .....    18.747160: ovldiag_write: (ovl_write_iter+0x10c/0x130 <- backing_file_write_iter) result=0x1000
              dd-7584    [000] .....    18.747991: ovldiag_open: (ovl_open+0xb2/0x100 <- ovl_open_realfile) result=0xffff88800452cf00
              dd-7584    [000] .....    18.748015: ovldiag_ensure: (ovl_write_iter+0xaf/0x130 <- ovl_ensure_upper_and_switch) result=0x0
              dd-7584    [000] .....    18.748029: ovldiag_write: (ovl_write_iter+0x10c/0x130 <- backing_file_write_iter) result=0x1000
             cat-7590    [000] .....    18.750724: ovldiag_open: (ovl_open+0xb2/0x100 <- ovl_open_realfile) result=0xffff88800e6c5500
              dd-7592    [001] .....    18.752145: ovldiag_open: (ovl_open+0xb2/0x100 <- ovl_open_realfile) result=0xffff88800713da00
              dd-7592    [001] .....    18.752172: ovldiag_ensure: (ovl_write_iter+0xaf/0x130 <- ovl_ensure_upper_and_switch) result=0x0
              dd-7592    [001] .....    18.752188: ovldiag_write: (ovl_write_iter+0x10c/0x130 <- backing_file_write_iter) result=0x1000
             cat-7594    [000] .....    18.753173: ovldiag_open: (ovl_open+0xb2/0x100 <- ovl_open_realfile) result=0xffff888004720500
              dd-7599    [000] .....    18.755752: ovldiag_open: (ovl_open+0xb2/0x100 <- ovl_open_realfile) result=0xffff88800e740900
              dd-7599    [000] .....    18.755774: ovldiag_ensure: (ovl_write_iter+0xaf/0x130 <- ovl_ensure_upper_and_switch) result=0x0
              dd-7599    [000] .....    18.755788: ovldiag_write: (ovl_write_iter+0x10c/0x130 <- backing_file_write_iter) result=0x1000
             cat-7601    [000] .....    18.757003: ovldiag_open: (ovl_open+0xb2/0x100 <- ovl_open_realfile) result=0xffff88800e683600
             cat-7603    [001] .....    18.758761: ovldiag_open: (ovl_open+0xb2/0x100 <- ovl_open_realfile) result=0xffff88800e527500
              dd-7606    [001] .....    18.760536: ovldiag_open: (ovl_open+0xb2/0x100 <- ovl_open_realfile) result=0xffff8880061d0b00
              dd-7606    [001] .....    18.760566: ovldiag_ensure: (ovl_write_iter+0xaf/0x130 <- ovl_ensure_upper_and_switch) result=0x0
              dd-7606    [001] .....    18.760582: ovldiag_write: (ovl_write_iter+0x10c/0x130 <- backing_file_write_iter) result=0x1000
              dd-7609    [000] .....    18.762001: ovldiag_open: (ovl_open+0xb2/0x100 <- ovl_open_realfile) result=0xffff888007164200
              dd-7609    [000] .....    18.762023: ovldiag_ensure: (ovl_write_iter+0xaf/0x130 <- ovl_ensure_upper_and_switch) result=0x0
              dd-7609    [000] .....    18.762036: ovldiag_write: (ovl_write_iter+0x10c/0x130 <- backing_file_write_iter) result=0x1000
             cat-7608    [000] .....    18.762129: ovldiag_open: (ovl_open+0xb2/0x100 <- ovl_open_realfile) result=0xffff888007164200
             cat-7610    [001] .....    18.762850: ovldiag_open: (ovl_open+0xb2/0x100 <- ovl_open_realfile) result=0xffff88800727ea00
             cat-7617    [000] .....    18.765818: ovldiag_open: (ovl_open+0xb2/0x100 <- ovl_open_realfile) result=0xffff8880061d0300
              dd-7616    [001] .....    18.766629: ovldiag_open: (ovl_open+0xb2/0x100 <- ovl_open_realfile) result=0xffff88800e3f7700
              dd-7616    [001] .....    18.766656: ovldiag_ensure: (ovl_write_iter+0xaf/0x130 <- ovl_ensure_upper_and_switch) result=0x0
              dd-7616    [001] .....    18.766673: ovldiag_write: (ovl_write_iter+0x10c/0x130 <- backing_file_write_iter) result=0x1000
             cat-7622    [000] .....    18.768804: ovldiag_open: (ovl_open+0xb2/0x100 <- ovl_open_realfile) result=0xffff88800e668300
              dd-7623    [001] .....    18.769430: ovldiag_open: (ovl_open+0xb2/0x100 <- ovl_open_realfile) result=0xffff88800423dd00
              dd-7623    [001] .....    18.769456: ovldiag_ensure: (ovl_write_iter+0xaf/0x130 <- ovl_ensure_upper_and_switch) result=0x0
              dd-7623    [001] .....    18.769472: ovldiag_write: (ovl_write_iter+0x10c/0x130 <- backing_file_write_iter) result=0x1000
             cat-7627    [000] .....    18.771624: ovldiag_open: (ovl_open+0xb2/0x100 <- ovl_open_realfile) result=0xffff88800447bb00
             cat-7629    [000] .....    18.773793: ovldiag_open: (ovl_open+0xb2/0x100 <- ovl_open_realfile) result=0xffff88800e750600
             cat-7630    [001] .....    18.774437: ovldiag_open: (ovl_open+0xb2/0x100 <- ovl_open_realfile) result=0xffff88800e64e100
              dd-7632    [001] .....    18.775912: ovldiag_open: (ovl_open+0xb2/0x100 <- ovl_open_realfile) result=0xffff88800471d100
              dd-7632    [001] .....    18.775939: ovldiag_ensure: (ovl_write_iter+0xaf/0x130 <- ovl_ensure_upper_and_switch) result=0x0
              dd-7632    [001] .....    18.775955: ovldiag_write: (ovl_write_iter+0x10c/0x130 <- backing_file_write_iter) result=0x1000
              dd-7635    [000] .....    18.776154: ovldiag_open: (ovl_open+0xb2/0x100 <- ovl_open_realfile) result=0xffff888006003500
              dd-7635    [000] .....    18.776178: ovldiag_ensure: (ovl_write_iter+0xaf/0x130 <- ovl_ensure_upper_and_switch) result=0x0
              dd-7635    [000] .....    18.776192: ovldiag_write: (ovl_write_iter+0x10c/0x130 <- backing_file_write_iter) result=0x1000
             cat-7637    [000] .....    18.778007: ovldiag_open: (ovl_open+0xb2/0x100 <- ovl_open_realfile) result=0xffff88800daad100
             cat-7642    [000] .....    18.780606: ovldiag_open: (ovl_open+0xb2/0x100 <- ovl_open_realfile) result=0xffff88800e634700
              dd-7644    [001] .....    18.782684: ovldiag_open: (ovl_open+0xb2/0x100 <- ovl_open_realfile) result=0xffff88800e6a5b00
              dd-7644    [001] .....    18.782714: ovldiag_ensure: (ovl_write_iter+0xaf/0x130 <- ovl_ensure_upper_and_switch) result=0x0
              dd-7644    [001] .....    18.782730: ovldiag_write: (ovl_write_iter+0x10c/0x130 <- backing_file_write_iter) result=0x1000
              dd-7647    [000] .....    18.783741: ovldiag_open: (ovl_open+0xb2/0x100 <- ovl_open_realfile) result=0xffff8880061ea200
              dd-7647    [000] .....    18.783765: ovldiag_ensure: (ovl_write_iter+0xaf/0x130 <- ovl_ensure_upper_and_switch) result=0x0
              dd-7647    [000] .....    18.783779: ovldiag_write: (ovl_write_iter+0x10c/0x130 <- backing_file_write_iter) result=0x1000
             cat-7650    [000] .....    18.785093: ovldiag_open: (ovl_open+0xb2/0x100 <- ovl_open_realfile) result=0xffff88800e683200
             cat-7651    [001] .....    18.785973: ovldiag_open: (ovl_open+0xb2/0x100 <- ovl_open_realfile) result=0xffff88800e527e00
             cat-7655    [000] .....    18.787981: ovldiag_open: (ovl_open+0xb2/0x100 <- ovl_open_realfile) result=0xffff8880061cc900
             cat-7657    [000] .....    18.789109: ovldiag_open: (ovl_open+0xb2/0x100 <- ovl_open_realfile) result=0xffff88800e2fda00
              dd-7660    [001] .....    18.791229: ovldiag_open: (ovl_open+0xb2/0x100 <- ovl_open_realfile) result=0xffff8880071cce00
              dd-7660    [001] .....    18.791256: ovldiag_ensure: (ovl_write_iter+0xaf/0x130 <- ovl_ensure_upper_and_switch) result=0x0
              dd-7660    [001] .....    18.791272: ovldiag_write: (ovl_write_iter+0x10c/0x130 <- backing_file_write_iter) result=0x1000
              dd-7662    [001] .....    18.792255: ovldiag_open: (ovl_open+0xb2/0x100 <- ovl_open_realfile) result=0xffff88800720b100
              dd-7662    [001] .....    18.792279: ovldiag_ensure: (ovl_write_iter+0xaf/0x130 <- ovl_ensure_upper_and_switch) result=0x0
              dd-7662    [001] .....    18.792316: ovldiag_write: (ovl_write_iter+0x10c/0x130 <- backing_file_write_iter) result=0x1000
             cat-7666    [001] .....    18.794198: ovldiag_open: (ovl_open+0xb2/0x100 <- ovl_open_realfile) result=0xffff8880072ed000
              dd-7668    [000] .....    18.795759: ovldiag_open: (ovl_open+0xb2/0x100 <- ovl_open_realfile) result=0xffff8880061cce00
              dd-7668    [000] .....    18.795783: ovldiag_ensure: (ovl_write_iter+0xaf/0x130 <- ovl_ensure_upper_and_switch) result=0x0
              dd-7668    [000] .....    18.795796: ovldiag_write: (ovl_write_iter+0x10c/0x130 <- backing_file_write_iter) result=0x1000
             cat-7667    [000] .....    18.796251: ovldiag_open: (ovl_open+0xb2/0x100 <- ovl_open_realfile) result=0xffff88800e527300
             cat-7672    [001] .....    18.798157: ovldiag_open: (ovl_open+0xb2/0x100 <- ovl_open_realfile) result=0xffff88800621b200
              dd-7673    [001] .....    18.799164: ovldiag_open: (ovl_open+0xb2/0x100 <- ovl_open_realfile) result=0xffff888007083d00
              dd-7673    [001] .....    18.799191: ovldiag_ensure: (ovl_write_iter+0xaf/0x130 <- ovl_ensure_upper_and_switch) result=0x0
              dd-7673    [001] .....    18.799207: ovldiag_write: (ovl_write_iter+0x10c/0x130 <- backing_file_write_iter) result=0x1000
             cat-7678    [000] .....    18.801870: ovldiag_open: (ovl_open+0xb2/0x100 <- ovl_open_realfile) result=0xffff888007317100
              dd-7683    [000] .....    18.804722: ovldiag_open: (ovl_open+0xb2/0x100 <- ovl_open_realfile) result=0xffff888004467800
              dd-7683    [000] .....    18.804743: ovldiag_ensure: (ovl_write_iter+0xaf/0x130 <- ovl_ensure_upper_and_switch) result=0x0
              dd-7683    [000] .....    18.804757: ovldiag_write: (ovl_write_iter+0x10c/0x130 <- backing_file_write_iter) result=0x1000
              dd-7682    [001] .....    18.804981: ovldiag_open: (ovl_open+0xb2/0x100 <- ovl_open_realfile) result=0xffff8880046e3b00
              dd-7682    [001] .....    18.805009: ovldiag_ensure: (ovl_write_iter+0xaf/0x130 <- ovl_ensure_upper_and_switch) result=0x0
              dd-7682    [001] .....    18.805037: ovldiag_write: (ovl_write_iter+0x10c/0x130 <- backing_file_write_iter) result=0x1000
             cat-7685    [000] .....    18.806623: ovldiag_open: (ovl_open+0xb2/0x100 <- ovl_open_realfile) result=0xffff888007083300
             cat-7687    [001] .....    18.807662: ovldiag_open: (ovl_open+0xb2/0x100 <- ovl_open_realfile) result=0xffff88800e2fd200
             cat-7690    [001] .....    18.809189: ovldiag_open: (ovl_open+0xb2/0x100 <- ovl_open_realfile) result=0xffff8880072eda00
              dd-7691    [000] .....    18.811522: ovldiag_open: (ovl_open+0xb2/0x100 <- ovl_open_realfile) result=0xffff888007083400
              dd-7691    [000] .....    18.811553: ovldiag_ensure: (ovl_write_iter+0xaf/0x130 <- ovl_ensure_upper_and_switch) result=0x0
              dd-7691    [000] .....    18.811568: ovldiag_write: (ovl_write_iter+0x10c/0x130 <- backing_file_write_iter) result=0x1000
             cat-7695    [001] .....    18.812209: ovldiag_open: (ovl_open+0xb2/0x100 <- ovl_open_realfile) result=0xffff88800e674700
              dd-7699    [000] .....    18.814268: ovldiag_open: (ovl_open+0xb2/0x100 <- ovl_open_realfile) result=0xffff888008a27500
              dd-7699    [000] .....    18.814306: ovldiag_ensure: (ovl_write_iter+0xaf/0x130 <- ovl_ensure_upper_and_switch) result=0x0
              dd-7699    [000] .....    18.814319: ovldiag_write: (ovl_write_iter+0x10c/0x130 <- backing_file_write_iter) result=0x1000
             cat-7702    [000] .....    18.816974: ovldiag_open: (ovl_open+0xb2/0x100 <- ovl_open_realfile) result=0xffff888007164c00
              dd-7703    [001] .....    18.817341: ovldiag_open: (ovl_open+0xb2/0x100 <- ovl_open_realfile) result=0xffff888003f11a00
              dd-7703    [001] .....    18.817368: ovldiag_ensure: (ovl_write_iter+0xaf/0x130 <- ovl_ensure_upper_and_switch) result=0x0
              dd-7703    [001] .....    18.817385: ovldiag_write: (ovl_write_iter+0x10c/0x130 <- backing_file_write_iter) result=0x1000
              dd-7705    [000] .....    18.818236: ovldiag_open: (ovl_open+0xb2/0x100 <- ovl_open_realfile) result=0xffff88800ec10100
              dd-7705    [000] .....    18.818258: ovldiag_ensure: (ovl_write_iter+0xaf/0x130 <- ovl_ensure_upper_and_switch) result=0x0
              dd-7705    [000] .....    18.818271: ovldiag_write: (ovl_write_iter+0x10c/0x130 <- backing_file_write_iter) result=0x1000
             cat-7707    [000] .....    18.819383: ovldiag_open: (ovl_open+0xb2/0x100 <- ovl_open_realfile) result=0xffff88800727ea00
             cat-7709    [001] .....    18.821106: ovldiag_open: (ovl_open+0xb2/0x100 <- ovl_open_realfile) result=0xffff888008a7c700
             cat-7712    [001] .....    18.823199: ovldiag_open: (ovl_open+0xb2/0x100 <- ovl_open_realfile) result=0xffff8880046e3700
              dd-7715    [000] .....    18.823604: ovldiag_open: (ovl_open+0xb2/0x100 <- ovl_open_realfile) result=0xffff88800daad400
              dd-7715    [000] .....    18.823624: ovldiag_ensure: (ovl_write_iter+0xaf/0x130 <- ovl_ensure_upper_and_switch) result=0x0
              dd-7715    [000] .....    18.823638: ovldiag_write: (ovl_write_iter+0x10c/0x130 <- backing_file_write_iter) result=0x1000
              dd-7719    [001] .....    18.827069: ovldiag_open: (ovl_open+0xb2/0x100 <- ovl_open_realfile) result=0xffff88800ec2dc00
              dd-7719    [001] .....    18.827099: ovldiag_ensure: (ovl_write_iter+0xaf/0x130 <- ovl_ensure_upper_and_switch) result=0x0
              dd-7719    [001] .....    18.827116: ovldiag_write: (ovl_write_iter+0x10c/0x130 <- backing_file_write_iter) result=0x1000
             cat-7722    [000] .....    18.828612: ovldiag_open: (ovl_open+0xb2/0x100 <- ovl_open_realfile) result=0xffff8880046e3a00
             cat-7724    [000] .....    18.830590: ovldiag_open: (ovl_open+0xb2/0x100 <- ovl_open_realfile) result=0xffff888004415500
              dd-7726    [000] .....    18.831602: ovldiag_open: (ovl_open+0xb2/0x100 <- ovl_open_realfile) result=0xffff888008a7c900
              dd-7726    [000] .....    18.831625: ovldiag_ensure: (ovl_write_iter+0xaf/0x130 <- ovl_ensure_upper_and_switch) result=0x0
              dd-7726    [000] .....    18.831637: ovldiag_write: (ovl_write_iter+0x10c/0x130 <- backing_file_write_iter) result=0x1000
              dd-7727    [001] .....    18.832404: ovldiag_open: (ovl_open+0xb2/0x100 <- ovl_open_realfile) result=0xffff8880046c6600
              dd-7727    [001] .....    18.832434: ovldiag_ensure: (ovl_write_iter+0xaf/0x130 <- ovl_ensure_upper_and_switch) result=0x0
              dd-7727    [001] .....    18.832452: ovldiag_write: (ovl_write_iter+0x10c/0x130 <- backing_file_write_iter) result=0x1000
             cat-7729    [001] .....    18.833876: ovldiag_open: (ovl_open+0xb2/0x100 <- ovl_open_realfile) result=0xffff88800720bd00
             cat-7732    [000] .....    18.834967: ovldiag_open: (ovl_open+0xb2/0x100 <- ovl_open_realfile) result=0xffff88800ec64700
              dd-7734    [000] .....    18.836236: ovldiag_open: (ovl_open+0xb2/0x100 <- ovl_open_realfile) result=0xffff88800e479900
              dd-7734    [000] .....    18.836259: ovldiag_ensure: (ovl_write_iter+0xaf/0x130 <- ovl_ensure_upper_and_switch) result=0x0
              dd-7734    [000] .....    18.836272: ovldiag_write: (ovl_write_iter+0x10c/0x130 <- backing_file_write_iter) result=0x1000
             cat-7740    [001] .....    18.839478: ovldiag_open: (ovl_open+0xb2/0x100 <- ovl_open_realfile) result=0xffff88800e7b3700
              dd-7741    [000] .....    18.839812: ovldiag_open: (ovl_open+0xb2/0x100 <- ovl_open_realfile) result=0xffff888004762800
              dd-7741    [000] .....    18.839835: ovldiag_ensure: (ovl_write_iter+0xaf/0x130 <- ovl_ensure_upper_and_switch) result=0x0
              dd-7741    [000] .....    18.839849: ovldiag_write: (ovl_write_iter+0x10c/0x130 <- backing_file_write_iter) result=0x1000
             cat-7745    [001] .....    18.843491: ovldiag_open: (ovl_open+0xb2/0x100 <- ovl_open_realfile) result=0xffff88800ec5c500
             cat-7746    [000] .....    18.844340: ovldiag_open: (ovl_open+0xb2/0x100 <- ovl_open_realfile) result=0xffff88800e260200
             cat-7749    [000] .....    18.845565: ovldiag_open: (ovl_open+0xb2/0x100 <- ovl_open_realfile) result=0xffff8880046e3200
              dd-7750    [000] .....    18.846590: ovldiag_open: (ovl_open+0xb2/0x100 <- ovl_open_realfile) result=0xffff88800dbb8200
              dd-7750    [000] .....    18.846613: ovldiag_ensure: (ovl_write_iter+0xaf/0x130 <- ovl_ensure_upper_and_switch) result=0x0
              dd-7750    [000] .....    18.846626: ovldiag_write: (ovl_write_iter+0x10c/0x130 <- backing_file_write_iter) result=0x1000
              dd-7754    [001] .....    18.849238: ovldiag_open: (ovl_open+0xb2/0x100 <- ovl_open_realfile) result=0xffff888004467800
              dd-7754    [001] .....    18.849265: ovldiag_ensure: (ovl_write_iter+0xaf/0x130 <- ovl_ensure_upper_and_switch) result=0x0
              dd-7754    [001] .....    18.849906: ovldiag_write: (ovl_write_iter+0x10c/0x130 <- backing_file_write_iter) result=0x1000
             cat-7757    [000] .....    18.850506: ovldiag_open: (ovl_open+0xb2/0x100 <- ovl_open_realfile) result=0xffff88800471de00
              dd-7758    [000] .....    18.851304: ovldiag_open: (ovl_open+0xb2/0x100 <- ovl_open_realfile) result=0xffff88800e39ee00
              dd-7758    [000] .....    18.851327: ovldiag_ensure: (ovl_write_iter+0xaf/0x130 <- ovl_ensure_upper_and_switch) result=0x0
              dd-7758    [000] .....    18.851341: ovldiag_write: (ovl_write_iter+0x10c/0x130 <- backing_file_write_iter) result=0x1000
              dd-7761    [000] .....    18.852357: ovldiag_open: (ovl_open+0xb2/0x100 <- ovl_open_realfile) result=0xffff88800e5f3e00
              dd-7761    [000] .....    18.852380: ovldiag_ensure: (ovl_write_iter+0xaf/0x130 <- ovl_ensure_upper_and_switch) result=0x0
              dd-7761    [000] .....    18.852393: ovldiag_write: (ovl_write_iter+0x10c/0x130 <- backing_file_write_iter) result=0x1000
             cat-7766    [000] .....    18.855576: ovldiag_open: (ovl_open+0xb2/0x100 <- ovl_open_realfile) result=0xffff8880061d0b00
             cat-7767    [001] .....    18.856157: ovldiag_open: (ovl_open+0xb2/0x100 <- ovl_open_realfile) result=0xffff88800dbb8800
             cat-7765    [001] .....    18.857119: ovldiag_open: (ovl_open+0xb2/0x100 <- ovl_open_realfile) result=0xffff888004467900
              dd-7774    [000] .....    18.860478: ovldiag_open: (ovl_open+0xb2/0x100 <- ovl_open_realfile) result=0xffff888008a6f000
              dd-7774    [000] .....    18.860500: ovldiag_ensure: (ovl_write_iter+0xaf/0x130 <- ovl_ensure_upper_and_switch) result=0x0
              dd-7774    [000] .....    18.860514: ovldiag_write: (ovl_write_iter+0x10c/0x130 <- backing_file_write_iter) result=0x1000
             cat-7775    [001] .....    18.860835: ovldiag_open: (ovl_open+0xb2/0x100 <- ovl_open_realfile) result=0xffff88800e765800
              dd-7778    [000] .....    18.862258: ovldiag_open: (ovl_open+0xb2/0x100 <- ovl_open_realfile) result=0xffff8880072ed200
              dd-7778    [000] .....    18.862279: ovldiag_ensure: (ovl_write_iter+0xaf/0x130 <- ovl_ensure_upper_and_switch) result=0x0
              dd-7778    [000] .....    18.862314: ovldiag_write: (ovl_write_iter+0x10c/0x130 <- backing_file_write_iter) result=0x1000
             cat-7781    [000] .....    18.864087: ovldiag_open: (ovl_open+0xb2/0x100 <- ovl_open_realfile) result=0xffff888006003800
              dd-7782    [001] .....    18.865032: ovldiag_open: (ovl_open+0xb2/0x100 <- ovl_open_realfile) result=0xffff888004762800
              dd-7782    [001] .....    18.865060: ovldiag_ensure: (ovl_write_iter+0xaf/0x130 <- ovl_ensure_upper_and_switch) result=0x0
              dd-7782    [001] .....    18.865077: ovldiag_write: (ovl_write_iter+0x10c/0x130 <- backing_file_write_iter) result=0x1000
              dd-7783    [000] .....    18.865111: ovldiag_open: (ovl_open+0xb2/0x100 <- ovl_open_realfile) result=0xffff88800e260e00
              dd-7783    [000] .....    18.865132: ovldiag_ensure: (ovl_write_iter+0xaf/0x130 <- ovl_ensure_upper_and_switch) result=0x0
              dd-7783    [000] .....    18.865147: ovldiag_write: (ovl_write_iter+0x10c/0x130 <- backing_file_write_iter) result=0x1000
             cat-7786    [001] .....    18.867361: ovldiag_open: (ovl_open+0xb2/0x100 <- ovl_open_realfile) result=0xffff88800e1b2500
             cat-7787    [000] .....    18.867423: ovldiag_open: (ovl_open+0xb2/0x100 <- ovl_open_realfile) result=0xffff8880046f0900
             cat-7793    [000] .....    18.870162: ovldiag_open: (ovl_open+0xb2/0x100 <- ovl_open_realfile) result=0xffff88800e527200
              dd-7797    [001] .....    18.873058: ovldiag_open: (ovl_open+0xb2/0x100 <- ovl_open_realfile) result=0xffff888003f11900
              dd-7797    [001] .....    18.873085: ovldiag_ensure: (ovl_write_iter+0xaf/0x130 <- ovl_ensure_upper_and_switch) result=0x0
              dd-7797    [001] .....    18.873102: ovldiag_write: (ovl_write_iter+0x10c/0x130 <- backing_file_write_iter) result=0x1000
              dd-7799    [000] .....    18.874180: ovldiag_open: (ovl_open+0xb2/0x100 <- ovl_open_realfile) result=0xffff888007083700
              dd-7799    [000] .....    18.874201: ovldiag_ensure: (ovl_write_iter+0xaf/0x130 <- ovl_ensure_upper_and_switch) result=0x0
              dd-7799    [000] .....    18.874215: ovldiag_write: (ovl_write_iter+0x10c/0x130 <- backing_file_write_iter) result=0x1000
             cat-7801    [001] .....    18.875516: ovldiag_open: (ovl_open+0xb2/0x100 <- ovl_open_realfile) result=0xffff888008a6f300
             cat-7802    [000] .....    18.876186: ovldiag_open: (ovl_open+0xb2/0x100 <- ovl_open_realfile) result=0xffff88800e643700
              dd-7805    [000] .....    18.877398: ovldiag_open: (ovl_open+0xb2/0x100 <- ovl_open_realfile) result=0xffff88800e7ad600
              dd-7805    [000] .....    18.877427: ovldiag_ensure: (ovl_write_iter+0xaf/0x130 <- ovl_ensure_upper_and_switch) result=0x0
              dd-7805    [000] .....    18.877440: ovldiag_write: (ovl_write_iter+0x10c/0x130 <- backing_file_write_iter) result=0x1000
             cat-7807    [000] .....    18.878983: ovldiag_open: (ovl_open+0xb2/0x100 <- ovl_open_realfile) result=0xffff88800e7f2d00
              dd-7811    [001] .....    18.881388: ovldiag_open: (ovl_open+0xb2/0x100 <- ovl_open_realfile) result=0xffff888008a6f900
              dd-7811    [001] .....    18.881415: ovldiag_ensure: (ovl_write_iter+0xaf/0x130 <- ovl_ensure_upper_and_switch) result=0x0
              dd-7811    [001] .....    18.881432: ovldiag_write: (ovl_write_iter+0x10c/0x130 <- backing_file_write_iter) result=0x1000
             cat-7810    [001] .....    18.881692: ovldiag_open: (ovl_open+0xb2/0x100 <- ovl_open_realfile) result=0xffff88800702c400
              dd-7817    [001] .....    18.885482: ovldiag_open: (ovl_open+0xb2/0x100 <- ovl_open_realfile) result=0xffff8880072ed800
             cat-7818    [000] .....    18.886004: ovldiag_open: (ovl_open+0xb2/0x100 <- ovl_open_realfile) result=0xffff8880061eaa00
              dd-7817    [001] .....    18.886313: ovldiag_ensure: (ovl_write_iter+0xaf/0x130 <- ovl_ensure_upper_and_switch) result=0x0
              dd-7817    [001] .....    18.886331: ovldiag_write: (ovl_write_iter+0x10c/0x130 <- backing_file_write_iter) result=0x1000
              dd-7820    [000] .....    18.887004: ovldiag_open: (ovl_open+0xb2/0x100 <- ovl_open_realfile) result=0xffff888007083400
              dd-7820    [000] .....    18.887026: ovldiag_ensure: (ovl_write_iter+0xaf/0x130 <- ovl_ensure_upper_and_switch) result=0x0
              dd-7820    [000] .....    18.887039: ovldiag_write: (ovl_write_iter+0x10c/0x130 <- backing_file_write_iter) result=0x1000
             cat-7819    [001] .....    18.887746: ovldiag_open: (ovl_open+0xb2/0x100 <- ovl_open_realfile) result=0xffff88800727ea00
             cat-7824    [000] .....    18.890337: ovldiag_open: (ovl_open+0xb2/0x100 <- ovl_open_realfile) result=0xffff88800727a400
              dd-7828    [000] .....    18.891203: ovldiag_open: (ovl_open+0xb2/0x100 <- ovl_open_realfile) result=0xffff88800e527d00
              dd-7828    [000] .....    18.891226: ovldiag_ensure: (ovl_write_iter+0xaf/0x130 <- ovl_ensure_upper_and_switch) result=0x0
              dd-7828    [000] .....    18.891238: ovldiag_write: (ovl_write_iter+0x10c/0x130 <- backing_file_write_iter) result=0x1000
             cat-7829    [000] .....    18.892146: ovldiag_open: (ovl_open+0xb2/0x100 <- ovl_open_realfile) result=0xffff88800ec0f800
              dd-7833    [001] .....    18.894352: ovldiag_open: (ovl_open+0xb2/0x100 <- ovl_open_realfile) result=0xffff88800e5f9a00
              dd-7833    [001] .....    18.894380: ovldiag_ensure: (ovl_write_iter+0xaf/0x130 <- ovl_ensure_upper_and_switch) result=0x0
              dd-7833    [001] .....    18.894396: ovldiag_write: (ovl_write_iter+0x10c/0x130 <- backing_file_write_iter) result=0x1000
             cat-7837    [000] .....    18.896498: ovldiag_open: (ovl_open+0xb2/0x100 <- ovl_open_realfile) result=0xffff8880071ccb00
             cat-7838    [001] .....    18.897484: ovldiag_open: (ovl_open+0xb2/0x100 <- ovl_open_realfile) result=0xffff88800727ed00
             cat-7843    [000] .....    18.899992: ovldiag_open: (ovl_open+0xb2/0x100 <- ovl_open_realfile) result=0xffff88800720bc00
              dd-7846    [000] .....    18.901133: ovldiag_open: (ovl_open+0xb2/0x100 <- ovl_open_realfile) result=0xffff88800e455700
              dd-7846    [000] .....    18.901154: ovldiag_ensure: (ovl_write_iter+0xaf/0x130 <- ovl_ensure_upper_and_switch) result=0x0
              dd-7846    [000] .....    18.901168: ovldiag_write: (ovl_write_iter+0x10c/0x130 <- backing_file_write_iter) result=0x1000
              dd-7844    [001] .....    18.901725: ovldiag_open: (ovl_open+0xb2/0x100 <- ovl_open_realfile) result=0xffff888007164400
              dd-7844    [001] .....    18.901756: ovldiag_ensure: (ovl_write_iter+0xaf/0x130 <- ovl_ensure_upper_and_switch) result=0x0
              dd-7844    [001] .....    18.901772: ovldiag_write: (ovl_write_iter+0x10c/0x130 <- backing_file_write_iter) result=0x1000
             cat-7847    [000] .....    18.902267: ovldiag_open: (ovl_open+0xb2/0x100 <- ovl_open_realfile) result=0xffff888004526600
             cat-7852    [001] .....    18.905514: ovldiag_open: (ovl_open+0xb2/0x100 <- ovl_open_realfile) result=0xffff888003f11e00
              dd-7851    [000] .....    18.906688: ovldiag_open: (ovl_open+0xb2/0x100 <- ovl_open_realfile) result=0xffff888004798100
              dd-7851    [000] .....    18.906713: ovldiag_ensure: (ovl_write_iter+0xaf/0x130 <- ovl_ensure_upper_and_switch) result=0x0
              dd-7851    [000] .....    18.906727: ovldiag_write: (ovl_write_iter+0x10c/0x130 <- backing_file_write_iter) result=0x1000
             cat-7856    [001] .....    18.907163: ovldiag_open: (ovl_open+0xb2/0x100 <- ovl_open_realfile) result=0xffff88800e62d800
              dd-7855    [000] .....    18.907558: ovldiag_open: (ovl_open+0xb2/0x100 <- ovl_open_realfile) result=0xffff88800e667300
              dd-7855    [000] .....    18.907579: ovldiag_ensure: (ovl_write_iter+0xaf/0x130 <- ovl_ensure_upper_and_switch) result=0x0
              dd-7855    [000] .....    18.907592: ovldiag_write: (ovl_write_iter+0x10c/0x130 <- backing_file_write_iter) result=0x1000
             cat-7863    [000] .....    18.911436: ovldiag_open: (ovl_open+0xb2/0x100 <- ovl_open_realfile) result=0xffff8880046c6000
             cat-7864    [001] .....    18.912588: ovldiag_open: (ovl_open+0xb2/0x100 <- ovl_open_realfile) result=0xffff8880046e3a00
              dd-7868    [001] .....    18.914825: ovldiag_open: (ovl_open+0xb2/0x100 <- ovl_open_realfile) result=0xffff88800ec90400
              dd-7868    [001] .....    18.914855: ovldiag_ensure: (ovl_write_iter+0xaf/0x130 <- ovl_ensure_upper_and_switch) result=0x0
              dd-7868    [001] .....    18.914871: ovldiag_write: (ovl_write_iter+0x10c/0x130 <- backing_file_write_iter) result=0x1000
              dd-7870    [000] .....    18.915823: ovldiag_open: (ovl_open+0xb2/0x100 <- ovl_open_realfile) result=0xffff88800e667000
              dd-7870    [000] .....    18.915844: ovldiag_ensure: (ovl_write_iter+0xaf/0x130 <- ovl_ensure_upper_and_switch) result=0x0
              dd-7870    [000] .....    18.915858: ovldiag_write: (ovl_write_iter+0x10c/0x130 <- backing_file_write_iter) result=0x1000
             cat-7873    [000] .....    18.917379: ovldiag_open: (ovl_open+0xb2/0x100 <- ovl_open_realfile) result=0xffff88800e1db300
             cat-7874    [001] .....    18.917919: ovldiag_open: (ovl_open+0xb2/0x100 <- ovl_open_realfile) result=0xffff888008a7c200
             cat-7878    [000] .....    18.919967: ovldiag_open: (ovl_open+0xb2/0x100 <- ovl_open_realfile) result=0xffff888007281c00
              dd-7877    [000] .....    18.920867: ovldiag_open: (ovl_open+0xb2/0x100 <- ovl_open_realfile) result=0xffff888004720500
              dd-7877    [000] .....    18.920903: ovldiag_ensure: (ovl_write_iter+0xaf/0x130 <- ovl_ensure_upper_and_switch) result=0x0
              dd-7877    [000] .....    18.920916: ovldiag_write: (ovl_write_iter+0x10c/0x130 <- backing_file_write_iter) result=0x1000
              dd-7881    [000] .....    18.922548: ovldiag_open: (ovl_open+0xb2/0x100 <- ovl_open_realfile) result=0xffff88800423dd00
              dd-7881    [000] .....    18.922572: ovldiag_ensure: (ovl_write_iter+0xaf/0x130 <- ovl_ensure_upper_and_switch) result=0x0
              dd-7881    [000] .....    18.922586: ovldiag_write: (ovl_write_iter+0x10c/0x130 <- backing_file_write_iter) result=0x1000
             cat-7882    [001] .....    18.923408: ovldiag_open: (ovl_open+0xb2/0x100 <- ovl_open_realfile) result=0xffff88800e7ba900
             cat-7889    [001] .....    18.926568: ovldiag_open: (ovl_open+0xb2/0x100 <- ovl_open_realfile) result=0xffff888004720700
              dd-7890    [000] .....    18.927347: ovldiag_open: (ovl_open+0xb2/0x100 <- ovl_open_realfile) result=0xffff88800ec0df00
              dd-7890    [000] .....    18.927370: ovldiag_ensure: (ovl_write_iter+0xaf/0x130 <- ovl_ensure_upper_and_switch) result=0x0
              dd-7890    [000] .....    18.927383: ovldiag_write: (ovl_write_iter+0x10c/0x130 <- backing_file_write_iter) result=0x1000
              dd-7894    [000] .....    18.929135: ovldiag_open: (ovl_open+0xb2/0x100 <- ovl_open_realfile) result=0xffff8880046e3200
              dd-7894    [000] .....    18.929157: ovldiag_ensure: (ovl_write_iter+0xaf/0x130 <- ovl_ensure_upper_and_switch) result=0x0
              dd-7894    [000] .....    18.929170: ovldiag_write: (ovl_write_iter+0x10c/0x130 <- backing_file_write_iter) result=0x1000
             cat-7892    [001] .....    18.929347: ovldiag_open: (ovl_open+0xb2/0x100 <- ovl_open_realfile) result=0xffff88800452c600
             cat-7898    [001] .....    18.931649: ovldiag_open: (ovl_open+0xb2/0x100 <- ovl_open_realfile) result=0xffff88800ec60b00
             cat-7900    [000] .....    18.933492: ovldiag_open: (ovl_open+0xb2/0x100 <- ovl_open_realfile) result=0xffff88800ecec500
              dd-7902    [001] .....    18.933866: ovldiag_open: (ovl_open+0xb2/0x100 <- ovl_open_realfile) result=0xffff888004467a00
              dd-7902    [001] .....    18.933907: ovldiag_ensure: (ovl_write_iter+0xaf/0x130 <- ovl_ensure_upper_and_switch) result=0x0
              dd-7902    [001] .....    18.933925: ovldiag_write: (ovl_write_iter+0x10c/0x130 <- backing_file_write_iter) result=0x1000
              dd-7907    [000] .....    18.936624: ovldiag_open: (ovl_open+0xb2/0x100 <- ovl_open_realfile) result=0xffff8880071cce00
              dd-7907    [000] .....    18.936647: ovldiag_ensure: (ovl_write_iter+0xaf/0x130 <- ovl_ensure_upper_and_switch) result=0x0
              dd-7907    [000] .....    18.936660: ovldiag_write: (ovl_write_iter+0x10c/0x130 <- backing_file_write_iter) result=0x1000
             cat-7908    [001] .....    18.937747: ovldiag_open: (ovl_open+0xb2/0x100 <- ovl_open_realfile) result=0xffff88800e544e00
             cat-7911    [001] .....    18.939099: ovldiag_open: (ovl_open+0xb2/0x100 <- ovl_open_realfile) result=0xffff88800ecafe00
              dd-7912    [000] .....    18.939320: ovldiag_open: (ovl_open+0xb2/0x100 <- ovl_open_realfile) result=0xffff88800471d100
              dd-7912    [000] .....    18.939341: ovldiag_ensure: (ovl_write_iter+0xaf/0x130 <- ovl_ensure_upper_and_switch) result=0x0
              dd-7912    [000] .....    18.939355: ovldiag_write: (ovl_write_iter+0x10c/0x130 <- backing_file_write_iter) result=0x1000
             cat-7915    [000] .....    18.940782: ovldiag_open: (ovl_open+0xb2/0x100 <- ovl_open_realfile) result=0xffff8880061d0500
              dd-7916    [000] .....    18.941937: ovldiag_open: (ovl_open+0xb2/0x100 <- ovl_open_realfile) result=0xffff88800e2ca200
              dd-7916    [000] .....    18.941957: ovldiag_ensure: (ovl_write_iter+0xaf/0x130 <- ovl_ensure_upper_and_switch) result=0x0
              dd-7916    [000] .....    18.941971: ovldiag_write: (ovl_write_iter+0x10c/0x130 <- backing_file_write_iter) result=0x1000
             cat-7920    [001] .....    18.944756: ovldiag_open: (ovl_open+0xb2/0x100 <- ovl_open_realfile) result=0xffff88800daadb00
              dd-7924    [000] .....    18.946903: ovldiag_open: (ovl_open+0xb2/0x100 <- ovl_open_realfile) result=0xffff8880061ea900
              dd-7924    [000] .....    18.946926: ovldiag_ensure: (ovl_write_iter+0xaf/0x130 <- ovl_ensure_upper_and_switch) result=0x0
              dd-7924    [000] .....    18.946939: ovldiag_write: (ovl_write_iter+0x10c/0x130 <- backing_file_write_iter) result=0x1000
              dd-7927    [000] .....    18.948720: ovldiag_open: (ovl_open+0xb2/0x100 <- ovl_open_realfile) result=0xffff88800720dc00
              dd-7927    [000] .....    18.948741: ovldiag_ensure: (ovl_write_iter+0xaf/0x130 <- ovl_ensure_upper_and_switch) result=0x0
              dd-7927    [000] .....    18.948755: ovldiag_write: (ovl_write_iter+0x10c/0x130 <- backing_file_write_iter) result=0x1000
             cat-7929    [000] .....    18.950783: ovldiag_open: (ovl_open+0xb2/0x100 <- ovl_open_realfile) result=0xffff88800447ba00
             cat-7930    [001] .....    18.951325: ovldiag_open: (ovl_open+0xb2/0x100 <- ovl_open_realfile) result=0xffff888004762c00
             cat-7932    [001] .....    18.952430: ovldiag_open: (ovl_open+0xb2/0x100 <- ovl_open_realfile) result=0xffff888008a7c600
              dd-7936    [000] .....    18.953991: ovldiag_open: (ovl_open+0xb2/0x100 <- ovl_open_realfile) result=0xffff88800471d700
              dd-7936    [000] .....    18.954012: ovldiag_ensure: (ovl_write_iter+0xaf/0x130 <- ovl_ensure_upper_and_switch) result=0x0
              dd-7936    [000] .....    18.954025: ovldiag_write: (ovl_write_iter+0x10c/0x130 <- backing_file_write_iter) result=0x1000
              dd-7939    [000] .....    18.955132: ovldiag_open: (ovl_open+0xb2/0x100 <- ovl_open_realfile) result=0xffff888008a6f700
              dd-7939    [000] .....    18.955154: ovldiag_ensure: (ovl_write_iter+0xaf/0x130 <- ovl_ensure_upper_and_switch) result=0x0
              dd-7939    [000] .....    18.955167: ovldiag_write: (ovl_write_iter+0x10c/0x130 <- backing_file_write_iter) result=0x1000
             cat-7937    [001] .....    18.956205: ovldiag_open: (ovl_open+0xb2/0x100 <- ovl_open_realfile) result=0xffff88800ed39100
              dd-7944    [001] .....    18.959143: ovldiag_open: (ovl_open+0xb2/0x100 <- ovl_open_realfile) result=0xffff888004720200
              dd-7944    [001] .....    18.959170: ovldiag_ensure: (ovl_write_iter+0xaf/0x130 <- ovl_ensure_upper_and_switch) result=0x0
              dd-7944    [001] .....    18.959187: ovldiag_write: (ovl_write_iter+0x10c/0x130 <- backing_file_write_iter) result=0x1000
             cat-7945    [001] .....    18.960169: ovldiag_open: (ovl_open+0xb2/0x100 <- ovl_open_realfile) result=0xffff888004415500
              dd-7949    [000] .....    18.961250: ovldiag_open: (ovl_open+0xb2/0x100 <- ovl_open_realfile) result=0xffff88800e23c700
              dd-7949    [000] .....    18.961271: ovldiag_ensure: (ovl_write_iter+0xaf/0x130 <- ovl_ensure_upper_and_switch) result=0x0
              dd-7949    [000] .....    18.961309: ovldiag_write: (ovl_write_iter+0x10c/0x130 <- backing_file_write_iter) result=0x1000
             cat-7952    [000] .....    18.963310: ovldiag_open: (ovl_open+0xb2/0x100 <- ovl_open_realfile) result=0xffff88800ed7b400
             cat-7953    [001] .....    18.964491: ovldiag_open: (ovl_open+0xb2/0x100 <- ovl_open_realfile) result=0xffff88800daadf00
             cat-7955    [001] .....    18.965737: ovldiag_open: (ovl_open+0xb2/0x100 <- ovl_open_realfile) result=0xffff8880061ea500
              dd-7959    [001] .....    18.968245: ovldiag_open: (ovl_open+0xb2/0x100 <- ovl_open_realfile) result=0xffff888007317100
              dd-7959    [001] .....    18.968275: ovldiag_ensure: (ovl_write_iter+0xaf/0x130 <- ovl_ensure_upper_and_switch) result=0x0
              dd-7959    [001] .....    18.968322: ovldiag_write: (ovl_write_iter+0x10c/0x130 <- backing_file_write_iter) result=0x1000
              dd-7960    [000] .....    18.968506: ovldiag_open: (ovl_open+0xb2/0x100 <- ovl_open_realfile) result=0xffff8880061d0900
              dd-7960    [000] .....    18.968528: ovldiag_ensure: (ovl_write_iter+0xaf/0x130 <- ovl_ensure_upper_and_switch) result=0x0
              dd-7960    [000] .....    18.968542: ovldiag_write: (ovl_write_iter+0x10c/0x130 <- backing_file_write_iter) result=0x1000
             cat-7964    [001] .....    18.970349: ovldiag_open: (ovl_open+0xb2/0x100 <- ovl_open_realfile) result=0xffff88800e260500
              dd-7967    [000] .....    18.971462: ovldiag_open: (ovl_open+0xb2/0x100 <- ovl_open_realfile) result=0xffff888004526200
              dd-7967    [000] .....    18.971483: ovldiag_ensure: (ovl_write_iter+0xaf/0x130 <- ovl_ensure_upper_and_switch) result=0x0
              dd-7967    [000] .....    18.971496: ovldiag_write: (ovl_write_iter+0x10c/0x130 <- backing_file_write_iter) result=0x1000
             cat-7969    [001] .....    18.973047: ovldiag_open: (ovl_open+0xb2/0x100 <- ovl_open_realfile) result=0xffff88800e79f400
              dd-7971    [001] .....    18.974122: ovldiag_open: (ovl_open+0xb2/0x100 <- ovl_open_realfile) result=0xffff88800423dd00
              dd-7971    [001] .....    18.974149: ovldiag_ensure: (ovl_write_iter+0xaf/0x130 <- ovl_ensure_upper_and_switch) result=0x0
              dd-7971    [001] .....    18.974164: ovldiag_write: (ovl_write_iter+0x10c/0x130 <- backing_file_write_iter) result=0x1000
             cat-7972    [000] .....    18.974481: ovldiag_open: (ovl_open+0xb2/0x100 <- ovl_open_realfile) result=0xffff88800daad100
             cat-7976    [001] .....    18.976049: ovldiag_open: (ovl_open+0xb2/0x100 <- ovl_open_realfile) result=0xffff888003f11000
             cat-7981    [001] .....    18.979956: ovldiag_open: (ovl_open+0xb2/0x100 <- ovl_open_realfile) result=0xffff8880046e3b00
              dd-7982    [000] .....    18.980679: ovldiag_open: (ovl_open+0xb2/0x100 <- ovl_open_realfile) result=0xffff888007164500
              dd-7982    [000] .....    18.980700: ovldiag_ensure: (ovl_write_iter+0xaf/0x130 <- ovl_ensure_upper_and_switch) result=0x0
              dd-7982    [000] .....    18.980715: ovldiag_write: (ovl_write_iter+0x10c/0x130 <- backing_file_write_iter) result=0x1000
              dd-7984    [000] .....    18.981828: ovldiag_open: (ovl_open+0xb2/0x100 <- ovl_open_realfile) result=0xffff888004467900
              dd-7984    [000] .....    18.981851: ovldiag_ensure: (ovl_write_iter+0xaf/0x130 <- ovl_ensure_upper_and_switch) result=0x0
              dd-7984    [000] .....    18.981864: ovldiag_write: (ovl_write_iter+0x10c/0x130 <- backing_file_write_iter) result=0x1000
              dd-7989    [000] .....    18.983640: ovldiag_open: (ovl_open+0xb2/0x100 <- ovl_open_realfile) result=0xffff88800ec7e600
              dd-7989    [000] .....    18.983663: ovldiag_ensure: (ovl_write_iter+0xaf/0x130 <- ovl_ensure_upper_and_switch) result=0x0
              dd-7989    [000] .....    18.983677: ovldiag_write: (ovl_write_iter+0x10c/0x130 <- backing_file_write_iter) result=0x1000
             cat-7988    [001] .....    18.984196: ovldiag_open: (ovl_open+0xb2/0x100 <- ovl_open_realfile) result=0xffff8880046c6300
             cat-7990    [000] .....    18.984979: ovldiag_open: (ovl_open+0xb2/0x100 <- ovl_open_realfile) result=0xffff88800edac900
             cat-7993    [000] .....    18.986986: ovldiag_open: (ovl_open+0xb2/0x100 <- ovl_open_realfile) result=0xffff88800edc8100
              dd-7997    [000] .....    18.989097: ovldiag_open: (ovl_open+0xb2/0x100 <- ovl_open_realfile) result=0xffff888004798300
              dd-7997    [000] .....    18.989119: ovldiag_ensure: (ovl_write_iter+0xaf/0x130 <- ovl_ensure_upper_and_switch) result=0x0
              dd-7997    [000] .....    18.989132: ovldiag_write: (ovl_write_iter+0x10c/0x130 <- backing_file_write_iter) result=0x1000
             cat-8000    [001] .....    18.990955: ovldiag_open: (ovl_open+0xb2/0x100 <- ovl_open_realfile) result=0xffff8880046c6000
             cat-8004    [001] .....    18.994477: ovldiag_open: (ovl_open+0xb2/0x100 <- ovl_open_realfile) result=0xffff88800ec7e600
              dd-8005    [000] .....    18.994616: ovldiag_open: (ovl_open+0xb2/0x100 <- ovl_open_realfile) result=0xffff8880046c6e00
              dd-8005    [000] .....    18.994638: ovldiag_ensure: (ovl_write_iter+0xaf/0x130 <- ovl_ensure_upper_and_switch) result=0x0
              dd-8005    [000] .....    18.994652: ovldiag_write: (ovl_write_iter+0x10c/0x130 <- backing_file_write_iter) result=0x1000
             cat-8010    [000] .....    18.996871: ovldiag_open: (ovl_open+0xb2/0x100 <- ovl_open_realfile) result=0xffff88800daad800
             cat-8009    [001] .....    18.997221: ovldiag_open: (ovl_open+0xb2/0x100 <- ovl_open_realfile) result=0xffff888003f01c00
              dd-8011    [000] .....    18.998031: ovldiag_open: (ovl_open+0xb2/0x100 <- ovl_open_realfile) result=0xffff888007317100
              dd-8011    [000] .....    18.998055: ovldiag_ensure: (ovl_write_iter+0xaf/0x130 <- ovl_ensure_upper_and_switch) result=0x0
              dd-8011    [000] .....    18.998068: ovldiag_write: (ovl_write_iter+0x10c/0x130 <- backing_file_write_iter) result=0x1000
              dd-8008    [001] .....    18.998108: ovldiag_open: (ovl_open+0xb2/0x100 <- ovl_open_realfile) result=0xffff88800e7cfc00
              dd-8008    [001] .....    18.998136: ovldiag_ensure: (ovl_write_iter+0xaf/0x130 <- ovl_ensure_upper_and_switch) result=0x0
              dd-8008    [001] .....    18.998152: ovldiag_write: (ovl_write_iter+0x10c/0x130 <- backing_file_write_iter) result=0x1000
             cat-8017    [001] .....    19.001553: ovldiag_open: (ovl_open+0xb2/0x100 <- ovl_open_realfile) result=0xffff8880046e3400
              dd-8019    [000] .....    19.003123: ovldiag_open: (ovl_open+0xb2/0x100 <- ovl_open_realfile) result=0xffff88800ec5c700
              dd-8019    [000] .....    19.003146: ovldiag_ensure: (ovl_write_iter+0xaf/0x130 <- ovl_ensure_upper_and_switch) result=0x0
              dd-8019    [000] .....    19.003159: ovldiag_write: (ovl_write_iter+0x10c/0x130 <- backing_file_write_iter) result=0x1000
             cat-8024    [000] .....    19.005248: ovldiag_open: (ovl_open+0xb2/0x100 <- ovl_open_realfile) result=0xffff888007317c00
              dd-8026    [001] .....    19.006825: ovldiag_open: (ovl_open+0xb2/0x100 <- ovl_open_realfile) result=0xffff88800447be00
              dd-8026    [001] .....    19.006853: ovldiag_ensure: (ovl_write_iter+0xaf/0x130 <- ovl_ensure_upper_and_switch) result=0x0
              dd-8026    [001] .....    19.006868: ovldiag_write: (ovl_write_iter+0x10c/0x130 <- backing_file_write_iter) result=0x1000
             cat-8027    [000] .....    19.007451: ovldiag_open: (ovl_open+0xb2/0x100 <- ovl_open_realfile) result=0xffff8880089e7300
             cat-8031    [000] .....    19.009221: ovldiag_open: (ovl_open+0xb2/0x100 <- ovl_open_realfile) result=0xffff888004467400
             cat-8035    [000] .....    19.012009: ovldiag_open: (ovl_open+0xb2/0x100 <- ovl_open_realfile) result=0xffff888007164900
              dd-8034    [001] .....    19.012216: ovldiag_open: (ovl_open+0xb2/0x100 <- ovl_open_realfile) result=0xffff88800edb5600
              dd-8034    [001] .....    19.012248: ovldiag_ensure: (ovl_write_iter+0xaf/0x130 <- ovl_ensure_upper_and_switch) result=0x0
              dd-8034    [001] .....    19.012264: ovldiag_write: (ovl_write_iter+0x10c/0x130 <- backing_file_write_iter) result=0x1000
              dd-8036    [000] .....    19.012793: ovldiag_open: (ovl_open+0xb2/0x100 <- ovl_open_realfile) result=0xffff888007281700
              dd-8036    [000] .....    19.012813: ovldiag_ensure: (ovl_write_iter+0xaf/0x130 <- ovl_ensure_upper_and_switch) result=0x0
              dd-8036    [000] .....    19.012825: ovldiag_write: (ovl_write_iter+0x10c/0x130 <- backing_file_write_iter) result=0x1000
             cat-8041    [000] .....    19.015046: ovldiag_open: (ovl_open+0xb2/0x100 <- ovl_open_realfile) result=0xffff88800e288800
              dd-8043    [000] .....    19.016079: ovldiag_open: (ovl_open+0xb2/0x100 <- ovl_open_realfile) result=0xffff88800e7b5800
              dd-8043    [000] .....    19.016102: ovldiag_ensure: (ovl_write_iter+0xaf/0x130 <- ovl_ensure_upper_and_switch) result=0x0
              dd-8043    [000] .....    19.016115: ovldiag_write: (ovl_write_iter+0x10c/0x130 <- backing_file_write_iter) result=0x1000
             cat-8045    [001] .....    19.016807: ovldiag_open: (ovl_open+0xb2/0x100 <- ovl_open_realfile) result=0xffff88800e68e600
             cat-8048    [001] .....    19.018372: ovldiag_open: (ovl_open+0xb2/0x100 <- ovl_open_realfile) result=0xffff888007281b00
              dd-8051    [001] .....    19.021129: ovldiag_open: (ovl_open+0xb2/0x100 <- ovl_open_realfile) result=0xffff88800d94e000
              dd-8051    [001] .....    19.021156: ovldiag_ensure: (ovl_write_iter+0xaf/0x130 <- ovl_ensure_upper_and_switch) result=0x0
              dd-8051    [001] .....    19.021172: ovldiag_write: (ovl_write_iter+0x10c/0x130 <- backing_file_write_iter) result=0x1000
             cat-8054    [001] .....    19.022411: ovldiag_open: (ovl_open+0xb2/0x100 <- ovl_open_realfile) result=0xffff88800727eb00
              dd-8058    [001] .....    19.025620: ovldiag_open: (ovl_open+0xb2/0x100 <- ovl_open_realfile) result=0xffff8880046c6d00
              dd-8058    [001] .....    19.025649: ovldiag_ensure: (ovl_write_iter+0xaf/0x130 <- ovl_ensure_upper_and_switch) result=0x0
              dd-8059    [000] .....    19.025651: ovldiag_open: (ovl_open+0xb2/0x100 <- ovl_open_realfile) result=0xffff8880072ed200
              dd-8058    [001] .....    19.025664: ovldiag_write: (ovl_write_iter+0x10c/0x130 <- backing_file_write_iter) result=0x1000
              dd-8059    [000] .....    19.025676: ovldiag_ensure: (ovl_write_iter+0xaf/0x130 <- ovl_ensure_upper_and_switch) result=0x0
              dd-8059    [000] .....    19.025691: ovldiag_write: (ovl_write_iter+0x10c/0x130 <- backing_file_write_iter) result=0x1000
             cat-8060    [001] .....    19.026650: ovldiag_open: (ovl_open+0xb2/0x100 <- ovl_open_realfile) result=0xffff88800daad600
             cat-8062    [000] .....    19.026806: ovldiag_open: (ovl_open+0xb2/0x100 <- ovl_open_realfile) result=0xffff88800e288d00
             cat-8066    [001] .....    19.030674: ovldiag_open: (ovl_open+0xb2/0x100 <- ovl_open_realfile) result=0xffff88800471d000
              dd-8068    [000] .....    19.030829: ovldiag_open: (ovl_open+0xb2/0x100 <- ovl_open_realfile) result=0xffff8880061d0c00
              dd-8068    [000] .....    19.030851: ovldiag_ensure: (ovl_write_iter+0xaf/0x130 <- ovl_ensure_upper_and_switch) result=0x0
              dd-8068    [000] .....    19.030865: ovldiag_write: (ovl_write_iter+0x10c/0x130 <- backing_file_write_iter) result=0x1000
             cat-8069    [001] .....    19.031767: ovldiag_open: (ovl_open+0xb2/0x100 <- ovl_open_realfile) result=0xffff8880072ed200
              dd-8075    [000] .....    19.034869: ovldiag_open: (ovl_open+0xb2/0x100 <- ovl_open_realfile) result=0xffff88800ed8ba00
              dd-8075    [000] .....    19.034903: ovldiag_ensure: (ovl_write_iter+0xaf/0x130 <- ovl_ensure_upper_and_switch) result=0x0
              dd-8075    [000] .....    19.034917: ovldiag_write: (ovl_write_iter+0x10c/0x130 <- backing_file_write_iter) result=0x1000
             cat-8077    [001] .....    19.035755: ovldiag_open: (ovl_open+0xb2/0x100 <- ovl_open_realfile) result=0xffff88800e28bf00
             cat-8080    [000] .....    19.037552: ovldiag_open: (ovl_open+0xb2/0x100 <- ovl_open_realfile) result=0xffff888007083700
              dd-8083    [001] .....    19.040361: ovldiag_open: (ovl_open+0xb2/0x100 <- ovl_open_realfile) result=0xffff888004467c00
              dd-8083    [001] .....    19.040388: ovldiag_ensure: (ovl_write_iter+0xaf/0x130 <- ovl_ensure_upper_and_switch) result=0x0
              dd-8083    [001] .....    19.040404: ovldiag_write: (ovl_write_iter+0x10c/0x130 <- backing_file_write_iter) result=0x1000
             cat-8086    [000] .....    19.040552: ovldiag_open: (ovl_open+0xb2/0x100 <- ovl_open_realfile) result=0xffff888007024400
             cat-8085    [001] .....    19.042752: ovldiag_open: (ovl_open+0xb2/0x100 <- ovl_open_realfile) result=0xffff888004720f00
              dd-8089    [001] .....    19.043232: ovldiag_open: (ovl_open+0xb2/0x100 <- ovl_open_realfile) result=0xffff8880072eda00
              dd-8089    [001] .....    19.043258: ovldiag_ensure: (ovl_write_iter+0xaf/0x130 <- ovl_ensure_upper_and_switch) result=0x0
              dd-8089    [001] .....    19.043271: ovldiag_write: (ovl_write_iter+0x10c/0x130 <- backing_file_write_iter) result=0x1000
              dd-8092    [000] .....    19.044329: ovldiag_open: (ovl_open+0xb2/0x100 <- ovl_open_realfile) result=0xffff88800471da00
              dd-8092    [000] .....    19.044349: ovldiag_ensure: (ovl_write_iter+0xaf/0x130 <- ovl_ensure_upper_and_switch) result=0x0
              dd-8092    [000] .....    19.044364: ovldiag_write: (ovl_write_iter+0x10c/0x130 <- backing_file_write_iter) result=0x1000
             cat-8094    [000] .....    19.046059: ovldiag_open: (ovl_open+0xb2/0x100 <- ovl_open_realfile) result=0xffff888008a27100
             cat-8095    [001] .....    19.046316: ovldiag_open: (ovl_open+0xb2/0x100 <- ovl_open_realfile) result=0xffff88800daadf00
              dd-8097    [000] .....    19.047313: ovldiag_open: (ovl_open+0xb2/0x100 <- ovl_open_realfile) result=0xffff8880046e3600
              dd-8097    [000] .....    19.047337: ovldiag_ensure: (ovl_write_iter+0xaf/0x130 <- ovl_ensure_upper_and_switch) result=0x0
              dd-8097    [000] .....    19.047350: ovldiag_write: (ovl_write_iter+0x10c/0x130 <- backing_file_write_iter) result=0x1000
             cat-8103    [001] .....    19.050824: ovldiag_open: (ovl_open+0xb2/0x100 <- ovl_open_realfile) result=0xffff88800713d500
              dd-8107    [001] .....    19.053637: ovldiag_open: (ovl_open+0xb2/0x100 <- ovl_open_realfile) result=0xffff88800e260b00
              dd-8107    [001] .....    19.053668: ovldiag_ensure: (ovl_write_iter+0xaf/0x130 <- ovl_ensure_upper_and_switch) result=0x0
              dd-8107    [001] .....    19.053684: ovldiag_write: (ovl_write_iter+0x10c/0x130 <- backing_file_write_iter) result=0x1000
             cat-8108    [000] .....    19.054695: ovldiag_open: (ovl_open+0xb2/0x100 <- ovl_open_realfile) result=0xffff88800e1db100
             cat-8111    [001] .....    19.056206: ovldiag_open: (ovl_open+0xb2/0x100 <- ovl_open_realfile) result=0xffff8880046f0700
             cat-8113    [000] .....    19.057914: ovldiag_open: (ovl_open+0xb2/0x100 <- ovl_open_realfile) result=0xffff888004798300
              dd-8115    [001] .....    19.058909: ovldiag_open: (ovl_open+0xb2/0x100 <- ovl_open_realfile) result=0xffff8880046c6300
              dd-8115    [001] .....    19.058936: ovldiag_ensure: (ovl_write_iter+0xaf/0x130 <- ovl_ensure_upper_and_switch) result=0x0
              dd-8115    [001] .....    19.058951: ovldiag_write: (ovl_write_iter+0x10c/0x130 <- backing_file_write_iter) result=0x1000
             cat-8118    [000] .....    19.060136: ovldiag_open: (ovl_open+0xb2/0x100 <- ovl_open_realfile) result=0xffff88800e260500
              dd-8117    [001] .....    19.060189: ovldiag_open: (ovl_open+0xb2/0x100 <- ovl_open_realfile) result=0xffff888003f01f00
              dd-8117    [001] .....    19.060214: ovldiag_ensure: (ovl_write_iter+0xaf/0x130 <- ovl_ensure_upper_and_switch) result=0x0
              dd-8117    [001] .....    19.060229: ovldiag_write: (ovl_write_iter+0x10c/0x130 <- backing_file_write_iter) result=0x1000
              dd-8123    [001] .....    19.062613: ovldiag_open: (ovl_open+0xb2/0x100 <- ovl_open_realfile) result=0xffff888004762400
              dd-8123    [001] .....    19.062643: ovldiag_ensure: (ovl_write_iter+0xaf/0x130 <- ovl_ensure_upper_and_switch) result=0x0
              dd-8123    [001] .....    19.062660: ovldiag_write: (ovl_write_iter+0x10c/0x130 <- backing_file_write_iter) result=0x1000
             cat-8127    [000] .....    19.064069: ovldiag_open: (ovl_open+0xb2/0x100 <- ovl_open_realfile) result=0xffff88800ec2ac00
              dd-8130    [001] .....    19.066704: ovldiag_open: (ovl_open+0xb2/0x100 <- ovl_open_realfile) result=0xffff888007164800
              dd-8130    [001] .....    19.066734: ovldiag_ensure: (ovl_write_iter+0xaf/0x130 <- ovl_ensure_upper_and_switch) result=0x0
              dd-8130    [001] .....    19.066750: ovldiag_write: (ovl_write_iter+0x10c/0x130 <- backing_file_write_iter) result=0x1000
             cat-8132    [000] .....    19.068279: ovldiag_open: (ovl_open+0xb2/0x100 <- ovl_open_realfile) result=0xffff88800ec1db00
             cat-8133    [001] .....    19.069580: ovldiag_open: (ovl_open+0xb2/0x100 <- ovl_open_realfile) result=0xffff8880061d0700
             cat-8137    [001] .....    19.071066: ovldiag_open: (ovl_open+0xb2/0x100 <- ovl_open_realfile) result=0xffff88800621ba00
             cat-8139    [000] .....    19.072219: ovldiag_open: (ovl_open+0xb2/0x100 <- ovl_open_realfile) result=0xffff888004798300
              dd-8143    [001] .....    19.075000: ovldiag_open: (ovl_open+0xb2/0x100 <- ovl_open_realfile) result=0xffff88800e7f8900
              dd-8143    [001] .....    19.075027: ovldiag_ensure: (ovl_write_iter+0xaf/0x130 <- ovl_ensure_upper_and_switch) result=0x0
              dd-8143    [001] .....    19.075043: ovldiag_write: (ovl_write_iter+0x10c/0x130 <- backing_file_write_iter) result=0x1000
              dd-8145    [000] .....    19.075771: ovldiag_open: (ovl_open+0xb2/0x100 <- ovl_open_realfile) result=0xffff8880046e3500
              dd-8145    [000] .....    19.075794: ovldiag_ensure: (ovl_write_iter+0xaf/0x130 <- ovl_ensure_upper_and_switch) result=0x0
              dd-8145    [000] .....    19.075808: ovldiag_write: (ovl_write_iter+0x10c/0x130 <- backing_file_write_iter) result=0x1000
             cat-8148    [000] .....    19.076950: ovldiag_open: (ovl_open+0xb2/0x100 <- ovl_open_realfile) result=0xffff8880089e7400
              dd-8150    [001] .....    19.078247: ovldiag_open: (ovl_open+0xb2/0x100 <- ovl_open_realfile) result=0xffff88800e3ef000
              dd-8150    [001] .....    19.078274: ovldiag_ensure: (ovl_write_iter+0xaf/0x130 <- ovl_ensure_upper_and_switch) result=0x0
              dd-8150    [001] .....    19.078395: ovldiag_write: (ovl_write_iter+0x10c/0x130 <- backing_file_write_iter) result=0x1000
              dd-8151    [000] .....    19.079327: ovldiag_open: (ovl_open+0xb2/0x100 <- ovl_open_realfile) result=0xffff88800727ef00
              dd-8151    [000] .....    19.079350: ovldiag_ensure: (ovl_write_iter+0xaf/0x130 <- ovl_ensure_upper_and_switch) result=0x0
              dd-8151    [000] .....    19.079364: ovldiag_write: (ovl_write_iter+0x10c/0x130 <- backing_file_write_iter) result=0x1000
             cat-8156    [001] .....    19.081487: ovldiag_open: (ovl_open+0xb2/0x100 <- ovl_open_realfile) result=0xffff888006003600
             cat-8157    [000] .....    19.081930: ovldiag_open: (ovl_open+0xb2/0x100 <- ovl_open_realfile) result=0xffff8880046c6600
             cat-8154    [000] .....    19.082105: ovldiag_open: (ovl_open+0xb2/0x100 <- ovl_open_realfile) result=0xffff888007083400
             cat-8163    [000] .....    19.085696: ovldiag_open: (ovl_open+0xb2/0x100 <- ovl_open_realfile) result=0xffff888003f11300
              dd-8166    [001] .....    19.087542: ovldiag_open: (ovl_open+0xb2/0x100 <- ovl_open_realfile) result=0xffff88800e260000
              dd-8166    [001] .....    19.087569: ovldiag_ensure: (ovl_write_iter+0xaf/0x130 <- ovl_ensure_upper_and_switch) result=0x0
              dd-8166    [001] .....    19.087586: ovldiag_write: (ovl_write_iter+0x10c/0x130 <- backing_file_write_iter) result=0x1000
              dd-8169    [000] .....    19.088715: ovldiag_open: (ovl_open+0xb2/0x100 <- ovl_open_realfile) result=0xffff888004762400
              dd-8169    [000] .....    19.088735: ovldiag_ensure: (ovl_write_iter+0xaf/0x130 <- ovl_ensure_upper_and_switch) result=0x0
              dd-8169    [000] .....    19.088750: ovldiag_write: (ovl_write_iter+0x10c/0x130 <- backing_file_write_iter) result=0x1000
             cat-8171    [000] .....    19.090209: ovldiag_open: (ovl_open+0xb2/0x100 <- ovl_open_realfile) result=0xffff8880046f0900
             cat-8172    [001] .....    19.090949: ovldiag_open: (ovl_open+0xb2/0x100 <- ovl_open_realfile) result=0xffff8880071ccc00
              dd-8178    [000] .....    19.093245: ovldiag_open: (ovl_open+0xb2/0x100 <- ovl_open_realfile) result=0xffff88800ecd0000
              dd-8178    [000] .....    19.093267: ovldiag_ensure: (ovl_write_iter+0xaf/0x130 <- ovl_ensure_upper_and_switch) result=0x0
              dd-8178    [000] .....    19.093308: ovldiag_write: (ovl_write_iter+0x10c/0x130 <- backing_file_write_iter) result=0x1000
             cat-8175    [001] .....    19.094075: ovldiag_open: (ovl_open+0xb2/0x100 <- ovl_open_realfile) result=0xffff888004762a00
             cat-8181    [001] .....    19.095203: ovldiag_open: (ovl_open+0xb2/0x100 <- ovl_open_realfile) result=0xffff88800ed43000
              dd-8176    [001] .....    19.096723: ovldiag_open: (ovl_open+0xb2/0x100 <- ovl_open_realfile) result=0xffff88800e657600
              dd-8176    [001] .....    19.096750: ovldiag_ensure: (ovl_write_iter+0xaf/0x130 <- ovl_ensure_upper_and_switch) result=0x0
              dd-8176    [001] .....    19.096765: ovldiag_write: (ovl_write_iter+0x10c/0x130 <- backing_file_write_iter) result=0x1000
             cat-8187    [001] .....    19.099726: ovldiag_open: (ovl_open+0xb2/0x100 <- ovl_open_realfile) result=0xffff8880071ccb00
              dd-8188    [000] .....    19.099786: ovldiag_open: (ovl_open+0xb2/0x100 <- ovl_open_realfile) result=0xffff888004467200
              dd-8188    [000] .....    19.099807: ovldiag_ensure: (ovl_write_iter+0xaf/0x130 <- ovl_ensure_upper_and_switch) result=0x0
              dd-8188    [000] .....    19.099820: ovldiag_write: (ovl_write_iter+0x10c/0x130 <- backing_file_write_iter) result=0x1000
              dd-8191    [001] .....    19.101855: ovldiag_open: (ovl_open+0xb2/0x100 <- ovl_open_realfile) result=0xffff88800447b500
              dd-8191    [001] .....    19.101882: ovldiag_ensure: (ovl_write_iter+0xaf/0x130 <- ovl_ensure_upper_and_switch) result=0x0
              dd-8191    [001] .....    19.101910: ovldiag_write: (ovl_write_iter+0x10c/0x130 <- backing_file_write_iter) result=0x1000
             cat-8192    [000] .....    19.102170: ovldiag_open: (ovl_open+0xb2/0x100 <- ovl_open_realfile) result=0xffff888007317100
             cat-8196    [001] .....    19.104586: ovldiag_open: (ovl_open+0xb2/0x100 <- ovl_open_realfile) result=0xffff88800452c500
             cat-8197    [000] .....    19.104929: ovldiag_open: (ovl_open+0xb2/0x100 <- ovl_open_realfile) result=0xffff888004467900
              dd-8201    [001] .....    19.107593: ovldiag_open: (ovl_open+0xb2/0x100 <- ovl_open_realfile) result=0xffff888008a6f700
              dd-8201    [001] .....    19.107623: ovldiag_ensure: (ovl_write_iter+0xaf/0x130 <- ovl_ensure_upper_and_switch) result=0x0
              dd-8201    [001] .....    19.107639: ovldiag_write: (ovl_write_iter+0x10c/0x130 <- backing_file_write_iter) result=0x1000
             cat-8205    [000] .....    19.109503: ovldiag_open: (ovl_open+0xb2/0x100 <- ovl_open_realfile) result=0xffff888007024300
              dd-8206    [001] .....    19.109902: ovldiag_open: (ovl_open+0xb2/0x100 <- ovl_open_realfile) result=0xffff88800ec84800
              dd-8206    [001] .....    19.109932: ovldiag_ensure: (ovl_write_iter+0xaf/0x130 <- ovl_ensure_upper_and_switch) result=0x0
              dd-8206    [001] .....    19.109949: ovldiag_write: (ovl_write_iter+0x10c/0x130 <- backing_file_write_iter) result=0x1000
              dd-8210    [000] .....    19.112165: ovldiag_open: (ovl_open+0xb2/0x100 <- ovl_open_realfile) result=0xffff888007083c00
              dd-8210    [000] .....    19.112189: ovldiag_ensure: (ovl_write_iter+0xaf/0x130 <- ovl_ensure_upper_and_switch) result=0x0
              dd-8210    [000] .....    19.112202: ovldiag_write: (ovl_write_iter+0x10c/0x130 <- backing_file_write_iter) result=0x1000
             cat-8211    [001] .....    19.112912: ovldiag_open: (ovl_open+0xb2/0x100 <- ovl_open_realfile) result=0xffff888006003600
             cat-8214    [000] .....    19.114014: ovldiag_open: (ovl_open+0xb2/0x100 <- ovl_open_realfile) result=0xffff888007281f00
              dd-8216    [000] .....    19.115467: ovldiag_open: (ovl_open+0xb2/0x100 <- ovl_open_realfile) result=0xffff88800713d500
              dd-8216    [000] .....    19.115490: ovldiag_ensure: (ovl_write_iter+0xaf/0x130 <- ovl_ensure_upper_and_switch) result=0x0
              dd-8216    [000] .....    19.115503: ovldiag_write: (ovl_write_iter+0x10c/0x130 <- backing_file_write_iter) result=0x1000
             cat-8217    [000] .....    19.116591: ovldiag_open: (ovl_open+0xb2/0x100 <- ovl_open_realfile) result=0xffff88800ec14600
             cat-8220    [000] .....    19.118716: ovldiag_open: (ovl_open+0xb2/0x100 <- ovl_open_realfile) result=0xffff88800621b600
              dd-8224    [001] .....    19.120205: ovldiag_open: (ovl_open+0xb2/0x100 <- ovl_open_realfile) result=0xffff88800ecd0b00
              dd-8224    [001] .....    19.120234: ovldiag_ensure: (ovl_write_iter+0xaf/0x130 <- ovl_ensure_upper_and_switch) result=0x0
              dd-8224    [001] .....    19.120250: ovldiag_write: (ovl_write_iter+0x10c/0x130 <- backing_file_write_iter) result=0x1000
              dd-8228    [000] .....    19.122049: ovldiag_open: (ovl_open+0xb2/0x100 <- ovl_open_realfile) result=0xffff88800713a100
              dd-8228    [000] .....    19.122072: ovldiag_ensure: (ovl_write_iter+0xaf/0x130 <- ovl_ensure_upper_and_switch) result=0x0
              dd-8228    [000] .....    19.122086: ovldiag_write: (ovl_write_iter+0x10c/0x130 <- backing_file_write_iter) result=0x1000
             cat-8230    [000] .....    19.123162: ovldiag_open: (ovl_open+0xb2/0x100 <- ovl_open_realfile) result=0xffff88800ec52600
             cat-8232    [000] .....    19.124385: ovldiag_open: (ovl_open+0xb2/0x100 <- ovl_open_realfile) result=0xffff88800ecd1f00
              dd-8233    [000] .....    19.125140: ovldiag_open: (ovl_open+0xb2/0x100 <- ovl_open_realfile) result=0xffff88800e74e800
              dd-8233    [000] .....    19.125160: ovldiag_ensure: (ovl_write_iter+0xaf/0x130 <- ovl_ensure_upper_and_switch) result=0x0
              dd-8233    [000] .....    19.125171: ovldiag_write: (ovl_write_iter+0x10c/0x130 <- backing_file_write_iter) result=0x1000
             cat-8236    [001] .....    19.127096: ovldiag_open: (ovl_open+0xb2/0x100 <- ovl_open_realfile) result=0xffff88800e260f00
             cat-8239    [000] .....    19.128566: ovldiag_open: (ovl_open+0xb2/0x100 <- ovl_open_realfile) result=0xffff888004526200
              dd-8243    [000] .....    19.131437: ovldiag_open: (ovl_open+0xb2/0x100 <- ovl_open_realfile) result=0xffff888004434600
              dd-8243    [000] .....    19.131461: ovldiag_ensure: (ovl_write_iter+0xaf/0x130 <- ovl_ensure_upper_and_switch) result=0x0
              dd-8243    [000] .....    19.131475: ovldiag_write: (ovl_write_iter+0x10c/0x130 <- backing_file_write_iter) result=0x1000
              dd-8245    [001] .....    19.132665: ovldiag_open: (ovl_open+0xb2/0x100 <- ovl_open_realfile) result=0xffff88800713d700
              dd-8245    [001] .....    19.132695: ovldiag_ensure: (ovl_write_iter+0xaf/0x130 <- ovl_ensure_upper_and_switch) result=0x0
              dd-8245    [001] .....    19.132712: ovldiag_write: (ovl_write_iter+0x10c/0x130 <- backing_file_write_iter) result=0x1000
             cat-8247    [000] .....    19.133178: ovldiag_open: (ovl_open+0xb2/0x100 <- ovl_open_realfile) result=0xffff888008a6f900
              dd-8250    [001] .....    19.134592: ovldiag_open: (ovl_open+0xb2/0x100 <- ovl_open_realfile) result=0xffff8880046e3500
              dd-8250    [001] .....    19.134622: ovldiag_ensure: (ovl_write_iter+0xaf/0x130 <- ovl_ensure_upper_and_switch) result=0x0
              dd-8250    [001] .....    19.134638: ovldiag_write: (ovl_write_iter+0x10c/0x130 <- backing_file_write_iter) result=0x1000
             cat-8252    [000] .....    19.136103: ovldiag_open: (ovl_open+0xb2/0x100 <- ovl_open_realfile) result=0xffff888004467800
             cat-8255    [001] .....    19.137646: ovldiag_open: (ovl_open+0xb2/0x100 <- ovl_open_realfile) result=0xffff88800ec04400
             cat-8256    [000] .....    19.138219: ovldiag_open: (ovl_open+0xb2/0x100 <- ovl_open_realfile) result=0xffff88800ed91600
              dd-8261    [001] .....    19.141056: ovldiag_open: (ovl_open+0xb2/0x100 <- ovl_open_realfile) result=0xffff88800e771900
              dd-8261    [001] .....    19.141083: ovldiag_ensure: (ovl_write_iter+0xaf/0x130 <- ovl_ensure_upper_and_switch) result=0x0
              dd-8261    [001] .....    19.141100: ovldiag_write: (ovl_write_iter+0x10c/0x130 <- backing_file_write_iter) result=0x1000
             cat-8264    [000] .....    19.142182: ovldiag_open: (ovl_open+0xb2/0x100 <- ovl_open_realfile) result=0xffff88800e527000
              dd-8266    [000] .....    19.143364: ovldiag_open: (ovl_open+0xb2/0x100 <- ovl_open_realfile) result=0xffff88800e62d200
              dd-8266    [000] .....    19.143385: ovldiag_ensure: (ovl_write_iter+0xaf/0x130 <- ovl_ensure_upper_and_switch) result=0x0
              dd-8266    [000] .....    19.143399: ovldiag_write: (ovl_write_iter+0x10c/0x130 <- backing_file_write_iter) result=0x1000
              dd-8270    [000] .....    19.146391: ovldiag_open: (ovl_open+0xb2/0x100 <- ovl_open_realfile) result=0xffff888008a7c000
              dd-8270    [000] .....    19.146412: ovldiag_ensure: (ovl_write_iter+0xaf/0x130 <- ovl_ensure_upper_and_switch) result=0x0
              dd-8270    [000] .....    19.146426: ovldiag_write: (ovl_write_iter+0x10c/0x130 <- backing_file_write_iter) result=0x1000
             cat-8269    [001] .....    19.146464: ovldiag_open: (ovl_open+0xb2/0x100 <- ovl_open_realfile) result=0xffff88800713da00
              dd-8274    [001] .....    19.147990: ovldiag_open: (ovl_open+0xb2/0x100 <- ovl_open_realfile) result=0xffff88800452c100
              dd-8274    [001] .....    19.148020: ovldiag_ensure: (ovl_write_iter+0xaf/0x130 <- ovl_ensure_upper_and_switch) result=0x0
              dd-8274    [001] .....    19.148036: ovldiag_write: (ovl_write_iter+0x10c/0x130 <- backing_file_write_iter) result=0x1000
             cat-8273    [000] .....    19.148960: ovldiag_open: (ovl_open+0xb2/0x100 <- ovl_open_realfile) result=0xffff888004467200
             cat-8279    [001] .....    19.150998: ovldiag_open: (ovl_open+0xb2/0x100 <- ovl_open_realfile) result=0xffff888007281b00
             cat-8277    [000] .....    19.151641: ovldiag_open: (ovl_open+0xb2/0x100 <- ovl_open_realfile) result=0xffff88800ec98d00
              dd-8285    [001] .....    19.154788: ovldiag_open: (ovl_open+0xb2/0x100 <- ovl_open_realfile) result=0xffff8880046f0500
              dd-8285    [001] .....    19.154816: ovldiag_ensure: (ovl_write_iter+0xaf/0x130 <- ovl_ensure_upper_and_switch) result=0x0
              dd-8285    [001] .....    19.154832: ovldiag_write: (ovl_write_iter+0x10c/0x130 <- backing_file_write_iter) result=0x1000
              dd-8286    [000] .....    19.155279: ovldiag_open: (ovl_open+0xb2/0x100 <- ovl_open_realfile) result=0xffff88800ece9400
              dd-8286    [000] .....    19.155323: ovldiag_ensure: (ovl_write_iter+0xaf/0x130 <- ovl_ensure_upper_and_switch) result=0x0
              dd-8286    [000] .....    19.155336: ovldiag_write: (ovl_write_iter+0x10c/0x130 <- backing_file_write_iter) result=0x1000
             cat-8289    [000] .....    19.156446: ovldiag_open: (ovl_open+0xb2/0x100 <- ovl_open_realfile) result=0xffff88800447b700
             cat-8291    [000] .....    19.158250: ovldiag_open: (ovl_open+0xb2/0x100 <- ovl_open_realfile) result=0xffff88800e690000
             cat-8294    [000] .....    19.159571: ovldiag_open: (ovl_open+0xb2/0x100 <- ovl_open_realfile) result=0xffff88800423d000
              dd-8297    [001] .....    19.161184: ovldiag_open: (ovl_open+0xb2/0x100 <- ovl_open_realfile) result=0xffff88800452ce00
              dd-8297    [001] .....    19.161214: ovldiag_ensure: (ovl_write_iter+0xaf/0x130 <- ovl_ensure_upper_and_switch) result=0x0
              dd-8297    [001] .....    19.161230: ovldiag_write: (ovl_write_iter+0x10c/0x130 <- backing_file_write_iter) result=0x1000
              dd-8300    [000] .....    19.162975: ovldiag_open: (ovl_open+0xb2/0x100 <- ovl_open_realfile) result=0xffff88800e7fea00
              dd-8300    [000] .....    19.162996: ovldiag_ensure: (ovl_write_iter+0xaf/0x130 <- ovl_ensure_upper_and_switch) result=0x0
              dd-8300    [000] .....    19.163009: ovldiag_write: (ovl_write_iter+0x10c/0x130 <- backing_file_write_iter) result=0x1000
             cat-8296    [000] .....    19.163454: ovldiag_open: (ovl_open+0xb2/0x100 <- ovl_open_realfile) result=0xffff88800e527400
             cat-8304    [001] .....    19.165556: ovldiag_open: (ovl_open+0xb2/0x100 <- ovl_open_realfile) result=0xffff8880089f3400
              dd-8307    [001] .....    19.167165: ovldiag_open: (ovl_open+0xb2/0x100 <- ovl_open_realfile) result=0xffff8880046f0900
              dd-8307    [001] .....    19.167196: ovldiag_ensure: (ovl_write_iter+0xaf/0x130 <- ovl_ensure_upper_and_switch) result=0x0
              dd-8307    [001] .....    19.167212: ovldiag_write: (ovl_write_iter+0x10c/0x130 <- backing_file_write_iter) result=0x1000
              dd-8310    [000] .....    19.168737: ovldiag_open: (ovl_open+0xb2/0x100 <- ovl_open_realfile) result=0xffff888004762c00
              dd-8310    [000] .....    19.168759: ovldiag_ensure: (ovl_write_iter+0xaf/0x130 <- ovl_ensure_upper_and_switch) result=0x0
              dd-8310    [000] .....    19.168772: ovldiag_write: (ovl_write_iter+0x10c/0x130 <- backing_file_write_iter) result=0x1000
             cat-8311    [001] .....    19.169487: ovldiag_open: (ovl_open+0xb2/0x100 <- ovl_open_realfile) result=0xffff88800ed75800
             cat-8314    [001] .....    19.170737: ovldiag_open: (ovl_open+0xb2/0x100 <- ovl_open_realfile) result=0xffff8880072ed800
             cat-8315    [000] .....    19.172461: ovldiag_open: (ovl_open+0xb2/0x100 <- ovl_open_realfile) result=0xffff88800ec4d300
             cat-8319    [000] .....    19.173536: ovldiag_open: (ovl_open+0xb2/0x100 <- ovl_open_realfile) result=0xffff888008a7ef00
              dd-8320    [001] .....    19.174479: ovldiag_open: (ovl_open+0xb2/0x100 <- ovl_open_realfile) result=0xffff88800ed75200
              dd-8320    [001] .....    19.174510: ovldiag_ensure: (ovl_write_iter+0xaf/0x130 <- ovl_ensure_upper_and_switch) result=0x0
              dd-8320    [001] .....    19.174526: ovldiag_write: (ovl_write_iter+0x10c/0x130 <- backing_file_write_iter) result=0x1000
              dd-8326    [000] .....    19.177535: ovldiag_open: (ovl_open+0xb2/0x100 <- ovl_open_realfile) result=0xffff888004798300
              dd-8326    [000] .....    19.177559: ovldiag_ensure: (ovl_write_iter+0xaf/0x130 <- ovl_ensure_upper_and_switch) result=0x0
              dd-8326    [000] .....    19.177572: ovldiag_write: (ovl_write_iter+0x10c/0x130 <- backing_file_write_iter) result=0x1000
             cat-8327    [000] .....    19.178344: ovldiag_open: (ovl_open+0xb2/0x100 <- ovl_open_realfile) result=0xffff88800720de00
              dd-8330    [001] .....    19.180192: ovldiag_open: (ovl_open+0xb2/0x100 <- ovl_open_realfile) result=0xffff88800e768600
              dd-8330    [001] .....    19.180224: ovldiag_ensure: (ovl_write_iter+0xaf/0x130 <- ovl_ensure_upper_and_switch) result=0x0
              dd-8330    [001] .....    19.180241: ovldiag_write: (ovl_write_iter+0x10c/0x130 <- backing_file_write_iter) result=0x1000
             cat-8332    [000] .....    19.181105: ovldiag_open: (ovl_open+0xb2/0x100 <- ovl_open_realfile) result=0xffff888004762e00
              dd-8334    [000] .....    19.182117: ovldiag_open: (ovl_open+0xb2/0x100 <- ovl_open_realfile) result=0xffff88800e260400
              dd-8334    [000] .....    19.182137: ovldiag_ensure: (ovl_write_iter+0xaf/0x130 <- ovl_ensure_upper_and_switch) result=0x0
              dd-8334    [000] .....    19.182151: ovldiag_write: (ovl_write_iter+0x10c/0x130 <- backing_file_write_iter) result=0x1000
             cat-8336    [000] .....    19.184011: ovldiag_open: (ovl_open+0xb2/0x100 <- ovl_open_realfile) result=0xffff8880072edd00
             cat-8339    [001] .....    19.184073: ovldiag_open: (ovl_open+0xb2/0x100 <- ovl_open_realfile) result=0xffff888008a27c00
             cat-8343    [000] .....    19.187039: ovldiag_open: (ovl_open+0xb2/0x100 <- ovl_open_realfile) result=0xffff88800edbd500
              dd-8344    [001] .....    19.187690: ovldiag_open: (ovl_open+0xb2/0x100 <- ovl_open_realfile) result=0xffff88800ec64200
              dd-8344    [001] .....    19.187717: ovldiag_ensure: (ovl_write_iter+0xaf/0x130 <- ovl_ensure_upper_and_switch) result=0x0
              dd-8344    [001] .....    19.187734: ovldiag_write: (ovl_write_iter+0x10c/0x130 <- backing_file_write_iter) result=0x1000
              dd-8349    [000] .....    19.189911: ovldiag_open: (ovl_open+0xb2/0x100 <- ovl_open_realfile) result=0xffff88800e774000
              dd-8349    [000] .....    19.189933: ovldiag_ensure: (ovl_write_iter+0xaf/0x130 <- ovl_ensure_upper_and_switch) result=0x0
              dd-8349    [000] .....    19.189946: ovldiag_write: (ovl_write_iter+0x10c/0x130 <- backing_file_write_iter) result=0x1000
             cat-8351    [001] .....    19.191489: ovldiag_open: (ovl_open+0xb2/0x100 <- ovl_open_realfile) result=0xffff88800720b500
             cat-8352    [000] .....    19.192125: ovldiag_open: (ovl_open+0xb2/0x100 <- ovl_open_realfile) result=0xffff88800471dc00
              dd-8354    [001] .....    19.194125: ovldiag_open: (ovl_open+0xb2/0x100 <- ovl_open_realfile) result=0xffff8880061d0400
              dd-8354    [001] .....    19.194153: ovldiag_ensure: (ovl_write_iter+0xaf/0x130 <- ovl_ensure_upper_and_switch) result=0x0
              dd-8354    [001] .....    19.194169: ovldiag_write: (ovl_write_iter+0x10c/0x130 <- backing_file_write_iter) result=0x1000
              dd-8359    [000] .....    19.195989: ovldiag_open: (ovl_open+0xb2/0x100 <- ovl_open_realfile) result=0xffff88800e455a00
              dd-8359    [000] .....    19.196010: ovldiag_ensure: (ovl_write_iter+0xaf/0x130 <- ovl_ensure_upper_and_switch) result=0x0
             cat-8361    [001] .....    19.196016: ovldiag_open: (ovl_open+0xb2/0x100 <- ovl_open_realfile) result=0xffff88800ec73600
              dd-8359    [000] .....    19.196024: ovldiag_write: (ovl_write_iter+0x10c/0x130 <- backing_file_write_iter) result=0x1000
             cat-8357    [000] .....    19.196203: ovldiag_open: (ovl_open+0xb2/0x100 <- ovl_open_realfile) result=0xffff88800ec3c600
             cat-8367    [000] .....    19.200217: ovldiag_open: (ovl_open+0xb2/0x100 <- ovl_open_realfile) result=0xffff88800eda3600
              dd-8369    [001] .....    19.201729: ovldiag_open: (ovl_open+0xb2/0x100 <- ovl_open_realfile) result=0xffff88800727a900
              dd-8369    [001] .....    19.201762: ovldiag_ensure: (ovl_write_iter+0xaf/0x130 <- ovl_ensure_upper_and_switch) result=0x0
              dd-8369    [001] .....    19.201778: ovldiag_write: (ovl_write_iter+0x10c/0x130 <- backing_file_write_iter) result=0x1000
              dd-8370    [000] .....    19.203013: ovldiag_open: (ovl_open+0xb2/0x100 <- ovl_open_realfile) result=0xffff8880061ea400
              dd-8370    [000] .....    19.203036: ovldiag_ensure: (ovl_write_iter+0xaf/0x130 <- ovl_ensure_upper_and_switch) result=0x0
              dd-8370    [000] .....    19.203049: ovldiag_write: (ovl_write_iter+0x10c/0x130 <- backing_file_write_iter) result=0x1000
             cat-8373    [001] .....    19.204133: ovldiag_open: (ovl_open+0xb2/0x100 <- ovl_open_realfile) result=0xffff88800727eb00
             cat-8375    [000] .....    19.204945: ovldiag_open: (ovl_open+0xb2/0x100 <- ovl_open_realfile) result=0xffff888003f01c00
             cat-8379    [000] .....    19.207026: ovldiag_open: (ovl_open+0xb2/0x100 <- ovl_open_realfile) result=0xffff888004720700
              dd-8382    [000] .....    19.208236: ovldiag_open: (ovl_open+0xb2/0x100 <- ovl_open_realfile) result=0xffff88800e6dfb00
              dd-8382    [000] .....    19.208256: ovldiag_ensure: (ovl_write_iter+0xaf/0x130 <- ovl_ensure_upper_and_switch) result=0x0
              dd-8382    [000] .....    19.208270: ovldiag_write: (ovl_write_iter+0x10c/0x130 <- backing_file_write_iter) result=0x1000
             cat-8383    [000] .....    19.209225: ovldiag_open: (ovl_open+0xb2/0x100 <- ovl_open_realfile) result=0xffff88800702c900
              dd-8384    [001] .....    19.210495: ovldiag_open: (ovl_open+0xb2/0x100 <- ovl_open_realfile) result=0xffff888008a7c100
              dd-8384    [001] .....    19.210525: ovldiag_ensure: (ovl_write_iter+0xaf/0x130 <- ovl_ensure_upper_and_switch) result=0x0
              dd-8384    [001] .....    19.210541: ovldiag_write: (ovl_write_iter+0x10c/0x130 <- backing_file_write_iter) result=0x1000
             cat-8390    [000] .....    19.213082: ovldiag_open: (ovl_open+0xb2/0x100 <- ovl_open_realfile) result=0xffff88800e6dfc00
             cat-8391    [000] .....    19.214227: ovldiag_open: (ovl_open+0xb2/0x100 <- ovl_open_realfile) result=0xffff88800ec59600
              dd-8392    [001] .....    19.215438: ovldiag_open: (ovl_open+0xb2/0x100 <- ovl_open_realfile) result=0xffff88800ed5bb00
              dd-8392    [001] .....    19.215470: ovldiag_ensure: (ovl_write_iter+0xaf/0x130 <- ovl_ensure_upper_and_switch) result=0x0
              dd-8392    [001] .....    19.215486: ovldiag_write: (ovl_write_iter+0x10c/0x130 <- backing_file_write_iter) result=0x1000
              dd-8394    [000] .....    19.216411: ovldiag_open: (ovl_open+0xb2/0x100 <- ovl_open_realfile) result=0xffff88800ec76100
              dd-8394    [000] .....    19.216433: ovldiag_ensure: (ovl_write_iter+0xaf/0x130 <- ovl_ensure_upper_and_switch) result=0x0
              dd-8394    [000] .....    19.216446: ovldiag_write: (ovl_write_iter+0x10c/0x130 <- backing_file_write_iter) result=0x1000
             cat-8397    [000] .....    19.217435: ovldiag_open: (ovl_open+0xb2/0x100 <- ovl_open_realfile) result=0xffff888004467c00
             cat-8402    [000] .....    19.219994: ovldiag_open: (ovl_open+0xb2/0x100 <- ovl_open_realfile) result=0xffff88800447ba00
              dd-8406    [000] .....    19.222196: ovldiag_open: (ovl_open+0xb2/0x100 <- ovl_open_realfile) result=0xffff8880046c6f00
              dd-8406    [000] .....    19.222220: ovldiag_ensure: (ovl_write_iter+0xaf/0x130 <- ovl_ensure_upper_and_switch) result=0x0
              dd-8406    [000] .....    19.222233: ovldiag_write: (ovl_write_iter+0x10c/0x130 <- backing_file_write_iter) result=0x1000
              dd-8408    [001] .....    19.223561: ovldiag_open: (ovl_open+0xb2/0x100 <- ovl_open_realfile) result=0xffff88800e5e7700
              dd-8408    [001] .....    19.223590: ovldiag_ensure: (ovl_write_iter+0xaf/0x130 <- ovl_ensure_upper_and_switch) result=0x0
              dd-8408    [001] .....    19.223606: ovldiag_write: (ovl_write_iter+0x10c/0x130 <- backing_file_write_iter) result=0x1000
             cat-8409    [000] .....    19.223993: ovldiag_open: (ovl_open+0xb2/0x100 <- ovl_open_realfile) result=0xffff888004762300
             cat-8412    [001] .....    19.225910: ovldiag_open: (ovl_open+0xb2/0x100 <- ovl_open_realfile) result=0xffff88800e527700
             cat-8415    [001] .....    19.227193: ovldiag_open: (ovl_open+0xb2/0x100 <- ovl_open_realfile) result=0xffff88800ecd8900
             cat-8418    [001] .....    19.228783: ovldiag_open: (ovl_open+0xb2/0x100 <- ovl_open_realfile) result=0xffff88800ec38f00
              dd-8417    [000] .....    19.228861: ovldiag_open: (ovl_open+0xb2/0x100 <- ovl_open_realfile) result=0xffff88800edb3b00
              dd-8417    [000] .....    19.228882: ovldiag_ensure: (ovl_write_iter+0xaf/0x130 <- ovl_ensure_upper_and_switch) result=0x0
              dd-8417    [000] .....    19.228908: ovldiag_write: (ovl_write_iter+0x10c/0x130 <- backing_file_write_iter) result=0x1000
              dd-8422    [001] .....    19.232563: ovldiag_open: (ovl_open+0xb2/0x100 <- ovl_open_realfile) result=0xffff88800edb3e00
              dd-8422    [001] .....    19.232591: ovldiag_ensure: (ovl_write_iter+0xaf/0x130 <- ovl_ensure_upper_and_switch) result=0x0
              dd-8422    [001] .....    19.232607: ovldiag_write: (ovl_write_iter+0x10c/0x130 <- backing_file_write_iter) result=0x1000
             cat-8424    [000] .....    19.232643: ovldiag_open: (ovl_open+0xb2/0x100 <- ovl_open_realfile) result=0xffff888003f11a00
              dd-8428    [000] .....    19.234717: ovldiag_open: (ovl_open+0xb2/0x100 <- ovl_open_realfile) result=0xffff8880046c6600
              dd-8428    [000] .....    19.234740: ovldiag_ensure: (ovl_write_iter+0xaf/0x130 <- ovl_ensure_upper_and_switch) result=0x0
              dd-8428    [000] .....    19.234754: ovldiag_write: (ovl_write_iter+0x10c/0x130 <- backing_file_write_iter) result=0x1000
             cat-8429    [001] .....    19.235216: ovldiag_open: (ovl_open+0xb2/0x100 <- ovl_open_realfile) result=0xffff88800daad700
             cat-8434    [000] .....    19.237513: ovldiag_open: (ovl_open+0xb2/0x100 <- ovl_open_realfile) result=0xffff88800ecd8800
              dd-8433    [001] .....    19.238201: ovldiag_open: (ovl_open+0xb2/0x100 <- ovl_open_realfile) result=0xffff888003cb6c00
              dd-8433    [001] .....    19.238231: ovldiag_ensure: (ovl_write_iter+0xaf/0x130 <- ovl_ensure_upper_and_switch) result=0x0
              dd-8433    [001] .....    19.238246: ovldiag_write: (ovl_write_iter+0x10c/0x130 <- backing_file_write_iter) result=0x1000
             cat-8439    [000] .....    19.240668: ovldiag_open: (ovl_open+0xb2/0x100 <- ovl_open_realfile) result=0xffff888008a27f00
              dd-8440    [001] .....    19.241451: ovldiag_open: (ovl_open+0xb2/0x100 <- ovl_open_realfile) result=0xffff888004526200
              dd-8440    [001] .....    19.241482: ovldiag_ensure: (ovl_write_iter+0xaf/0x130 <- ovl_ensure_upper_and_switch) result=0x0
              dd-8440    [001] .....    19.241498: ovldiag_write: (ovl_write_iter+0x10c/0x130 <- backing_file_write_iter) result=0x1000
             cat-8443    [000] .....    19.243181: ovldiag_open: (ovl_open+0xb2/0x100 <- ovl_open_realfile) result=0xffff88800ed7c100
              dd-8446    [000] .....    19.244598: ovldiag_open: (ovl_open+0xb2/0x100 <- ovl_open_realfile) result=0xffff888004434300
              dd-8446    [000] .....    19.244622: ovldiag_ensure: (ovl_write_iter+0xaf/0x130 <- ovl_ensure_upper_and_switch) result=0x0
              dd-8446    [000] .....    19.244637: ovldiag_write: (ovl_write_iter+0x10c/0x130 <- backing_file_write_iter) result=0x1000
             cat-8447    [001] .....    19.245807: ovldiag_open: (ovl_open+0xb2/0x100 <- ovl_open_realfile) result=0xffff888007164d00
             cat-8450    [001] .....    19.247193: ovldiag_open: (ovl_open+0xb2/0x100 <- ovl_open_realfile) result=0xffff888004720f00
              dd-8452    [001] .....    19.248228: ovldiag_open: (ovl_open+0xb2/0x100 <- ovl_open_realfile) result=0xffff888007281700
              dd-8452    [001] .....    19.248257: ovldiag_ensure: (ovl_write_iter+0xaf/0x130 <- ovl_ensure_upper_and_switch) result=0x0
              dd-8452    [001] .....    19.248274: ovldiag_write: (ovl_write_iter+0x10c/0x130 <- backing_file_write_iter) result=0x1000
             cat-8456    [001] .....    19.250219: ovldiag_open: (ovl_open+0xb2/0x100 <- ovl_open_realfile) result=0xffff88800e7bff00
             cat-8459    [001] .....    19.252213: ovldiag_open: (ovl_open+0xb2/0x100 <- ovl_open_realfile) result=0xffff88800471d700
              dd-8457    [001] .....    19.252379: ovldiag_open: (ovl_open+0xb2/0x100 <- ovl_open_realfile) result=0xffff88800471dc00
              dd-8457    [001] .....    19.252408: ovldiag_ensure: (ovl_write_iter+0xaf/0x130 <- ovl_ensure_upper_and_switch) result=0x0
              dd-8457    [001] .....    19.252425: ovldiag_write: (ovl_write_iter+0x10c/0x130 <- backing_file_write_iter) result=0x1000
              dd-8464    [001] .....    19.254478: ovldiag_open: (ovl_open+0xb2/0x100 <- ovl_open_realfile) result=0xffff888006003c00
              dd-8464    [001] .....    19.254507: ovldiag_ensure: (ovl_write_iter+0xaf/0x130 <- ovl_ensure_upper_and_switch) result=0x0
              dd-8464    [001] .....    19.254522: ovldiag_write: (ovl_write_iter+0x10c/0x130 <- backing_file_write_iter) result=0x1000
             cat-8465    [001] .....    19.256654: ovldiag_open: (ovl_open+0xb2/0x100 <- ovl_open_realfile) result=0xffff888008a7e100
             cat-8468    [000] .....    19.257119: ovldiag_open: (ovl_open+0xb2/0x100 <- ovl_open_realfile) result=0xffff88800ecd8a00
              dd-8470    [000] .....    19.258305: ovldiag_open: (ovl_open+0xb2/0x100 <- ovl_open_realfile) result=0xffff888008a7c800
              dd-8470    [000] .....    19.258330: ovldiag_ensure: (ovl_write_iter+0xaf/0x130 <- ovl_ensure_upper_and_switch) result=0x0
              dd-8470    [000] .....    19.258344: ovldiag_write: (ovl_write_iter+0x10c/0x130 <- backing_file_write_iter) result=0x1000
              dd-8475    [001] .....    19.261225: ovldiag_open: (ovl_open+0xb2/0x100 <- ovl_open_realfile) result=0xffff88800ed44400
              dd-8475    [001] .....    19.261254: ovldiag_ensure: (ovl_write_iter+0xaf/0x130 <- ovl_ensure_upper_and_switch) result=0x0
             cat-8476    [000] .....    19.261263: ovldiag_open: (ovl_open+0xb2/0x100 <- ovl_open_realfile) result=0xffff88800edd9f00
              dd-8475    [001] .....    19.261271: ovldiag_write: (ovl_write_iter+0x10c/0x130 <- backing_file_write_iter) result=0x1000
             cat-8477    [001] .....    19.263537: ovldiag_open: (ovl_open+0xb2/0x100 <- ovl_open_realfile) result=0xffff88800ecd8e00
              dd-8482    [000] .....    19.264623: ovldiag_open: (ovl_open+0xb2/0x100 <- ovl_open_realfile) result=0xffff88800621b300
              dd-8482    [000] .....    19.264644: ovldiag_ensure: (ovl_write_iter+0xaf/0x130 <- ovl_ensure_upper_and_switch) result=0x0
              dd-8482    [000] .....    19.264657: ovldiag_write: (ovl_write_iter+0x10c/0x130 <- backing_file_write_iter) result=0x1000
             cat-8485    [001] .....    19.266604: ovldiag_open: (ovl_open+0xb2/0x100 <- ovl_open_realfile) result=0xffff88800ec5f200
              dd-8486    [000] .....    19.267120: ovldiag_open: (ovl_open+0xb2/0x100 <- ovl_open_realfile) result=0xffff88800ec0e600
              dd-8486    [000] .....    19.267140: ovldiag_ensure: (ovl_write_iter+0xaf/0x130 <- ovl_ensure_upper_and_switch) result=0x0
              dd-8486    [000] .....    19.267154: ovldiag_write: (ovl_write_iter+0x10c/0x130 <- backing_file_write_iter) result=0x1000
             cat-8487    [001] .....    19.268184: ovldiag_open: (ovl_open+0xb2/0x100 <- ovl_open_realfile) result=0xffff8880071ccc00
              dd-8493    [000] .....    19.270452: ovldiag_open: (ovl_open+0xb2/0x100 <- ovl_open_realfile) result=0xffff8880071ce700
              dd-8493    [000] .....    19.270472: ovldiag_ensure: (ovl_write_iter+0xaf/0x130 <- ovl_ensure_upper_and_switch) result=0x0
              dd-8493    [000] .....    19.270486: ovldiag_write: (ovl_write_iter+0x10c/0x130 <- backing_file_write_iter) result=0x1000
             cat-8491    [001] .....    19.271002: ovldiag_open: (ovl_open+0xb2/0x100 <- ovl_open_realfile) result=0xffff888008a27e00
             cat-8497    [001] .....    19.273487: ovldiag_open: (ovl_open+0xb2/0x100 <- ovl_open_realfile) result=0xffff88800ec34d00
              dd-8499    [000] .....    19.274489: ovldiag_open: (ovl_open+0xb2/0x100 <- ovl_open_realfile) result=0xffff88800ecd8300
              dd-8499    [000] .....    19.274512: ovldiag_ensure: (ovl_write_iter+0xaf/0x130 <- ovl_ensure_upper_and_switch) result=0x0
              dd-8499    [000] .....    19.274527: ovldiag_write: (ovl_write_iter+0x10c/0x130 <- backing_file_write_iter) result=0x1000
              dd-8503    [000] .....    19.276510: ovldiag_open: (ovl_open+0xb2/0x100 <- ovl_open_realfile) result=0xffff88800e265500
              dd-8503    [000] .....    19.276531: ovldiag_ensure: (ovl_write_iter+0xaf/0x130 <- ovl_ensure_upper_and_switch) result=0x0
              dd-8503    [000] .....    19.276545: ovldiag_write: (ovl_write_iter+0x10c/0x130 <- backing_file_write_iter) result=0x1000
             cat-8505    [000] .....    19.277660: ovldiag_open: (ovl_open+0xb2/0x100 <- ovl_open_realfile) result=0xffff8880047ff600
              dd-8507    [000] .....    19.278966: ovldiag_open: (ovl_open+0xb2/0x100 <- ovl_open_realfile) result=0xffff8880071cce00
              dd-8507    [000] .....    19.278987: ovldiag_ensure: (ovl_write_iter+0xaf/0x130 <- ovl_ensure_upper_and_switch) result=0x0
              dd-8507    [000] .....    19.279000: ovldiag_write: (ovl_write_iter+0x10c/0x130 <- backing_file_write_iter) result=0x1000
             cat-8508    [000] .....    19.280042: ovldiag_open: (ovl_open+0xb2/0x100 <- ovl_open_realfile) result=0xffff88800edd9d00
             cat-8510    [000] .....    19.281106: ovldiag_open: (ovl_open+0xb2/0x100 <- ovl_open_realfile) result=0xffff88800447b500
             cat-8514    [000] .....    19.282903: ovldiag_open: (ovl_open+0xb2/0x100 <- ovl_open_realfile) result=0xffff88800edc8900
              dd-8515    [000] .....    19.284048: ovldiag_open: (ovl_open+0xb2/0x100 <- ovl_open_realfile) result=0xffff88800e527800
              dd-8515    [000] .....    19.284069: ovldiag_ensure: (ovl_write_iter+0xaf/0x130 <- ovl_ensure_upper_and_switch) result=0x0
              dd-8515    [000] .....    19.284083: ovldiag_write: (ovl_write_iter+0x10c/0x130 <- backing_file_write_iter) result=0x1000
              dd-8521    [000] .....    19.286999: ovldiag_open: (ovl_open+0xb2/0x100 <- ovl_open_realfile) result=0xffff88800ecd8c00
              dd-8521    [000] .....    19.287020: ovldiag_ensure: (ovl_write_iter+0xaf/0x130 <- ovl_ensure_upper_and_switch) result=0x0
              dd-8521    [000] .....    19.287034: ovldiag_write: (ovl_write_iter+0x10c/0x130 <- backing_file_write_iter) result=0x1000
             cat-8522    [001] .....    19.287486: ovldiag_open: (ovl_open+0xb2/0x100 <- ovl_open_realfile) result=0xffff888004762a00
              dd-8525    [000] .....    19.288701: ovldiag_open: (ovl_open+0xb2/0x100 <- ovl_open_realfile) result=0xffff8880072edd00
              dd-8525    [000] .....    19.288723: ovldiag_ensure: (ovl_write_iter+0xaf/0x130 <- ovl_ensure_upper_and_switch) result=0x0
              dd-8525    [000] .....    19.288736: ovldiag_write: (ovl_write_iter+0x10c/0x130 <- backing_file_write_iter) result=0x1000
             cat-8528    [001] .....    19.291130: ovldiag_open: (ovl_open+0xb2/0x100 <- ovl_open_realfile) result=0xffff88800621b900
             cat-8529    [000] .....    19.291351: ovldiag_open: (ovl_open+0xb2/0x100 <- ovl_open_realfile) result=0xffff888007164d00
              dd-8532    [001] .....    19.294865: ovldiag_open: (ovl_open+0xb2/0x100 <- ovl_open_realfile) result=0xffff88800e527e00
              dd-8532    [001] .....    19.294903: ovldiag_ensure: (ovl_write_iter+0xaf/0x130 <- ovl_ensure_upper_and_switch) result=0x0
              dd-8532    [001] .....    19.294919: ovldiag_write: (ovl_write_iter+0x10c/0x130 <- backing_file_write_iter) result=0x1000
             cat-8534    [001] .....    19.295084: ovldiag_open: (ovl_open+0xb2/0x100 <- ovl_open_realfile) result=0xffff88800e527a00
             cat-8538    [000] .....    19.296478: ovldiag_open: (ovl_open+0xb2/0x100 <- ovl_open_realfile) result=0xffff88800daadf00
              dd-8540    [001] .....    19.297965: ovldiag_open: (ovl_open+0xb2/0x100 <- ovl_open_realfile) result=0xffff8880046c6600
              dd-8540    [001] .....    19.297996: ovldiag_ensure: (ovl_write_iter+0xaf/0x130 <- ovl_ensure_upper_and_switch) result=0x0
              dd-8540    [001] .....    19.298012: ovldiag_write: (ovl_write_iter+0x10c/0x130 <- backing_file_write_iter) result=0x1000
              dd-8543    [000] .....    19.299126: ovldiag_open: (ovl_open+0xb2/0x100 <- ovl_open_realfile) result=0xffff88800e40a000
              dd-8543    [000] .....    19.299150: ovldiag_ensure: (ovl_write_iter+0xaf/0x130 <- ovl_ensure_upper_and_switch) result=0x0
              dd-8543    [000] .....    19.299164: ovldiag_write: (ovl_write_iter+0x10c/0x130 <- backing_file_write_iter) result=0x1000
             cat-8545    [000] .....    19.300205: ovldiag_open: (ovl_open+0xb2/0x100 <- ovl_open_realfile) result=0xffff88800727e500
             cat-8547    [000] .....    19.301960: ovldiag_open: (ovl_open+0xb2/0x100 <- ovl_open_realfile) result=0xffff88800daadc00
              dd-8549    [000] .....    19.302920: ovldiag_open: (ovl_open+0xb2/0x100 <- ovl_open_realfile) result=0xffff8880061ead00
              dd-8549    [000] .....    19.302941: ovldiag_ensure: (ovl_write_iter+0xaf/0x130 <- ovl_ensure_upper_and_switch) result=0x0
              dd-8549    [000] .....    19.302954: ovldiag_write: (ovl_write_iter+0x10c/0x130 <- backing_file_write_iter) result=0x1000
             cat-8554    [001] .....    19.305476: ovldiag_open: (ovl_open+0xb2/0x100 <- ovl_open_realfile) result=0xffff88800727ef00
             cat-8555    [000] .....    19.306382: ovldiag_open: (ovl_open+0xb2/0x100 <- ovl_open_realfile) result=0xffff8880061ea500
              dd-8557    [001] .....    19.308188: ovldiag_open: (ovl_open+0xb2/0x100 <- ovl_open_realfile) result=0xffff888008a7cb00
              dd-8557    [001] .....    19.308214: ovldiag_ensure: (ovl_write_iter+0xaf/0x130 <- ovl_ensure_upper_and_switch) result=0x0
              dd-8557    [001] .....    19.308231: ovldiag_write: (ovl_write_iter+0x10c/0x130 <- backing_file_write_iter) result=0x1000
             cat-8562    [000] .....    19.310121: ovldiag_open: (ovl_open+0xb2/0x100 <- ovl_open_realfile) result=0xffff88800ec34d00
             cat-8564    [001] .....    19.311768: ovldiag_open: (ovl_open+0xb2/0x100 <- ovl_open_realfile) result=0xffff8880046f0900
              dd-8565    [000] .....    19.312635: ovldiag_open: (ovl_open+0xb2/0x100 <- ovl_open_realfile) result=0xffff8880071ce700
              dd-8565    [000] .....    19.312655: ovldiag_ensure: (ovl_write_iter+0xaf/0x130 <- ovl_ensure_upper_and_switch) result=0x0
              dd-8565    [000] .....    19.312669: ovldiag_write: (ovl_write_iter+0x10c/0x130 <- backing_file_write_iter) result=0x1000
              dd-8567    [000] .....    19.314212: ovldiag_open: (ovl_open+0xb2/0x100 <- ovl_open_realfile) result=0xffff8880072ed500
              dd-8567    [000] .....    19.314233: ovldiag_ensure: (ovl_write_iter+0xaf/0x130 <- ovl_ensure_upper_and_switch) result=0x0
              dd-8567    [000] .....    19.314247: ovldiag_write: (ovl_write_iter+0x10c/0x130 <- backing_file_write_iter) result=0x1000
             cat-8570    [000] .....    19.315176: ovldiag_open: (ovl_open+0xb2/0x100 <- ovl_open_realfile) result=0xffff88800eddb000
              dd-8574    [000] .....    19.317043: ovldiag_open: (ovl_open+0xb2/0x100 <- ovl_open_realfile) result=0xffff888007083f00
              dd-8574    [000] .....    19.317067: ovldiag_ensure: (ovl_write_iter+0xaf/0x130 <- ovl_ensure_upper_and_switch) result=0x0
              dd-8574    [000] .....    19.317079: ovldiag_write: (ovl_write_iter+0x10c/0x130 <- backing_file_write_iter) result=0x1000
             cat-8573    [000] .....    19.318036: ovldiag_open: (ovl_open+0xb2/0x100 <- ovl_open_realfile) result=0xffff88800727e900
             cat-8579    [001] .....    19.320093: ovldiag_open: (ovl_open+0xb2/0x100 <- ovl_open_realfile) result=0xffff88800452cb00
              dd-8580    [000] .....    19.320429: ovldiag_open: (ovl_open+0xb2/0x100 <- ovl_open_realfile) result=0xffff888008a6f800
              dd-8580    [000] .....    19.320452: ovldiag_ensure: (ovl_write_iter+0xaf/0x130 <- ovl_ensure_upper_and_switch) result=0x0
              dd-8580    [000] .....    19.320465: ovldiag_write: (ovl_write_iter+0x10c/0x130 <- backing_file_write_iter) result=0x1000
             cat-8584    [001] .....    19.323234: ovldiag_open: (ovl_open+0xb2/0x100 <- ovl_open_realfile) result=0xffff88800ed4e800
              dd-8587    [000] .....    19.324679: ovldiag_open: (ovl_open+0xb2/0x100 <- ovl_open_realfile) result=0xffff888007164c00
              dd-8587    [000] .....    19.324702: ovldiag_ensure: (ovl_write_iter+0xaf/0x130 <- ovl_ensure_upper_and_switch) result=0x0
              dd-8587    [000] .....    19.324716: ovldiag_write: (ovl_write_iter+0x10c/0x130 <- backing_file_write_iter) result=0x1000
             cat-8590    [001] .....    19.326152: ovldiag_open: (ovl_open+0xb2/0x100 <- ovl_open_realfile) result=0xffff888007281b00
             cat-8591    [000] .....    19.327188: ovldiag_open: (ovl_open+0xb2/0x100 <- ovl_open_realfile) result=0xffff88800ec75600
              dd-8593    [000] .....    19.328395: ovldiag_open: (ovl_open+0xb2/0x100 <- ovl_open_realfile) result=0xffff8880061d0000
              dd-8593    [000] .....    19.328418: ovldiag_ensure: (ovl_write_iter+0xaf/0x130 <- ovl_ensure_upper_and_switch) result=0x0
              dd-8593    [000] .....    19.328432: ovldiag_write: (ovl_write_iter+0x10c/0x130 <- backing_file_write_iter) result=0x1000
              dd-8596    [000] .....    19.329920: ovldiag_open: (ovl_open+0xb2/0x100 <- ovl_open_realfile) result=0xffff88800e527300
              dd-8596    [000] .....    19.329942: ovldiag_ensure: (ovl_write_iter+0xaf/0x130 <- ovl_ensure_upper_and_switch) result=0x0
              dd-8596    [000] .....    19.329956: ovldiag_write: (ovl_write_iter+0x10c/0x130 <- backing_file_write_iter) result=0x1000
             cat-8597    [001] .....    19.330178: ovldiag_open: (ovl_open+0xb2/0x100 <- ovl_open_realfile) result=0xffff88800ec58d00
              dd-8602    [000] .....    19.332479: ovldiag_open: (ovl_open+0xb2/0x100 <- ovl_open_realfile) result=0xffff888004467f00
              dd-8602    [000] .....    19.332503: ovldiag_ensure: (ovl_write_iter+0xaf/0x130 <- ovl_ensure_upper_and_switch) result=0x0
              dd-8602    [000] .....    19.332517: ovldiag_write: (ovl_write_iter+0x10c/0x130 <- backing_file_write_iter) result=0x1000
             cat-8600    [000] .....    19.333395: ovldiag_open: (ovl_open+0xb2/0x100 <- ovl_open_realfile) result=0xffff88800ec58f00
             cat-8608    [001] .....    19.336216: ovldiag_open: (ovl_open+0xb2/0x100 <- ovl_open_realfile) result=0xffff88800471de00
              dd-8609    [000] .....    19.337236: ovldiag_open: (ovl_open+0xb2/0x100 <- ovl_open_realfile) result=0xffff88800713d600
              dd-8609    [000] .....    19.337259: ovldiag_ensure: (ovl_write_iter+0xaf/0x130 <- ovl_ensure_upper_and_switch) result=0x0
              dd-8609    [000] .....    19.337272: ovldiag_write: (ovl_write_iter+0x10c/0x130 <- backing_file_write_iter) result=0x1000
             cat-8612    [000] .....    19.339252: ovldiag_open: (ovl_open+0xb2/0x100 <- ovl_open_realfile) result=0xffff88800e76dd00
             cat-8617    [000] .....    19.342012: ovldiag_open: (ovl_open+0xb2/0x100 <- ovl_open_realfile) result=0xffff888004415500
              dd-8616    [001] .....    19.342960: ovldiag_open: (ovl_open+0xb2/0x100 <- ovl_open_realfile) result=0xffff888006003c00
              dd-8616    [001] .....    19.342989: ovldiag_ensure: (ovl_write_iter+0xaf/0x130 <- ovl_ensure_upper_and_switch) result=0x0
              dd-8616    [001] .....    19.343005: ovldiag_write: (ovl_write_iter+0x10c/0x130 <- backing_file_write_iter) result=0x1000
             cat-8618    [000] .....    19.343220: ovldiag_open: (ovl_open+0xb2/0x100 <- ovl_open_realfile) result=0xffff88800621b400
              dd-8619    [000] .....    19.344047: ovldiag_open: (ovl_open+0xb2/0x100 <- ovl_open_realfile) result=0xffff88800eda7b00
              dd-8619    [000] .....    19.344070: ovldiag_ensure: (ovl_write_iter+0xaf/0x130 <- ovl_ensure_upper_and_switch) result=0x0
              dd-8619    [000] .....    19.344084: ovldiag_write: (ovl_write_iter+0x10c/0x130 <- backing_file_write_iter) result=0x1000
              dd-8621    [000] .....    19.345242: ovldiag_open: (ovl_open+0xb2/0x100 <- ovl_open_realfile) result=0xffff88800ecc0800
              dd-8621    [000] .....    19.345262: ovldiag_ensure: (ovl_write_iter+0xaf/0x130 <- ovl_ensure_upper_and_switch) result=0x0
              dd-8621    [000] .....    19.345275: ovldiag_write: (ovl_write_iter+0x10c/0x130 <- backing_file_write_iter) result=0x1000
             cat-8627    [000] .....    19.347443: ovldiag_open: (ovl_open+0xb2/0x100 <- ovl_open_realfile) result=0xffff88800e527300
             cat-8630    [001] .....    19.349830: ovldiag_open: (ovl_open+0xb2/0x100 <- ovl_open_realfile) result=0xffff88800471d100
              dd-8631    [000] .....    19.350916: ovldiag_open: (ovl_open+0xb2/0x100 <- ovl_open_realfile) result=0xffff88800727a900
              dd-8631    [000] .....    19.350939: ovldiag_ensure: (ovl_write_iter+0xaf/0x130 <- ovl_ensure_upper_and_switch) result=0x0
              dd-8631    [000] .....    19.350953: ovldiag_write: (ovl_write_iter+0x10c/0x130 <- backing_file_write_iter) result=0x1000
             cat-8636    [001] .....    19.355194: ovldiag_open: (ovl_open+0xb2/0x100 <- ovl_open_realfile) result=0xffff8880061ccb00
             cat-8637    [001] .....    19.356199: ovldiag_open: (ovl_open+0xb2/0x100 <- ovl_open_realfile) result=0xffff88800eca3c00
             cat-8639    [000] .....    19.357297: ovldiag_open: (ovl_open+0xb2/0x100 <- ovl_open_realfile) result=0xffff88800720db00
              dd-8641    [000] .....    19.358533: ovldiag_open: (ovl_open+0xb2/0x100 <- ovl_open_realfile) result=0xffff88800621b100
              dd-8641    [000] .....    19.358557: ovldiag_ensure: (ovl_write_iter+0xaf/0x130 <- ovl_ensure_upper_and_switch) result=0x0
              dd-8641    [000] .....    19.358569: ovldiag_write: (ovl_write_iter+0x10c/0x130 <- backing_file_write_iter) result=0x1000
              dd-8643    [000] .....    19.359597: ovldiag_open: (ovl_open+0xb2/0x100 <- ovl_open_realfile) result=0xffff88800e42de00
              dd-8643    [000] .....    19.359619: ovldiag_ensure: (ovl_write_iter+0xaf/0x130 <- ovl_ensure_upper_and_switch) result=0x0
              dd-8643    [000] .....    19.359631: ovldiag_write: (ovl_write_iter+0x10c/0x130 <- backing_file_write_iter) result=0x1000
             cat-8645    [001] .....    19.362649: ovldiag_open: (ovl_open+0xb2/0x100 <- ovl_open_realfile) result=0xffff888008a7c000
              dd-8649    [001] .....    19.363495: ovldiag_open: (ovl_open+0xb2/0x100 <- ovl_open_realfile) result=0xffff88800eca2e00
              dd-8649    [001] .....    19.363525: ovldiag_ensure: (ovl_write_iter+0xaf/0x130 <- ovl_ensure_upper_and_switch) result=0x0
              dd-8649    [001] .....    19.363540: ovldiag_write: (ovl_write_iter+0x10c/0x130 <- backing_file_write_iter) result=0x1000
              dd-8651    [000] .....    19.363552: ovldiag_open: (ovl_open+0xb2/0x100 <- ovl_open_realfile) result=0xffff8880046f0700
              dd-8651    [000] .....    19.363573: ovldiag_ensure: (ovl_write_iter+0xaf/0x130 <- ovl_ensure_upper_and_switch) result=0x0
              dd-8651    [000] .....    19.363587: ovldiag_write: (ovl_write_iter+0x10c/0x130 <- backing_file_write_iter) result=0x1000
             cat-8656    [000] .....    19.366303: ovldiag_open: (ovl_open+0xb2/0x100 <- ovl_open_realfile) result=0xffff88800447b000
             cat-8658    [001] .....    19.367556: ovldiag_open: (ovl_open+0xb2/0x100 <- ovl_open_realfile) result=0xffff888004762e00
             cat-8661    [000] .....    19.369480: ovldiag_open: (ovl_open+0xb2/0x100 <- ovl_open_realfile) result=0xffff8880046e3500
             cat-8665    [001] .....    19.372142: ovldiag_open: (ovl_open+0xb2/0x100 <- ovl_open_realfile) result=0xffff88800e678400
              dd-8666    [000] .....    19.372452: ovldiag_open: (ovl_open+0xb2/0x100 <- ovl_open_realfile) result=0xffff88800720db00
              dd-8666    [000] .....    19.372473: ovldiag_ensure: (ovl_write_iter+0xaf/0x130 <- ovl_ensure_upper_and_switch) result=0x0
              dd-8666    [000] .....    19.372487: ovldiag_write: (ovl_write_iter+0x10c/0x130 <- backing_file_write_iter) result=0x1000
              dd-8669    [000] .....    19.373987: ovldiag_open: (ovl_open+0xb2/0x100 <- ovl_open_realfile) result=0xffff8880046f0700
              dd-8669    [000] .....    19.374008: ovldiag_ensure: (ovl_write_iter+0xaf/0x130 <- ovl_ensure_upper_and_switch) result=0x0
              dd-8669    [000] .....    19.374022: ovldiag_write: (ovl_write_iter+0x10c/0x130 <- backing_file_write_iter) result=0x1000
             cat-8671    [000] .....    19.375335: ovldiag_open: (ovl_open+0xb2/0x100 <- ovl_open_realfile) result=0xffff88800e260700
              dd-8673    [000] .....    19.377646: ovldiag_open: (ovl_open+0xb2/0x100 <- ovl_open_realfile) result=0xffff888008a6fb00
              dd-8673    [000] .....    19.377667: ovldiag_ensure: (ovl_write_iter+0xaf/0x130 <- ovl_ensure_upper_and_switch) result=0x0
              dd-8673    [000] .....    19.377681: ovldiag_write: (ovl_write_iter+0x10c/0x130 <- backing_file_write_iter) result=0x1000
              dd-8674    [001] .....    19.378051: ovldiag_open: (ovl_open+0xb2/0x100 <- ovl_open_realfile) result=0xffff888007083b00
              dd-8674    [001] .....    19.378079: ovldiag_ensure: (ovl_write_iter+0xaf/0x130 <- ovl_ensure_upper_and_switch) result=0x0
              dd-8674    [001] .....    19.378096: ovldiag_write: (ovl_write_iter+0x10c/0x130 <- backing_file_write_iter) result=0x1000
             cat-8679    [001] .....    19.379308: ovldiag_open: (ovl_open+0xb2/0x100 <- ovl_open_realfile) result=0xffff8880072edb00
             cat-8675    [000] .....    19.379331: ovldiag_open: (ovl_open+0xb2/0x100 <- ovl_open_realfile) result=0xffff88800720b300
             cat-8683    [001] .....    19.382351: ovldiag_open: (ovl_open+0xb2/0x100 <- ovl_open_realfile) result=0xffff88800e602600
             cat-8688    [001] .....    19.385807: ovldiag_open: (ovl_open+0xb2/0x100 <- ovl_open_realfile) result=0xffff888008a7cd00
              dd-8689    [000] .....    19.385836: ovldiag_open: (ovl_open+0xb2/0x100 <- ovl_open_realfile) result=0xffff8880071cc000
              dd-8689    [000] .....    19.385860: ovldiag_ensure: (ovl_write_iter+0xaf/0x130 <- ovl_ensure_upper_and_switch) result=0x0
              dd-8689    [000] .....    19.385873: ovldiag_write: (ovl_write_iter+0x10c/0x130 <- backing_file_write_iter) result=0x1000
              dd-8692    [000] .....    19.387683: ovldiag_open: (ovl_open+0xb2/0x100 <- ovl_open_realfile) result=0xffff88800e260900
              dd-8692    [000] .....    19.387707: ovldiag_ensure: (ovl_write_iter+0xaf/0x130 <- ovl_ensure_upper_and_switch) result=0x0
              dd-8692    [000] .....    19.387720: ovldiag_write: (ovl_write_iter+0x10c/0x130 <- backing_file_write_iter) result=0x1000
             cat-8695    [000] .....    19.389059: ovldiag_open: (ovl_open+0xb2/0x100 <- ovl_open_realfile) result=0xffff888008a27400
             cat-8694    [001] .....    19.389232: ovldiag_open: (ovl_open+0xb2/0x100 <- ovl_open_realfile) result=0xffff88800e753000
              dd-8698    [000] .....    19.390363: ovldiag_open: (ovl_open+0xb2/0x100 <- ovl_open_realfile) result=0xffff888004467c00
              dd-8698    [000] .....    19.390384: ovldiag_ensure: (ovl_write_iter+0xaf/0x130 <- ovl_ensure_upper_and_switch) result=0x0
              dd-8698    [000] .....    19.390398: ovldiag_write: (ovl_write_iter+0x10c/0x130 <- backing_file_write_iter) result=0x1000
              dd-8702    [001] .....    19.393201: ovldiag_open: (ovl_open+0xb2/0x100 <- ovl_open_realfile) result=0xffff88800720b500
              dd-8702    [001] .....    19.393232: ovldiag_ensure: (ovl_write_iter+0xaf/0x130 <- ovl_ensure_upper_and_switch) result=0x0
              dd-8702    [001] .....    19.393248: ovldiag_write: (ovl_write_iter+0x10c/0x130 <- backing_file_write_iter) result=0x1000
             cat-8701    [000] .....    19.393255: ovldiag_open: (ovl_open+0xb2/0x100 <- ovl_open_realfile) result=0xffff888007083900
             cat-8707    [000] .....    19.396174: ovldiag_open: (ovl_open+0xb2/0x100 <- ovl_open_realfile) result=0xffff888008a6f500
              dd-8710    [000] .....    19.397695: ovldiag_open: (ovl_open+0xb2/0x100 <- ovl_open_realfile) result=0xffff88800e6d1500
              dd-8710    [000] .....    19.397716: ovldiag_ensure: (ovl_write_iter+0xaf/0x130 <- ovl_ensure_upper_and_switch) result=0x0
              dd-8710    [000] .....    19.397729: ovldiag_write: (ovl_write_iter+0x10c/0x130 <- backing_file_write_iter) result=0x1000
             cat-8713    [001] .....    19.400604: ovldiag_open: (ovl_open+0xb2/0x100 <- ovl_open_realfile) result=0xffff88800e65a400
             cat-8714    [000] .....    19.401644: ovldiag_open: (ovl_open+0xb2/0x100 <- ovl_open_realfile) result=0xffff88800702c600
             cat-8715    [001] .....    19.401666: ovldiag_open: (ovl_open+0xb2/0x100 <- ovl_open_realfile) result=0xffff8880061cc300
              dd-8718    [000] .....    19.404058: ovldiag_open: (ovl_open+0xb2/0x100 <- ovl_open_realfile) result=0xffff8880089f3600
              dd-8718    [000] .....    19.404079: ovldiag_ensure: (ovl_write_iter+0xaf/0x130 <- ovl_ensure_upper_and_switch) result=0x0
              dd-8718    [000] .....    19.404092: ovldiag_write: (ovl_write_iter+0x10c/0x130 <- backing_file_write_iter) result=0x1000
              dd-8720    [000] .....    19.405186: ovldiag_open: (ovl_open+0xb2/0x100 <- ovl_open_realfile) result=0xffff88800447b100
              dd-8720    [000] .....    19.405205: ovldiag_ensure: (ovl_write_iter+0xaf/0x130 <- ovl_ensure_upper_and_switch) result=0x0
              dd-8720    [000] .....    19.405217: ovldiag_write: (ovl_write_iter+0x10c/0x130 <- backing_file_write_iter) result=0x1000
             cat-8722    [001] .....    19.406453: ovldiag_open: (ovl_open+0xb2/0x100 <- ovl_open_realfile) result=0xffff8880061cc500
              dd-8729    [000] .....    19.409056: ovldiag_open: (ovl_open+0xb2/0x100 <- ovl_open_realfile) result=0xffff88800e5fea00
              dd-8729    [000] .....    19.409079: ovldiag_ensure: (ovl_write_iter+0xaf/0x130 <- ovl_ensure_upper_and_switch) result=0x0
              dd-8729    [000] .....    19.409091: ovldiag_write: (ovl_write_iter+0x10c/0x130 <- backing_file_write_iter) result=0x1000
              dd-8730    [001] .....    19.413360: ovldiag_open: (ovl_open+0xb2/0x100 <- ovl_open_realfile) result=0xffff88800452c300
              dd-8730    [001] .....    19.413400: ovldiag_ensure: (ovl_write_iter+0xaf/0x130 <- ovl_ensure_upper_and_switch) result=0x0
              dd-8730    [001] .....    19.413416: ovldiag_write: (ovl_write_iter+0x10c/0x130 <- backing_file_write_iter) result=0x1000
            bash-452     [000] .....    20.460699: ovldiag_open: (ovl_open+0xb2/0x100 <- ovl_open_realfile) result=0xffff88800452c500
            bash-452     [000] .....    20.460933: ovldiag_ensure: (ovl_write_iter+0xaf/0x130 <- ovl_ensure_upper_and_switch) result=0x0
            bash-452     [000] .....    20.460959: ovldiag_write: (ovl_write_iter+0x10c/0x130 <- backing_file_write_iter) result=0x8
        truncate-8748    [001] .....    20.470147: ovldiag_open: (ovl_open+0xb2/0x100 <- ovl_open_realfile) result=0xffff888008a27700
       fallocate-8751    [000] .....    20.479004: ovldiag_open: (ovl_open+0xb2/0x100 <- ovl_open_realfile) result=0xffff8880046e3000
       fallocate-8751    [000] .....    20.479012: ovldiag_ensure: (ovl_fallocate+0x49/0x110 <- ovl_ensure_upper_and_switch) result=0x0
            bash-452     [001] .....    20.512619: ovldiag_open: (ovl_open+0xb2/0x100 <- ovl_open_realfile) result=0xffff8880061d0500
            bash-452     [001] .....    20.512655: ovldiag_ensure: (ovl_write_iter+0xaf/0x130 <- ovl_ensure_upper_and_switch) result=0x0
            bash-452     [001] .....    20.512679: ovldiag_write: (ovl_write_iter+0x10c/0x130 <- backing_file_write_iter) result=0x3
            bash-452     [001] .....    20.516894: ovldiag_open: (ovl_open+0xb2/0x100 <- ovl_open_realfile) result=0xffff8880046e3900
            bash-452     [000] .....    20.523763: ovldiag_cow: (ovl_ensure_upper_and_switch+0x37f/0x630 <- ovl_rehome_or_anon_cow) result=0x0
            bash-452     [000] .....    20.523768: ovldiag_ensure: (ovl_write_iter+0xaf/0x130 <- ovl_ensure_upper_and_switch) result=0x0
            bash-452     [000] .....    20.523903: ovldiag_write: (ovl_write_iter+0x10c/0x130 <- backing_file_write_iter) result=0xc
             cat-8768    [000] .....    20.530354: ovldiag_open: (ovl_open+0xb2/0x100 <- ovl_open_realfile) result=0xffff8880071cc200
             cat-8779    [001] .....    20.563724: ovldiag_open: (ovl_open+0xb2/0x100 <- ovl_open_realfile) result=0xffff88800727eb00
            bash-452     [000] .....    20.608019: ovldiag_open: (ovl_open+0xb2/0x100 <- ovl_open_realfile) result=0xffff8880046e3a00
            bash-452     [000] .....    20.608080: ovldiag_ensure: (ovl_write_iter+0xaf/0x130 <- ovl_ensure_upper_and_switch) result=0x0
            bash-452     [000] .....    20.608100: ovldiag_write: (ovl_write_iter+0x10c/0x130 <- backing_file_write_iter) result=0xb
            bash-452     [000] .....    20.608224: ovldiag_open: (ovl_open+0xb2/0x100 <- ovl_open_realfile) result=0xffff8880046e3a00
            bash-452     [000] .....    20.608247: ovldiag_ensure: (ovl_write_iter+0xaf/0x130 <- ovl_ensure_upper_and_switch) result=0x0
            bash-452     [000] .....    20.608255: ovldiag_write: (ovl_write_iter+0x10c/0x130 <- backing_file_write_iter) result=0xb
            bash-452     [000] .....    20.608399: ovldiag_open: (ovl_open+0xb2/0x100 <- ovl_open_realfile) result=0xffff8880046e3500
            bash-452     [000] .....    20.608422: ovldiag_ensure: (ovl_write_iter+0xaf/0x130 <- ovl_ensure_upper_and_switch) result=0x0
            bash-452     [000] .....    20.608430: ovldiag_write: (ovl_write_iter+0x10c/0x130 <- backing_file_write_iter) result=0xb
            bash-452     [000] .....    20.608510: ovldiag_open: (ovl_open+0xb2/0x100 <- ovl_open_realfile) result=0xffff8880046e3500
            bash-452     [000] .....    20.608529: ovldiag_ensure: (ovl_write_iter+0xaf/0x130 <- ovl_ensure_upper_and_switch) result=0x0
            bash-452     [000] .....    20.608536: ovldiag_write: (ovl_write_iter+0x10c/0x130 <- backing_file_write_iter) result=0xb
            bash-452     [000] .....    20.608613: ovldiag_open: (ovl_open+0xb2/0x100 <- ovl_open_realfile) result=0xffff8880046e3500
            bash-452     [000] .....    20.608632: ovldiag_ensure: (ovl_write_iter+0xaf/0x130 <- ovl_ensure_upper_and_switch) result=0x0
            bash-452     [000] .....    20.608638: ovldiag_write: (ovl_write_iter+0x10c/0x130 <- backing_file_write_iter) result=0xb
            bash-452     [000] .....    20.608718: ovldiag_open: (ovl_open+0xb2/0x100 <- ovl_open_realfile) result=0xffff8880046e3500
            bash-452     [000] .....    20.608738: ovldiag_ensure: (ovl_write_iter+0xaf/0x130 <- ovl_ensure_upper_and_switch) result=0x0
            bash-452     [000] .....    20.608744: ovldiag_write: (ovl_write_iter+0x10c/0x130 <- backing_file_write_iter) result=0xb
            bash-452     [000] .....    20.608822: ovldiag_open: (ovl_open+0xb2/0x100 <- ovl_open_realfile) result=0xffff8880046e3500
            bash-452     [000] .....    20.608842: ovldiag_ensure: (ovl_write_iter+0xaf/0x130 <- ovl_ensure_upper_and_switch) result=0x0
            bash-452     [000] .....    20.608848: ovldiag_write: (ovl_write_iter+0x10c/0x130 <- backing_file_write_iter) result=0xb
            bash-452     [000] .....    20.608941: ovldiag_open: (ovl_open+0xb2/0x100 <- ovl_open_realfile) result=0xffff8880046e3500
            bash-452     [000] .....    20.608963: ovldiag_ensure: (ovl_write_iter+0xaf/0x130 <- ovl_ensure_upper_and_switch) result=0x0
            bash-452     [000] .....    20.608969: ovldiag_write: (ovl_write_iter+0x10c/0x130 <- backing_file_write_iter) result=0xb
            bash-452     [000] .....    20.609049: ovldiag_open: (ovl_open+0xb2/0x100 <- ovl_open_realfile) result=0xffff8880046e3500
            bash-452     [000] .....    20.609069: ovldiag_ensure: (ovl_write_iter+0xaf/0x130 <- ovl_ensure_upper_and_switch) result=0x0
            bash-452     [000] .....    20.609075: ovldiag_write: (ovl_write_iter+0x10c/0x130 <- backing_file_write_iter) result=0xb
            bash-452     [000] .....    20.609156: ovldiag_open: (ovl_open+0xb2/0x100 <- ovl_open_realfile) result=0xffff8880046e3500
            bash-452     [000] .....    20.609177: ovldiag_ensure: (ovl_write_iter+0xaf/0x130 <- ovl_ensure_upper_and_switch) result=0x0
            bash-452     [000] .....    20.609183: ovldiag_write: (ovl_write_iter+0x10c/0x130 <- backing_file_write_iter) result=0xc
            bash-452     [000] .....    20.609259: ovldiag_open: (ovl_open+0xb2/0x100 <- ovl_open_realfile) result=0xffff8880046e3500
            bash-452     [000] .....    20.609278: ovldiag_ensure: (ovl_write_iter+0xaf/0x130 <- ovl_ensure_upper_and_switch) result=0x0
            bash-452     [000] .....    20.609342: ovldiag_write: (ovl_write_iter+0x10c/0x130 <- backing_file_write_iter) result=0xc
            bash-452     [000] .....    20.609429: ovldiag_open: (ovl_open+0xb2/0x100 <- ovl_open_realfile) result=0xffff8880046e3500
            bash-452     [000] .....    20.609449: ovldiag_ensure: (ovl_write_iter+0xaf/0x130 <- ovl_ensure_upper_and_switch) result=0x0
            bash-452     [000] .....    20.609456: ovldiag_write: (ovl_write_iter+0x10c/0x130 <- backing_file_write_iter) result=0xc
            bash-452     [000] .....    20.609592: ovldiag_open: (ovl_open+0xb2/0x100 <- ovl_open_realfile) result=0xffff8880046e3500
            bash-452     [000] .....    20.609612: ovldiag_ensure: (ovl_write_iter+0xaf/0x130 <- ovl_ensure_upper_and_switch) result=0x0
            bash-452     [000] .....    20.609618: ovldiag_write: (ovl_write_iter+0x10c/0x130 <- backing_file_write_iter) result=0xc
            bash-452     [000] .....    20.609707: ovldiag_open: (ovl_open+0xb2/0x100 <- ovl_open_realfile) result=0xffff8880046e3500
            bash-452     [000] .....    20.609727: ovldiag_ensure: (ovl_write_iter+0xaf/0x130 <- ovl_ensure_upper_and_switch) result=0x0
            bash-452     [000] .....    20.609733: ovldiag_write: (ovl_write_iter+0x10c/0x130 <- backing_file_write_iter) result=0xc
            bash-452     [000] .....    20.609815: ovldiag_open: (ovl_open+0xb2/0x100 <- ovl_open_realfile) result=0xffff8880046e3500
            bash-452     [000] .....    20.609835: ovldiag_ensure: (ovl_write_iter+0xaf/0x130 <- ovl_ensure_upper_and_switch) result=0x0
            bash-452     [000] .....    20.609845: ovldiag_write: (ovl_write_iter+0x10c/0x130 <- backing_file_write_iter) result=0xc
            bash-452     [000] .....    20.609946: ovldiag_open: (ovl_open+0xb2/0x100 <- ovl_open_realfile) result=0xffff8880046e3500
            bash-452     [000] .....    20.609969: ovldiag_ensure: (ovl_write_iter+0xaf/0x130 <- ovl_ensure_upper_and_switch) result=0x0
            bash-452     [000] .....    20.609976: ovldiag_write: (ovl_write_iter+0x10c/0x130 <- backing_file_write_iter) result=0xc
            bash-452     [000] .....    20.610060: ovldiag_open: (ovl_open+0xb2/0x100 <- ovl_open_realfile) result=0xffff8880046e3500
            bash-452     [000] .....    20.610079: ovldiag_ensure: (ovl_write_iter+0xaf/0x130 <- ovl_ensure_upper_and_switch) result=0x0
            bash-452     [000] .....    20.610086: ovldiag_write: (ovl_write_iter+0x10c/0x130 <- backing_file_write_iter) result=0xc
            bash-452     [000] .....    20.610268: ovldiag_open: (ovl_open+0xb2/0x100 <- ovl_open_realfile) result=0xffff8880046e3500
            bash-452     [000] .....    20.610322: ovldiag_ensure: (ovl_write_iter+0xaf/0x130 <- ovl_ensure_upper_and_switch) result=0x0
            bash-452     [000] .....    20.610333: ovldiag_write: (ovl_write_iter+0x10c/0x130 <- backing_file_write_iter) result=0xc
            bash-452     [000] .....    20.610421: ovldiag_open: (ovl_open+0xb2/0x100 <- ovl_open_realfile) result=0xffff8880046e3500
            bash-452     [000] .....    20.610440: ovldiag_ensure: (ovl_write_iter+0xaf/0x130 <- ovl_ensure_upper_and_switch) result=0x0
            bash-452     [000] .....    20.610447: ovldiag_write: (ovl_write_iter+0x10c/0x130 <- backing_file_write_iter) result=0xc
            bash-452     [000] .....    20.610550: ovldiag_open: (ovl_open+0xb2/0x100 <- ovl_open_realfile) result=0xffff8880046e3500
            bash-452     [000] .....    20.610572: ovldiag_ensure: (ovl_write_iter+0xaf/0x130 <- ovl_ensure_upper_and_switch) result=0x0
            bash-452     [000] .....    20.610579: ovldiag_write: (ovl_write_iter+0x10c/0x130 <- backing_file_write_iter) result=0xc
            bash-452     [000] .....    20.610659: ovldiag_open: (ovl_open+0xb2/0x100 <- ovl_open_realfile) result=0xffff8880046e3500
            bash-452     [000] .....    20.610678: ovldiag_ensure: (ovl_write_iter+0xaf/0x130 <- ovl_ensure_upper_and_switch) result=0x0
            bash-452     [000] .....    20.610685: ovldiag_write: (ovl_write_iter+0x10c/0x130 <- backing_file_write_iter) result=0xc
            bash-452     [000] .....    20.610765: ovldiag_open: (ovl_open+0xb2/0x100 <- ovl_open_realfile) result=0xffff8880046e3500
            bash-452     [000] .....    20.610784: ovldiag_ensure: (ovl_write_iter+0xaf/0x130 <- ovl_ensure_upper_and_switch) result=0x0
            bash-452     [000] .....    20.610790: ovldiag_write: (ovl_write_iter+0x10c/0x130 <- backing_file_write_iter) result=0xc
            bash-452     [000] .....    20.610870: ovldiag_open: (ovl_open+0xb2/0x100 <- ovl_open_realfile) result=0xffff8880046e3500
            bash-452     [000] .....    20.610889: ovldiag_ensure: (ovl_write_iter+0xaf/0x130 <- ovl_ensure_upper_and_switch) result=0x0
            bash-452     [000] .....    20.610895: ovldiag_write: (ovl_write_iter+0x10c/0x130 <- backing_file_write_iter) result=0xc
            bash-452     [000] .....    20.611015: ovldiag_open: (ovl_open+0xb2/0x100 <- ovl_open_realfile) result=0xffff8880046e3500
            bash-452     [000] .....    20.611038: ovldiag_ensure: (ovl_write_iter+0xaf/0x130 <- ovl_ensure_upper_and_switch) result=0x0
            bash-452     [000] .....    20.611045: ovldiag_write: (ovl_write_iter+0x10c/0x130 <- backing_file_write_iter) result=0xc
            bash-452     [000] .....    20.611131: ovldiag_open: (ovl_open+0xb2/0x100 <- ovl_open_realfile) result=0xffff8880046e3500
            bash-452     [000] .....    20.611150: ovldiag_ensure: (ovl_write_iter+0xaf/0x130 <- ovl_ensure_upper_and_switch) result=0x0
            bash-452     [000] .....    20.611156: ovldiag_write: (ovl_write_iter+0x10c/0x130 <- backing_file_write_iter) result=0xc
            bash-452     [000] .....    20.611239: ovldiag_open: (ovl_open+0xb2/0x100 <- ovl_open_realfile) result=0xffff8880046e3500
            bash-452     [000] .....    20.611258: ovldiag_ensure: (ovl_write_iter+0xaf/0x130 <- ovl_ensure_upper_and_switch) result=0x0
            bash-452     [000] .....    20.611264: ovldiag_write: (ovl_write_iter+0x10c/0x130 <- backing_file_write_iter) result=0xc
            bash-452     [000] .....    20.611373: ovldiag_open: (ovl_open+0xb2/0x100 <- ovl_open_realfile) result=0xffff8880046e3500
            bash-452     [000] .....    20.611394: ovldiag_ensure: (ovl_write_iter+0xaf/0x130 <- ovl_ensure_upper_and_switch) result=0x0
            bash-452     [000] .....    20.611401: ovldiag_write: (ovl_write_iter+0x10c/0x130 <- backing_file_write_iter) result=0xc
            bash-452     [000] .....    20.611500: ovldiag_open: (ovl_open+0xb2/0x100 <- ovl_open_realfile) result=0xffff8880046e3500
            bash-452     [000] .....    20.611523: ovldiag_ensure: (ovl_write_iter+0xaf/0x130 <- ovl_ensure_upper_and_switch) result=0x0
            bash-452     [000] .....    20.611530: ovldiag_write: (ovl_write_iter+0x10c/0x130 <- backing_file_write_iter) result=0xc
            bash-452     [000] .....    20.611617: ovldiag_open: (ovl_open+0xb2/0x100 <- ovl_open_realfile) result=0xffff8880046e3500
            bash-452     [000] .....    20.611637: ovldiag_ensure: (ovl_write_iter+0xaf/0x130 <- ovl_ensure_upper_and_switch) result=0x0
            bash-452     [000] .....    20.611643: ovldiag_write: (ovl_write_iter+0x10c/0x130 <- backing_file_write_iter) result=0xc
            bash-452     [000] .....    20.611729: ovldiag_open: (ovl_open+0xb2/0x100 <- ovl_open_realfile) result=0xffff8880046e3500
            bash-452     [000] .....    20.611748: ovldiag_ensure: (ovl_write_iter+0xaf/0x130 <- ovl_ensure_upper_and_switch) result=0x0
            bash-452     [000] .....    20.611757: ovldiag_write: (ovl_write_iter+0x10c/0x130 <- backing_file_write_iter) result=0xc
            bash-452     [000] .....    20.611994: ovldiag_open: (ovl_open+0xb2/0x100 <- ovl_open_realfile) result=0xffff8880046e3500
            bash-452     [000] .....    20.612018: ovldiag_ensure: (ovl_write_iter+0xaf/0x130 <- ovl_ensure_upper_and_switch) result=0x0
            bash-452     [000] .....    20.612025: ovldiag_write: (ovl_write_iter+0x10c/0x130 <- backing_file_write_iter) result=0xc
            bash-452     [000] .....    20.612108: ovldiag_open: (ovl_open+0xb2/0x100 <- ovl_open_realfile) result=0xffff8880046e3500
            bash-452     [000] .....    20.612127: ovldiag_ensure: (ovl_write_iter+0xaf/0x130 <- ovl_ensure_upper_and_switch) result=0x0
            bash-452     [000] .....    20.612134: ovldiag_write: (ovl_write_iter+0x10c/0x130 <- backing_file_write_iter) result=0xc
            bash-452     [000] .....    20.612237: ovldiag_open: (ovl_open+0xb2/0x100 <- ovl_open_realfile) result=0xffff8880046e3500
            bash-452     [000] .....    20.612260: ovldiag_ensure: (ovl_write_iter+0xaf/0x130 <- ovl_ensure_upper_and_switch) result=0x0
            bash-452     [000] .....    20.612266: ovldiag_write: (ovl_write_iter+0x10c/0x130 <- backing_file_write_iter) result=0xc
            bash-452     [000] .....    20.612410: ovldiag_open: (ovl_open+0xb2/0x100 <- ovl_open_realfile) result=0xffff8880046e3500
            bash-452     [000] .....    20.612431: ovldiag_ensure: (ovl_write_iter+0xaf/0x130 <- ovl_ensure_upper_and_switch) result=0x0
            bash-452     [000] .....    20.612439: ovldiag_write: (ovl_write_iter+0x10c/0x130 <- backing_file_write_iter) result=0xc
            bash-452     [000] .....    20.612522: ovldiag_open: (ovl_open+0xb2/0x100 <- ovl_open_realfile) result=0xffff8880046e3500
            bash-452     [000] .....    20.612541: ovldiag_ensure: (ovl_write_iter+0xaf/0x130 <- ovl_ensure_upper_and_switch) result=0x0
            bash-452     [000] .....    20.612548: ovldiag_write: (ovl_write_iter+0x10c/0x130 <- backing_file_write_iter) result=0xc
            bash-452     [000] .....    20.612630: ovldiag_open: (ovl_open+0xb2/0x100 <- ovl_open_realfile) result=0xffff8880046e3500
            bash-452     [000] .....    20.612650: ovldiag_ensure: (ovl_write_iter+0xaf/0x130 <- ovl_ensure_upper_and_switch) result=0x0
            bash-452     [000] .....    20.612656: ovldiag_write: (ovl_write_iter+0x10c/0x130 <- backing_file_write_iter) result=0xc
            bash-452     [000] .....    20.612758: ovldiag_open: (ovl_open+0xb2/0x100 <- ovl_open_realfile) result=0xffff8880046e3500
            bash-452     [000] .....    20.612781: ovldiag_ensure: (ovl_write_iter+0xaf/0x130 <- ovl_ensure_upper_and_switch) result=0x0
            bash-452     [000] .....    20.612788: ovldiag_write: (ovl_write_iter+0x10c/0x130 <- backing_file_write_iter) result=0xc
            bash-452     [000] .....    20.612870: ovldiag_open: (ovl_open+0xb2/0x100 <- ovl_open_realfile) result=0xffff8880046e3500
            bash-452     [000] .....    20.612889: ovldiag_ensure: (ovl_write_iter+0xaf/0x130 <- ovl_ensure_upper_and_switch) result=0x0
            bash-452     [000] .....    20.612895: ovldiag_write: (ovl_write_iter+0x10c/0x130 <- backing_file_write_iter) result=0xc
            bash-452     [000] .....    20.613020: ovldiag_open: (ovl_open+0xb2/0x100 <- ovl_open_realfile) result=0xffff8880046e3500
            bash-452     [000] .....    20.613044: ovldiag_ensure: (ovl_write_iter+0xaf/0x130 <- ovl_ensure_upper_and_switch) result=0x0
            bash-452     [000] .....    20.613051: ovldiag_write: (ovl_write_iter+0x10c/0x130 <- backing_file_write_iter) result=0xc
            bash-452     [000] .....    20.613134: ovldiag_open: (ovl_open+0xb2/0x100 <- ovl_open_realfile) result=0xffff8880046e3500
            bash-452     [000] .....    20.613153: ovldiag_ensure: (ovl_write_iter+0xaf/0x130 <- ovl_ensure_upper_and_switch) result=0x0
            bash-452     [000] .....    20.613160: ovldiag_write: (ovl_write_iter+0x10c/0x130 <- backing_file_write_iter) result=0xc
            bash-452     [000] .....    20.613394: ovldiag_open: (ovl_open+0xb2/0x100 <- ovl_open_realfile) result=0xffff8880046e3500
            bash-452     [000] .....    20.613418: ovldiag_ensure: (ovl_write_iter+0xaf/0x130 <- ovl_ensure_upper_and_switch) result=0x0
            bash-452     [000] .....    20.613425: ovldiag_write: (ovl_write_iter+0x10c/0x130 <- backing_file_write_iter) result=0xc
            bash-452     [000] .....    20.613509: ovldiag_open: (ovl_open+0xb2/0x100 <- ovl_open_realfile) result=0xffff8880046e3500
            bash-452     [000] .....    20.613528: ovldiag_ensure: (ovl_write_iter+0xaf/0x130 <- ovl_ensure_upper_and_switch) result=0x0
            bash-452     [000] .....    20.613535: ovldiag_write: (ovl_write_iter+0x10c/0x130 <- backing_file_write_iter) result=0xc
            bash-452     [000] .....    20.613616: ovldiag_open: (ovl_open+0xb2/0x100 <- ovl_open_realfile) result=0xffff8880046e3500
            bash-452     [000] .....    20.613636: ovldiag_ensure: (ovl_write_iter+0xaf/0x130 <- ovl_ensure_upper_and_switch) result=0x0
            bash-452     [000] .....    20.613642: ovldiag_write: (ovl_write_iter+0x10c/0x130 <- backing_file_write_iter) result=0xc
            bash-452     [000] .....    20.613723: ovldiag_open: (ovl_open+0xb2/0x100 <- ovl_open_realfile) result=0xffff8880046e3500
            bash-452     [000] .....    20.613742: ovldiag_ensure: (ovl_write_iter+0xaf/0x130 <- ovl_ensure_upper_and_switch) result=0x0
            bash-452     [000] .....    20.613748: ovldiag_write: (ovl_write_iter+0x10c/0x130 <- backing_file_write_iter) result=0xc
            bash-452     [000] .....    20.613846: ovldiag_open: (ovl_open+0xb2/0x100 <- ovl_open_realfile) result=0xffff8880046e3500
            bash-452     [000] .....    20.613869: ovldiag_ensure: (ovl_write_iter+0xaf/0x130 <- ovl_ensure_upper_and_switch) result=0x0
            bash-452     [000] .....    20.613879: ovldiag_write: (ovl_write_iter+0x10c/0x130 <- backing_file_write_iter) result=0xc
            bash-452     [000] .....    20.613982: ovldiag_open: (ovl_open+0xb2/0x100 <- ovl_open_realfile) result=0xffff8880046e3500
            bash-452     [000] .....    20.614004: ovldiag_ensure: (ovl_write_iter+0xaf/0x130 <- ovl_ensure_upper_and_switch) result=0x0
            bash-452     [000] .....    20.614011: ovldiag_write: (ovl_write_iter+0x10c/0x130 <- backing_file_write_iter) result=0xc
            bash-452     [000] .....    20.614090: ovldiag_open: (ovl_open+0xb2/0x100 <- ovl_open_realfile) result=0xffff8880046e3500
            bash-452     [000] .....    20.614109: ovldiag_ensure: (ovl_write_iter+0xaf/0x130 <- ovl_ensure_upper_and_switch) result=0x0
            bash-452     [000] .....    20.614116: ovldiag_write: (ovl_write_iter+0x10c/0x130 <- backing_file_write_iter) result=0xc
            bash-452     [000] .....    20.614197: ovldiag_open: (ovl_open+0xb2/0x100 <- ovl_open_realfile) result=0xffff8880046e3500
            bash-452     [000] .....    20.614216: ovldiag_ensure: (ovl_write_iter+0xaf/0x130 <- ovl_ensure_upper_and_switch) result=0x0
            bash-452     [000] .....    20.614222: ovldiag_write: (ovl_write_iter+0x10c/0x130 <- backing_file_write_iter) result=0xc
            bash-452     [000] .....    20.614345: ovldiag_open: (ovl_open+0xb2/0x100 <- ovl_open_realfile) result=0xffff8880046e3500
            bash-452     [000] .....    20.614369: ovldiag_ensure: (ovl_write_iter+0xaf/0x130 <- ovl_ensure_upper_and_switch) result=0x0
            bash-452     [000] .....    20.614376: ovldiag_write: (ovl_write_iter+0x10c/0x130 <- backing_file_write_iter) result=0xc
            bash-452     [000] .....    20.614460: ovldiag_open: (ovl_open+0xb2/0x100 <- ovl_open_realfile) result=0xffff8880046e3500
            bash-452     [000] .....    20.614479: ovldiag_ensure: (ovl_write_iter+0xaf/0x130 <- ovl_ensure_upper_and_switch) result=0x0
            bash-452     [000] .....    20.614486: ovldiag_write: (ovl_write_iter+0x10c/0x130 <- backing_file_write_iter) result=0xc
            bash-452     [000] .....    20.614566: ovldiag_open: (ovl_open+0xb2/0x100 <- ovl_open_realfile) result=0xffff8880046e3500
            bash-452     [000] .....    20.614585: ovldiag_ensure: (ovl_write_iter+0xaf/0x130 <- ovl_ensure_upper_and_switch) result=0x0
            bash-452     [000] .....    20.614591: ovldiag_write: (ovl_write_iter+0x10c/0x130 <- backing_file_write_iter) result=0xc
            bash-452     [000] .....    20.614671: ovldiag_open: (ovl_open+0xb2/0x100 <- ovl_open_realfile) result=0xffff8880046e3500
            bash-452     [000] .....    20.614691: ovldiag_ensure: (ovl_write_iter+0xaf/0x130 <- ovl_ensure_upper_and_switch) result=0x0
            bash-452     [000] .....    20.614697: ovldiag_write: (ovl_write_iter+0x10c/0x130 <- backing_file_write_iter) result=0xc
            bash-452     [000] .....    20.614778: ovldiag_open: (ovl_open+0xb2/0x100 <- ovl_open_realfile) result=0xffff8880046e3500
            bash-452     [000] .....    20.614798: ovldiag_ensure: (ovl_write_iter+0xaf/0x130 <- ovl_ensure_upper_and_switch) result=0x0
            bash-452     [000] .....    20.614804: ovldiag_write: (ovl_write_iter+0x10c/0x130 <- backing_file_write_iter) result=0xc
            bash-452     [000] .....    20.614919: ovldiag_open: (ovl_open+0xb2/0x100 <- ovl_open_realfile) result=0xffff8880046e3500
            bash-452     [000] .....    20.614943: ovldiag_ensure: (ovl_write_iter+0xaf/0x130 <- ovl_ensure_upper_and_switch) result=0x0
            bash-452     [000] .....    20.614950: ovldiag_write: (ovl_write_iter+0x10c/0x130 <- backing_file_write_iter) result=0xc
            bash-452     [000] .....    20.615035: ovldiag_open: (ovl_open+0xb2/0x100 <- ovl_open_realfile) result=0xffff8880046e3500
            bash-452     [000] .....    20.615054: ovldiag_ensure: (ovl_write_iter+0xaf/0x130 <- ovl_ensure_upper_and_switch) result=0x0
            bash-452     [000] .....    20.615060: ovldiag_write: (ovl_write_iter+0x10c/0x130 <- backing_file_write_iter) result=0xc
            bash-452     [000] .....    20.615140: ovldiag_open: (ovl_open+0xb2/0x100 <- ovl_open_realfile) result=0xffff8880046e3500
            bash-452     [000] .....    20.615159: ovldiag_ensure: (ovl_write_iter+0xaf/0x130 <- ovl_ensure_upper_and_switch) result=0x0
            bash-452     [000] .....    20.615165: ovldiag_write: (ovl_write_iter+0x10c/0x130 <- backing_file_write_iter) result=0xc
            bash-452     [000] .....    20.615338: ovldiag_open: (ovl_open+0xb2/0x100 <- ovl_open_realfile) result=0xffff8880046e3500
            bash-452     [000] .....    20.615363: ovldiag_ensure: (ovl_write_iter+0xaf/0x130 <- ovl_ensure_upper_and_switch) result=0x0
            bash-452     [000] .....    20.615370: ovldiag_write: (ovl_write_iter+0x10c/0x130 <- backing_file_write_iter) result=0xc
            bash-452     [000] .....    20.615472: ovldiag_open: (ovl_open+0xb2/0x100 <- ovl_open_realfile) result=0xffff8880046e3500
            bash-452     [000] .....    20.615494: ovldiag_ensure: (ovl_write_iter+0xaf/0x130 <- ovl_ensure_upper_and_switch) result=0x0
            bash-452     [000] .....    20.615501: ovldiag_write: (ovl_write_iter+0x10c/0x130 <- backing_file_write_iter) result=0xc
            bash-452     [000] .....    20.615603: ovldiag_open: (ovl_open+0xb2/0x100 <- ovl_open_realfile) result=0xffff8880046e3500
            bash-452     [000] .....    20.615626: ovldiag_ensure: (ovl_write_iter+0xaf/0x130 <- ovl_ensure_upper_and_switch) result=0x0
            bash-452     [000] .....    20.615633: ovldiag_write: (ovl_write_iter+0x10c/0x130 <- backing_file_write_iter) result=0xc
            bash-452     [000] .....    20.615715: ovldiag_open: (ovl_open+0xb2/0x100 <- ovl_open_realfile) result=0xffff8880046e3500
            bash-452     [000] .....    20.615735: ovldiag_ensure: (ovl_write_iter+0xaf/0x130 <- ovl_ensure_upper_and_switch) result=0x0
            bash-452     [000] .....    20.615744: ovldiag_write: (ovl_write_iter+0x10c/0x130 <- backing_file_write_iter) result=0xc
            bash-452     [000] .....    20.615825: ovldiag_open: (ovl_open+0xb2/0x100 <- ovl_open_realfile) result=0xffff8880046e3500
            bash-452     [000] .....    20.615845: ovldiag_ensure: (ovl_write_iter+0xaf/0x130 <- ovl_ensure_upper_and_switch) result=0x0
            bash-452     [000] .....    20.615851: ovldiag_write: (ovl_write_iter+0x10c/0x130 <- backing_file_write_iter) result=0xc
            bash-452     [000] .....    20.615955: ovldiag_open: (ovl_open+0xb2/0x100 <- ovl_open_realfile) result=0xffff8880046e3500
            bash-452     [000] .....    20.615977: ovldiag_ensure: (ovl_write_iter+0xaf/0x130 <- ovl_ensure_upper_and_switch) result=0x0
            bash-452     [000] .....    20.615984: ovldiag_write: (ovl_write_iter+0x10c/0x130 <- backing_file_write_iter) result=0xc
            bash-452     [000] .....    20.616086: ovldiag_open: (ovl_open+0xb2/0x100 <- ovl_open_realfile) result=0xffff8880046e3500
            bash-452     [000] .....    20.616110: ovldiag_ensure: (ovl_write_iter+0xaf/0x130 <- ovl_ensure_upper_and_switch) result=0x0
            bash-452     [000] .....    20.616117: ovldiag_write: (ovl_write_iter+0x10c/0x130 <- backing_file_write_iter) result=0xc
            bash-452     [000] .....    20.616256: ovldiag_open: (ovl_open+0xb2/0x100 <- ovl_open_realfile) result=0xffff8880046e3500
            bash-452     [000] .....    20.616279: ovldiag_ensure: (ovl_write_iter+0xaf/0x130 <- ovl_ensure_upper_and_switch) result=0x0
            bash-452     [000] .....    20.616322: ovldiag_write: (ovl_write_iter+0x10c/0x130 <- backing_file_write_iter) result=0xc
            bash-452     [000] .....    20.616410: ovldiag_open: (ovl_open+0xb2/0x100 <- ovl_open_realfile) result=0xffff8880046e3500
            bash-452     [000] .....    20.616431: ovldiag_ensure: (ovl_write_iter+0xaf/0x130 <- ovl_ensure_upper_and_switch) result=0x0
            bash-452     [000] .....    20.616438: ovldiag_write: (ovl_write_iter+0x10c/0x130 <- backing_file_write_iter) result=0xc
            bash-452     [000] .....    20.616514: ovldiag_open: (ovl_open+0xb2/0x100 <- ovl_open_realfile) result=0xffff8880046e3500
            bash-452     [000] .....    20.616531: ovldiag_ensure: (ovl_write_iter+0xaf/0x130 <- ovl_ensure_upper_and_switch) result=0x0
            bash-452     [000] .....    20.616536: ovldiag_write: (ovl_write_iter+0x10c/0x130 <- backing_file_write_iter) result=0xc
            bash-452     [000] .....    20.616627: ovldiag_open: (ovl_open+0xb2/0x100 <- ovl_open_realfile) result=0xffff8880046e3500
            bash-452     [000] .....    20.616646: ovldiag_ensure: (ovl_write_iter+0xaf/0x130 <- ovl_ensure_upper_and_switch) result=0x0
            bash-452     [000] .....    20.616653: ovldiag_write: (ovl_write_iter+0x10c/0x130 <- backing_file_write_iter) result=0xc
            bash-452     [000] .....    20.616726: ovldiag_open: (ovl_open+0xb2/0x100 <- ovl_open_realfile) result=0xffff8880046e3500
            bash-452     [000] .....    20.616744: ovldiag_ensure: (ovl_write_iter+0xaf/0x130 <- ovl_ensure_upper_and_switch) result=0x0
            bash-452     [000] .....    20.616750: ovldiag_write: (ovl_write_iter+0x10c/0x130 <- backing_file_write_iter) result=0xc
            bash-452     [000] .....    20.616821: ovldiag_open: (ovl_open+0xb2/0x100 <- ovl_open_realfile) result=0xffff8880046e3500
            bash-452     [000] .....    20.616837: ovldiag_ensure: (ovl_write_iter+0xaf/0x130 <- ovl_ensure_upper_and_switch) result=0x0
            bash-452     [000] .....    20.616843: ovldiag_write: (ovl_write_iter+0x10c/0x130 <- backing_file_write_iter) result=0xc
            bash-452     [000] .....    20.616930: ovldiag_open: (ovl_open+0xb2/0x100 <- ovl_open_realfile) result=0xffff8880046e3500
            bash-452     [000] .....    20.616950: ovldiag_ensure: (ovl_write_iter+0xaf/0x130 <- ovl_ensure_upper_and_switch) result=0x0
            bash-452     [000] .....    20.616956: ovldiag_write: (ovl_write_iter+0x10c/0x130 <- backing_file_write_iter) result=0xc
            bash-452     [000] .....    20.617047: ovldiag_open: (ovl_open+0xb2/0x100 <- ovl_open_realfile) result=0xffff8880046e3500
            bash-452     [000] .....    20.617067: ovldiag_ensure: (ovl_write_iter+0xaf/0x130 <- ovl_ensure_upper_and_switch) result=0x0
            bash-452     [000] .....    20.617073: ovldiag_write: (ovl_write_iter+0x10c/0x130 <- backing_file_write_iter) result=0xc
            bash-452     [000] .....    20.617147: ovldiag_open: (ovl_open+0xb2/0x100 <- ovl_open_realfile) result=0xffff8880046e3500
            bash-452     [000] .....    20.617164: ovldiag_ensure: (ovl_write_iter+0xaf/0x130 <- ovl_ensure_upper_and_switch) result=0x0
            bash-452     [000] .....    20.617169: ovldiag_write: (ovl_write_iter+0x10c/0x130 <- backing_file_write_iter) result=0xc
            bash-452     [000] .....    20.617324: ovldiag_open: (ovl_open+0xb2/0x100 <- ovl_open_realfile) result=0xffff8880046e3500
            bash-452     [000] .....    20.617345: ovldiag_ensure: (ovl_write_iter+0xaf/0x130 <- ovl_ensure_upper_and_switch) result=0x0
            bash-452     [000] .....    20.617352: ovldiag_write: (ovl_write_iter+0x10c/0x130 <- backing_file_write_iter) result=0xc
            bash-452     [000] .....    20.617427: ovldiag_open: (ovl_open+0xb2/0x100 <- ovl_open_realfile) result=0xffff8880046e3500
            bash-452     [000] .....    20.617445: ovldiag_ensure: (ovl_write_iter+0xaf/0x130 <- ovl_ensure_upper_and_switch) result=0x0
            bash-452     [000] .....    20.617451: ovldiag_write: (ovl_write_iter+0x10c/0x130 <- backing_file_write_iter) result=0xc
            bash-452     [000] .....    20.617524: ovldiag_open: (ovl_open+0xb2/0x100 <- ovl_open_realfile) result=0xffff8880046e3500
            bash-452     [000] .....    20.617541: ovldiag_ensure: (ovl_write_iter+0xaf/0x130 <- ovl_ensure_upper_and_switch) result=0x0
            bash-452     [000] .....    20.617549: ovldiag_write: (ovl_write_iter+0x10c/0x130 <- backing_file_write_iter) result=0xc
            bash-452     [000] .....    20.617643: ovldiag_open: (ovl_open+0xb2/0x100 <- ovl_open_realfile) result=0xffff8880046e3500
            bash-452     [000] .....    20.617663: ovldiag_ensure: (ovl_write_iter+0xaf/0x130 <- ovl_ensure_upper_and_switch) result=0x0
            bash-452     [000] .....    20.617669: ovldiag_write: (ovl_write_iter+0x10c/0x130 <- backing_file_write_iter) result=0xc
            bash-452     [000] .....    20.617743: ovldiag_open: (ovl_open+0xb2/0x100 <- ovl_open_realfile) result=0xffff8880046e3500
            bash-452     [000] .....    20.617760: ovldiag_ensure: (ovl_write_iter+0xaf/0x130 <- ovl_ensure_upper_and_switch) result=0x0
            bash-452     [000] .....    20.617766: ovldiag_write: (ovl_write_iter+0x10c/0x130 <- backing_file_write_iter) result=0xc
            bash-452     [000] .....    20.617840: ovldiag_open: (ovl_open+0xb2/0x100 <- ovl_open_realfile) result=0xffff8880046e3500
            bash-452     [000] .....    20.617857: ovldiag_ensure: (ovl_write_iter+0xaf/0x130 <- ovl_ensure_upper_and_switch) result=0x0
            bash-452     [000] .....    20.617862: ovldiag_write: (ovl_write_iter+0x10c/0x130 <- backing_file_write_iter) result=0xc
            bash-452     [000] .....    20.617965: ovldiag_open: (ovl_open+0xb2/0x100 <- ovl_open_realfile) result=0xffff8880046e3500
            bash-452     [000] .....    20.617985: ovldiag_ensure: (ovl_write_iter+0xaf/0x130 <- ovl_ensure_upper_and_switch) result=0x0
            bash-452     [000] .....    20.617992: ovldiag_write: (ovl_write_iter+0x10c/0x130 <- backing_file_write_iter) result=0xc
            bash-452     [000] .....    20.618082: ovldiag_open: (ovl_open+0xb2/0x100 <- ovl_open_realfile) result=0xffff8880046e3500
            bash-452     [000] .....    20.618102: ovldiag_ensure: (ovl_write_iter+0xaf/0x130 <- ovl_ensure_upper_and_switch) result=0x0
            bash-452     [000] .....    20.618108: ovldiag_write: (ovl_write_iter+0x10c/0x130 <- backing_file_write_iter) result=0xc
            bash-452     [000] .....    20.618185: ovldiag_open: (ovl_open+0xb2/0x100 <- ovl_open_realfile) result=0xffff8880046e3500
            bash-452     [000] .....    20.618202: ovldiag_ensure: (ovl_write_iter+0xaf/0x130 <- ovl_ensure_upper_and_switch) result=0x0
            bash-452     [000] .....    20.618208: ovldiag_write: (ovl_write_iter+0x10c/0x130 <- backing_file_write_iter) result=0xc
            bash-452     [000] .....    20.618279: ovldiag_open: (ovl_open+0xb2/0x100 <- ovl_open_realfile) result=0xffff8880046e3500
            bash-452     [000] .....    20.618333: ovldiag_ensure: (ovl_write_iter+0xaf/0x130 <- ovl_ensure_upper_and_switch) result=0x0
            bash-452     [000] .....    20.618343: ovldiag_write: (ovl_write_iter+0x10c/0x130 <- backing_file_write_iter) result=0xc
            bash-452     [000] .....    20.618424: ovldiag_open: (ovl_open+0xb2/0x100 <- ovl_open_realfile) result=0xffff8880046e3500
            bash-452     [000] .....    20.618441: ovldiag_ensure: (ovl_write_iter+0xaf/0x130 <- ovl_ensure_upper_and_switch) result=0x0
            bash-452     [000] .....    20.618447: ovldiag_write: (ovl_write_iter+0x10c/0x130 <- backing_file_write_iter) result=0xc
            bash-452     [000] .....    20.618539: ovldiag_open: (ovl_open+0xb2/0x100 <- ovl_open_realfile) result=0xffff8880046e3500
            bash-452     [000] .....    20.618558: ovldiag_ensure: (ovl_write_iter+0xaf/0x130 <- ovl_ensure_upper_and_switch) result=0x0
            bash-452     [000] .....    20.618565: ovldiag_write: (ovl_write_iter+0x10c/0x130 <- backing_file_write_iter) result=0xc
            bash-452     [000] .....    20.618638: ovldiag_open: (ovl_open+0xb2/0x100 <- ovl_open_realfile) result=0xffff8880046e3500
            bash-452     [000] .....    20.618655: ovldiag_ensure: (ovl_write_iter+0xaf/0x130 <- ovl_ensure_upper_and_switch) result=0x0
            bash-452     [000] .....    20.618661: ovldiag_write: (ovl_write_iter+0x10c/0x130 <- backing_file_write_iter) result=0xc
            bash-452     [000] .....    20.618735: ovldiag_open: (ovl_open+0xb2/0x100 <- ovl_open_realfile) result=0xffff8880046e3500
            bash-452     [000] .....    20.618752: ovldiag_ensure: (ovl_write_iter+0xaf/0x130 <- ovl_ensure_upper_and_switch) result=0x0
            bash-452     [000] .....    20.618757: ovldiag_write: (ovl_write_iter+0x10c/0x130 <- backing_file_write_iter) result=0xc
            bash-452     [000] .....    20.618884: ovldiag_open: (ovl_open+0xb2/0x100 <- ovl_open_realfile) result=0xffff8880046e3500
            bash-452     [000] .....    20.618917: ovldiag_ensure: (ovl_write_iter+0xaf/0x130 <- ovl_ensure_upper_and_switch) result=0x0
            bash-452     [000] .....    20.618925: ovldiag_write: (ovl_write_iter+0x10c/0x130 <- backing_file_write_iter) result=0xc
            bash-452     [000] .....    20.619019: ovldiag_open: (ovl_open+0xb2/0x100 <- ovl_open_realfile) result=0xffff8880046e3500
            bash-452     [000] .....    20.619039: ovldiag_ensure: (ovl_write_iter+0xaf/0x130 <- ovl_ensure_upper_and_switch) result=0x0
            bash-452     [000] .....    20.619045: ovldiag_write: (ovl_write_iter+0x10c/0x130 <- backing_file_write_iter) result=0xc
            bash-452     [000] .....    20.619171: ovldiag_open: (ovl_open+0xb2/0x100 <- ovl_open_realfile) result=0xffff8880046e3500
            bash-452     [000] .....    20.619192: ovldiag_ensure: (ovl_write_iter+0xaf/0x130 <- ovl_ensure_upper_and_switch) result=0x0
            bash-452     [000] .....    20.619199: ovldiag_write: (ovl_write_iter+0x10c/0x130 <- backing_file_write_iter) result=0xc
            bash-452     [000] .....    20.619274: ovldiag_open: (ovl_open+0xb2/0x100 <- ovl_open_realfile) result=0xffff8880046e3500
            bash-452     [000] .....    20.619372: ovldiag_ensure: (ovl_write_iter+0xaf/0x130 <- ovl_ensure_upper_and_switch) result=0x0
            bash-452     [000] .....    20.619383: ovldiag_write: (ovl_write_iter+0x10c/0x130 <- backing_file_write_iter) result=0xc
            bash-452     [000] .....    20.619460: ovldiag_open: (ovl_open+0xb2/0x100 <- ovl_open_realfile) result=0xffff8880046e3500
            bash-452     [000] .....    20.619489: ovldiag_ensure: (ovl_write_iter+0xaf/0x130 <- ovl_ensure_upper_and_switch) result=0x0
            bash-452     [000] .....    20.619497: ovldiag_write: (ovl_write_iter+0x10c/0x130 <- backing_file_write_iter) result=0xc
            bash-452     [000] .....    20.619576: ovldiag_open: (ovl_open+0xb2/0x100 <- ovl_open_realfile) result=0xffff8880046e3500
            bash-452     [000] .....    20.619594: ovldiag_ensure: (ovl_write_iter+0xaf/0x130 <- ovl_ensure_upper_and_switch) result=0x0
            bash-452     [000] .....    20.619601: ovldiag_write: (ovl_write_iter+0x10c/0x130 <- backing_file_write_iter) result=0xc
            bash-452     [000] .....    20.619672: ovldiag_open: (ovl_open+0xb2/0x100 <- ovl_open_realfile) result=0xffff8880046e3500
            bash-452     [000] .....    20.619689: ovldiag_ensure: (ovl_write_iter+0xaf/0x130 <- ovl_ensure_upper_and_switch) result=0x0
            bash-452     [000] .....    20.619695: ovldiag_write: (ovl_write_iter+0x10c/0x130 <- backing_file_write_iter) result=0xc
            bash-452     [000] .....    20.619773: ovldiag_open: (ovl_open+0xb2/0x100 <- ovl_open_realfile) result=0xffff8880046e3500
            bash-452     [000] .....    20.619790: ovldiag_ensure: (ovl_write_iter+0xaf/0x130 <- ovl_ensure_upper_and_switch) result=0x0
            bash-452     [000] .....    20.619796: ovldiag_write: (ovl_write_iter+0x10c/0x130 <- backing_file_write_iter) result=0xc
            bash-452     [000] .....    20.619998: ovldiag_open: (ovl_open+0xb2/0x100 <- ovl_open_realfile) result=0xffff8880046e3500
            bash-452     [000] .....    20.620019: ovldiag_ensure: (ovl_write_iter+0xaf/0x130 <- ovl_ensure_upper_and_switch) result=0x0
            bash-452     [000] .....    20.620025: ovldiag_write: (ovl_write_iter+0x10c/0x130 <- backing_file_write_iter) result=0xc
            bash-452     [000] .....    20.620103: ovldiag_open: (ovl_open+0xb2/0x100 <- ovl_open_realfile) result=0xffff8880046e3500
            bash-452     [000] .....    20.620120: ovldiag_ensure: (ovl_write_iter+0xaf/0x130 <- ovl_ensure_upper_and_switch) result=0x0
            bash-452     [000] .....    20.620126: ovldiag_write: (ovl_write_iter+0x10c/0x130 <- backing_file_write_iter) result=0xc
            bash-452     [000] .....    20.620199: ovldiag_open: (ovl_open+0xb2/0x100 <- ovl_open_realfile) result=0xffff8880046e3500
            bash-452     [000] .....    20.620216: ovldiag_ensure: (ovl_write_iter+0xaf/0x130 <- ovl_ensure_upper_and_switch) result=0x0
            bash-452     [000] .....    20.620222: ovldiag_write: (ovl_write_iter+0x10c/0x130 <- backing_file_write_iter) result=0xc
            bash-452     [000] .....    20.620318: ovldiag_open: (ovl_open+0xb2/0x100 <- ovl_open_realfile) result=0xffff8880046e3500
            bash-452     [000] .....    20.620338: ovldiag_ensure: (ovl_write_iter+0xaf/0x130 <- ovl_ensure_upper_and_switch) result=0x0
            bash-452     [000] .....    20.620345: ovldiag_write: (ovl_write_iter+0x10c/0x130 <- backing_file_write_iter) result=0xc
            bash-452     [000] .....    20.620440: ovldiag_open: (ovl_open+0xb2/0x100 <- ovl_open_realfile) result=0xffff8880046e3500
            bash-452     [000] .....    20.620459: ovldiag_ensure: (ovl_write_iter+0xaf/0x130 <- ovl_ensure_upper_and_switch) result=0x0
            bash-452     [000] .....    20.620465: ovldiag_write: (ovl_write_iter+0x10c/0x130 <- backing_file_write_iter) result=0xc
            bash-452     [000] .....    20.620538: ovldiag_open: (ovl_open+0xb2/0x100 <- ovl_open_realfile) result=0xffff8880046e3500
            bash-452     [000] .....    20.620553: ovldiag_ensure: (ovl_write_iter+0xaf/0x130 <- ovl_ensure_upper_and_switch) result=0x0
            bash-452     [000] .....    20.620559: ovldiag_write: (ovl_write_iter+0x10c/0x130 <- backing_file_write_iter) result=0xd
            bash-452     [001] .....    20.666775: ovldiag_open: (ovl_open+0xb2/0x100 <- ovl_open_realfile) result=0xffff88800713aa00
            bash-452     [001] .....    20.666859: ovldiag_ensure: (ovl_write_iter+0xaf/0x130 <- ovl_ensure_upper_and_switch) result=0x0
            bash-452     [001] .....    20.666878: ovldiag_write: (ovl_write_iter+0x10c/0x130 <- backing_file_write_iter) result=0x6
            bash-452     [001] .....    20.671165: ovldiag_open: (ovl_open+0xb2/0x100 <- ovl_open_realfile) result=0xffff88800713aa00
            bash-452     [000] .....    20.674550: ovldiag_cow: (ovl_ensure_upper_and_switch+0x37f/0x630 <- ovl_rehome_or_anon_cow) result=0x0
            bash-452     [000] .....    20.674554: ovldiag_ensure: (ovl_write_iter+0xaf/0x130 <- ovl_ensure_upper_and_switch) result=0x0
            bash-452     [000] .....    20.674694: ovldiag_write: (ovl_write_iter+0x10c/0x130 <- backing_file_write_iter) result=0x11
            bash-452     [000] .....    20.674759: ovldiag_ensure: (ovl_write_iter+0xaf/0x130 <- ovl_ensure_upper_and_switch) result=0x0
            bash-452     [000] .....    20.674766: ovldiag_write: (ovl_write_iter+0x10c/0x130 <- backing_file_write_iter) result=0x11
            bash-8808    [000] .....    20.679512: ovldiag_open: (ovl_open+0xb2/0x100 <- ovl_open_realfile) result=0xffff8880072ed300
             cat-8809    [000] .....    20.685109: ovldiag_open: (ovl_open+0xb2/0x100 <- ovl_open_realfile) result=0xffff888007083c00
            bash-8856    [000] .....    21.618762: ovldiag_open: (ovl_open+0xb2/0x100 <- ovl_open_realfile) result=0xffff888004762400
            bash-8856    [000] .....    21.619013: ovldiag_ensure: (ovl_write_iter+0xaf/0x130 <- ovl_ensure_upper_and_switch) result=0x0
            bash-8856    [000] .....    21.619039: ovldiag_write: (ovl_write_iter+0x10c/0x130 <- backing_file_write_iter) result=0xc
            bash-8856    [000] .....    21.619114: ovldiag_open: (ovl_open+0xb2/0x100 <- ovl_open_realfile) result=0xffff888004762400
            bash-8856    [001] .....    21.622005: ovldiag_cow: (ovl_ensure_upper_and_switch+0x37f/0x630 <- ovl_rehome_or_anon_cow) result=0x0
            bash-8856    [001] .....    21.622008: ovldiag_ensure: (ovl_write_iter+0xaf/0x130 <- ovl_ensure_upper_and_switch) result=0x0
            bash-8856    [001] .....    21.622150: ovldiag_write: (ovl_write_iter+0x10c/0x130 <- backing_file_write_iter) result=0xb
            grep-8890    [000] .....    21.628229: ovldiag_open: (ovl_open+0xb2/0x100 <- ovl_open_realfile) result=0xffff888008a7c000
            bash-8856    [000] .....    21.651065: ovldiag_open: (ovl_open+0xb2/0x100 <- ovl_open_realfile) result=0xffff888008a6f400
            bash-8856    [000] .....    21.651226: ovldiag_ensure: (ovl_write_iter+0xaf/0x130 <- ovl_ensure_upper_and_switch) result=0x0
            bash-8856    [000] .....    21.651247: ovldiag_write: (ovl_write_iter+0x10c/0x130 <- backing_file_write_iter) result=0xb
            bash-8856    [000] .....    21.651340: ovldiag_open: (ovl_open+0xb2/0x100 <- ovl_open_realfile) result=0xffff888008a6f400
            bash-8856    [001] .....    21.656972: ovldiag_cow: (ovl_ensure_upper_and_switch+0x37f/0x630 <- ovl_rehome_or_anon_cow) result=0xffffffef
            bash-8856    [001] .....    21.657210: ovldiag_cow: (ovl_ensure_upper_and_switch+0x3a7/0x630 <- ovl_rehome_or_anon_cow) result=0x0
            bash-8856    [001] .....    21.657212: ovldiag_ensure: (ovl_write_iter+0xaf/0x130 <- ovl_ensure_upper_and_switch) result=0x0
            bash-8856    [001] .....    21.657389: ovldiag_write: (ovl_write_iter+0x10c/0x130 <- backing_file_write_iter) result=0xd
            bash-8856    [001] .....    21.732117: ovldiag_open: (ovl_open+0xb2/0x100 <- ovl_open_realfile) result=0xffff8880047ff600
            bash-8856    [001] .....    21.732153: ovldiag_ensure: (ovl_write_iter+0xaf/0x130 <- ovl_ensure_upper_and_switch) result=0x0
            bash-8856    [001] .....    21.732161: ovldiag_write: (ovl_write_iter+0x10c/0x130 <- backing_file_write_iter) result=0xb
            bash-8856    [001] .....    21.732182: ovldiag_open: (ovl_open+0xb2/0x100 <- ovl_open_realfile) result=0xffff8880047ff600
            bash-8856    [001] .....    21.733373: ovldiag_open: (ovl_open+0xb2/0x100 <- ovl_open_realfile) result=0xffff88800713a600
            bash-8856    [001] .....    21.733388: ovldiag_ensure: (ovl_write_iter+0xaf/0x130 <- ovl_ensure_upper_and_switch) result=0x0
            bash-8856    [001] .....    21.733398: ovldiag_write: (ovl_write_iter+0x10c/0x130 <- backing_file_write_iter) result=0xb
            bash-8856    [001] .....    21.733884: ovldiag_cow: (ovl_ensure_upper_and_switch+0x3f5/0x630 <- ovl_rehome_or_anon_cow) result=0x0
            bash-8856    [001] .....    21.733885: ovldiag_ensure: (ovl_write_iter+0xaf/0x130 <- ovl_ensure_upper_and_switch) result=0x0
            bash-8856    [001] .....    21.734008: ovldiag_write: (ovl_write_iter+0x10c/0x130 <- backing_file_write_iter) result=0xd
            grep-8911    [001] .....    21.738461: ovldiag_open: (ovl_open+0xb2/0x100 <- ovl_open_realfile) result=0xffff888008a6f800
            grep-8912    [000] .....    21.741707: ovldiag_open: (ovl_open+0xb2/0x100 <- ovl_open_realfile) result=0xffff8880046f0700
            bash-8946    [001] .....    22.703770: ovldiag_open: (ovl_open+0xb2/0x100 <- ovl_open_realfile) result=0xffff88800702c400
            bash-8946    [001] .....    22.703791: ovldiag_ensure: (ovl_write_iter+0xaf/0x130 <- ovl_ensure_upper_and_switch) result=0x0
            bash-8946    [001] .....    22.703814: ovldiag_write: (ovl_write_iter+0x10c/0x130 <- backing_file_write_iter) result=0x18
            bash-8946    [001] .....    22.708211: ovldiag_open: (ovl_open+0xb2/0x100 <- ovl_open_realfile) result=0xffff888007083100
            bash-8946    [000] .....    22.712330: ovldiag_ensure: (ovl_write_iter+0xaf/0x130 <- ovl_ensure_upper_and_switch) result=0x0
            bash-8946    [000] .....    22.712352: ovldiag_write: (ovl_write_iter+0x10c/0x130 <- backing_file_write_iter) result=0x17
            bash-8946    [000] .....    22.786728: ovldiag_open: (ovl_open+0xb2/0x100 <- ovl_open_realfile) result=0xffff88800471d000
            bash-8946    [000] .....    22.786758: ovldiag_ensure: (ovl_write_iter+0xaf/0x130 <- ovl_ensure_upper_and_switch) result=0x0
            bash-8946    [000] .....    22.786780: ovldiag_write: (ovl_write_iter+0x10c/0x130 <- backing_file_write_iter) result=0x18
            bash-8946    [001] .....    22.790153: ovldiag_open: (ovl_open+0xb2/0x100 <- ovl_open_realfile) result=0xffff888007024600
            bash-8946    [001] .....    22.793841: ovldiag_ensure: (ovl_write_iter+0xaf/0x130 <- ovl_ensure_upper_and_switch) result=0x0
            bash-8946    [001] .....    22.793857: ovldiag_write: (ovl_write_iter+0x10c/0x130 <- backing_file_write_iter) result=0x17
