# tracer: nop
#
# entries-in-buffer/entries-written: 6372/6372   #P:2
#
#                                _-----=> irqs-off/BH-disabled
#                               / _----=> need-resched
#                              | / _---=> hardirq/softirq
#                              || / _--=> preempt-depth
#                              ||| / _-=> migrate-disable
#                              |||| /     delay
#           TASK-PID     CPU#  |||||  TIMESTAMP  FUNCTION
#              | |         |   |||||     |         |
         python3-409     [001] .....    12.203109: ovldiag_open: (ovl_open+0xb2/0x100 <- ovl_open_realfile) result=0xffff888007154800
         python3-409     [001] .....    12.203336: ovldiag_ensure: (ovl_write_iter+0xaf/0x1b0 <- ovl_ensure_upper_and_switch) result=0x0
         python3-409     [001] .....    12.203353: ovldiag_write: (ovl_write_iter+0x136/0x1b0 <- backing_file_write_iter) result=0x4
         python3-409     [001] .....    12.205342: ovldiag_cow: (ovl_ensure_upper_and_switch+0x360/0x650 <- ovl_rehome_or_anon_cow) result=0x0
         python3-409     [001] .....    12.205351: ovldiag_ensure: (ovl_write_iter+0xaf/0x1b0 <- ovl_ensure_upper_and_switch) result=0x0
         python3-409     [001] .....    12.205474: ovldiag_write: (ovl_write_iter+0x136/0x1b0 <- backing_file_write_iter) result=0x11
         python3-409     [001] .....    12.205565: ovldiag_open: (ovl_open+0xb2/0x100 <- ovl_open_realfile) result=0xffff888007154600
         python3-409     [001] .....    12.219223: ovldiag_open: (ovl_open+0xb2/0x100 <- ovl_open_realfile) result=0xffff88800702ab00
         python3-409     [001] .....    12.219400: ovldiag_ensure: (ovl_write_iter+0xaf/0x1b0 <- ovl_ensure_upper_and_switch) result=0x0
         python3-409     [001] .....    12.219416: ovldiag_write: (ovl_write_iter+0x136/0x1b0 <- backing_file_write_iter) result=0x4
         python3-409     [001] .....    12.219848: ovldiag_ensure: (ovl_write_iter+0xaf/0x1b0 <- ovl_ensure_upper_and_switch) result=0x0
         python3-409     [001] .....    12.219857: ovldiag_write: (ovl_write_iter+0x136/0x1b0 <- backing_file_write_iter) result=0x11
         python3-409     [000] .....    12.230745: ovldiag_open: (ovl_open+0xb2/0x100 <- ovl_open_realfile) result=0xffff888006321a00
         python3-409     [000] .....    12.230877: ovldiag_ensure: (ovl_write_iter+0xaf/0x1b0 <- ovl_ensure_upper_and_switch) result=0x0
         python3-409     [000] .....    12.230913: ovldiag_write: (ovl_write_iter+0x136/0x1b0 <- backing_file_write_iter) result=0x4
         python3-409     [001] .....    12.232606: ovldiag_cow: (ovl_ensure_upper_and_switch+0x360/0x650 <- ovl_rehome_or_anon_cow) result=0xffffffef
         python3-409     [001] .....    12.232915: ovldiag_cow: (ovl_ensure_upper_and_switch+0x38a/0x650 <- ovl_rehome_or_anon_cow) result=0x0
         python3-409     [001] .....    12.232925: ovldiag_ensure: (ovl_write_iter+0xaf/0x1b0 <- ovl_ensure_upper_and_switch) result=0x0
         python3-409     [001] .....    12.232933: ovldiag_open: (ovl_real_fdget_meta+0x262/0x2f0 <- ovl_open_realfile) result=0xffff8880047f0800
         python3-409     [001] .....    12.232938: ovldiag_write: (ovl_write_iter+0x136/0x1b0 <- backing_file_write_iter) result=0xfffffffffffffff7
         python3-409     [001] .....    12.233007: ovldiag_open: (ovl_real_fdget_meta+0x262/0x2f0 <- ovl_open_realfile) result=0xffff8880047f0500
         python3-409     [001] .....    12.244222: ovldiag_open: (ovl_open+0xb2/0x100 <- ovl_open_realfile) result=0xffff8880073c5d00
         python3-409     [001] .....    12.244264: ovldiag_ensure: (ovl_write_iter+0xaf/0x1b0 <- ovl_ensure_upper_and_switch) result=0x0
         python3-409     [001] .....    12.244279: ovldiag_write: (ovl_write_iter+0x136/0x1b0 <- backing_file_write_iter) result=0x4
         python3-409     [001] .....    12.244543: ovldiag_open: (ovl_open+0xb2/0x100 <- ovl_open_realfile) result=0xffff8880073c5900
         python3-409     [001] .....    12.244565: ovldiag_ensure: (ovl_write_iter+0xaf/0x1b0 <- ovl_ensure_upper_and_switch) result=0x0
         python3-409     [001] .....    12.244576: ovldiag_write: (ovl_write_iter+0x136/0x1b0 <- backing_file_write_iter) result=0xb
         python3-409     [001] .....    12.245680: ovldiag_cow: (ovl_ensure_upper_and_switch+0x4e4/0x650 <- ovl_rehome_or_anon_cow) result=0x0
         python3-409     [001] .....    12.245686: ovldiag_ensure: (ovl_write_iter+0xaf/0x1b0 <- ovl_ensure_upper_and_switch) result=0x0
         python3-409     [001] .....    12.245692: ovldiag_open: (ovl_real_fdget_meta+0x262/0x2f0 <- ovl_open_realfile) result=0xffff8880073c5c00
         python3-409     [001] .....    12.245700: ovldiag_write: (ovl_write_iter+0x136/0x1b0 <- backing_file_write_iter) result=0x11
         python3-409     [001] .....    12.245715: ovldiag_open: (ovl_real_fdget_meta+0x262/0x2f0 <- ovl_open_realfile) result=0xffff8880073c5900
         python3-409     [001] .....    12.245768: ovldiag_open: (ovl_open+0xb2/0x100 <- ovl_open_realfile) result=0xffff8880073c5900
         python3-409     [001] .....    12.246021: ovldiag_open: (ovl_real_fdget_meta+0x262/0x2f0 <- ovl_open_realfile) result=0xffff8880073c5900
             cat-466     [000] .....    13.320246: ovldiag_open: (ovl_open+0xb2/0x100 <- ovl_open_realfile) result=0xffff888004613d00
            bash-449     [001] .....    13.320906: ovldiag_open: (ovl_open+0xb2/0x100 <- ovl_open_realfile) result=0xffff88800717b000
            bash-449     [001] .....    13.320944: ovldiag_ensure: (ovl_write_iter+0xaf/0x1b0 <- ovl_ensure_upper_and_switch) result=0x0
            bash-449     [001] .....    13.320971: ovldiag_write: (ovl_write_iter+0x136/0x1b0 <- backing_file_write_iter) result=0x9
             cat-469     [000] .....    13.329446: ovldiag_open: (ovl_open+0xb2/0x100 <- ovl_open_realfile) result=0xffff888004355700
            bash-449     [001] .....    13.330036: ovldiag_open: (ovl_open+0xb2/0x100 <- ovl_open_realfile) result=0xffff88800716a600
            bash-449     [001] .....    13.330070: ovldiag_ensure: (ovl_write_iter+0xaf/0x1b0 <- ovl_ensure_upper_and_switch) result=0x0
            bash-449     [001] .....    13.330096: ovldiag_write: (ovl_write_iter+0x136/0x1b0 <- backing_file_write_iter) result=0xa
            bash-449     [001] .....    13.357150: ovldiag_open: (ovl_open+0xb2/0x100 <- ovl_open_realfile) result=0xffff888007167900
            bash-449     [001] .....    13.357209: ovldiag_ensure: (ovl_write_iter+0xaf/0x1b0 <- ovl_ensure_upper_and_switch) result=0x0
            bash-449     [001] .....    13.357232: ovldiag_write: (ovl_write_iter+0x136/0x1b0 <- backing_file_write_iter) result=0x3
            bash-449     [001] .....    13.361367: ovldiag_open: (ovl_open+0xb2/0x100 <- ovl_open_realfile) result=0xffff88800716fc00
            bash-449     [000] .....    13.363334: ovldiag_cow: (ovl_ensure_upper_and_switch+0x360/0x650 <- ovl_rehome_or_anon_cow) result=0x0
            bash-449     [000] .....    13.363336: ovldiag_ensure: (ovl_write_iter+0xaf/0x1b0 <- ovl_ensure_upper_and_switch) result=0x0
            bash-449     [000] .....    13.363356: ovldiag_write: (ovl_write_iter+0x136/0x1b0 <- backing_file_write_iter) result=0xb
            bash-449     [000] .....    13.370093: ovldiag_open: (ovl_open+0xb2/0x100 <- ovl_open_realfile) result=0xffff88800717bd00
            bash-449     [000] .....    13.370154: ovldiag_ensure: (ovl_write_iter+0xaf/0x1b0 <- ovl_ensure_upper_and_switch) result=0x0
            bash-449     [000] .....    13.370181: ovldiag_write: (ovl_write_iter+0x136/0x1b0 <- backing_file_write_iter) result=0xf
            bash-449     [001] .....    13.394190: ovldiag_open: (ovl_open+0xb2/0x100 <- ovl_open_realfile) result=0xffff8880086dde00
            bash-449     [001] .....    13.394217: ovldiag_ensure: (ovl_write_iter+0xaf/0x1b0 <- ovl_ensure_upper_and_switch) result=0x0
            bash-449     [001] .....    13.394234: ovldiag_write: (ovl_write_iter+0x136/0x1b0 <- backing_file_write_iter) result=0x5
             cat-496     [001] .....    13.400847: ovldiag_open: (ovl_open+0xb2/0x100 <- ovl_open_realfile) result=0xffff888007167700
            bash-449     [000] .....    13.401394: ovldiag_open: (ovl_open+0xb2/0x100 <- ovl_open_realfile) result=0xffff8880073c5300
            bash-449     [000] .....    13.401416: ovldiag_ensure: (ovl_write_iter+0xaf/0x1b0 <- ovl_ensure_upper_and_switch) result=0x0
            bash-449     [000] .....    13.401509: ovldiag_write: (ovl_write_iter+0x136/0x1b0 <- backing_file_write_iter) result=0x5
             cat-499     [001] .....    13.408559: ovldiag_open: (ovl_open+0xb2/0x100 <- ovl_open_realfile) result=0xffff88800842aa00
            bash-449     [000] .....    13.409041: ovldiag_open: (ovl_open+0xb2/0x100 <- ovl_open_realfile) result=0xffff8880073c5300
            bash-449     [000] .....    13.409122: ovldiag_ensure: (ovl_write_iter+0xaf/0x1b0 <- ovl_ensure_upper_and_switch) result=0x0
            bash-449     [000] .....    13.409136: ovldiag_write: (ovl_write_iter+0x136/0x1b0 <- backing_file_write_iter) result=0x5
             cat-503     [001] .....    13.418297: ovldiag_open: (ovl_open+0xb2/0x100 <- ovl_open_realfile) result=0xffff8880047f0f00
            bash-449     [000] .....    13.419009: ovldiag_open: (ovl_open+0xb2/0x100 <- ovl_open_realfile) result=0xffff8880073c5f00
            bash-449     [000] .....    13.419090: ovldiag_ensure: (ovl_write_iter+0xaf/0x1b0 <- ovl_ensure_upper_and_switch) result=0x0
            bash-449     [000] .....    13.419132: ovldiag_write: (ovl_write_iter+0x136/0x1b0 <- backing_file_write_iter) result=0xa
             cat-505     [000] .....    13.423316: ovldiag_open: (ovl_open+0xb2/0x100 <- ovl_open_realfile) result=0xffff888007377800
            bash-449     [000] .....    13.443947: ovldiag_open: (ovl_open+0xb2/0x100 <- ovl_open_realfile) result=0xffff888007154500
            bash-449     [000] .....    13.443959: ovldiag_ensure: (ovl_write_iter+0xaf/0x1b0 <- ovl_ensure_upper_and_switch) result=0x0
            bash-449     [000] .....    13.443975: ovldiag_write: (ovl_write_iter+0x136/0x1b0 <- backing_file_write_iter) result=0x9
             cat-531     [001] .....    13.476339: ovldiag_open: (ovl_open+0xb2/0x100 <- ovl_open_realfile) result=0xffff8880070cfa00
            bash-449     [000] .....    13.476786: ovldiag_open: (ovl_open+0xb2/0x100 <- ovl_open_realfile) result=0xffff88800716f000
            bash-449     [000] .....    13.476904: ovldiag_ensure: (ovl_write_iter+0xaf/0x1b0 <- ovl_ensure_upper_and_switch) result=0x0
            bash-449     [000] .....    13.476925: ovldiag_write: (ovl_write_iter+0x136/0x1b0 <- backing_file_write_iter) result=0x7
        truncate-546     [001] .....    13.508501: ovldiag_open: (ovl_open+0xb2/0x100 <- ovl_open_realfile) result=0xffff88800716ab00
             cat-548     [001] .....    13.513121: ovldiag_open: (ovl_open+0xb2/0x100 <- ovl_open_realfile) result=0xffff8880073c5600
            bash-449     [001] .....    13.532219: ovldiag_open: (ovl_open+0xb2/0x100 <- ovl_open_realfile) result=0xffff888007168100
            bash-449     [001] .....    13.532243: ovldiag_ensure: (ovl_write_iter+0xaf/0x1b0 <- ovl_ensure_upper_and_switch) result=0x0
            bash-449     [001] .....    13.532259: ovldiag_write: (ovl_write_iter+0x136/0x1b0 <- backing_file_write_iter) result=0xe
             cat-560     [000] .....    13.536283: ovldiag_open: (ovl_open+0xb2/0x100 <- ovl_open_realfile) result=0xffff8880086dd600
            bash-449     [001] .....    13.536691: ovldiag_open: (ovl_open+0xb2/0x100 <- ovl_open_realfile) result=0xffff88800702aa00
            bash-449     [001] .....    13.536702: ovldiag_ensure: (ovl_write_iter+0xaf/0x1b0 <- ovl_ensure_upper_and_switch) result=0x0
            bash-449     [001] .....    13.536719: ovldiag_write: (ovl_write_iter+0x136/0x1b0 <- backing_file_write_iter) result=0x9
            bash-449     [001] .....    13.540936: ovldiag_open: (ovl_open+0xb2/0x100 <- ovl_open_realfile) result=0xffff88800702ae00
            bash-449     [001] .....    13.540963: ovldiag_ensure: (ovl_write_iter+0xaf/0x1b0 <- ovl_ensure_upper_and_switch) result=0x0
            bash-449     [001] .....    13.540977: ovldiag_write: (ovl_write_iter+0x136/0x1b0 <- backing_file_write_iter) result=0xa
            bash-449     [001] .....    13.563311: ovldiag_open: (ovl_open+0xb2/0x100 <- ovl_open_realfile) result=0xffff88800732a400
            bash-449     [001] .....    13.563334: ovldiag_ensure: (ovl_write_iter+0xaf/0x1b0 <- ovl_ensure_upper_and_switch) result=0x0
            bash-449     [001] .....    13.563351: ovldiag_write: (ovl_write_iter+0x136/0x1b0 <- backing_file_write_iter) result=0x2
              cp-617     [000] .....    13.729891: ovldiag_open: (ovl_open+0xb2/0x100 <- ovl_open_realfile) result=0xffff888007166c00
              cp-617     [000] .....    13.729941: ovldiag_open: (ovl_open+0xb2/0x100 <- ovl_open_realfile) result=0xffff888007166100
              cp-617     [000] .....    13.729947: ovldiag_ensure: (ovl_copyfile+0x59/0x1d0 <- ovl_ensure_upper_and_switch) result=0x0
       mmap_test-619     [000] .....    13.734769: ovldiag_open: (ovl_open+0xb2/0x100 <- ovl_open_realfile) result=0xffff8880073c5300
       mmap_test-619     [000] .....    13.734776: ovldiag_ensure: (ovl_mmap+0x8f/0xa0 <- ovl_ensure_upper_and_switch) result=0x0
              dd-661     [001] .....    14.348748: ovldiag_open: (ovl_open+0xb2/0x100 <- ovl_open_realfile) result=0xffff8880046d6200
              dd-661     [001] .....    14.348868: ovldiag_ensure: (ovl_write_iter+0xaf/0x1b0 <- ovl_ensure_upper_and_switch) result=0x0
              dd-661     [001] .....    14.348896: ovldiag_write: (ovl_write_iter+0x136/0x1b0 <- backing_file_write_iter) result=0x1000
              dd-658     [001] .....    14.349145: ovldiag_open: (ovl_open+0xb2/0x100 <- ovl_open_realfile) result=0xffff8880046d6200
              dd-658     [001] .....    14.349216: ovldiag_ensure: (ovl_write_iter+0xaf/0x1b0 <- ovl_ensure_upper_and_switch) result=0x0
              dd-658     [001] .....    14.349232: ovldiag_write: (ovl_write_iter+0x136/0x1b0 <- backing_file_write_iter) result=0x1000
              dd-663     [001] .....    14.349373: ovldiag_open: (ovl_open+0xb2/0x100 <- ovl_open_realfile) result=0xffff8880046d6200
              dd-663     [001] .....    14.349428: ovldiag_ensure: (ovl_write_iter+0xaf/0x1b0 <- ovl_ensure_upper_and_switch) result=0x0
              dd-663     [001] .....    14.349434: ovldiag_write: (ovl_write_iter+0x136/0x1b0 <- backing_file_write_iter) result=0x1000
              dd-662     [001] .....    14.353161: ovldiag_open: (ovl_open+0xb2/0x100 <- ovl_open_realfile) result=0xffff88800702a900
              dd-662     [001] .....    14.353233: ovldiag_ensure: (ovl_write_iter+0xaf/0x1b0 <- ovl_ensure_upper_and_switch) result=0x0
              dd-662     [001] .....    14.353258: ovldiag_write: (ovl_write_iter+0x136/0x1b0 <- backing_file_write_iter) result=0x1000
             cat-674     [001] .....    14.358348: ovldiag_open: (ovl_open+0xb2/0x100 <- ovl_open_realfile) result=0xffff888007026e00
             cat-675     [001] .....    14.360059: ovldiag_open: (ovl_open+0xb2/0x100 <- ovl_open_realfile) result=0xffff88800a287900
             cat-676     [001] .....    14.361648: ovldiag_open: (ovl_open+0xb2/0x100 <- ovl_open_realfile) result=0xffff88800a2e9600
             cat-672     [000] .....    14.363411: ovldiag_open: (ovl_open+0xb2/0x100 <- ovl_open_realfile) result=0xffff8880073c5300
              dd-686     [001] .....    14.370762: ovldiag_open: (ovl_open+0xb2/0x100 <- ovl_open_realfile) result=0xffff88800732bc00
              dd-686     [001] .....    14.370837: ovldiag_ensure: (ovl_write_iter+0xaf/0x1b0 <- ovl_ensure_upper_and_switch) result=0x0
              dd-686     [001] .....    14.370858: ovldiag_write: (ovl_write_iter+0x136/0x1b0 <- backing_file_write_iter) result=0x1000
              dd-682     [001] .....    14.372551: ovldiag_open: (ovl_open+0xb2/0x100 <- ovl_open_realfile) result=0xffff88800732a000
              dd-682     [001] .....    14.372601: ovldiag_ensure: (ovl_write_iter+0xaf/0x1b0 <- ovl_ensure_upper_and_switch) result=0x0
              dd-682     [001] .....    14.372621: ovldiag_write: (ovl_write_iter+0x136/0x1b0 <- backing_file_write_iter) result=0x1000
              dd-684     [001] .....    14.374700: ovldiag_open: (ovl_open+0xb2/0x100 <- ovl_open_realfile) result=0xffff88800c86e000
              dd-684     [001] .....    14.374741: ovldiag_ensure: (ovl_write_iter+0xaf/0x1b0 <- ovl_ensure_upper_and_switch) result=0x0
              dd-684     [001] .....    14.374760: ovldiag_write: (ovl_write_iter+0x136/0x1b0 <- backing_file_write_iter) result=0x1000
              dd-693     [001] .....    14.378503: ovldiag_open: (ovl_open+0xb2/0x100 <- ovl_open_realfile) result=0xffff88800c9c9100
              dd-693     [001] .....    14.378543: ovldiag_ensure: (ovl_write_iter+0xaf/0x1b0 <- ovl_ensure_upper_and_switch) result=0x0
              dd-693     [001] .....    14.378600: ovldiag_write: (ovl_write_iter+0x136/0x1b0 <- backing_file_write_iter) result=0x1000
             cat-695     [000] .....    14.380746: ovldiag_open: (ovl_open+0xb2/0x100 <- ovl_open_realfile) result=0xffff888007168d00
             cat-698     [000] .....    14.384230: ovldiag_open: (ovl_open+0xb2/0x100 <- ovl_open_realfile) result=0xffff888007377000
             cat-697     [001] .....    14.385622: ovldiag_open: (ovl_open+0xb2/0x100 <- ovl_open_realfile) result=0xffff88800702a700
              dd-701     [001] .....    14.385894: ovldiag_open: (ovl_open+0xb2/0x100 <- ovl_open_realfile) result=0xffff88800702ad00
              dd-701     [001] .....    14.385934: ovldiag_ensure: (ovl_write_iter+0xaf/0x1b0 <- ovl_ensure_upper_and_switch) result=0x0
              dd-701     [001] .....    14.385953: ovldiag_write: (ovl_write_iter+0x136/0x1b0 <- backing_file_write_iter) result=0x1000
             cat-700     [001] .....    14.387221: ovldiag_open: (ovl_open+0xb2/0x100 <- ovl_open_realfile) result=0xffff88800702a800
              dd-702     [000] .....    14.389380: ovldiag_open: (ovl_open+0xb2/0x100 <- ovl_open_realfile) result=0xffff88800cabb600
              dd-702     [000] .....    14.389418: ovldiag_ensure: (ovl_write_iter+0xaf/0x1b0 <- ovl_ensure_upper_and_switch) result=0x0
              dd-702     [000] .....    14.389439: ovldiag_write: (ovl_write_iter+0x136/0x1b0 <- backing_file_write_iter) result=0x1000
              dd-708     [001] .....    14.394897: ovldiag_open: (ovl_open+0xb2/0x100 <- ovl_open_realfile) result=0xffff88800ca33300
              dd-708     [001] .....    14.394936: ovldiag_ensure: (ovl_write_iter+0xaf/0x1b0 <- ovl_ensure_upper_and_switch) result=0x0
              dd-708     [001] .....    14.394953: ovldiag_write: (ovl_write_iter+0x136/0x1b0 <- backing_file_write_iter) result=0x1000
              dd-709     [001] .....    14.395322: ovldiag_open: (ovl_open+0xb2/0x100 <- ovl_open_realfile) result=0xffff888004613e00
              dd-709     [001] .....    14.395362: ovldiag_ensure: (ovl_write_iter+0xaf/0x1b0 <- ovl_ensure_upper_and_switch) result=0x0
              dd-709     [001] .....    14.395375: ovldiag_write: (ovl_write_iter+0x136/0x1b0 <- backing_file_write_iter) result=0x1000
             cat-712     [001] .....    14.397230: ovldiag_open: (ovl_open+0xb2/0x100 <- ovl_open_realfile) result=0xffff88800ca40800
             cat-717     [001] .....    14.399310: ovldiag_open: (ovl_open+0xb2/0x100 <- ovl_open_realfile) result=0xffff888006318600
             cat-718     [001] .....    14.400751: ovldiag_open: (ovl_open+0xb2/0x100 <- ovl_open_realfile) result=0xffff88800732bf00
              dd-721     [000] .....    14.405388: ovldiag_open: (ovl_open+0xb2/0x100 <- ovl_open_realfile) result=0xffff88800cafcc00
              dd-721     [000] .....    14.405432: ovldiag_ensure: (ovl_write_iter+0xaf/0x1b0 <- ovl_ensure_upper_and_switch) result=0x0
              dd-721     [000] .....    14.405462: ovldiag_write: (ovl_write_iter+0x136/0x1b0 <- backing_file_write_iter) result=0x1000
             cat-724     [001] .....    14.406915: ovldiag_open: (ovl_open+0xb2/0x100 <- ovl_open_realfile) result=0xffff8880086dde00
             cat-729     [001] .....    14.409363: ovldiag_open: (ovl_open+0xb2/0x100 <- ovl_open_realfile) result=0xffff88800732b800
              dd-730     [001] .....    14.410305: ovldiag_open: (ovl_open+0xb2/0x100 <- ovl_open_realfile) result=0xffff88800717b300
              dd-730     [001] .....    14.410336: ovldiag_ensure: (ovl_write_iter+0xaf/0x1b0 <- ovl_ensure_upper_and_switch) result=0x0
              dd-730     [001] .....    14.410352: ovldiag_write: (ovl_write_iter+0x136/0x1b0 <- backing_file_write_iter) result=0x1000
              dd-727     [000] .....    14.410927: ovldiag_open: (ovl_open+0xb2/0x100 <- ovl_open_realfile) result=0xffff8880046d6300
              dd-727     [000] .....    14.410967: ovldiag_ensure: (ovl_write_iter+0xaf/0x1b0 <- ovl_ensure_upper_and_switch) result=0x0
              dd-727     [000] .....    14.410985: ovldiag_write: (ovl_write_iter+0x136/0x1b0 <- backing_file_write_iter) result=0x1000
             cat-737     [000] .....    14.415329: ovldiag_open: (ovl_open+0xb2/0x100 <- ovl_open_realfile) result=0xffff888007021b00
             cat-736     [001] .....    14.415492: ovldiag_open: (ovl_open+0xb2/0x100 <- ovl_open_realfile) result=0xffff88800842ac00
              dd-731     [000] .....    14.415906: ovldiag_open: (ovl_open+0xb2/0x100 <- ovl_open_realfile) result=0xffff888007021800
              dd-731     [000] .....    14.416319: ovldiag_ensure: (ovl_write_iter+0xaf/0x1b0 <- ovl_ensure_upper_and_switch) result=0x0
              dd-731     [000] .....    14.416341: ovldiag_write: (ovl_write_iter+0x136/0x1b0 <- backing_file_write_iter) result=0x1000
              dd-743     [001] .....    14.419788: ovldiag_open: (ovl_open+0xb2/0x100 <- ovl_open_realfile) result=0xffff888007168700
              dd-743     [001] .....    14.419830: ovldiag_ensure: (ovl_write_iter+0xaf/0x1b0 <- ovl_ensure_upper_and_switch) result=0x0
              dd-743     [001] .....    14.419847: ovldiag_write: (ovl_write_iter+0x136/0x1b0 <- backing_file_write_iter) result=0x1000
             cat-744     [000] .....    14.420719: ovldiag_open: (ovl_open+0xb2/0x100 <- ovl_open_realfile) result=0xffff88800cb87d00
             cat-747     [001] .....    14.422610: ovldiag_open: (ovl_open+0xb2/0x100 <- ovl_open_realfile) result=0xffff8880046d6200
              dd-749     [000] .....    14.424647: ovldiag_open: (ovl_open+0xb2/0x100 <- ovl_open_realfile) result=0xffff88800cbc5400
              dd-749     [000] .....    14.424684: ovldiag_ensure: (ovl_write_iter+0xaf/0x1b0 <- ovl_ensure_upper_and_switch) result=0x0
              dd-749     [000] .....    14.424700: ovldiag_write: (ovl_write_iter+0x136/0x1b0 <- backing_file_write_iter) result=0x1000
              dd-753     [000] .....    14.426924: ovldiag_open: (ovl_open+0xb2/0x100 <- ovl_open_realfile) result=0xffff888007105500
              dd-753     [000] .....    14.426956: ovldiag_ensure: (ovl_write_iter+0xaf/0x1b0 <- ovl_ensure_upper_and_switch) result=0x0
              dd-753     [000] .....    14.426974: ovldiag_write: (ovl_write_iter+0x136/0x1b0 <- backing_file_write_iter) result=0x1000
             cat-755     [001] .....    14.428036: ovldiag_open: (ovl_open+0xb2/0x100 <- ovl_open_realfile) result=0xffff88800cb29600
             cat-758     [000] .....    14.429444: ovldiag_open: (ovl_open+0xb2/0x100 <- ovl_open_realfile) result=0xffff88800cb9f400
              dd-759     [001] .....    14.430950: ovldiag_open: (ovl_open+0xb2/0x100 <- ovl_open_realfile) result=0xffff8880070d2600
              dd-759     [001] .....    14.430982: ovldiag_ensure: (ovl_write_iter+0xaf/0x1b0 <- ovl_ensure_upper_and_switch) result=0x0
              dd-759     [001] .....    14.431000: ovldiag_write: (ovl_write_iter+0x136/0x1b0 <- backing_file_write_iter) result=0x1000
             cat-761     [000] .....    14.432513: ovldiag_open: (ovl_open+0xb2/0x100 <- ovl_open_realfile) result=0xffff888007105300
              dd-764     [001] .....    14.434070: ovldiag_open: (ovl_open+0xb2/0x100 <- ovl_open_realfile) result=0xffff8880070cef00
              dd-764     [001] .....    14.434100: ovldiag_ensure: (ovl_write_iter+0xaf/0x1b0 <- ovl_ensure_upper_and_switch) result=0x0
              dd-764     [001] .....    14.434116: ovldiag_write: (ovl_write_iter+0x136/0x1b0 <- backing_file_write_iter) result=0x1000
             cat-765     [001] .....    14.435134: ovldiag_open: (ovl_open+0xb2/0x100 <- ovl_open_realfile) result=0xffff8880070d2f00
              dd-772     [001] .....    14.438912: ovldiag_open: (ovl_open+0xb2/0x100 <- ovl_open_realfile) result=0xffff888007167900
              dd-772     [001] .....    14.438942: ovldiag_ensure: (ovl_write_iter+0xaf/0x1b0 <- ovl_ensure_upper_and_switch) result=0x0
              dd-772     [001] .....    14.438964: ovldiag_write: (ovl_write_iter+0x136/0x1b0 <- backing_file_write_iter) result=0x1000
              dd-773     [001] .....    14.440228: ovldiag_open: (ovl_open+0xb2/0x100 <- ovl_open_realfile) result=0xffff88800cad0000
              dd-773     [001] .....    14.440254: ovldiag_ensure: (ovl_write_iter+0xaf/0x1b0 <- ovl_ensure_upper_and_switch) result=0x0
              dd-773     [001] .....    14.440269: ovldiag_write: (ovl_write_iter+0x136/0x1b0 <- backing_file_write_iter) result=0x1000
             cat-774     [001] .....    14.441550: ovldiag_open: (ovl_open+0xb2/0x100 <- ovl_open_realfile) result=0xffff888007154300
             cat-777     [001] .....    14.442558: ovldiag_open: (ovl_open+0xb2/0x100 <- ovl_open_realfile) result=0xffff8880073c5f00
              dd-781     [000] .....    14.446160: ovldiag_open: (ovl_open+0xb2/0x100 <- ovl_open_realfile) result=0xffff88800702a600
              dd-781     [000] .....    14.446210: ovldiag_ensure: (ovl_write_iter+0xaf/0x1b0 <- ovl_ensure_upper_and_switch) result=0x0
              dd-781     [000] .....    14.446225: ovldiag_write: (ovl_write_iter+0x136/0x1b0 <- backing_file_write_iter) result=0x1000
             cat-782     [001] .....    14.446866: ovldiag_open: (ovl_open+0xb2/0x100 <- ovl_open_realfile) result=0xffff888007105f00
             cat-784     [000] .....    14.447445: ovldiag_open: (ovl_open+0xb2/0x100 <- ovl_open_realfile) result=0xffff88800717bf00
              dd-789     [000] .....    14.451644: ovldiag_open: (ovl_open+0xb2/0x100 <- ovl_open_realfile) result=0xffff88800702ab00
              dd-789     [000] .....    14.451691: ovldiag_ensure: (ovl_write_iter+0xaf/0x1b0 <- ovl_ensure_upper_and_switch) result=0x0
              dd-789     [000] .....    14.451707: ovldiag_write: (ovl_write_iter+0x136/0x1b0 <- backing_file_write_iter) result=0x1000
             cat-792     [001] .....    14.452377: ovldiag_open: (ovl_open+0xb2/0x100 <- ovl_open_realfile) result=0xffff888007377500
              dd-791     [001] .....    14.453301: ovldiag_open: (ovl_open+0xb2/0x100 <- ovl_open_realfile) result=0xffff88800cac8900
              dd-791     [001] .....    14.453331: ovldiag_ensure: (ovl_write_iter+0xaf/0x1b0 <- ovl_ensure_upper_and_switch) result=0x0
              dd-791     [001] .....    14.453347: ovldiag_write: (ovl_write_iter+0x136/0x1b0 <- backing_file_write_iter) result=0x1000
              dd-793     [000] .....    14.453371: ovldiag_open: (ovl_open+0xb2/0x100 <- ovl_open_realfile) result=0xffff88800dcd2700
              dd-793     [000] .....    14.453402: ovldiag_ensure: (ovl_write_iter+0xaf/0x1b0 <- ovl_ensure_upper_and_switch) result=0x0
              dd-793     [000] .....    14.453420: ovldiag_write: (ovl_write_iter+0x136/0x1b0 <- backing_file_write_iter) result=0x1000
             cat-796     [001] .....    14.455380: ovldiag_open: (ovl_open+0xb2/0x100 <- ovl_open_realfile) result=0xffff888007168f00
             cat-801     [000] .....    14.458069: ovldiag_open: (ovl_open+0xb2/0x100 <- ovl_open_realfile) result=0xffff88800dcd4300
             cat-803     [000] .....    14.460083: ovldiag_open: (ovl_open+0xb2/0x100 <- ovl_open_realfile) result=0xffff8880062a2a00
              dd-805     [000] .....    14.461765: ovldiag_open: (ovl_open+0xb2/0x100 <- ovl_open_realfile) result=0xffff8880086ddd00
              dd-805     [000] .....    14.461795: ovldiag_ensure: (ovl_write_iter+0xaf/0x1b0 <- ovl_ensure_upper_and_switch) result=0x0
              dd-805     [000] .....    14.461839: ovldiag_write: (ovl_write_iter+0x136/0x1b0 <- backing_file_write_iter) result=0x1000
             cat-810     [001] .....    14.465058: ovldiag_open: (ovl_open+0xb2/0x100 <- ovl_open_realfile) result=0xffff888007154d00
              dd-811     [000] .....    14.465943: ovldiag_open: (ovl_open+0xb2/0x100 <- ovl_open_realfile) result=0xffff88800dd1dd00
              dd-811     [000] .....    14.465975: ovldiag_ensure: (ovl_write_iter+0xaf/0x1b0 <- ovl_ensure_upper_and_switch) result=0x0
              dd-811     [000] .....    14.465991: ovldiag_write: (ovl_write_iter+0x136/0x1b0 <- backing_file_write_iter) result=0x1000
             cat-814     [001] .....    14.468283: ovldiag_open: (ovl_open+0xb2/0x100 <- ovl_open_realfile) result=0xffff888008411600
              dd-817     [001] .....    14.469300: ovldiag_open: (ovl_open+0xb2/0x100 <- ovl_open_realfile) result=0xffff88800716f400
              dd-817     [001] .....    14.469330: ovldiag_ensure: (ovl_write_iter+0xaf/0x1b0 <- ovl_ensure_upper_and_switch) result=0x0
              dd-817     [001] .....    14.469345: ovldiag_write: (ovl_write_iter+0x136/0x1b0 <- backing_file_write_iter) result=0x1000
              dd-816     [000] .....    14.470645: ovldiag_open: (ovl_open+0xb2/0x100 <- ovl_open_realfile) result=0xffff88800732b200
              dd-816     [000] .....    14.470675: ovldiag_ensure: (ovl_write_iter+0xaf/0x1b0 <- ovl_ensure_upper_and_switch) result=0x0
              dd-816     [000] .....    14.470691: ovldiag_write: (ovl_write_iter+0x136/0x1b0 <- backing_file_write_iter) result=0x1000
             cat-818     [001] .....    14.472331: ovldiag_open: (ovl_open+0xb2/0x100 <- ovl_open_realfile) result=0xffff88800842af00
             cat-821     [000] .....    14.473077: ovldiag_open: (ovl_open+0xb2/0x100 <- ovl_open_realfile) result=0xffff88800dd1d500
              dd-825     [001] .....    14.475511: ovldiag_open: (ovl_open+0xb2/0x100 <- ovl_open_realfile) result=0xffff8880062a2700
              dd-825     [001] .....    14.475538: ovldiag_ensure: (ovl_write_iter+0xaf/0x1b0 <- ovl_ensure_upper_and_switch) result=0x0
              dd-825     [001] .....    14.475554: ovldiag_write: (ovl_write_iter+0x136/0x1b0 <- backing_file_write_iter) result=0x1000
             cat-828     [001] .....    14.477051: ovldiag_open: (ovl_open+0xb2/0x100 <- ovl_open_realfile) result=0xffff88800702ac00
              dd-832     [000] .....    14.479154: ovldiag_open: (ovl_open+0xb2/0x100 <- ovl_open_realfile) result=0xffff88800702ab00
              dd-832     [000] .....    14.479191: ovldiag_ensure: (ovl_write_iter+0xaf/0x1b0 <- ovl_ensure_upper_and_switch) result=0x0
              dd-832     [000] .....    14.479209: ovldiag_write: (ovl_write_iter+0x136/0x1b0 <- backing_file_write_iter) result=0x1000
             cat-835     [000] .....    14.480770: ovldiag_open: (ovl_open+0xb2/0x100 <- ovl_open_realfile) result=0xffff88800ddb9400
             cat-837     [001] .....    14.482786: ovldiag_open: (ovl_open+0xb2/0x100 <- ovl_open_realfile) result=0xffff888007171d00
              dd-840     [000] .....    14.486170: ovldiag_open: (ovl_open+0xb2/0x100 <- ovl_open_realfile) result=0xffff88800717b300
              dd-840     [000] .....    14.486211: ovldiag_ensure: (ovl_write_iter+0xaf/0x1b0 <- ovl_ensure_upper_and_switch) result=0x0
              dd-840     [000] .....    14.486224: ovldiag_write: (ovl_write_iter+0x136/0x1b0 <- backing_file_write_iter) result=0x1000
              dd-841     [000] .....    14.486373: ovldiag_open: (ovl_open+0xb2/0x100 <- ovl_open_realfile) result=0xffff88800717b700
              dd-841     [000] .....    14.486405: ovldiag_ensure: (ovl_write_iter+0xaf/0x1b0 <- ovl_ensure_upper_and_switch) result=0x0
              dd-841     [000] .....    14.486415: ovldiag_write: (ovl_write_iter+0x136/0x1b0 <- backing_file_write_iter) result=0x1000
             cat-843     [001] .....    14.486796: ovldiag_open: (ovl_open+0xb2/0x100 <- ovl_open_realfile) result=0xffff88800cb87f00
             cat-844     [001] .....    14.487797: ovldiag_open: (ovl_open+0xb2/0x100 <- ovl_open_realfile) result=0xffff88800dd67900
              dd-848     [000] .....    14.490074: ovldiag_open: (ovl_open+0xb2/0x100 <- ovl_open_realfile) result=0xffff88800de21300
              dd-848     [000] .....    14.490102: ovldiag_ensure: (ovl_write_iter+0xaf/0x1b0 <- ovl_ensure_upper_and_switch) result=0x0
              dd-848     [000] .....    14.490119: ovldiag_write: (ovl_write_iter+0x136/0x1b0 <- backing_file_write_iter) result=0x1000
             cat-851     [001] .....    14.492290: ovldiag_open: (ovl_open+0xb2/0x100 <- ovl_open_realfile) result=0xffff888008411500
              dd-855     [000] .....    14.494757: ovldiag_open: (ovl_open+0xb2/0x100 <- ovl_open_realfile) result=0xffff88800de74700
              dd-855     [000] .....    14.494786: ovldiag_ensure: (ovl_write_iter+0xaf/0x1b0 <- ovl_ensure_upper_and_switch) result=0x0
              dd-855     [000] .....    14.494818: ovldiag_write: (ovl_write_iter+0x136/0x1b0 <- backing_file_write_iter) result=0x1000
             cat-854     [001] .....    14.495709: ovldiag_open: (ovl_open+0xb2/0x100 <- ovl_open_realfile) result=0xffff88800717b400
             cat-860     [000] .....    14.499259: ovldiag_open: (ovl_open+0xb2/0x100 <- ovl_open_realfile) result=0xffff88800de74e00
              dd-864     [001] .....    14.500778: ovldiag_open: (ovl_open+0xb2/0x100 <- ovl_open_realfile) result=0xffff88800dccaa00
             cat-863     [000] .....    14.500782: ovldiag_open: (ovl_open+0xb2/0x100 <- ovl_open_realfile) result=0xffff88800732ca00
              dd-864     [001] .....    14.500823: ovldiag_ensure: (ovl_write_iter+0xaf/0x1b0 <- ovl_ensure_upper_and_switch) result=0x0
              dd-864     [001] .....    14.500840: ovldiag_write: (ovl_write_iter+0x136/0x1b0 <- backing_file_write_iter) result=0x1000
              dd-862     [001] .....    14.501493: ovldiag_open: (ovl_open+0xb2/0x100 <- ovl_open_realfile) result=0xffff88800de43100
              dd-862     [001] .....    14.501517: ovldiag_ensure: (ovl_write_iter+0xaf/0x1b0 <- ovl_ensure_upper_and_switch) result=0x0
              dd-862     [001] .....    14.501528: ovldiag_write: (ovl_write_iter+0x136/0x1b0 <- backing_file_write_iter) result=0x1000
             cat-869     [000] .....    14.504566: ovldiag_open: (ovl_open+0xb2/0x100 <- ovl_open_realfile) result=0xffff88800dda4000
             cat-870     [001] .....    14.506986: ovldiag_open: (ovl_open+0xb2/0x100 <- ovl_open_realfile) result=0xffff88800716a800
              dd-871     [000] .....    14.507152: ovldiag_open: (ovl_open+0xb2/0x100 <- ovl_open_realfile) result=0xffff888004355800
              dd-871     [000] .....    14.507191: ovldiag_ensure: (ovl_write_iter+0xaf/0x1b0 <- ovl_ensure_upper_and_switch) result=0x0
              dd-871     [000] .....    14.507207: ovldiag_write: (ovl_write_iter+0x136/0x1b0 <- backing_file_write_iter) result=0x1000
              dd-876     [001] .....    14.508795: ovldiag_open: (ovl_open+0xb2/0x100 <- ovl_open_realfile) result=0xffff88800702ae00
              dd-876     [001] .....    14.508838: ovldiag_ensure: (ovl_write_iter+0xaf/0x1b0 <- ovl_ensure_upper_and_switch) result=0x0
              dd-876     [001] .....    14.508855: ovldiag_write: (ovl_write_iter+0x136/0x1b0 <- backing_file_write_iter) result=0x1000
             cat-881     [001] .....    14.512048: ovldiag_open: (ovl_open+0xb2/0x100 <- ovl_open_realfile) result=0xffff888007105600
             cat-882     [000] .....    14.512958: ovldiag_open: (ovl_open+0xb2/0x100 <- ovl_open_realfile) result=0xffff88800caec800
              dd-885     [000] .....    14.514754: ovldiag_open: (ovl_open+0xb2/0x100 <- ovl_open_realfile) result=0xffff88800c9eaa00
              dd-885     [000] .....    14.514784: ovldiag_ensure: (ovl_write_iter+0xaf/0x1b0 <- ovl_ensure_upper_and_switch) result=0x0
              dd-885     [000] .....    14.514836: ovldiag_write: (ovl_write_iter+0x136/0x1b0 <- backing_file_write_iter) result=0x1000
             cat-888     [000] .....    14.516265: ovldiag_open: (ovl_open+0xb2/0x100 <- ovl_open_realfile) result=0xffff888003f6ae00
              dd-886     [001] .....    14.518226: ovldiag_open: (ovl_open+0xb2/0x100 <- ovl_open_realfile) result=0xffff888007154a00
              dd-886     [001] .....    14.518254: ovldiag_ensure: (ovl_write_iter+0xaf/0x1b0 <- ovl_ensure_upper_and_switch) result=0x0
              dd-886     [001] .....    14.518271: ovldiag_write: (ovl_write_iter+0x136/0x1b0 <- backing_file_write_iter) result=0x1000
             cat-892     [001] .....    14.519441: ovldiag_open: (ovl_open+0xb2/0x100 <- ovl_open_realfile) result=0xffff88800dcd8700
              dd-896     [000] .....    14.521866: ovldiag_open: (ovl_open+0xb2/0x100 <- ovl_open_realfile) result=0xffff88800717bd00
              dd-896     [000] .....    14.521895: ovldiag_ensure: (ovl_write_iter+0xaf/0x1b0 <- ovl_ensure_upper_and_switch) result=0x0
              dd-896     [000] .....    14.521911: ovldiag_write: (ovl_write_iter+0x136/0x1b0 <- backing_file_write_iter) result=0x1000
              dd-899     [000] .....    14.523231: ovldiag_open: (ovl_open+0xb2/0x100 <- ovl_open_realfile) result=0xffff888007168c00
              dd-899     [000] .....    14.523261: ovldiag_ensure: (ovl_write_iter+0xaf/0x1b0 <- ovl_ensure_upper_and_switch) result=0x0
              dd-899     [000] .....    14.523276: ovldiag_write: (ovl_write_iter+0x136/0x1b0 <- backing_file_write_iter) result=0x1000
             cat-900     [001] .....    14.524243: ovldiag_open: (ovl_open+0xb2/0x100 <- ovl_open_realfile) result=0xffff8880073c5800
             cat-903     [000] .....    14.525551: ovldiag_open: (ovl_open+0xb2/0x100 <- ovl_open_realfile) result=0xffff88800de9b700
             cat-907     [001] .....    14.528586: ovldiag_open: (ovl_open+0xb2/0x100 <- ovl_open_realfile) result=0xffff8880071e9b00
             cat-906     [001] .....    14.529280: ovldiag_open: (ovl_open+0xb2/0x100 <- ovl_open_realfile) result=0xffff88800c853f00
              dd-908     [000] .....    14.530224: ovldiag_open: (ovl_open+0xb2/0x100 <- ovl_open_realfile) result=0xffff88800c91f200
              dd-908     [000] .....    14.530261: ovldiag_ensure: (ovl_write_iter+0xaf/0x1b0 <- ovl_ensure_upper_and_switch) result=0x0
              dd-908     [000] .....    14.530276: ovldiag_write: (ovl_write_iter+0x136/0x1b0 <- backing_file_write_iter) result=0x1000
              dd-913     [000] .....    14.532545: ovldiag_open: (ovl_open+0xb2/0x100 <- ovl_open_realfile) result=0xffff88800702a500
              dd-913     [000] .....    14.532572: ovldiag_ensure: (ovl_write_iter+0xaf/0x1b0 <- ovl_ensure_upper_and_switch) result=0x0
              dd-913     [000] .....    14.532587: ovldiag_write: (ovl_write_iter+0x136/0x1b0 <- backing_file_write_iter) result=0x1000
             cat-917     [000] .....    14.534625: ovldiag_open: (ovl_open+0xb2/0x100 <- ovl_open_realfile) result=0xffff88800ca3b800
              dd-918     [001] .....    14.536315: ovldiag_open: (ovl_open+0xb2/0x100 <- ovl_open_realfile) result=0xffff88800cb9c700
              dd-918     [001] .....    14.536353: ovldiag_ensure: (ovl_write_iter+0xaf/0x1b0 <- ovl_ensure_upper_and_switch) result=0x0
              dd-918     [001] .....    14.536369: ovldiag_write: (ovl_write_iter+0x136/0x1b0 <- backing_file_write_iter) result=0x1000
             cat-920     [000] .....    14.536724: ovldiag_open: (ovl_open+0xb2/0x100 <- ovl_open_realfile) result=0xffff8880070ce900
              dd-919     [000] .....    14.537434: ovldiag_open: (ovl_open+0xb2/0x100 <- ovl_open_realfile) result=0xffff88800ddbc300
              dd-919     [000] .....    14.537464: ovldiag_ensure: (ovl_write_iter+0xaf/0x1b0 <- ovl_ensure_upper_and_switch) result=0x0
              dd-919     [000] .....    14.537476: ovldiag_write: (ovl_write_iter+0x136/0x1b0 <- backing_file_write_iter) result=0x1000
             cat-926     [000] .....    14.541261: ovldiag_open: (ovl_open+0xb2/0x100 <- ovl_open_realfile) result=0xffff88800c91f300
             cat-928     [001] .....    14.543191: ovldiag_open: (ovl_open+0xb2/0x100 <- ovl_open_realfile) result=0xffff88800702a100
              dd-930     [000] .....    14.544345: ovldiag_open: (ovl_open+0xb2/0x100 <- ovl_open_realfile) result=0xffff88800dcf4a00
              dd-930     [000] .....    14.544387: ovldiag_ensure: (ovl_write_iter+0xaf/0x1b0 <- ovl_ensure_upper_and_switch) result=0x0
              dd-930     [000] .....    14.544402: ovldiag_write: (ovl_write_iter+0x136/0x1b0 <- backing_file_write_iter) result=0x1000
              dd-933     [001] .....    14.545326: ovldiag_open: (ovl_open+0xb2/0x100 <- ovl_open_realfile) result=0xffff888007154500
              dd-933     [001] .....    14.545354: ovldiag_ensure: (ovl_write_iter+0xaf/0x1b0 <- ovl_ensure_upper_and_switch) result=0x0
              dd-933     [001] .....    14.545370: ovldiag_write: (ovl_write_iter+0x136/0x1b0 <- backing_file_write_iter) result=0x1000
             cat-936     [001] .....    14.547641: ovldiag_open: (ovl_open+0xb2/0x100 <- ovl_open_realfile) result=0xffff8880070ce300
             cat-938     [000] .....    14.548998: ovldiag_open: (ovl_open+0xb2/0x100 <- ovl_open_realfile) result=0xffff88800debaf00
              dd-940     [001] .....    14.549724: ovldiag_open: (ovl_open+0xb2/0x100 <- ovl_open_realfile) result=0xffff88800866b000
              dd-940     [001] .....    14.549754: ovldiag_ensure: (ovl_write_iter+0xaf/0x1b0 <- ovl_ensure_upper_and_switch) result=0x0
              dd-940     [001] .....    14.549771: ovldiag_write: (ovl_write_iter+0x136/0x1b0 <- backing_file_write_iter) result=0x1000
             cat-943     [000] .....    14.551641: ovldiag_open: (ovl_open+0xb2/0x100 <- ovl_open_realfile) result=0xffff888007105a00
              dd-942     [001] .....    14.552038: ovldiag_open: (ovl_open+0xb2/0x100 <- ovl_open_realfile) result=0xffff88800a335100
              dd-942     [001] .....    14.552069: ovldiag_ensure: (ovl_write_iter+0xaf/0x1b0 <- ovl_ensure_upper_and_switch) result=0x0
              dd-942     [001] .....    14.552090: ovldiag_write: (ovl_write_iter+0x136/0x1b0 <- backing_file_write_iter) result=0x1000
             cat-948     [000] .....    14.555230: ovldiag_open: (ovl_open+0xb2/0x100 <- ovl_open_realfile) result=0xffff88800ddc2600
              dd-953     [000] .....    14.559305: ovldiag_open: (ovl_open+0xb2/0x100 <- ovl_open_realfile) result=0xffff888007171c00
              dd-953     [000] .....    14.559333: ovldiag_ensure: (ovl_write_iter+0xaf/0x1b0 <- ovl_ensure_upper_and_switch) result=0x0
              dd-953     [000] .....    14.559349: ovldiag_write: (ovl_write_iter+0x136/0x1b0 <- backing_file_write_iter) result=0x1000
              dd-954     [001] .....    14.559991: ovldiag_open: (ovl_open+0xb2/0x100 <- ovl_open_realfile) result=0xffff88800ddc2700
              dd-954     [001] .....    14.560030: ovldiag_ensure: (ovl_write_iter+0xaf/0x1b0 <- ovl_ensure_upper_and_switch) result=0x0
              dd-954     [001] .....    14.560046: ovldiag_write: (ovl_write_iter+0x136/0x1b0 <- backing_file_write_iter) result=0x1000
             cat-955     [000] .....    14.561305: ovldiag_open: (ovl_open+0xb2/0x100 <- ovl_open_realfile) result=0xffff88800732a000
             cat-960     [001] .....    14.562848: ovldiag_open: (ovl_open+0xb2/0x100 <- ovl_open_realfile) result=0xffff88800dc03800
             cat-958     [000] .....    14.563679: ovldiag_open: (ovl_open+0xb2/0x100 <- ovl_open_realfile) result=0xffff88800deb3400
              dd-965     [001] .....    14.565691: ovldiag_open: (ovl_open+0xb2/0x100 <- ovl_open_realfile) result=0xffff888004355300
              dd-965     [001] .....    14.565721: ovldiag_ensure: (ovl_write_iter+0xaf/0x1b0 <- ovl_ensure_upper_and_switch) result=0x0
              dd-965     [001] .....    14.565740: ovldiag_write: (ovl_write_iter+0x136/0x1b0 <- backing_file_write_iter) result=0x1000
             cat-964     [000] .....    14.566944: ovldiag_open: (ovl_open+0xb2/0x100 <- ovl_open_realfile) result=0xffff88800de2ae00
              dd-969     [000] .....    14.568754: ovldiag_open: (ovl_open+0xb2/0x100 <- ovl_open_realfile) result=0xffff88800deb3c00
              dd-969     [000] .....    14.568781: ovldiag_ensure: (ovl_write_iter+0xaf/0x1b0 <- ovl_ensure_upper_and_switch) result=0x0
              dd-969     [000] .....    14.568796: ovldiag_write: (ovl_write_iter+0x136/0x1b0 <- backing_file_write_iter) result=0x1000
             cat-971     [000] .....    14.570500: ovldiag_open: (ovl_open+0xb2/0x100 <- ovl_open_realfile) result=0xffff888007168100
              dd-975     [000] .....    14.572535: ovldiag_open: (ovl_open+0xb2/0x100 <- ovl_open_realfile) result=0xffff888004355b00
              dd-975     [000] .....    14.572562: ovldiag_ensure: (ovl_write_iter+0xaf/0x1b0 <- ovl_ensure_upper_and_switch) result=0x0
              dd-975     [000] .....    14.572587: ovldiag_write: (ovl_write_iter+0x136/0x1b0 <- backing_file_write_iter) result=0x1000
              dd-974     [001] .....    14.572611: ovldiag_open: (ovl_open+0xb2/0x100 <- ovl_open_realfile) result=0xffff88800717bf00
              dd-974     [001] .....    14.572642: ovldiag_ensure: (ovl_write_iter+0xaf/0x1b0 <- ovl_ensure_upper_and_switch) result=0x0
              dd-974     [001] .....    14.572660: ovldiag_write: (ovl_write_iter+0x136/0x1b0 <- backing_file_write_iter) result=0x1000
             cat-979     [001] .....    14.575398: ovldiag_open: (ovl_open+0xb2/0x100 <- ovl_open_realfile) result=0xffff88800dceb300
             cat-981     [001] .....    14.576854: ovldiag_open: (ovl_open+0xb2/0x100 <- ovl_open_realfile) result=0xffff888004355900
             cat-983     [000] .....    14.578876: ovldiag_open: (ovl_open+0xb2/0x100 <- ovl_open_realfile) result=0xffff888007105c00
              dd-986     [000] .....    14.581341: ovldiag_open: (ovl_open+0xb2/0x100 <- ovl_open_realfile) result=0xffff888007377c00
              dd-986     [000] .....    14.581372: ovldiag_ensure: (ovl_write_iter+0xaf/0x1b0 <- ovl_ensure_upper_and_switch) result=0x0
              dd-986     [000] .....    14.581390: ovldiag_write: (ovl_write_iter+0x136/0x1b0 <- backing_file_write_iter) result=0x1000
             cat-991     [000] .....    14.582938: ovldiag_open: (ovl_open+0xb2/0x100 <- ovl_open_realfile) result=0xffff88800ca67500
              dd-992     [001] .....    14.583996: ovldiag_open: (ovl_open+0xb2/0x100 <- ovl_open_realfile) result=0xffff88800dc83300
              dd-992     [001] .....    14.584035: ovldiag_ensure: (ovl_write_iter+0xaf/0x1b0 <- ovl_ensure_upper_and_switch) result=0x0
              dd-992     [001] .....    14.584052: ovldiag_write: (ovl_write_iter+0x136/0x1b0 <- backing_file_write_iter) result=0x1000
              dd-995     [001] .....    14.585518: ovldiag_open: (ovl_open+0xb2/0x100 <- ovl_open_realfile) result=0xffff888007167900
              dd-995     [001] .....    14.585545: ovldiag_ensure: (ovl_write_iter+0xaf/0x1b0 <- ovl_ensure_upper_and_switch) result=0x0
              dd-995     [001] .....    14.585560: ovldiag_write: (ovl_write_iter+0x136/0x1b0 <- backing_file_write_iter) result=0x1000
             cat-996     [000] .....    14.586499: ovldiag_open: (ovl_open+0xb2/0x100 <- ovl_open_realfile) result=0xffff8880046d6f00
              dd-999     [001] .....    14.587988: ovldiag_open: (ovl_open+0xb2/0x100 <- ovl_open_realfile) result=0xffff8880070d2300
              dd-999     [001] .....    14.588016: ovldiag_ensure: (ovl_write_iter+0xaf/0x1b0 <- ovl_ensure_upper_and_switch) result=0x0
              dd-999     [001] .....    14.588032: ovldiag_write: (ovl_write_iter+0x136/0x1b0 <- backing_file_write_iter) result=0x1000
             cat-1000    [000] .....    14.588958: ovldiag_open: (ovl_open+0xb2/0x100 <- ovl_open_realfile) result=0xffff888004355000
             cat-1004    [000] .....    14.591289: ovldiag_open: (ovl_open+0xb2/0x100 <- ovl_open_realfile) result=0xffff88800de0cc00
             cat-1009    [000] .....    14.594436: ovldiag_open: (ovl_open+0xb2/0x100 <- ovl_open_realfile) result=0xffff88800716af00
              dd-1008    [001] .....    14.594887: ovldiag_open: (ovl_open+0xb2/0x100 <- ovl_open_realfile) result=0xffff88800dd7cf00
              dd-1008    [001] .....    14.594918: ovldiag_ensure: (ovl_write_iter+0xaf/0x1b0 <- ovl_ensure_upper_and_switch) result=0x0
              dd-1008    [001] .....    14.594945: ovldiag_write: (ovl_write_iter+0x136/0x1b0 <- backing_file_write_iter) result=0x1000
              dd-1014    [001] .....    14.597344: ovldiag_open: (ovl_open+0xb2/0x100 <- ovl_open_realfile) result=0xffff888004355200
              dd-1014    [001] .....    14.597374: ovldiag_ensure: (ovl_write_iter+0xaf/0x1b0 <- ovl_ensure_upper_and_switch) result=0x0
              dd-1014    [001] .....    14.597389: ovldiag_write: (ovl_write_iter+0x136/0x1b0 <- backing_file_write_iter) result=0x1000
             cat-1015    [001] .....    14.598386: ovldiag_open: (ovl_open+0xb2/0x100 <- ovl_open_realfile) result=0xffff8880047ec600
             cat-1017    [000] .....    14.598864: ovldiag_open: (ovl_open+0xb2/0x100 <- ovl_open_realfile) result=0xffff88800ca1f900
              dd-1016    [001] .....    14.599441: ovldiag_open: (ovl_open+0xb2/0x100 <- ovl_open_realfile) result=0xffff88800de7c600
              dd-1016    [001] .....    14.599470: ovldiag_ensure: (ovl_write_iter+0xaf/0x1b0 <- ovl_ensure_upper_and_switch) result=0x0
              dd-1016    [001] .....    14.599485: ovldiag_write: (ovl_write_iter+0x136/0x1b0 <- backing_file_write_iter) result=0x1000
              dd-1023    [000] .....    14.602556: ovldiag_open: (ovl_open+0xb2/0x100 <- ovl_open_realfile) result=0xffff88800de93300
              dd-1023    [000] .....    14.602586: ovldiag_ensure: (ovl_write_iter+0xaf/0x1b0 <- ovl_ensure_upper_and_switch) result=0x0
              dd-1023    [000] .....    14.602602: ovldiag_write: (ovl_write_iter+0x136/0x1b0 <- backing_file_write_iter) result=0x1000
             cat-1024    [000] .....    14.604287: ovldiag_open: (ovl_open+0xb2/0x100 <- ovl_open_realfile) result=0xffff88800dd7c200
             cat-1027    [001] .....    14.604883: ovldiag_open: (ovl_open+0xb2/0x100 <- ovl_open_realfile) result=0xffff8880070d2300
              dd-1031    [001] .....    14.608166: ovldiag_open: (ovl_open+0xb2/0x100 <- ovl_open_realfile) result=0xffff888007167700
              dd-1031    [001] .....    14.608207: ovldiag_ensure: (ovl_write_iter+0xaf/0x1b0 <- ovl_ensure_upper_and_switch) result=0x0
              dd-1031    [001] .....    14.608223: ovldiag_write: (ovl_write_iter+0x136/0x1b0 <- backing_file_write_iter) result=0x1000
             cat-1034    [000] .....    14.609449: ovldiag_open: (ovl_open+0xb2/0x100 <- ovl_open_realfile) result=0xffff888006210f00
             cat-1035    [001] .....    14.610523: ovldiag_open: (ovl_open+0xb2/0x100 <- ovl_open_realfile) result=0xffff888008411e00
              dd-1039    [000] .....    14.612987: ovldiag_open: (ovl_open+0xb2/0x100 <- ovl_open_realfile) result=0xffff88800de50200
              dd-1039    [000] .....    14.613016: ovldiag_ensure: (ovl_write_iter+0xaf/0x1b0 <- ovl_ensure_upper_and_switch) result=0x0
              dd-1039    [000] .....    14.613032: ovldiag_write: (ovl_write_iter+0x136/0x1b0 <- backing_file_write_iter) result=0x1000
             cat-1042    [000] .....    14.614321: ovldiag_open: (ovl_open+0xb2/0x100 <- ovl_open_realfile) result=0xffff88800ded6800
             cat-1044    [001] .....    14.616205: ovldiag_open: (ovl_open+0xb2/0x100 <- ovl_open_realfile) result=0xffff888007105b00
              dd-1045    [000] .....    14.616903: ovldiag_open: (ovl_open+0xb2/0x100 <- ovl_open_realfile) result=0xffff88800de0d000
              dd-1045    [000] .....    14.616930: ovldiag_ensure: (ovl_write_iter+0xaf/0x1b0 <- ovl_ensure_upper_and_switch) result=0x0
              dd-1045    [000] .....    14.616946: ovldiag_write: (ovl_write_iter+0x136/0x1b0 <- backing_file_write_iter) result=0x1000
              dd-1047    [001] .....    14.618736: ovldiag_open: (ovl_open+0xb2/0x100 <- ovl_open_realfile) result=0xffff8880070cef00
              dd-1047    [001] .....    14.618765: ovldiag_ensure: (ovl_write_iter+0xaf/0x1b0 <- ovl_ensure_upper_and_switch) result=0x0
              dd-1047    [001] .....    14.618784: ovldiag_write: (ovl_write_iter+0x136/0x1b0 <- backing_file_write_iter) result=0x1000
              dd-1052    [000] .....    14.621439: ovldiag_open: (ovl_open+0xb2/0x100 <- ovl_open_realfile) result=0xffff88800ded6500
             cat-1053    [001] .....    14.621466: ovldiag_open: (ovl_open+0xb2/0x100 <- ovl_open_realfile) result=0xffff888007171b00
              dd-1052    [000] .....    14.621470: ovldiag_ensure: (ovl_write_iter+0xaf/0x1b0 <- ovl_ensure_upper_and_switch) result=0x0
              dd-1052    [000] .....    14.621485: ovldiag_write: (ovl_write_iter+0x136/0x1b0 <- backing_file_write_iter) result=0x1000
             cat-1054    [001] .....    14.623458: ovldiag_open: (ovl_open+0xb2/0x100 <- ovl_open_realfile) result=0xffff8880047f0500
             cat-1059    [000] .....    14.625147: ovldiag_open: (ovl_open+0xb2/0x100 <- ovl_open_realfile) result=0xffff888004613e00
             cat-1061    [000] .....    14.626629: ovldiag_open: (ovl_open+0xb2/0x100 <- ovl_open_realfile) result=0xffff888007377000
              dd-1060    [001] .....    14.626790: ovldiag_open: (ovl_open+0xb2/0x100 <- ovl_open_realfile) result=0xffff8880047ec700
              dd-1060    [001] .....    14.626851: ovldiag_ensure: (ovl_write_iter+0xaf/0x1b0 <- ovl_ensure_upper_and_switch) result=0x0
              dd-1060    [001] .....    14.626868: ovldiag_write: (ovl_write_iter+0x136/0x1b0 <- backing_file_write_iter) result=0x1000
             cat-1068    [000] .....    14.631231: ovldiag_open: (ovl_open+0xb2/0x100 <- ovl_open_realfile) result=0xffff8880070d2200
              dd-1069    [001] .....    14.631715: ovldiag_open: (ovl_open+0xb2/0x100 <- ovl_open_realfile) result=0xffff888007377200
              dd-1069    [001] .....    14.631744: ovldiag_ensure: (ovl_write_iter+0xaf/0x1b0 <- ovl_ensure_upper_and_switch) result=0x0
              dd-1069    [001] .....    14.631760: ovldiag_write: (ovl_write_iter+0x136/0x1b0 <- backing_file_write_iter) result=0x1000
              dd-1070    [000] .....    14.632772: ovldiag_open: (ovl_open+0xb2/0x100 <- ovl_open_realfile) result=0xffff88800723a600
              dd-1070    [000] .....    14.632829: ovldiag_ensure: (ovl_write_iter+0xaf/0x1b0 <- ovl_ensure_upper_and_switch) result=0x0
              dd-1070    [000] .....    14.632845: ovldiag_write: (ovl_write_iter+0x136/0x1b0 <- backing_file_write_iter) result=0x1000
              dd-1073    [001] .....    14.634121: ovldiag_open: (ovl_open+0xb2/0x100 <- ovl_open_realfile) result=0xffff88800dca8200
              dd-1073    [001] .....    14.634151: ovldiag_ensure: (ovl_write_iter+0xaf/0x1b0 <- ovl_ensure_upper_and_switch) result=0x0
              dd-1073    [001] .....    14.634169: ovldiag_write: (ovl_write_iter+0x136/0x1b0 <- backing_file_write_iter) result=0x1000
             cat-1077    [001] .....    14.635831: ovldiag_open: (ovl_open+0xb2/0x100 <- ovl_open_realfile) result=0xffff8880086ddd00
             cat-1078    [001] .....    14.636895: ovldiag_open: (ovl_open+0xb2/0x100 <- ovl_open_realfile) result=0xffff88800cb17800
             cat-1079    [000] .....    14.638319: ovldiag_open: (ovl_open+0xb2/0x100 <- ovl_open_realfile) result=0xffff88800dc2b400
              dd-1085    [000] .....    14.642028: ovldiag_open: (ovl_open+0xb2/0x100 <- ovl_open_realfile) result=0xffff8880062a2700
              dd-1085    [000] .....    14.642059: ovldiag_ensure: (ovl_write_iter+0xaf/0x1b0 <- ovl_ensure_upper_and_switch) result=0x0
              dd-1085    [000] .....    14.642074: ovldiag_write: (ovl_write_iter+0x136/0x1b0 <- backing_file_write_iter) result=0x1000
             cat-1088    [000] .....    14.643377: ovldiag_open: (ovl_open+0xb2/0x100 <- ovl_open_realfile) result=0xffff88800de8e600
              dd-1089    [000] .....    14.644677: ovldiag_open: (ovl_open+0xb2/0x100 <- ovl_open_realfile) result=0xffff888004355700
              dd-1089    [000] .....    14.644706: ovldiag_ensure: (ovl_write_iter+0xaf/0x1b0 <- ovl_ensure_upper_and_switch) result=0x0
              dd-1089    [000] .....    14.644722: ovldiag_write: (ovl_write_iter+0x136/0x1b0 <- backing_file_write_iter) result=0x1000
             cat-1092    [000] .....    14.646197: ovldiag_open: (ovl_open+0xb2/0x100 <- ovl_open_realfile) result=0xffff88800702aa00
             cat-1095    [000] .....    14.647902: ovldiag_open: (ovl_open+0xb2/0x100 <- ovl_open_realfile) result=0xffff88800de00900
             cat-1097    [001] .....    14.649568: ovldiag_open: (ovl_open+0xb2/0x100 <- ovl_open_realfile) result=0xffff88800dc70f00
              dd-1100    [001] .....    14.650604: ovldiag_open: (ovl_open+0xb2/0x100 <- ovl_open_realfile) result=0xffff88800dc2df00
              dd-1100    [001] .....    14.650632: ovldiag_ensure: (ovl_write_iter+0xaf/0x1b0 <- ovl_ensure_upper_and_switch) result=0x0
              dd-1100    [001] .....    14.650649: ovldiag_write: (ovl_write_iter+0x136/0x1b0 <- backing_file_write_iter) result=0x1000
              dd-1096    [000] .....    14.650751: ovldiag_open: (ovl_open+0xb2/0x100 <- ovl_open_realfile) result=0xffff88800dc6ab00
              dd-1096    [000] .....    14.650781: ovldiag_ensure: (ovl_write_iter+0xaf/0x1b0 <- ovl_ensure_upper_and_switch) result=0x0
              dd-1096    [000] .....    14.650797: ovldiag_write: (ovl_write_iter+0x136/0x1b0 <- backing_file_write_iter) result=0x1000
             cat-1106    [001] .....    14.654861: ovldiag_open: (ovl_open+0xb2/0x100 <- ovl_open_realfile) result=0xffff88800723ae00
              dd-1107    [000] .....    14.655567: ovldiag_open: (ovl_open+0xb2/0x100 <- ovl_open_realfile) result=0xffff8880086dda00
              dd-1107    [000] .....    14.655594: ovldiag_ensure: (ovl_write_iter+0xaf/0x1b0 <- ovl_ensure_upper_and_switch) result=0x0
              dd-1107    [000] .....    14.655610: ovldiag_write: (ovl_write_iter+0x136/0x1b0 <- backing_file_write_iter) result=0x1000
             cat-1111    [000] .....    14.658020: ovldiag_open: (ovl_open+0xb2/0x100 <- ovl_open_realfile) result=0xffff88800de0d300
              dd-1112    [001] .....    14.658648: ovldiag_open: (ovl_open+0xb2/0x100 <- ovl_open_realfile) result=0xffff88800dd78800
              dd-1112    [001] .....    14.658676: ovldiag_ensure: (ovl_write_iter+0xaf/0x1b0 <- ovl_ensure_upper_and_switch) result=0x0
              dd-1112    [001] .....    14.658693: ovldiag_write: (ovl_write_iter+0x136/0x1b0 <- backing_file_write_iter) result=0x1000
             cat-1117    [000] .....    14.661070: ovldiag_open: (ovl_open+0xb2/0x100 <- ovl_open_realfile) result=0xffff88800ddc7b00
             cat-1116    [001] .....    14.661737: ovldiag_open: (ovl_open+0xb2/0x100 <- ovl_open_realfile) result=0xffff8880046d6900
              dd-1124    [000] .....    14.665263: ovldiag_open: (ovl_open+0xb2/0x100 <- ovl_open_realfile) result=0xffff88800451bd00
              dd-1124    [000] .....    14.665293: ovldiag_ensure: (ovl_write_iter+0xaf/0x1b0 <- ovl_ensure_upper_and_switch) result=0x0
              dd-1124    [000] .....    14.665309: ovldiag_write: (ovl_write_iter+0x136/0x1b0 <- backing_file_write_iter) result=0x1000
              dd-1123    [001] .....    14.665688: ovldiag_open: (ovl_open+0xb2/0x100 <- ovl_open_realfile) result=0xffff88800842a700
              dd-1123    [001] .....    14.665716: ovldiag_ensure: (ovl_write_iter+0xaf/0x1b0 <- ovl_ensure_upper_and_switch) result=0x0
              dd-1123    [001] .....    14.665732: ovldiag_write: (ovl_write_iter+0x136/0x1b0 <- backing_file_write_iter) result=0x1000
             cat-1121    [001] .....    14.666407: ovldiag_open: (ovl_open+0xb2/0x100 <- ovl_open_realfile) result=0xffff88800dd61b00
             cat-1129    [000] .....    14.668116: ovldiag_open: (ovl_open+0xb2/0x100 <- ovl_open_realfile) result=0xffff888004355600
              dd-1128    [000] .....    14.669451: ovldiag_open: (ovl_open+0xb2/0x100 <- ovl_open_realfile) result=0xffff888007168d00
              dd-1128    [000] .....    14.669477: ovldiag_ensure: (ovl_write_iter+0xaf/0x1b0 <- ovl_ensure_upper_and_switch) result=0x0
              dd-1128    [000] .....    14.669494: ovldiag_write: (ovl_write_iter+0x136/0x1b0 <- backing_file_write_iter) result=0x1000
             cat-1131    [000] .....    14.670609: ovldiag_open: (ovl_open+0xb2/0x100 <- ovl_open_realfile) result=0xffff88800dcc7100
              dd-1134    [001] .....    14.671527: ovldiag_open: (ovl_open+0xb2/0x100 <- ovl_open_realfile) result=0xffff88800ddd3000
              dd-1134    [001] .....    14.671559: ovldiag_ensure: (ovl_write_iter+0xaf/0x1b0 <- ovl_ensure_upper_and_switch) result=0x0
              dd-1134    [001] .....    14.671575: ovldiag_write: (ovl_write_iter+0x136/0x1b0 <- backing_file_write_iter) result=0x1000
             cat-1135    [001] .....    14.672524: ovldiag_open: (ovl_open+0xb2/0x100 <- ovl_open_realfile) result=0xffff88800dd9c700
             cat-1141    [001] .....    14.677190: ovldiag_open: (ovl_open+0xb2/0x100 <- ovl_open_realfile) result=0xffff888007154a00
              dd-1143    [000] .....    14.677621: ovldiag_open: (ovl_open+0xb2/0x100 <- ovl_open_realfile) result=0xffff88800451bf00
              dd-1143    [000] .....    14.677652: ovldiag_ensure: (ovl_write_iter+0xaf/0x1b0 <- ovl_ensure_upper_and_switch) result=0x0
              dd-1143    [000] .....    14.677667: ovldiag_write: (ovl_write_iter+0x136/0x1b0 <- backing_file_write_iter) result=0x1000
              dd-1147    [000] .....    14.680011: ovldiag_open: (ovl_open+0xb2/0x100 <- ovl_open_realfile) result=0xffff88800dc3cd00
              dd-1147    [000] .....    14.680038: ovldiag_ensure: (ovl_write_iter+0xaf/0x1b0 <- ovl_ensure_upper_and_switch) result=0x0
              dd-1147    [000] .....    14.680053: ovldiag_write: (ovl_write_iter+0x136/0x1b0 <- backing_file_write_iter) result=0x1000
             cat-1149    [001] .....    14.681939: ovldiag_open: (ovl_open+0xb2/0x100 <- ovl_open_realfile) result=0xffff88800ddb8400
             cat-1150    [000] .....    14.682307: ovldiag_open: (ovl_open+0xb2/0x100 <- ovl_open_realfile) result=0xffff88800dc67200
             cat-1151    [000] .....    14.685001: ovldiag_open: (ovl_open+0xb2/0x100 <- ovl_open_realfile) result=0xffff888007377c00
             cat-1157    [001] .....    14.686507: ovldiag_open: (ovl_open+0xb2/0x100 <- ovl_open_realfile) result=0xffff88800dcf9600
              dd-1156    [000] .....    14.686727: ovldiag_open: (ovl_open+0xb2/0x100 <- ovl_open_realfile) result=0xffff88800cb11900
              dd-1156    [000] .....    14.686757: ovldiag_ensure: (ovl_write_iter+0xaf/0x1b0 <- ovl_ensure_upper_and_switch) result=0x0
              dd-1156    [000] .....    14.686772: ovldiag_write: (ovl_write_iter+0x136/0x1b0 <- backing_file_write_iter) result=0x1000
              dd-1154    [000] .....    14.688512: ovldiag_open: (ovl_open+0xb2/0x100 <- ovl_open_realfile) result=0xffff88800ca6e600
              dd-1154    [000] .....    14.688538: ovldiag_ensure: (ovl_write_iter+0xaf/0x1b0 <- ovl_ensure_upper_and_switch) result=0x0
              dd-1154    [000] .....    14.688554: ovldiag_write: (ovl_write_iter+0x136/0x1b0 <- backing_file_write_iter) result=0x1000
             cat-1164    [001] .....    14.691313: ovldiag_open: (ovl_open+0xb2/0x100 <- ovl_open_realfile) result=0xffff88800de11400
              dd-1165    [001] .....    14.692337: ovldiag_open: (ovl_open+0xb2/0x100 <- ovl_open_realfile) result=0xffff88800717bc00
              dd-1165    [001] .....    14.692364: ovldiag_ensure: (ovl_write_iter+0xaf/0x1b0 <- ovl_ensure_upper_and_switch) result=0x0
              dd-1165    [001] .....    14.692381: ovldiag_write: (ovl_write_iter+0x136/0x1b0 <- backing_file_write_iter) result=0x1000
              dd-1167    [000] .....    14.693172: ovldiag_open: (ovl_open+0xb2/0x100 <- ovl_open_realfile) result=0xffff88800ca6ea00
              dd-1167    [000] .....    14.693210: ovldiag_ensure: (ovl_write_iter+0xaf/0x1b0 <- ovl_ensure_upper_and_switch) result=0x0
              dd-1167    [000] .....    14.693226: ovldiag_write: (ovl_write_iter+0x136/0x1b0 <- backing_file_write_iter) result=0x1000
             cat-1172    [000] .....    14.695988: ovldiag_open: (ovl_open+0xb2/0x100 <- ovl_open_realfile) result=0xffff88800702a900
             cat-1173    [001] .....    14.696650: ovldiag_open: (ovl_open+0xb2/0x100 <- ovl_open_realfile) result=0xffff888003f6ae00
             cat-1176    [001] .....    14.699940: ovldiag_open: (ovl_open+0xb2/0x100 <- ovl_open_realfile) result=0xffff888007021b00
              dd-1179    [001] .....    14.700439: ovldiag_open: (ovl_open+0xb2/0x100 <- ovl_open_realfile) result=0xffff88800702aa00
              dd-1179    [001] .....    14.700466: ovldiag_ensure: (ovl_write_iter+0xaf/0x1b0 <- ovl_ensure_upper_and_switch) result=0x0
              dd-1179    [001] .....    14.700480: ovldiag_write: (ovl_write_iter+0x136/0x1b0 <- backing_file_write_iter) result=0x1000
              dd-1182    [001] .....    14.703028: ovldiag_open: (ovl_open+0xb2/0x100 <- ovl_open_realfile) result=0xffff8880086ddb00
              dd-1182    [001] .....    14.703059: ovldiag_ensure: (ovl_write_iter+0xaf/0x1b0 <- ovl_ensure_upper_and_switch) result=0x0
              dd-1182    [001] .....    14.703076: ovldiag_write: (ovl_write_iter+0x136/0x1b0 <- backing_file_write_iter) result=0x1000
             cat-1183    [000] .....    14.703738: ovldiag_open: (ovl_open+0xb2/0x100 <- ovl_open_realfile) result=0xffff88800cac0d00
             cat-1186    [000] .....    14.705121: ovldiag_open: (ovl_open+0xb2/0x100 <- ovl_open_realfile) result=0xffff8880070d2200
              dd-1188    [001] .....    14.706734: ovldiag_open: (ovl_open+0xb2/0x100 <- ovl_open_realfile) result=0xffff88800de30700
              dd-1188    [001] .....    14.706762: ovldiag_ensure: (ovl_write_iter+0xaf/0x1b0 <- ovl_ensure_upper_and_switch) result=0x0
              dd-1188    [001] .....    14.706778: ovldiag_write: (ovl_write_iter+0x136/0x1b0 <- backing_file_write_iter) result=0x1000
             cat-1190    [000] .....    14.707104: ovldiag_open: (ovl_open+0xb2/0x100 <- ovl_open_realfile) result=0xffff88800dd7d600
              dd-1189    [000] .....    14.707934: ovldiag_open: (ovl_open+0xb2/0x100 <- ovl_open_realfile) result=0xffff888007105400
              dd-1189    [000] .....    14.707963: ovldiag_ensure: (ovl_write_iter+0xaf/0x1b0 <- ovl_ensure_upper_and_switch) result=0x0
              dd-1189    [000] .....    14.707981: ovldiag_write: (ovl_write_iter+0x136/0x1b0 <- backing_file_write_iter) result=0x1000
             cat-1196    [000] .....    14.711969: ovldiag_open: (ovl_open+0xb2/0x100 <- ovl_open_realfile) result=0xffff88800de3bf00
              dd-1199    [001] .....    14.713096: ovldiag_open: (ovl_open+0xb2/0x100 <- ovl_open_realfile) result=0xffff88800723ae00
              dd-1199    [001] .....    14.713126: ovldiag_ensure: (ovl_write_iter+0xaf/0x1b0 <- ovl_ensure_upper_and_switch) result=0x0
              dd-1199    [001] .....    14.713142: ovldiag_write: (ovl_write_iter+0x136/0x1b0 <- backing_file_write_iter) result=0x1000
             cat-1203    [000] .....    14.715706: ovldiag_open: (ovl_open+0xb2/0x100 <- ovl_open_realfile) result=0xffff88800cb11200
              dd-1204    [001] .....    14.715843: ovldiag_open: (ovl_open+0xb2/0x100 <- ovl_open_realfile) result=0xffff888007154700
              dd-1204    [001] .....    14.715875: ovldiag_ensure: (ovl_write_iter+0xaf/0x1b0 <- ovl_ensure_upper_and_switch) result=0x0
              dd-1204    [001] .....    14.715892: ovldiag_write: (ovl_write_iter+0x136/0x1b0 <- backing_file_write_iter) result=0x1000
             cat-1207    [000] .....    14.718148: ovldiag_open: (ovl_open+0xb2/0x100 <- ovl_open_realfile) result=0xffff88800dd7d300
             cat-1210    [000] .....    14.719475: ovldiag_open: (ovl_open+0xb2/0x100 <- ovl_open_realfile) result=0xffff88800dd63b00
              dd-1212    [001] .....    14.722221: ovldiag_open: (ovl_open+0xb2/0x100 <- ovl_open_realfile) result=0xffff88800716a100
              dd-1212    [001] .....    14.722249: ovldiag_ensure: (ovl_write_iter+0xaf/0x1b0 <- ovl_ensure_upper_and_switch) result=0x0
              dd-1212    [001] .....    14.722266: ovldiag_write: (ovl_write_iter+0x136/0x1b0 <- backing_file_write_iter) result=0x1000
             cat-1214    [000] .....    14.723234: ovldiag_open: (ovl_open+0xb2/0x100 <- ovl_open_realfile) result=0xffff8880073c5500
              dd-1218    [001] .....    14.724884: ovldiag_open: (ovl_open+0xb2/0x100 <- ovl_open_realfile) result=0xffff88800ddb4a00
              dd-1218    [001] .....    14.724913: ovldiag_ensure: (ovl_write_iter+0xaf/0x1b0 <- ovl_ensure_upper_and_switch) result=0x0
              dd-1218    [001] .....    14.724930: ovldiag_write: (ovl_write_iter+0x136/0x1b0 <- backing_file_write_iter) result=0x1000
             cat-1219    [001] .....    14.726961: ovldiag_open: (ovl_open+0xb2/0x100 <- ovl_open_realfile) result=0xffff88800716ac00
              dd-1222    [000] .....    14.727029: ovldiag_open: (ovl_open+0xb2/0x100 <- ovl_open_realfile) result=0xffff8880070ce000
              dd-1222    [000] .....    14.727057: ovldiag_ensure: (ovl_write_iter+0xaf/0x1b0 <- ovl_ensure_upper_and_switch) result=0x0
              dd-1222    [000] .....    14.727072: ovldiag_write: (ovl_write_iter+0x136/0x1b0 <- backing_file_write_iter) result=0x1000
             cat-1225    [000] .....    14.728571: ovldiag_open: (ovl_open+0xb2/0x100 <- ovl_open_realfile) result=0xffff88800dd7dc00
              dd-1226    [000] .....    14.729588: ovldiag_open: (ovl_open+0xb2/0x100 <- ovl_open_realfile) result=0xffff88800a2ce400
              dd-1226    [000] .....    14.729617: ovldiag_ensure: (ovl_write_iter+0xaf/0x1b0 <- ovl_ensure_upper_and_switch) result=0x0
              dd-1226    [000] .....    14.729633: ovldiag_write: (ovl_write_iter+0x136/0x1b0 <- backing_file_write_iter) result=0x1000
             cat-1229    [001] .....    14.731583: ovldiag_open: (ovl_open+0xb2/0x100 <- ovl_open_realfile) result=0xffff88800cad4500
             cat-1231    [000] .....    14.733768: ovldiag_open: (ovl_open+0xb2/0x100 <- ovl_open_realfile) result=0xffff888004355000
              dd-1235    [001] .....    14.735563: ovldiag_open: (ovl_open+0xb2/0x100 <- ovl_open_realfile) result=0xffff888007154000
              dd-1235    [001] .....    14.735591: ovldiag_ensure: (ovl_write_iter+0xaf/0x1b0 <- ovl_ensure_upper_and_switch) result=0x0
              dd-1235    [001] .....    14.735609: ovldiag_write: (ovl_write_iter+0x136/0x1b0 <- backing_file_write_iter) result=0x1000
             cat-1239    [001] .....    14.738154: ovldiag_open: (ovl_open+0xb2/0x100 <- ovl_open_realfile) result=0xffff88800dd7d800
              dd-1240    [000] .....    14.738326: ovldiag_open: (ovl_open+0xb2/0x100 <- ovl_open_realfile) result=0xffff88800c99f400
              dd-1240    [000] .....    14.738355: ovldiag_ensure: (ovl_write_iter+0xaf/0x1b0 <- ovl_ensure_upper_and_switch) result=0x0
              dd-1240    [000] .....    14.738371: ovldiag_write: (ovl_write_iter+0x136/0x1b0 <- backing_file_write_iter) result=0x1000
              dd-1243    [000] .....    14.739874: ovldiag_open: (ovl_open+0xb2/0x100 <- ovl_open_realfile) result=0xffff88800cad4e00
              dd-1243    [000] .....    14.739902: ovldiag_ensure: (ovl_write_iter+0xaf/0x1b0 <- ovl_ensure_upper_and_switch) result=0x0
              dd-1243    [000] .....    14.739918: ovldiag_write: (ovl_write_iter+0x136/0x1b0 <- backing_file_write_iter) result=0x1000
             cat-1245    [001] .....    14.741780: ovldiag_open: (ovl_open+0xb2/0x100 <- ovl_open_realfile) result=0xffff88800a2bab00
             cat-1246    [000] .....    14.742426: ovldiag_open: (ovl_open+0xb2/0x100 <- ovl_open_realfile) result=0xffff88800dc8b000
             cat-1249    [000] .....    14.745490: ovldiag_open: (ovl_open+0xb2/0x100 <- ovl_open_realfile) result=0xffff88800cba9100
              dd-1252    [000] .....    14.746585: ovldiag_open: (ovl_open+0xb2/0x100 <- ovl_open_realfile) result=0xffff88800716fc00
              dd-1252    [000] .....    14.746614: ovldiag_ensure: (ovl_write_iter+0xaf/0x1b0 <- ovl_ensure_upper_and_switch) result=0x0
              dd-1252    [000] .....    14.746627: ovldiag_write: (ovl_write_iter+0x136/0x1b0 <- backing_file_write_iter) result=0x1000
             cat-1258    [001] .....    14.749161: ovldiag_open: (ovl_open+0xb2/0x100 <- ovl_open_realfile) result=0xffff88800ca0f000
              dd-1257    [000] .....    14.749699: ovldiag_open: (ovl_open+0xb2/0x100 <- ovl_open_realfile) result=0xffff88800de7f400
              dd-1257    [000] .....    14.749727: ovldiag_ensure: (ovl_write_iter+0xaf/0x1b0 <- ovl_ensure_upper_and_switch) result=0x0
              dd-1257    [000] .....    14.749742: ovldiag_write: (ovl_write_iter+0x136/0x1b0 <- backing_file_write_iter) result=0x1000
             cat-1262    [001] .....    14.752700: ovldiag_open: (ovl_open+0xb2/0x100 <- ovl_open_realfile) result=0xffff88800842af00
              dd-1264    [000] .....    14.752951: ovldiag_open: (ovl_open+0xb2/0x100 <- ovl_open_realfile) result=0xffff88800cb16400
              dd-1264    [000] .....    14.752978: ovldiag_ensure: (ovl_write_iter+0xaf/0x1b0 <- ovl_ensure_upper_and_switch) result=0x0
              dd-1264    [000] .....    14.752993: ovldiag_write: (ovl_write_iter+0x136/0x1b0 <- backing_file_write_iter) result=0x1000
              dd-1263    [000] .....    14.753451: ovldiag_open: (ovl_open+0xb2/0x100 <- ovl_open_realfile) result=0xffff8880046d6500
              dd-1263    [000] .....    14.753477: ovldiag_ensure: (ovl_write_iter+0xaf/0x1b0 <- ovl_ensure_upper_and_switch) result=0x0
              dd-1263    [000] .....    14.753486: ovldiag_write: (ovl_write_iter+0x136/0x1b0 <- backing_file_write_iter) result=0x1000
             cat-1265    [001] .....    14.755489: ovldiag_open: (ovl_open+0xb2/0x100 <- ovl_open_realfile) result=0xffff8880070ce000
             cat-1269    [001] .....    14.757456: ovldiag_open: (ovl_open+0xb2/0x100 <- ovl_open_realfile) result=0xffff888007377300
              dd-1274    [000] .....    14.759528: ovldiag_open: (ovl_open+0xb2/0x100 <- ovl_open_realfile) result=0xffff88800dc8b000
              dd-1274    [000] .....    14.759555: ovldiag_ensure: (ovl_write_iter+0xaf/0x1b0 <- ovl_ensure_upper_and_switch) result=0x0
              dd-1274    [000] .....    14.759570: ovldiag_write: (ovl_write_iter+0x136/0x1b0 <- backing_file_write_iter) result=0x1000
             cat-1275    [001] .....    14.760646: ovldiag_open: (ovl_open+0xb2/0x100 <- ovl_open_realfile) result=0xffff888007105100
              dd-1279    [000] .....    14.762634: ovldiag_open: (ovl_open+0xb2/0x100 <- ovl_open_realfile) result=0xffff88800702ab00
              dd-1279    [000] .....    14.762661: ovldiag_ensure: (ovl_write_iter+0xaf/0x1b0 <- ovl_ensure_upper_and_switch) result=0x0
              dd-1279    [000] .....    14.762677: ovldiag_write: (ovl_write_iter+0x136/0x1b0 <- backing_file_write_iter) result=0x1000
             cat-1282    [001] .....    14.764419: ovldiag_open: (ovl_open+0xb2/0x100 <- ovl_open_realfile) result=0xffff888007168f00
             cat-1283    [000] .....    14.764918: ovldiag_open: (ovl_open+0xb2/0x100 <- ovl_open_realfile) result=0xffff8880086dd500
              dd-1286    [000] .....    14.766355: ovldiag_open: (ovl_open+0xb2/0x100 <- ovl_open_realfile) result=0xffff8880046d6700
              dd-1286    [000] .....    14.766385: ovldiag_ensure: (ovl_write_iter+0xaf/0x1b0 <- ovl_ensure_upper_and_switch) result=0x0
              dd-1286    [000] .....    14.766401: ovldiag_write: (ovl_write_iter+0x136/0x1b0 <- backing_file_write_iter) result=0x1000
              dd-1288    [000] .....    14.769340: ovldiag_open: (ovl_open+0xb2/0x100 <- ovl_open_realfile) result=0xffff88800702ad00
              dd-1288    [000] .....    14.769369: ovldiag_ensure: (ovl_write_iter+0xaf/0x1b0 <- ovl_ensure_upper_and_switch) result=0x0
              dd-1288    [000] .....    14.769384: ovldiag_write: (ovl_write_iter+0x136/0x1b0 <- backing_file_write_iter) result=0x1000
             cat-1291    [001] .....    14.769774: ovldiag_open: (ovl_open+0xb2/0x100 <- ovl_open_realfile) result=0xffff888006327e00
             cat-1293    [000] .....    14.770853: ovldiag_open: (ovl_open+0xb2/0x100 <- ovl_open_realfile) result=0xffff8880073c5800
              dd-1296    [000] .....    14.772328: ovldiag_open: (ovl_open+0xb2/0x100 <- ovl_open_realfile) result=0xffff88800c93fa00
              dd-1296    [000] .....    14.772356: ovldiag_ensure: (ovl_write_iter+0xaf/0x1b0 <- ovl_ensure_upper_and_switch) result=0x0
              dd-1296    [000] .....    14.772370: ovldiag_write: (ovl_write_iter+0x136/0x1b0 <- backing_file_write_iter) result=0x1000
             cat-1300    [001] .....    14.775611: ovldiag_open: (ovl_open+0xb2/0x100 <- ovl_open_realfile) result=0xffff8880062a2f00
              dd-1301    [000] .....    14.775784: ovldiag_open: (ovl_open+0xb2/0x100 <- ovl_open_realfile) result=0xffff88800dde2600
              dd-1301    [000] .....    14.775839: ovldiag_ensure: (ovl_write_iter+0xaf/0x1b0 <- ovl_ensure_upper_and_switch) result=0x0
              dd-1301    [000] .....    14.775855: ovldiag_write: (ovl_write_iter+0x136/0x1b0 <- backing_file_write_iter) result=0x1000
             cat-1303    [000] .....    14.776985: ovldiag_open: (ovl_open+0xb2/0x100 <- ovl_open_realfile) result=0xffff88800702ae00
              dd-1307    [000] .....    14.779469: ovldiag_open: (ovl_open+0xb2/0x100 <- ovl_open_realfile) result=0xffff88800dc84a00
              dd-1307    [000] .....    14.779496: ovldiag_ensure: (ovl_write_iter+0xaf/0x1b0 <- ovl_ensure_upper_and_switch) result=0x0
              dd-1307    [000] .....    14.779510: ovldiag_write: (ovl_write_iter+0x136/0x1b0 <- backing_file_write_iter) result=0x1000
             cat-1309    [001] .....    14.780766: ovldiag_open: (ovl_open+0xb2/0x100 <- ovl_open_realfile) result=0xffff8880086dd100
             cat-1310    [000] .....    14.781780: ovldiag_open: (ovl_open+0xb2/0x100 <- ovl_open_realfile) result=0xffff88800c86e700
              dd-1313    [001] .....    14.784579: ovldiag_open: (ovl_open+0xb2/0x100 <- ovl_open_realfile) result=0xffff88800cac2600
              dd-1313    [001] .....    14.784609: ovldiag_ensure: (ovl_write_iter+0xaf/0x1b0 <- ovl_ensure_upper_and_switch) result=0x0
              dd-1313    [001] .....    14.784626: ovldiag_write: (ovl_write_iter+0x136/0x1b0 <- backing_file_write_iter) result=0x1000
              dd-1316    [000] .....    14.785475: ovldiag_open: (ovl_open+0xb2/0x100 <- ovl_open_realfile) result=0xffff88800ca3e600
              dd-1316    [000] .....    14.785502: ovldiag_ensure: (ovl_write_iter+0xaf/0x1b0 <- ovl_ensure_upper_and_switch) result=0x0
              dd-1316    [000] .....    14.785518: ovldiag_write: (ovl_write_iter+0x136/0x1b0 <- backing_file_write_iter) result=0x1000
             cat-1318    [001] .....    14.786775: ovldiag_open: (ovl_open+0xb2/0x100 <- ovl_open_realfile) result=0xffff8880062a2a00
             cat-1322    [001] .....    14.789153: ovldiag_open: (ovl_open+0xb2/0x100 <- ovl_open_realfile) result=0xffff88800cac2200
              dd-1323    [000] .....    14.789631: ovldiag_open: (ovl_open+0xb2/0x100 <- ovl_open_realfile) result=0xffff888004355800
              dd-1323    [000] .....    14.789660: ovldiag_ensure: (ovl_write_iter+0xaf/0x1b0 <- ovl_ensure_upper_and_switch) result=0x0
              dd-1323    [000] .....    14.789676: ovldiag_write: (ovl_write_iter+0x136/0x1b0 <- backing_file_write_iter) result=0x1000
             cat-1327    [000] .....    14.791906: ovldiag_open: (ovl_open+0xb2/0x100 <- ovl_open_realfile) result=0xffff8880046d6300
              dd-1329    [000] .....    14.793261: ovldiag_open: (ovl_open+0xb2/0x100 <- ovl_open_realfile) result=0xffff88800caea900
              dd-1329    [000] .....    14.793291: ovldiag_ensure: (ovl_write_iter+0xaf/0x1b0 <- ovl_ensure_upper_and_switch) result=0x0
              dd-1329    [000] .....    14.793306: ovldiag_write: (ovl_write_iter+0x136/0x1b0 <- backing_file_write_iter) result=0x1000
             cat-1330    [001] .....    14.793909: ovldiag_open: (ovl_open+0xb2/0x100 <- ovl_open_realfile) result=0xffff88800dc35f00
              dd-1336    [001] .....    14.798489: ovldiag_open: (ovl_open+0xb2/0x100 <- ovl_open_realfile) result=0xffff88800ddacf00
              dd-1336    [001] .....    14.798518: ovldiag_ensure: (ovl_write_iter+0xaf/0x1b0 <- ovl_ensure_upper_and_switch) result=0x0
              dd-1336    [001] .....    14.798534: ovldiag_write: (ovl_write_iter+0x136/0x1b0 <- backing_file_write_iter) result=0x1000
             cat-1338    [000] .....    14.799734: ovldiag_open: (ovl_open+0xb2/0x100 <- ovl_open_realfile) result=0xffff888007168700
              dd-1337    [000] .....    14.799948: ovldiag_open: (ovl_open+0xb2/0x100 <- ovl_open_realfile) result=0xffff88800732b200
              dd-1337    [000] .....    14.799976: ovldiag_ensure: (ovl_write_iter+0xaf/0x1b0 <- ovl_ensure_upper_and_switch) result=0x0
              dd-1337    [000] .....    14.799992: ovldiag_write: (ovl_write_iter+0x136/0x1b0 <- backing_file_write_iter) result=0x1000
             cat-1341    [001] .....    14.801683: ovldiag_open: (ovl_open+0xb2/0x100 <- ovl_open_realfile) result=0xffff8880086ddd00
              dd-1343    [000] .....    14.802298: ovldiag_open: (ovl_open+0xb2/0x100 <- ovl_open_realfile) result=0xffff88800842ba00
              dd-1343    [000] .....    14.802328: ovldiag_ensure: (ovl_write_iter+0xaf/0x1b0 <- ovl_ensure_upper_and_switch) result=0x0
              dd-1343    [000] .....    14.802343: ovldiag_write: (ovl_write_iter+0x136/0x1b0 <- backing_file_write_iter) result=0x1000
             cat-1345    [000] .....    14.803795: ovldiag_open: (ovl_open+0xb2/0x100 <- ovl_open_realfile) result=0xffff88800dd0be00
             cat-1347    [001] .....    14.805093: ovldiag_open: (ovl_open+0xb2/0x100 <- ovl_open_realfile) result=0xffff8880073c5800
              dd-1351    [000] .....    14.806954: ovldiag_open: (ovl_open+0xb2/0x100 <- ovl_open_realfile) result=0xffff88800dd0b400
              dd-1351    [000] .....    14.806982: ovldiag_ensure: (ovl_write_iter+0xaf/0x1b0 <- ovl_ensure_upper_and_switch) result=0x0
              dd-1351    [000] .....    14.806997: ovldiag_write: (ovl_write_iter+0x136/0x1b0 <- backing_file_write_iter) result=0x1000
              dd-1356    [001] .....    14.811299: ovldiag_open: (ovl_open+0xb2/0x100 <- ovl_open_realfile) result=0xffff88800702a100
              dd-1356    [001] .....    14.811330: ovldiag_ensure: (ovl_write_iter+0xaf/0x1b0 <- ovl_ensure_upper_and_switch) result=0x0
              dd-1356    [001] .....    14.811346: ovldiag_write: (ovl_write_iter+0x136/0x1b0 <- backing_file_write_iter) result=0x1000
             cat-1357    [000] .....    14.811961: ovldiag_open: (ovl_open+0xb2/0x100 <- ovl_open_realfile) result=0xffff8880070ce500
              dd-1358    [001] .....    14.813412: ovldiag_open: (ovl_open+0xb2/0x100 <- ovl_open_realfile) result=0xffff88800de05500
              dd-1358    [001] .....    14.813442: ovldiag_ensure: (ovl_write_iter+0xaf/0x1b0 <- ovl_ensure_upper_and_switch) result=0x0
              dd-1358    [001] .....    14.813459: ovldiag_write: (ovl_write_iter+0x136/0x1b0 <- backing_file_write_iter) result=0x1000
             cat-1363    [001] .....    14.816051: ovldiag_open: (ovl_open+0xb2/0x100 <- ovl_open_realfile) result=0xffff888007154500
              dd-1365    [000] .....    14.816283: ovldiag_open: (ovl_open+0xb2/0x100 <- ovl_open_realfile) result=0xffff88800732b300
              dd-1365    [000] .....    14.816313: ovldiag_ensure: (ovl_write_iter+0xaf/0x1b0 <- ovl_ensure_upper_and_switch) result=0x0
              dd-1365    [000] .....    14.816330: ovldiag_write: (ovl_write_iter+0x136/0x1b0 <- backing_file_write_iter) result=0x1000
             cat-1364    [001] .....    14.817987: ovldiag_open: (ovl_open+0xb2/0x100 <- ovl_open_realfile) result=0xffff88800842a100
             cat-1367    [001] .....    14.819125: ovldiag_open: (ovl_open+0xb2/0x100 <- ovl_open_realfile) result=0xffff88800c86ec00
              dd-1370    [000] .....    14.819952: ovldiag_open: (ovl_open+0xb2/0x100 <- ovl_open_realfile) result=0xffff88800cafe900
              dd-1370    [000] .....    14.819982: ovldiag_ensure: (ovl_write_iter+0xaf/0x1b0 <- ovl_ensure_upper_and_switch) result=0x0
              dd-1370    [000] .....    14.819997: ovldiag_write: (ovl_write_iter+0x136/0x1b0 <- backing_file_write_iter) result=0x1000
             cat-1376    [000] .....    14.823201: ovldiag_open: (ovl_open+0xb2/0x100 <- ovl_open_realfile) result=0xffff88800de7e700
              dd-1378    [000] .....    14.825062: ovldiag_open: (ovl_open+0xb2/0x100 <- ovl_open_realfile) result=0xffff888007167d00
              dd-1378    [000] .....    14.825094: ovldiag_ensure: (ovl_write_iter+0xaf/0x1b0 <- ovl_ensure_upper_and_switch) result=0x0
              dd-1378    [000] .....    14.825109: ovldiag_write: (ovl_write_iter+0x136/0x1b0 <- backing_file_write_iter) result=0x1000
             cat-1381    [000] .....    14.827228: ovldiag_open: (ovl_open+0xb2/0x100 <- ovl_open_realfile) result=0xffff88800723a800
              dd-1382    [001] .....    14.827687: ovldiag_open: (ovl_open+0xb2/0x100 <- ovl_open_realfile) result=0xffff8880047f0800
              dd-1382    [001] .....    14.827716: ovldiag_ensure: (ovl_write_iter+0xaf/0x1b0 <- ovl_ensure_upper_and_switch) result=0x0
              dd-1382    [001] .....    14.827733: ovldiag_write: (ovl_write_iter+0x136/0x1b0 <- backing_file_write_iter) result=0x1000
             cat-1385    [001] .....    14.830009: ovldiag_open: (ovl_open+0xb2/0x100 <- ovl_open_realfile) result=0xffff88800dcbe200
             cat-1387    [000] .....    14.830693: ovldiag_open: (ovl_open+0xb2/0x100 <- ovl_open_realfile) result=0xffff88800ddf1700
              dd-1386    [000] .....    14.831395: ovldiag_open: (ovl_open+0xb2/0x100 <- ovl_open_realfile) result=0xffff888007167100
              dd-1386    [000] .....    14.831421: ovldiag_ensure: (ovl_write_iter+0xaf/0x1b0 <- ovl_ensure_upper_and_switch) result=0x0
              dd-1386    [000] .....    14.831438: ovldiag_write: (ovl_write_iter+0x136/0x1b0 <- backing_file_write_iter) result=0x1000
             cat-1390    [000] .....    14.834142: ovldiag_open: (ovl_open+0xb2/0x100 <- ovl_open_realfile) result=0xffff88800a2f8b00
              dd-1394    [000] .....    14.835153: ovldiag_open: (ovl_open+0xb2/0x100 <- ovl_open_realfile) result=0xffff88800866bc00
              dd-1394    [000] .....    14.835197: ovldiag_ensure: (ovl_write_iter+0xaf/0x1b0 <- ovl_ensure_upper_and_switch) result=0x0
              dd-1394    [000] .....    14.835213: ovldiag_write: (ovl_write_iter+0x136/0x1b0 <- backing_file_write_iter) result=0x1000
              dd-1399    [001] .....    14.838391: ovldiag_open: (ovl_open+0xb2/0x100 <- ovl_open_realfile) result=0xffff88800dd9ab00
              dd-1399    [001] .....    14.838422: ovldiag_ensure: (ovl_write_iter+0xaf/0x1b0 <- ovl_ensure_upper_and_switch) result=0x0
              dd-1399    [001] .....    14.838439: ovldiag_write: (ovl_write_iter+0x136/0x1b0 <- backing_file_write_iter) result=0x1000
             cat-1400    [000] .....    14.838457: ovldiag_open: (ovl_open+0xb2/0x100 <- ovl_open_realfile) result=0xffff88800ddac400
             cat-1403    [001] .....    14.839988: ovldiag_open: (ovl_open+0xb2/0x100 <- ovl_open_realfile) result=0xffff88800a2f8d00
              dd-1404    [001] .....    14.841503: ovldiag_open: (ovl_open+0xb2/0x100 <- ovl_open_realfile) result=0xffff8880070ce500
              dd-1404    [001] .....    14.841534: ovldiag_ensure: (ovl_write_iter+0xaf/0x1b0 <- ovl_ensure_upper_and_switch) result=0x0
              dd-1404    [001] .....    14.841550: ovldiag_write: (ovl_write_iter+0x136/0x1b0 <- backing_file_write_iter) result=0x1000
             cat-1410    [000] .....    14.844236: ovldiag_open: (ovl_open+0xb2/0x100 <- ovl_open_realfile) result=0xffff88800dcc8800
             cat-1409    [001] .....    14.844705: ovldiag_open: (ovl_open+0xb2/0x100 <- ovl_open_realfile) result=0xffff88800cbf9100
              dd-1412    [001] .....    14.847135: ovldiag_open: (ovl_open+0xb2/0x100 <- ovl_open_realfile) result=0xffff88800dd9a400
              dd-1412    [001] .....    14.847163: ovldiag_ensure: (ovl_write_iter+0xaf/0x1b0 <- ovl_ensure_upper_and_switch) result=0x0
              dd-1412    [001] .....    14.847190: ovldiag_write: (ovl_write_iter+0x136/0x1b0 <- backing_file_write_iter) result=0x1000
             cat-1415    [000] .....    14.848749: ovldiag_open: (ovl_open+0xb2/0x100 <- ovl_open_realfile) result=0xffff888007377000
              dd-1416    [000] .....    14.849995: ovldiag_open: (ovl_open+0xb2/0x100 <- ovl_open_realfile) result=0xffff88800732a000
              dd-1416    [000] .....    14.850022: ovldiag_ensure: (ovl_write_iter+0xaf/0x1b0 <- ovl_ensure_upper_and_switch) result=0x0
              dd-1416    [000] .....    14.850037: ovldiag_write: (ovl_write_iter+0x136/0x1b0 <- backing_file_write_iter) result=0x1000
             cat-1421    [000] .....    14.851430: ovldiag_open: (ovl_open+0xb2/0x100 <- ovl_open_realfile) result=0xffff8880073c5800
              dd-1424    [000] .....    14.854145: ovldiag_open: (ovl_open+0xb2/0x100 <- ovl_open_realfile) result=0xffff8880062a2f00
             cat-1425    [001] .....    14.854170: ovldiag_open: (ovl_open+0xb2/0x100 <- ovl_open_realfile) result=0xffff888006210500
              dd-1424    [000] .....    14.854176: ovldiag_ensure: (ovl_write_iter+0xaf/0x1b0 <- ovl_ensure_upper_and_switch) result=0x0
              dd-1424    [000] .....    14.854204: ovldiag_write: (ovl_write_iter+0x136/0x1b0 <- backing_file_write_iter) result=0x1000
              dd-1427    [000] .....    14.855712: ovldiag_open: (ovl_open+0xb2/0x100 <- ovl_open_realfile) result=0xffff88800c86ee00
              dd-1427    [000] .....    14.855740: ovldiag_ensure: (ovl_write_iter+0xaf/0x1b0 <- ovl_ensure_upper_and_switch) result=0x0
              dd-1427    [000] .....    14.855755: ovldiag_write: (ovl_write_iter+0x136/0x1b0 <- backing_file_write_iter) result=0x1000
             cat-1429    [001] .....    14.855848: ovldiag_open: (ovl_open+0xb2/0x100 <- ovl_open_realfile) result=0xffff88800dc96600
             cat-1433    [000] .....    14.860578: ovldiag_open: (ovl_open+0xb2/0x100 <- ovl_open_realfile) result=0xffff888007168c00
              dd-1436    [001] .....    14.861043: ovldiag_open: (ovl_open+0xb2/0x100 <- ovl_open_realfile) result=0xffff88800732b300
              dd-1436    [001] .....    14.861070: ovldiag_ensure: (ovl_write_iter+0xaf/0x1b0 <- ovl_ensure_upper_and_switch) result=0x0
              dd-1436    [001] .....    14.861087: ovldiag_write: (ovl_write_iter+0x136/0x1b0 <- backing_file_write_iter) result=0x1000
              dd-1440    [001] .....    14.863721: ovldiag_open: (ovl_open+0xb2/0x100 <- ovl_open_realfile) result=0xffff88800cb13700
             cat-1441    [000] .....    14.863737: ovldiag_open: (ovl_open+0xb2/0x100 <- ovl_open_realfile) result=0xffff888004355800
              dd-1440    [001] .....    14.863752: ovldiag_ensure: (ovl_write_iter+0xaf/0x1b0 <- ovl_ensure_upper_and_switch) result=0x0
              dd-1440    [001] .....    14.863781: ovldiag_write: (ovl_write_iter+0x136/0x1b0 <- backing_file_write_iter) result=0x1000
             cat-1443    [001] .....    14.865453: ovldiag_open: (ovl_open+0xb2/0x100 <- ovl_open_realfile) result=0xffff888007168700
             cat-1445    [001] .....    14.866726: ovldiag_open: (ovl_open+0xb2/0x100 <- ovl_open_realfile) result=0xffff8880086dd100
              dd-1451    [001] .....    14.870741: ovldiag_open: (ovl_open+0xb2/0x100 <- ovl_open_realfile) result=0xffff88800451bd00
              dd-1451    [001] .....    14.870768: ovldiag_ensure: (ovl_write_iter+0xaf/0x1b0 <- ovl_ensure_upper_and_switch) result=0x0
              dd-1451    [001] .....    14.870785: ovldiag_write: (ovl_write_iter+0x136/0x1b0 <- backing_file_write_iter) result=0x1000
             cat-1452    [000] .....    14.871073: ovldiag_open: (ovl_open+0xb2/0x100 <- ovl_open_realfile) result=0xffff88800ddb1000
              dd-1453    [001] .....    14.871781: ovldiag_open: (ovl_open+0xb2/0x100 <- ovl_open_realfile) result=0xffff88800842ae00
              dd-1453    [001] .....    14.871824: ovldiag_ensure: (ovl_write_iter+0xaf/0x1b0 <- ovl_ensure_upper_and_switch) result=0x0
              dd-1453    [001] .....    14.871838: ovldiag_write: (ovl_write_iter+0x136/0x1b0 <- backing_file_write_iter) result=0x1000
              dd-1457    [001] .....    14.874530: ovldiag_open: (ovl_open+0xb2/0x100 <- ovl_open_realfile) result=0xffff88800ddb5e00
              dd-1457    [001] .....    14.874561: ovldiag_ensure: (ovl_write_iter+0xaf/0x1b0 <- ovl_ensure_upper_and_switch) result=0x0
              dd-1457    [001] .....    14.874577: ovldiag_write: (ovl_write_iter+0x136/0x1b0 <- backing_file_write_iter) result=0x1000
             cat-1459    [000] .....    14.875891: ovldiag_open: (ovl_open+0xb2/0x100 <- ovl_open_realfile) result=0xffff88800dc76600
             cat-1461    [001] .....    14.876610: ovldiag_open: (ovl_open+0xb2/0x100 <- ovl_open_realfile) result=0xffff8880070cf400
              dd-1463    [001] .....    14.877962: ovldiag_open: (ovl_open+0xb2/0x100 <- ovl_open_realfile) result=0xffff88800dccb300
              dd-1463    [001] .....    14.877989: ovldiag_ensure: (ovl_write_iter+0xaf/0x1b0 <- ovl_ensure_upper_and_switch) result=0x0
              dd-1463    [001] .....    14.878006: ovldiag_write: (ovl_write_iter+0x136/0x1b0 <- backing_file_write_iter) result=0x1000
             cat-1465    [001] .....    14.879361: ovldiag_open: (ovl_open+0xb2/0x100 <- ovl_open_realfile) result=0xffff88800717b200
             cat-1468    [000] .....    14.880601: ovldiag_open: (ovl_open+0xb2/0x100 <- ovl_open_realfile) result=0xffff88800dc76700
              dd-1474    [001] .....    14.885044: ovldiag_open: (ovl_open+0xb2/0x100 <- ovl_open_realfile) result=0xffff88800cadd100
              dd-1474    [001] .....    14.885073: ovldiag_ensure: (ovl_write_iter+0xaf/0x1b0 <- ovl_ensure_upper_and_switch) result=0x0
              dd-1474    [001] .....    14.885090: ovldiag_write: (ovl_write_iter+0x136/0x1b0 <- backing_file_write_iter) result=0x1000
             cat-1475    [000] .....    14.885654: ovldiag_open: (ovl_open+0xb2/0x100 <- ovl_open_realfile) result=0xffff8880071e9e00
              dd-1476    [000] .....    14.886649: ovldiag_open: (ovl_open+0xb2/0x100 <- ovl_open_realfile) result=0xffff88800717b300
              dd-1476    [000] .....    14.886679: ovldiag_ensure: (ovl_write_iter+0xaf/0x1b0 <- ovl_ensure_upper_and_switch) result=0x0
              dd-1476    [000] .....    14.886695: ovldiag_write: (ovl_write_iter+0x136/0x1b0 <- backing_file_write_iter) result=0x1000
              dd-1478    [001] .....    14.887408: ovldiag_open: (ovl_open+0xb2/0x100 <- ovl_open_realfile) result=0xffff88800dc7d400
              dd-1478    [001] .....    14.887438: ovldiag_ensure: (ovl_write_iter+0xaf/0x1b0 <- ovl_ensure_upper_and_switch) result=0x0
              dd-1478    [001] .....    14.887455: ovldiag_write: (ovl_write_iter+0x136/0x1b0 <- backing_file_write_iter) result=0x1000
             cat-1482    [001] .....    14.889629: ovldiag_open: (ovl_open+0xb2/0x100 <- ovl_open_realfile) result=0xffff888007154900
             cat-1483    [000] .....    14.890465: ovldiag_open: (ovl_open+0xb2/0x100 <- ovl_open_realfile) result=0xffff88800dc94400
             cat-1488    [001] .....    14.892950: ovldiag_open: (ovl_open+0xb2/0x100 <- ovl_open_realfile) result=0xffff888007105a00
              dd-1489    [000] .....    14.895050: ovldiag_open: (ovl_open+0xb2/0x100 <- ovl_open_realfile) result=0xffff88800dc94000
              dd-1489    [000] .....    14.895077: ovldiag_ensure: (ovl_write_iter+0xaf/0x1b0 <- ovl_ensure_upper_and_switch) result=0x0
              dd-1489    [000] .....    14.895093: ovldiag_write: (ovl_write_iter+0x136/0x1b0 <- backing_file_write_iter) result=0x1000
              dd-1494    [001] .....    14.897481: ovldiag_open: (ovl_open+0xb2/0x100 <- ovl_open_realfile) result=0xffff88800de8e100
              dd-1494    [001] .....    14.897508: ovldiag_ensure: (ovl_write_iter+0xaf/0x1b0 <- ovl_ensure_upper_and_switch) result=0x0
              dd-1494    [001] .....    14.897525: ovldiag_write: (ovl_write_iter+0x136/0x1b0 <- backing_file_write_iter) result=0x1000
             cat-1495    [000] .....    14.897673: ovldiag_open: (ovl_open+0xb2/0x100 <- ovl_open_realfile) result=0xffff88800de59600
              dd-1500    [000] .....    14.900620: ovldiag_open: (ovl_open+0xb2/0x100 <- ovl_open_realfile) result=0xffff88800dd17c00
              dd-1500    [000] .....    14.900648: ovldiag_ensure: (ovl_write_iter+0xaf/0x1b0 <- ovl_ensure_upper_and_switch) result=0x0
              dd-1500    [000] .....    14.900664: ovldiag_write: (ovl_write_iter+0x136/0x1b0 <- backing_file_write_iter) result=0x1000
             cat-1498    [001] .....    14.900895: ovldiag_open: (ovl_open+0xb2/0x100 <- ovl_open_realfile) result=0xffff8880070ce500
              dd-1501    [001] .....    14.901649: ovldiag_open: (ovl_open+0xb2/0x100 <- ovl_open_realfile) result=0xffff888007168d00
              dd-1501    [001] .....    14.901677: ovldiag_ensure: (ovl_write_iter+0xaf/0x1b0 <- ovl_ensure_upper_and_switch) result=0x0
              dd-1501    [001] .....    14.901692: ovldiag_write: (ovl_write_iter+0x136/0x1b0 <- backing_file_write_iter) result=0x1000
             cat-1506    [001] .....    14.903777: ovldiag_open: (ovl_open+0xb2/0x100 <- ovl_open_realfile) result=0xffff88800ca4ab00
             cat-1503    [000] .....    14.903872: ovldiag_open: (ovl_open+0xb2/0x100 <- ovl_open_realfile) result=0xffff88800dc94900
             cat-1513    [000] .....    14.908356: ovldiag_open: (ovl_open+0xb2/0x100 <- ovl_open_realfile) result=0xffff88800dde7700
              dd-1512    [001] .....    14.909082: ovldiag_open: (ovl_open+0xb2/0x100 <- ovl_open_realfile) result=0xffff88800cbd2200
              dd-1512    [001] .....    14.909109: ovldiag_ensure: (ovl_write_iter+0xaf/0x1b0 <- ovl_ensure_upper_and_switch) result=0x0
              dd-1512    [001] .....    14.909126: ovldiag_write: (ovl_write_iter+0x136/0x1b0 <- backing_file_write_iter) result=0x1000
              dd-1516    [001] .....    14.911214: ovldiag_open: (ovl_open+0xb2/0x100 <- ovl_open_realfile) result=0xffff88800717b500
              dd-1516    [001] .....    14.911242: ovldiag_ensure: (ovl_write_iter+0xaf/0x1b0 <- ovl_ensure_upper_and_switch) result=0x0
              dd-1516    [001] .....    14.911257: ovldiag_write: (ovl_write_iter+0x136/0x1b0 <- backing_file_write_iter) result=0x1000
             cat-1519    [001] .....    14.913098: ovldiag_open: (ovl_open+0xb2/0x100 <- ovl_open_realfile) result=0xffff8880070ce600
             cat-1520    [000] .....    14.913494: ovldiag_open: (ovl_open+0xb2/0x100 <- ovl_open_realfile) result=0xffff88800dde7900
              dd-1523    [000] .....    14.916298: ovldiag_open: (ovl_open+0xb2/0x100 <- ovl_open_realfile) result=0xffff88800842ac00
              dd-1523    [000] .....    14.916326: ovldiag_ensure: (ovl_write_iter+0xaf/0x1b0 <- ovl_ensure_upper_and_switch) result=0x0
              dd-1523    [000] .....    14.916341: ovldiag_write: (ovl_write_iter+0x136/0x1b0 <- backing_file_write_iter) result=0x1000
             cat-1525    [001] .....    14.916712: ovldiag_open: (ovl_open+0xb2/0x100 <- ovl_open_realfile) result=0xffff88800732bf00
              dd-1524    [001] .....    14.918162: ovldiag_open: (ovl_open+0xb2/0x100 <- ovl_open_realfile) result=0xffff8880086dd200
              dd-1524    [001] .....    14.918204: ovldiag_ensure: (ovl_write_iter+0xaf/0x1b0 <- ovl_ensure_upper_and_switch) result=0x0
              dd-1524    [001] .....    14.918221: ovldiag_write: (ovl_write_iter+0x136/0x1b0 <- backing_file_write_iter) result=0x1000
             cat-1528    [000] .....    14.918674: ovldiag_open: (ovl_open+0xb2/0x100 <- ovl_open_realfile) result=0xffff88800dd82200
              dd-1535    [000] .....    14.922944: ovldiag_open: (ovl_open+0xb2/0x100 <- ovl_open_realfile) result=0xffff88800ddb1a00
              dd-1535    [000] .....    14.922973: ovldiag_ensure: (ovl_write_iter+0xaf/0x1b0 <- ovl_ensure_upper_and_switch) result=0x0
              dd-1535    [000] .....    14.922989: ovldiag_write: (ovl_write_iter+0x136/0x1b0 <- backing_file_write_iter) result=0x1000
              dd-1536    [000] .....    14.924742: ovldiag_open: (ovl_open+0xb2/0x100 <- ovl_open_realfile) result=0xffff888007167900
              dd-1536    [000] .....    14.924770: ovldiag_ensure: (ovl_write_iter+0xaf/0x1b0 <- ovl_ensure_upper_and_switch) result=0x0
              dd-1536    [000] .....    14.924785: ovldiag_write: (ovl_write_iter+0x136/0x1b0 <- backing_file_write_iter) result=0x1000
             cat-1537    [000] .....    14.924977: ovldiag_open: (ovl_open+0xb2/0x100 <- ovl_open_realfile) result=0xffff88800717b400
             cat-1538    [001] .....    14.925445: ovldiag_open: (ovl_open+0xb2/0x100 <- ovl_open_realfile) result=0xffff88800cab9700
             cat-1544    [000] .....    14.928676: ovldiag_open: (ovl_open+0xb2/0x100 <- ovl_open_realfile) result=0xffff88800716af00
             cat-1546    [001] .....    14.928840: ovldiag_open: (ovl_open+0xb2/0x100 <- ovl_open_realfile) result=0xffff88800dcb2500
              dd-1549    [001] .....    14.931217: ovldiag_open: (ovl_open+0xb2/0x100 <- ovl_open_realfile) result=0xffff88800c9c9000
              dd-1549    [001] .....    14.931247: ovldiag_ensure: (ovl_write_iter+0xaf/0x1b0 <- ovl_ensure_upper_and_switch) result=0x0
              dd-1549    [001] .....    14.931263: ovldiag_write: (ovl_write_iter+0x136/0x1b0 <- backing_file_write_iter) result=0x1000
              dd-1550    [001] .....    14.932524: ovldiag_open: (ovl_open+0xb2/0x100 <- ovl_open_realfile) result=0xffff88800dcacf00
              dd-1550    [001] .....    14.932550: ovldiag_ensure: (ovl_write_iter+0xaf/0x1b0 <- ovl_ensure_upper_and_switch) result=0x0
              dd-1550    [001] .....    14.932564: ovldiag_write: (ovl_write_iter+0x136/0x1b0 <- backing_file_write_iter) result=0x1000
              dd-1555    [001] .....    14.935628: ovldiag_open: (ovl_open+0xb2/0x100 <- ovl_open_realfile) result=0xffff88800dcac900
              dd-1555    [001] .....    14.935658: ovldiag_ensure: (ovl_write_iter+0xaf/0x1b0 <- ovl_ensure_upper_and_switch) result=0x0
              dd-1555    [001] .....    14.935674: ovldiag_write: (ovl_write_iter+0x136/0x1b0 <- backing_file_write_iter) result=0x1000
             cat-1556    [000] .....    14.935915: ovldiag_open: (ovl_open+0xb2/0x100 <- ovl_open_realfile) result=0xffff888006318900
             cat-1557    [001] .....    14.936939: ovldiag_open: (ovl_open+0xb2/0x100 <- ovl_open_realfile) result=0xffff888007167c00
              dd-1560    [000] .....    14.938595: ovldiag_open: (ovl_open+0xb2/0x100 <- ovl_open_realfile) result=0xffff8880086dd600
              dd-1560    [000] .....    14.938625: ovldiag_ensure: (ovl_write_iter+0xaf/0x1b0 <- ovl_ensure_upper_and_switch) result=0x0
              dd-1560    [000] .....    14.938641: ovldiag_write: (ovl_write_iter+0x136/0x1b0 <- backing_file_write_iter) result=0x1000
             cat-1564    [000] .....    14.940355: ovldiag_open: (ovl_open+0xb2/0x100 <- ovl_open_realfile) result=0xffff888006318900
             cat-1565    [000] .....    14.941347: ovldiag_open: (ovl_open+0xb2/0x100 <- ovl_open_realfile) result=0xffff88800a2fbb00
              dd-1571    [000] .....    14.945363: ovldiag_open: (ovl_open+0xb2/0x100 <- ovl_open_realfile) result=0xffff88800dc83400
              dd-1571    [000] .....    14.945393: ovldiag_ensure: (ovl_write_iter+0xaf/0x1b0 <- ovl_ensure_upper_and_switch) result=0x0
              dd-1571    [000] .....    14.945409: ovldiag_write: (ovl_write_iter+0x136/0x1b0 <- backing_file_write_iter) result=0x1000
              dd-1572    [000] .....    14.946581: ovldiag_open: (ovl_open+0xb2/0x100 <- ovl_open_realfile) result=0xffff888007171c00
              dd-1572    [000] .....    14.946610: ovldiag_ensure: (ovl_write_iter+0xaf/0x1b0 <- ovl_ensure_upper_and_switch) result=0x0
              dd-1572    [000] .....    14.946625: ovldiag_write: (ovl_write_iter+0x136/0x1b0 <- backing_file_write_iter) result=0x1000
             cat-1574    [001] .....    14.947784: ovldiag_open: (ovl_open+0xb2/0x100 <- ovl_open_realfile) result=0xffff888007026e00
             cat-1577    [000] .....    14.949690: ovldiag_open: (ovl_open+0xb2/0x100 <- ovl_open_realfile) result=0xffff888004269a00
              dd-1576    [000] .....    14.950145: ovldiag_open: (ovl_open+0xb2/0x100 <- ovl_open_realfile) result=0xffff888007105000
              dd-1576    [000] .....    14.950170: ovldiag_ensure: (ovl_write_iter+0xaf/0x1b0 <- ovl_ensure_upper_and_switch) result=0x0
              dd-1576    [000] .....    14.950194: ovldiag_write: (ovl_write_iter+0x136/0x1b0 <- backing_file_write_iter) result=0x1000
             cat-1580    [000] .....    14.951762: ovldiag_open: (ovl_open+0xb2/0x100 <- ovl_open_realfile) result=0xffff88800cb1d700
             cat-1583    [001] .....    14.951947: ovldiag_open: (ovl_open+0xb2/0x100 <- ovl_open_realfile) result=0xffff888007154600
              dd-1585    [001] .....    14.954664: ovldiag_open: (ovl_open+0xb2/0x100 <- ovl_open_realfile) result=0xffff888007167100
              dd-1585    [001] .....    14.954692: ovldiag_ensure: (ovl_write_iter+0xaf/0x1b0 <- ovl_ensure_upper_and_switch) result=0x0
              dd-1585    [001] .....    14.954708: ovldiag_write: (ovl_write_iter+0x136/0x1b0 <- backing_file_write_iter) result=0x1000
              dd-1591    [001] .....    14.958100: ovldiag_open: (ovl_open+0xb2/0x100 <- ovl_open_realfile) result=0xffff8880086ddf00
              dd-1591    [001] .....    14.958130: ovldiag_ensure: (ovl_write_iter+0xaf/0x1b0 <- ovl_ensure_upper_and_switch) result=0x0
              dd-1591    [001] .....    14.958145: ovldiag_write: (ovl_write_iter+0x136/0x1b0 <- backing_file_write_iter) result=0x1000
             cat-1592    [000] .....    14.958606: ovldiag_open: (ovl_open+0xb2/0x100 <- ovl_open_realfile) result=0xffff88800dda7500
              dd-1595    [001] .....    14.960129: ovldiag_open: (ovl_open+0xb2/0x100 <- ovl_open_realfile) result=0xffff888007167f00
              dd-1595    [001] .....    14.960156: ovldiag_ensure: (ovl_write_iter+0xaf/0x1b0 <- ovl_ensure_upper_and_switch) result=0x0
              dd-1595    [001] .....    14.960172: ovldiag_write: (ovl_write_iter+0x136/0x1b0 <- backing_file_write_iter) result=0x1000
             cat-1598    [001] .....    14.962546: ovldiag_open: (ovl_open+0xb2/0x100 <- ovl_open_realfile) result=0xffff888007377c00
             cat-1599    [000] .....    14.962980: ovldiag_open: (ovl_open+0xb2/0x100 <- ovl_open_realfile) result=0xffff88800cb1df00
             cat-1602    [000] .....    14.965651: ovldiag_open: (ovl_open+0xb2/0x100 <- ovl_open_realfile) result=0xffff888006318500
              dd-1604    [000] .....    14.966718: ovldiag_open: (ovl_open+0xb2/0x100 <- ovl_open_realfile) result=0xffff88800dc9b600
              dd-1604    [000] .....    14.966748: ovldiag_ensure: (ovl_write_iter+0xaf/0x1b0 <- ovl_ensure_upper_and_switch) result=0x0
              dd-1604    [000] .....    14.966761: ovldiag_write: (ovl_write_iter+0x136/0x1b0 <- backing_file_write_iter) result=0x1000
             cat-1607    [001] .....    14.969460: ovldiag_open: (ovl_open+0xb2/0x100 <- ovl_open_realfile) result=0xffff888007021900
              dd-1610    [000] .....    14.969743: ovldiag_open: (ovl_open+0xb2/0x100 <- ovl_open_realfile) result=0xffff8880086dd200
              dd-1610    [000] .....    14.969771: ovldiag_ensure: (ovl_write_iter+0xaf/0x1b0 <- ovl_ensure_upper_and_switch) result=0x0
              dd-1610    [000] .....    14.969786: ovldiag_write: (ovl_write_iter+0x136/0x1b0 <- backing_file_write_iter) result=0x1000
              dd-1611    [001] .....    14.970868: ovldiag_open: (ovl_open+0xb2/0x100 <- ovl_open_realfile) result=0xffff88800ddf1600
              dd-1611    [001] .....    14.970897: ovldiag_ensure: (ovl_write_iter+0xaf/0x1b0 <- ovl_ensure_upper_and_switch) result=0x0
              dd-1611    [001] .....    14.970914: ovldiag_write: (ovl_write_iter+0x136/0x1b0 <- backing_file_write_iter) result=0x1000
              dd-1615    [001] .....    14.972769: ovldiag_open: (ovl_open+0xb2/0x100 <- ovl_open_realfile) result=0xffff88800cb9b000
              dd-1615    [001] .....    14.972797: ovldiag_ensure: (ovl_write_iter+0xaf/0x1b0 <- ovl_ensure_upper_and_switch) result=0x0
             cat-1613    [000] .....    14.973448: ovldiag_open: (ovl_open+0xb2/0x100 <- ovl_open_realfile) result=0xffff888007105e00
             cat-1618    [001] .....    14.974742: ovldiag_open: (ovl_open+0xb2/0x100 <- ovl_open_realfile) result=0xffff888007154600
              dd-1615    [001] .....    14.976387: ovldiag_write: (ovl_write_iter+0x136/0x1b0 <- backing_file_write_iter) result=0x1000
             cat-1621    [000] .....    14.977954: ovldiag_open: (ovl_open+0xb2/0x100 <- ovl_open_realfile) result=0xffff8880073c5900
              dd-1626    [001] .....    14.980556: ovldiag_open: (ovl_open+0xb2/0x100 <- ovl_open_realfile) result=0xffff8880086dd600
              dd-1626    [001] .....    14.980583: ovldiag_ensure: (ovl_write_iter+0xaf/0x1b0 <- ovl_ensure_upper_and_switch) result=0x0
              dd-1626    [001] .....    14.980600: ovldiag_write: (ovl_write_iter+0x136/0x1b0 <- backing_file_write_iter) result=0x1000
             cat-1628    [000] .....    14.981681: ovldiag_open: (ovl_open+0xb2/0x100 <- ovl_open_realfile) result=0xffff88800716fc00
              dd-1631    [000] .....    14.984368: ovldiag_open: (ovl_open+0xb2/0x100 <- ovl_open_realfile) result=0xffff88800dc13400
              dd-1631    [000] .....    14.984399: ovldiag_ensure: (ovl_write_iter+0xaf/0x1b0 <- ovl_ensure_upper_and_switch) result=0x0
              dd-1631    [000] .....    14.984416: ovldiag_write: (ovl_write_iter+0x136/0x1b0 <- backing_file_write_iter) result=0x1000
             cat-1634    [001] .....    14.984746: ovldiag_open: (ovl_open+0xb2/0x100 <- ovl_open_realfile) result=0xffff88800ddd7b00
              dd-1636    [001] .....    14.986299: ovldiag_open: (ovl_open+0xb2/0x100 <- ovl_open_realfile) result=0xffff88800dc3f100
              dd-1636    [001] .....    14.986329: ovldiag_ensure: (ovl_write_iter+0xaf/0x1b0 <- ovl_ensure_upper_and_switch) result=0x0
              dd-1636    [001] .....    14.986345: ovldiag_write: (ovl_write_iter+0x136/0x1b0 <- backing_file_write_iter) result=0x1000
             cat-1632    [000] .....    14.986708: ovldiag_open: (ovl_open+0xb2/0x100 <- ovl_open_realfile) result=0xffff88800c83b100
             cat-1641    [000] .....    14.989429: ovldiag_open: (ovl_open+0xb2/0x100 <- ovl_open_realfile) result=0xffff888007168700
              dd-1644    [001] .....    14.990923: ovldiag_open: (ovl_open+0xb2/0x100 <- ovl_open_realfile) result=0xffff888007105f00
              dd-1644    [001] .....    14.990951: ovldiag_ensure: (ovl_write_iter+0xaf/0x1b0 <- ovl_ensure_upper_and_switch) result=0x0
              dd-1644    [001] .....    14.990968: ovldiag_write: (ovl_write_iter+0x136/0x1b0 <- backing_file_write_iter) result=0x1000
              dd-1647    [001] .....    14.993594: ovldiag_open: (ovl_open+0xb2/0x100 <- ovl_open_realfile) result=0xffff88800c83b500
              dd-1647    [001] .....    14.993624: ovldiag_ensure: (ovl_write_iter+0xaf/0x1b0 <- ovl_ensure_upper_and_switch) result=0x0
              dd-1647    [001] .....    14.993640: ovldiag_write: (ovl_write_iter+0x136/0x1b0 <- backing_file_write_iter) result=0x1000
             cat-1648    [000] .....    14.993773: ovldiag_open: (ovl_open+0xb2/0x100 <- ovl_open_realfile) result=0xffff88800de3c000
             cat-1651    [001] .....    14.995916: ovldiag_open: (ovl_open+0xb2/0x100 <- ovl_open_realfile) result=0xffff88800c86ed00
             cat-1654    [001] .....    14.997740: ovldiag_open: (ovl_open+0xb2/0x100 <- ovl_open_realfile) result=0xffff8880070ce200
              dd-1655    [000] .....    14.998549: ovldiag_open: (ovl_open+0xb2/0x100 <- ovl_open_realfile) result=0xffff8880086dde00
              dd-1655    [000] .....    14.998579: ovldiag_ensure: (ovl_write_iter+0xaf/0x1b0 <- ovl_ensure_upper_and_switch) result=0x0
              dd-1655    [000] .....    14.998595: ovldiag_write: (ovl_write_iter+0x136/0x1b0 <- backing_file_write_iter) result=0x1000
             cat-1660    [000] .....    15.000677: ovldiag_open: (ovl_open+0xb2/0x100 <- ovl_open_realfile) result=0xffff88800cb85b00
              dd-1661    [001] .....    15.001875: ovldiag_open: (ovl_open+0xb2/0x100 <- ovl_open_realfile) result=0xffff88800dda7400
              dd-1661    [001] .....    15.001903: ovldiag_ensure: (ovl_write_iter+0xaf/0x1b0 <- ovl_ensure_upper_and_switch) result=0x0
              dd-1661    [001] .....    15.001920: ovldiag_write: (ovl_write_iter+0x136/0x1b0 <- backing_file_write_iter) result=0x1000
              dd-1665    [001] .....    15.004292: ovldiag_open: (ovl_open+0xb2/0x100 <- ovl_open_realfile) result=0xffff88800716ad00
              dd-1665    [001] .....    15.004319: ovldiag_ensure: (ovl_write_iter+0xaf/0x1b0 <- ovl_ensure_upper_and_switch) result=0x0
              dd-1665    [001] .....    15.004336: ovldiag_write: (ovl_write_iter+0x136/0x1b0 <- backing_file_write_iter) result=0x1000
             cat-1663    [000] .....    15.004405: ovldiag_open: (ovl_open+0xb2/0x100 <- ovl_open_realfile) result=0xffff88800717ba00
              dd-1668    [001] .....    15.006678: ovldiag_open: (ovl_open+0xb2/0x100 <- ovl_open_realfile) result=0xffff88800de8e600
              dd-1668    [001] .....    15.006709: ovldiag_ensure: (ovl_write_iter+0xaf/0x1b0 <- ovl_ensure_upper_and_switch) result=0x0
              dd-1668    [001] .....    15.006725: ovldiag_write: (ovl_write_iter+0x136/0x1b0 <- backing_file_write_iter) result=0x1000
             cat-1670    [000] .....    15.007950: ovldiag_open: (ovl_open+0xb2/0x100 <- ovl_open_realfile) result=0xffff88800dda7e00
             cat-1671    [001] .....    15.008990: ovldiag_open: (ovl_open+0xb2/0x100 <- ovl_open_realfile) result=0xffff88800dcb3300
             cat-1677    [000] .....    15.012033: ovldiag_open: (ovl_open+0xb2/0x100 <- ovl_open_realfile) result=0xffff88800cb85c00
              dd-1681    [001] .....    15.014987: ovldiag_open: (ovl_open+0xb2/0x100 <- ovl_open_realfile) result=0xffff88800702a700
              dd-1681    [001] .....    15.015018: ovldiag_ensure: (ovl_write_iter+0xaf/0x1b0 <- ovl_ensure_upper_and_switch) result=0x0
              dd-1681    [001] .....    15.015035: ovldiag_write: (ovl_write_iter+0x136/0x1b0 <- backing_file_write_iter) result=0x1000
              dd-1682    [000] .....    15.015403: ovldiag_open: (ovl_open+0xb2/0x100 <- ovl_open_realfile) result=0xffff88800dcb3800
              dd-1682    [000] .....    15.015431: ovldiag_ensure: (ovl_write_iter+0xaf/0x1b0 <- ovl_ensure_upper_and_switch) result=0x0
              dd-1682    [000] .....    15.015447: ovldiag_write: (ovl_write_iter+0x136/0x1b0 <- backing_file_write_iter) result=0x1000
             cat-1685    [000] .....    15.017388: ovldiag_open: (ovl_open+0xb2/0x100 <- ovl_open_realfile) result=0xffff88800716af00
             cat-1687    [001] .....    15.017881: ovldiag_open: (ovl_open+0xb2/0x100 <- ovl_open_realfile) result=0xffff888007105b00
              dd-1686    [000] .....    15.018425: ovldiag_open: (ovl_open+0xb2/0x100 <- ovl_open_realfile) result=0xffff88800cb85100
              dd-1686    [000] .....    15.018454: ovldiag_ensure: (ovl_write_iter+0xaf/0x1b0 <- ovl_ensure_upper_and_switch) result=0x0
              dd-1686    [000] .....    15.018469: ovldiag_write: (ovl_write_iter+0x136/0x1b0 <- backing_file_write_iter) result=0x1000
             cat-1690    [000] .....    15.019797: ovldiag_open: (ovl_open+0xb2/0x100 <- ovl_open_realfile) result=0xffff88800dd84f00
             cat-1692    [000] .....    15.022680: ovldiag_open: (ovl_open+0xb2/0x100 <- ovl_open_realfile) result=0xffff888007168d00
              dd-1695    [001] .....    15.023063: ovldiag_open: (ovl_open+0xb2/0x100 <- ovl_open_realfile) result=0xffff8880086ddf00
              dd-1695    [001] .....    15.023090: ovldiag_ensure: (ovl_write_iter+0xaf/0x1b0 <- ovl_ensure_upper_and_switch) result=0x0
              dd-1695    [001] .....    15.023106: ovldiag_write: (ovl_write_iter+0x136/0x1b0 <- backing_file_write_iter) result=0x1000
              dd-1701    [001] .....    15.027510: ovldiag_open: (ovl_open+0xb2/0x100 <- ovl_open_realfile) result=0xffff88800cbd2400
              dd-1701    [001] .....    15.027541: ovldiag_ensure: (ovl_write_iter+0xaf/0x1b0 <- ovl_ensure_upper_and_switch) result=0x0
              dd-1701    [001] .....    15.027558: ovldiag_write: (ovl_write_iter+0x136/0x1b0 <- backing_file_write_iter) result=0x1000
              dd-1702    [000] .....    15.027957: ovldiag_open: (ovl_open+0xb2/0x100 <- ovl_open_realfile) result=0xffff888007154a00
              dd-1702    [000] .....    15.027988: ovldiag_ensure: (ovl_write_iter+0xaf/0x1b0 <- ovl_ensure_upper_and_switch) result=0x0
              dd-1702    [000] .....    15.028005: ovldiag_write: (ovl_write_iter+0x136/0x1b0 <- backing_file_write_iter) result=0x1000
             cat-1705    [000] .....    15.030042: ovldiag_open: (ovl_open+0xb2/0x100 <- ovl_open_realfile) result=0xffff88800c86eb00
             cat-1706    [001] .....    15.030285: ovldiag_open: (ovl_open+0xb2/0x100 <- ovl_open_realfile) result=0xffff88800dcb3c00
             cat-1709    [001] .....    15.032675: ovldiag_open: (ovl_open+0xb2/0x100 <- ovl_open_realfile) result=0xffff8880070ce300
             cat-1710    [000] .....    15.034676: ovldiag_open: (ovl_open+0xb2/0x100 <- ovl_open_realfile) result=0xffff88800c9e1900
              dd-1714    [001] .....    15.036137: ovldiag_open: (ovl_open+0xb2/0x100 <- ovl_open_realfile) result=0xffff88800c86e800
              dd-1714    [001] .....    15.036167: ovldiag_ensure: (ovl_write_iter+0xaf/0x1b0 <- ovl_ensure_upper_and_switch) result=0x0
              dd-1714    [001] .....    15.036199: ovldiag_write: (ovl_write_iter+0x136/0x1b0 <- backing_file_write_iter) result=0x1000
              dd-1718    [001] .....    15.038423: ovldiag_open: (ovl_open+0xb2/0x100 <- ovl_open_realfile) result=0xffff88800dc38600
              dd-1718    [001] .....    15.038453: ovldiag_ensure: (ovl_write_iter+0xaf/0x1b0 <- ovl_ensure_upper_and_switch) result=0x0
              dd-1718    [001] .....    15.038470: ovldiag_write: (ovl_write_iter+0x136/0x1b0 <- backing_file_write_iter) result=0x1000
             cat-1721    [000] .....    15.039896: ovldiag_open: (ovl_open+0xb2/0x100 <- ovl_open_realfile) result=0xffff888007168c00
              dd-1722    [001] .....    15.040816: ovldiag_open: (ovl_open+0xb2/0x100 <- ovl_open_realfile) result=0xffff8880086dda00
              dd-1722    [001] .....    15.041848: ovldiag_ensure: (ovl_write_iter+0xaf/0x1b0 <- ovl_ensure_upper_and_switch) result=0x0
              dd-1722    [001] .....    15.041867: ovldiag_write: (ovl_write_iter+0x136/0x1b0 <- backing_file_write_iter) result=0x1000
              dd-1724    [000] .....    15.041945: ovldiag_open: (ovl_open+0xb2/0x100 <- ovl_open_realfile) result=0xffff88800717b100
              dd-1724    [000] .....    15.041976: ovldiag_ensure: (ovl_write_iter+0xaf/0x1b0 <- ovl_ensure_upper_and_switch) result=0x0
              dd-1724    [000] .....    15.041992: ovldiag_write: (ovl_write_iter+0x136/0x1b0 <- backing_file_write_iter) result=0x1000
             cat-1725    [001] .....    15.043134: ovldiag_open: (ovl_open+0xb2/0x100 <- ovl_open_realfile) result=0xffff88800c86ef00
             cat-1730    [000] .....    15.046219: ovldiag_open: (ovl_open+0xb2/0x100 <- ovl_open_realfile) result=0xffff888007105c00
             cat-1731    [000] .....    15.046437: ovldiag_open: (ovl_open+0xb2/0x100 <- ovl_open_realfile) result=0xffff888007105000
              dd-1737    [000] .....    15.049506: ovldiag_open: (ovl_open+0xb2/0x100 <- ovl_open_realfile) result=0xffff88800dcaf600
              dd-1737    [000] .....    15.049537: ovldiag_ensure: (ovl_write_iter+0xaf/0x1b0 <- ovl_ensure_upper_and_switch) result=0x0
              dd-1737    [000] .....    15.049552: ovldiag_write: (ovl_write_iter+0x136/0x1b0 <- backing_file_write_iter) result=0x1000
              dd-1739    [001] .....    15.051085: ovldiag_open: (ovl_open+0xb2/0x100 <- ovl_open_realfile) result=0xffff8880070ce100
              dd-1739    [001] .....    15.051115: ovldiag_ensure: (ovl_write_iter+0xaf/0x1b0 <- ovl_ensure_upper_and_switch) result=0x0
              dd-1739    [001] .....    15.051131: ovldiag_write: (ovl_write_iter+0x136/0x1b0 <- backing_file_write_iter) result=0x1000
             cat-1740    [001] .....    15.052615: ovldiag_open: (ovl_open+0xb2/0x100 <- ovl_open_realfile) result=0xffff88800842ba00
             cat-1742    [000] .....    15.053689: ovldiag_open: (ovl_open+0xb2/0x100 <- ovl_open_realfile) result=0xffff888007374e00
              dd-1746    [000] .....    15.058273: ovldiag_open: (ovl_open+0xb2/0x100 <- ovl_open_realfile) result=0xffff8880062a2e00
              dd-1746    [000] .....    15.058303: ovldiag_ensure: (ovl_write_iter+0xaf/0x1b0 <- ovl_ensure_upper_and_switch) result=0x0
              dd-1746    [000] .....    15.058319: ovldiag_write: (ovl_write_iter+0x136/0x1b0 <- backing_file_write_iter) result=0x1000
              dd-1743    [001] .....    15.058436: ovldiag_open: (ovl_open+0xb2/0x100 <- ovl_open_realfile) result=0xffff8880047f6500
              dd-1743    [001] .....    15.058469: ovldiag_ensure: (ovl_write_iter+0xaf/0x1b0 <- ovl_ensure_upper_and_switch) result=0x0
              dd-1743    [001] .....    15.058486: ovldiag_write: (ovl_write_iter+0x136/0x1b0 <- backing_file_write_iter) result=0x1000
             cat-1749    [000] .....    15.059323: ovldiag_open: (ovl_open+0xb2/0x100 <- ovl_open_realfile) result=0xffff88800717be00
             cat-1750    [000] .....    15.060519: ovldiag_open: (ovl_open+0xb2/0x100 <- ovl_open_realfile) result=0xffff888004355000
              dd-1754    [000] .....    15.062983: ovldiag_open: (ovl_open+0xb2/0x100 <- ovl_open_realfile) result=0xffff888006107500
              dd-1754    [000] .....    15.063010: ovldiag_ensure: (ovl_write_iter+0xaf/0x1b0 <- ovl_ensure_upper_and_switch) result=0x0
              dd-1754    [000] .....    15.063026: ovldiag_write: (ovl_write_iter+0x136/0x1b0 <- backing_file_write_iter) result=0x1000
              dd-1758    [000] .....    15.065616: ovldiag_open: (ovl_open+0xb2/0x100 <- ovl_open_realfile) result=0xffff8880047f6f00
              dd-1758    [000] .....    15.065646: ovldiag_ensure: (ovl_write_iter+0xaf/0x1b0 <- ovl_ensure_upper_and_switch) result=0x0
              dd-1758    [000] .....    15.065661: ovldiag_write: (ovl_write_iter+0x136/0x1b0 <- backing_file_write_iter) result=0x1000
             cat-1762    [001] .....    15.067741: ovldiag_open: (ovl_open+0xb2/0x100 <- ovl_open_realfile) result=0xffff888007377600
             cat-1764    [000] .....    15.070105: ovldiag_open: (ovl_open+0xb2/0x100 <- ovl_open_realfile) result=0xffff8880086dd100
             cat-1767    [001] .....    15.071726: ovldiag_open: (ovl_open+0xb2/0x100 <- ovl_open_realfile) result=0xffff888007154e00
             cat-1769    [000] .....    15.073647: ovldiag_open: (ovl_open+0xb2/0x100 <- ovl_open_realfile) result=0xffff88800732ca00
              dd-1772    [001] .....    15.075599: ovldiag_open: (ovl_open+0xb2/0x100 <- ovl_open_realfile) result=0xffff8880061d0300
              dd-1772    [001] .....    15.075627: ovldiag_ensure: (ovl_write_iter+0xaf/0x1b0 <- ovl_ensure_upper_and_switch) result=0x0
              dd-1772    [001] .....    15.075644: ovldiag_write: (ovl_write_iter+0x136/0x1b0 <- backing_file_write_iter) result=0x1000
              dd-1774    [000] .....    15.076080: ovldiag_open: (ovl_open+0xb2/0x100 <- ovl_open_realfile) result=0xffff88800dea3800
              dd-1774    [000] .....    15.076110: ovldiag_ensure: (ovl_write_iter+0xaf/0x1b0 <- ovl_ensure_upper_and_switch) result=0x0
              dd-1774    [000] .....    15.076127: ovldiag_write: (ovl_write_iter+0x136/0x1b0 <- backing_file_write_iter) result=0x1000
              dd-1776    [000] .....    15.078719: ovldiag_open: (ovl_open+0xb2/0x100 <- ovl_open_realfile) result=0xffff8880070ce900
              dd-1776    [000] .....    15.078750: ovldiag_ensure: (ovl_write_iter+0xaf/0x1b0 <- ovl_ensure_upper_and_switch) result=0x0
              dd-1776    [000] .....    15.078765: ovldiag_write: (ovl_write_iter+0x136/0x1b0 <- backing_file_write_iter) result=0x1000
             cat-1779    [001] .....    15.079123: ovldiag_open: (ovl_open+0xb2/0x100 <- ovl_open_realfile) result=0xffff88800ddec300
             cat-1781    [000] .....    15.080048: ovldiag_open: (ovl_open+0xb2/0x100 <- ovl_open_realfile) result=0xffff888006210700
              dd-1780    [001] .....    15.080620: ovldiag_open: (ovl_open+0xb2/0x100 <- ovl_open_realfile) result=0xffff8880061d0800
              dd-1780    [001] .....    15.080650: ovldiag_ensure: (ovl_write_iter+0xaf/0x1b0 <- ovl_ensure_upper_and_switch) result=0x0
              dd-1780    [001] .....    15.080666: ovldiag_write: (ovl_write_iter+0x136/0x1b0 <- backing_file_write_iter) result=0x1000
             cat-1785    [000] .....    15.083217: ovldiag_open: (ovl_open+0xb2/0x100 <- ovl_open_realfile) result=0xffff8880086dd300
             cat-1790    [000] .....    15.086071: ovldiag_open: (ovl_open+0xb2/0x100 <- ovl_open_realfile) result=0xffff888007105700
              dd-1794    [000] .....    15.089095: ovldiag_open: (ovl_open+0xb2/0x100 <- ovl_open_realfile) result=0xffff888004530900
              dd-1794    [000] .....    15.089122: ovldiag_ensure: (ovl_write_iter+0xaf/0x1b0 <- ovl_ensure_upper_and_switch) result=0x0
              dd-1794    [000] .....    15.089138: ovldiag_write: (ovl_write_iter+0x136/0x1b0 <- backing_file_write_iter) result=0x1000
              dd-1795    [001] .....    15.089812: ovldiag_open: (ovl_open+0xb2/0x100 <- ovl_open_realfile) result=0xffff8880047ffc00
              dd-1795    [001] .....    15.089860: ovldiag_ensure: (ovl_write_iter+0xaf/0x1b0 <- ovl_ensure_upper_and_switch) result=0x0
              dd-1795    [001] .....    15.089877: ovldiag_write: (ovl_write_iter+0x136/0x1b0 <- backing_file_write_iter) result=0x1000
             cat-1798    [000] .....    15.091417: ovldiag_open: (ovl_open+0xb2/0x100 <- ovl_open_realfile) result=0xffff88800842ad00
             cat-1799    [001] .....    15.092387: ovldiag_open: (ovl_open+0xb2/0x100 <- ovl_open_realfile) result=0xffff8880086ddf00
             cat-1802    [001] .....    15.093911: ovldiag_open: (ovl_open+0xb2/0x100 <- ovl_open_realfile) result=0xffff88800717b400
              dd-1801    [000] .....    15.094062: ovldiag_open: (ovl_open+0xb2/0x100 <- ovl_open_realfile) result=0xffff8880047ec900
              dd-1801    [000] .....    15.094092: ovldiag_ensure: (ovl_write_iter+0xaf/0x1b0 <- ovl_ensure_upper_and_switch) result=0x0
              dd-1801    [000] .....    15.094108: ovldiag_write: (ovl_write_iter+0x136/0x1b0 <- backing_file_write_iter) result=0x1000
              dd-1806    [000] .....    15.097037: ovldiag_open: (ovl_open+0xb2/0x100 <- ovl_open_realfile) result=0xffff8880045c9100
              dd-1806    [000] .....    15.097065: ovldiag_ensure: (ovl_write_iter+0xaf/0x1b0 <- ovl_ensure_upper_and_switch) result=0x0
              dd-1806    [000] .....    15.097080: ovldiag_write: (ovl_write_iter+0x136/0x1b0 <- backing_file_write_iter) result=0x1000
             cat-1808    [001] .....    15.098636: ovldiag_open: (ovl_open+0xb2/0x100 <- ovl_open_realfile) result=0xffff88800717b200
              dd-1814    [000] .....    15.101652: ovldiag_open: (ovl_open+0xb2/0x100 <- ovl_open_realfile) result=0xffff888007105e00
              dd-1814    [000] .....    15.101680: ovldiag_ensure: (ovl_write_iter+0xaf/0x1b0 <- ovl_ensure_upper_and_switch) result=0x0
              dd-1814    [000] .....    15.101697: ovldiag_write: (ovl_write_iter+0x136/0x1b0 <- backing_file_write_iter) result=0x1000
              dd-1815    [001] .....    15.102679: ovldiag_open: (ovl_open+0xb2/0x100 <- ovl_open_realfile) result=0xffff88800dd9f600
              dd-1815    [001] .....    15.102708: ovldiag_ensure: (ovl_write_iter+0xaf/0x1b0 <- ovl_ensure_upper_and_switch) result=0x0
              dd-1815    [001] .....    15.102724: ovldiag_write: (ovl_write_iter+0x136/0x1b0 <- backing_file_write_iter) result=0x1000
             cat-1817    [000] .....    15.103174: ovldiag_open: (ovl_open+0xb2/0x100 <- ovl_open_realfile) result=0xffff888006114500
             cat-1820    [001] .....    15.104992: ovldiag_open: (ovl_open+0xb2/0x100 <- ovl_open_realfile) result=0xffff88800ddfc000
             cat-1822    [001] .....    15.106497: ovldiag_open: (ovl_open+0xb2/0x100 <- ovl_open_realfile) result=0xffff888004445f00
             cat-1825    [001] .....    15.107980: ovldiag_open: (ovl_open+0xb2/0x100 <- ovl_open_realfile) result=0xffff888004578200
              dd-1828    [000] .....    15.110705: ovldiag_open: (ovl_open+0xb2/0x100 <- ovl_open_realfile) result=0xffff888006210400
              dd-1828    [000] .....    15.110734: ovldiag_ensure: (ovl_write_iter+0xaf/0x1b0 <- ovl_ensure_upper_and_switch) result=0x0
              dd-1828    [000] .....    15.110750: ovldiag_write: (ovl_write_iter+0x136/0x1b0 <- backing_file_write_iter) result=0x1000
              dd-1829    [000] .....    15.111723: ovldiag_open: (ovl_open+0xb2/0x100 <- ovl_open_realfile) result=0xffff888007377900
              dd-1829    [000] .....    15.111751: ovldiag_ensure: (ovl_write_iter+0xaf/0x1b0 <- ovl_ensure_upper_and_switch) result=0x0
              dd-1829    [000] .....    15.111763: ovldiag_write: (ovl_write_iter+0x136/0x1b0 <- backing_file_write_iter) result=0x1000
             cat-1832    [000] .....    15.113039: ovldiag_open: (ovl_open+0xb2/0x100 <- ovl_open_realfile) result=0xffff8880070ce000
              dd-1836    [001] .....    15.115538: ovldiag_open: (ovl_open+0xb2/0x100 <- ovl_open_realfile) result=0xffff88800842b400
              dd-1836    [001] .....    15.115569: ovldiag_ensure: (ovl_write_iter+0xaf/0x1b0 <- ovl_ensure_upper_and_switch) result=0x0
              dd-1836    [001] .....    15.115584: ovldiag_write: (ovl_write_iter+0x136/0x1b0 <- backing_file_write_iter) result=0x1000
             cat-1839    [000] .....    15.116879: ovldiag_open: (ovl_open+0xb2/0x100 <- ovl_open_realfile) result=0xffff8880070d2300
              dd-1840    [001] .....    15.117136: ovldiag_open: (ovl_open+0xb2/0x100 <- ovl_open_realfile) result=0xffff88800dc44300
              dd-1840    [001] .....    15.117165: ovldiag_ensure: (ovl_write_iter+0xaf/0x1b0 <- ovl_ensure_upper_and_switch) result=0x0
              dd-1840    [001] .....    15.117193: ovldiag_write: (ovl_write_iter+0x136/0x1b0 <- backing_file_write_iter) result=0x1000
             cat-1844    [001] .....    15.119787: ovldiag_open: (ovl_open+0xb2/0x100 <- ovl_open_realfile) result=0xffff88800716ae00
             cat-1842    [001] .....    15.120098: ovldiag_open: (ovl_open+0xb2/0x100 <- ovl_open_realfile) result=0xffff88800732b100
             cat-1848    [000] .....    15.123191: ovldiag_open: (ovl_open+0xb2/0x100 <- ovl_open_realfile) result=0xffff8880086dd300
              dd-1852    [000] .....    15.125386: ovldiag_open: (ovl_open+0xb2/0x100 <- ovl_open_realfile) result=0xffff8880070ce100
              dd-1852    [000] .....    15.125416: ovldiag_ensure: (ovl_write_iter+0xaf/0x1b0 <- ovl_ensure_upper_and_switch) result=0x0
              dd-1852    [000] .....    15.125432: ovldiag_write: (ovl_write_iter+0x136/0x1b0 <- backing_file_write_iter) result=0x1000
              dd-1853    [001] .....    15.126927: ovldiag_open: (ovl_open+0xb2/0x100 <- ovl_open_realfile) result=0xffff888007105e00
              dd-1853    [001] .....    15.126954: ovldiag_ensure: (ovl_write_iter+0xaf/0x1b0 <- ovl_ensure_upper_and_switch) result=0x0
              dd-1853    [001] .....    15.126970: ovldiag_write: (ovl_write_iter+0x136/0x1b0 <- backing_file_write_iter) result=0x1000
             cat-1856    [000] .....    15.127867: ovldiag_open: (ovl_open+0xb2/0x100 <- ovl_open_realfile) result=0xffff8880046d3900
              dd-1859    [000] .....    15.129404: ovldiag_open: (ovl_open+0xb2/0x100 <- ovl_open_realfile) result=0xffff888007168c00
              dd-1859    [000] .....    15.129435: ovldiag_ensure: (ovl_write_iter+0xaf/0x1b0 <- ovl_ensure_upper_and_switch) result=0x0
              dd-1859    [000] .....    15.129450: ovldiag_write: (ovl_write_iter+0x136/0x1b0 <- backing_file_write_iter) result=0x1000
             cat-1863    [000] .....    15.131906: ovldiag_open: (ovl_open+0xb2/0x100 <- ovl_open_realfile) result=0xffff888006217e00
              dd-1864    [001] .....    15.132351: ovldiag_open: (ovl_open+0xb2/0x100 <- ovl_open_realfile) result=0xffff888004578800
              dd-1864    [001] .....    15.132380: ovldiag_ensure: (ovl_write_iter+0xaf/0x1b0 <- ovl_ensure_upper_and_switch) result=0x0
              dd-1864    [001] .....    15.132396: ovldiag_write: (ovl_write_iter+0x136/0x1b0 <- backing_file_write_iter) result=0x1000
             cat-1860    [000] .....    15.132602: ovldiag_open: (ovl_open+0xb2/0x100 <- ovl_open_realfile) result=0xffff88800732bf00
             cat-1867    [000] .....    15.134696: ovldiag_open: (ovl_open+0xb2/0x100 <- ovl_open_realfile) result=0xffff888004445000
             cat-1872    [001] .....    15.137711: ovldiag_open: (ovl_open+0xb2/0x100 <- ovl_open_realfile) result=0xffff88800ddce400
              dd-1874    [000] .....    15.139081: ovldiag_open: (ovl_open+0xb2/0x100 <- ovl_open_realfile) result=0xffff88800723a800
              dd-1874    [000] .....    15.139109: ovldiag_ensure: (ovl_write_iter+0xaf/0x1b0 <- ovl_ensure_upper_and_switch) result=0x0
              dd-1874    [000] .....    15.139124: ovldiag_write: (ovl_write_iter+0x136/0x1b0 <- backing_file_write_iter) result=0x1000
              dd-1876    [001] .....    15.140647: ovldiag_open: (ovl_open+0xb2/0x100 <- ovl_open_realfile) result=0xffff88800717b300
              dd-1876    [001] .....    15.140675: ovldiag_ensure: (ovl_write_iter+0xaf/0x1b0 <- ovl_ensure_upper_and_switch) result=0x0
              dd-1876    [001] .....    15.140690: ovldiag_write: (ovl_write_iter+0x136/0x1b0 <- backing_file_write_iter) result=0x1000
              dd-1880    [000] .....    15.142658: ovldiag_open: (ovl_open+0xb2/0x100 <- ovl_open_realfile) result=0xffff888007154a00
              dd-1880    [000] .....    15.142685: ovldiag_ensure: (ovl_write_iter+0xaf/0x1b0 <- ovl_ensure_upper_and_switch) result=0x0
              dd-1880    [000] .....    15.142701: ovldiag_write: (ovl_write_iter+0x136/0x1b0 <- backing_file_write_iter) result=0x1000
             cat-1881    [001] .....    15.142789: ovldiag_open: (ovl_open+0xb2/0x100 <- ovl_open_realfile) result=0xffff888006210300
             cat-1883    [001] .....    15.144702: ovldiag_open: (ovl_open+0xb2/0x100 <- ovl_open_realfile) result=0xffff888007171d00
             cat-1884    [001] .....    15.145683: ovldiag_open: (ovl_open+0xb2/0x100 <- ovl_open_realfile) result=0xffff88800716fc00
              dd-1888    [001] .....    15.147728: ovldiag_open: (ovl_open+0xb2/0x100 <- ovl_open_realfile) result=0xffff888007105a00
              dd-1888    [001] .....    15.147754: ovldiag_ensure: (ovl_write_iter+0xaf/0x1b0 <- ovl_ensure_upper_and_switch) result=0x0
              dd-1888    [001] .....    15.147770: ovldiag_write: (ovl_write_iter+0x136/0x1b0 <- backing_file_write_iter) result=0x1000
             cat-1889    [000] .....    15.148040: ovldiag_open: (ovl_open+0xb2/0x100 <- ovl_open_realfile) result=0xffff888004530800
              dd-1896    [000] .....    15.151745: ovldiag_open: (ovl_open+0xb2/0x100 <- ovl_open_realfile) result=0xffff88800842b300
              dd-1896    [000] .....    15.151776: ovldiag_ensure: (ovl_write_iter+0xaf/0x1b0 <- ovl_ensure_upper_and_switch) result=0x0
              dd-1896    [000] .....    15.151792: ovldiag_write: (ovl_write_iter+0x136/0x1b0 <- backing_file_write_iter) result=0x1000
             cat-1898    [000] .....    15.153277: ovldiag_open: (ovl_open+0xb2/0x100 <- ovl_open_realfile) result=0xffff888007377600
              dd-1899    [000] .....    15.154578: ovldiag_open: (ovl_open+0xb2/0x100 <- ovl_open_realfile) result=0xffff88800842ac00
              dd-1899    [000] .....    15.154605: ovldiag_ensure: (ovl_write_iter+0xaf/0x1b0 <- ovl_ensure_upper_and_switch) result=0x0
              dd-1899    [000] .....    15.154621: ovldiag_write: (ovl_write_iter+0x136/0x1b0 <- backing_file_write_iter) result=0x1000
              dd-1903    [000] .....    15.156879: ovldiag_open: (ovl_open+0xb2/0x100 <- ovl_open_realfile) result=0xffff888007105c00
              dd-1903    [000] .....    15.156907: ovldiag_ensure: (ovl_write_iter+0xaf/0x1b0 <- ovl_ensure_upper_and_switch) result=0x0
              dd-1903    [000] .....    15.156923: ovldiag_write: (ovl_write_iter+0x136/0x1b0 <- backing_file_write_iter) result=0x1000
             cat-1904    [001] .....    15.157304: ovldiag_open: (ovl_open+0xb2/0x100 <- ovl_open_realfile) result=0xffff888007154700
             cat-1907    [000] .....    15.159291: ovldiag_open: (ovl_open+0xb2/0x100 <- ovl_open_realfile) result=0xffff88800702a300
             cat-1908    [001] .....    15.159781: ovldiag_open: (ovl_open+0xb2/0x100 <- ovl_open_realfile) result=0xffff88800732b400
              dd-1912    [000] .....    15.162877: ovldiag_open: (ovl_open+0xb2/0x100 <- ovl_open_realfile) result=0xffff888007167c00
              dd-1912    [000] .....    15.162905: ovldiag_ensure: (ovl_write_iter+0xaf/0x1b0 <- ovl_ensure_upper_and_switch) result=0x0
              dd-1912    [000] .....    15.162921: ovldiag_write: (ovl_write_iter+0x136/0x1b0 <- backing_file_write_iter) result=0x1000
             cat-1913    [001] .....    15.164070: ovldiag_open: (ovl_open+0xb2/0x100 <- ovl_open_realfile) result=0xffff8880073c5700
              dd-1918    [000] .....    15.165794: ovldiag_open: (ovl_open+0xb2/0x100 <- ovl_open_realfile) result=0xffff88800dc75400
              dd-1918    [000] .....    15.165849: ovldiag_ensure: (ovl_write_iter+0xaf/0x1b0 <- ovl_ensure_upper_and_switch) result=0x0
              dd-1918    [000] .....    15.165863: ovldiag_write: (ovl_write_iter+0x136/0x1b0 <- backing_file_write_iter) result=0x1000
              dd-1919    [001] .....    15.167622: ovldiag_open: (ovl_open+0xb2/0x100 <- ovl_open_realfile) result=0xffff888007021900
              dd-1919    [001] .....    15.167652: ovldiag_ensure: (ovl_write_iter+0xaf/0x1b0 <- ovl_ensure_upper_and_switch) result=0x0
              dd-1919    [001] .....    15.167668: ovldiag_write: (ovl_write_iter+0x136/0x1b0 <- backing_file_write_iter) result=0x1000
             cat-1921    [000] .....    15.168317: ovldiag_open: (ovl_open+0xb2/0x100 <- ovl_open_realfile) result=0xffff888007167900
              dd-1925    [000] .....    15.170738: ovldiag_open: (ovl_open+0xb2/0x100 <- ovl_open_realfile) result=0xffff888007377d00
              dd-1925    [000] .....    15.170769: ovldiag_ensure: (ovl_write_iter+0xaf/0x1b0 <- ovl_ensure_upper_and_switch) result=0x0
              dd-1925    [000] .....    15.170786: ovldiag_write: (ovl_write_iter+0x136/0x1b0 <- backing_file_write_iter) result=0x1000
             cat-1926    [001] .....    15.171908: ovldiag_open: (ovl_open+0xb2/0x100 <- ovl_open_realfile) result=0xffff888007026800
             cat-1928    [000] .....    15.172886: ovldiag_open: (ovl_open+0xb2/0x100 <- ovl_open_realfile) result=0xffff8880047f6500
             cat-1933    [001] .....    15.176146: ovldiag_open: (ovl_open+0xb2/0x100 <- ovl_open_realfile) result=0xffff888004530a00
              dd-1936    [000] .....    15.177530: ovldiag_open: (ovl_open+0xb2/0x100 <- ovl_open_realfile) result=0xffff88800842ac00
              dd-1936    [000] .....    15.177559: ovldiag_ensure: (ovl_write_iter+0xaf/0x1b0 <- ovl_ensure_upper_and_switch) result=0x0
              dd-1936    [000] .....    15.177575: ovldiag_write: (ovl_write_iter+0x136/0x1b0 <- backing_file_write_iter) result=0x1000
             cat-1939    [000] .....    15.179697: ovldiag_open: (ovl_open+0xb2/0x100 <- ovl_open_realfile) result=0xffff88800842bb00
              dd-1940    [001] .....    15.181008: ovldiag_open: (ovl_open+0xb2/0x100 <- ovl_open_realfile) result=0xffff888004578200
              dd-1940    [001] .....    15.181036: ovldiag_ensure: (ovl_write_iter+0xaf/0x1b0 <- ovl_ensure_upper_and_switch) result=0x0
              dd-1940    [001] .....    15.181053: ovldiag_write: (ovl_write_iter+0x136/0x1b0 <- backing_file_write_iter) result=0x1000
             cat-1942    [000] .....    15.181161: ovldiag_open: (ovl_open+0xb2/0x100 <- ovl_open_realfile) result=0xffff88800dde8a00
              dd-1944    [000] .....    15.182614: ovldiag_open: (ovl_open+0xb2/0x100 <- ovl_open_realfile) result=0xffff88800611e900
              dd-1944    [000] .....    15.182641: ovldiag_ensure: (ovl_write_iter+0xaf/0x1b0 <- ovl_ensure_upper_and_switch) result=0x0
              dd-1944    [000] .....    15.182657: ovldiag_write: (ovl_write_iter+0x136/0x1b0 <- backing_file_write_iter) result=0x1000
             cat-1946    [001] .....    15.183978: ovldiag_open: (ovl_open+0xb2/0x100 <- ovl_open_realfile) result=0xffff888004530c00
             cat-1952    [001] .....    15.187679: ovldiag_open: (ovl_open+0xb2/0x100 <- ovl_open_realfile) result=0xffff888004355e00
              dd-1951    [001] .....    15.188310: ovldiag_open: (ovl_open+0xb2/0x100 <- ovl_open_realfile) result=0xffff888007377f00
              dd-1951    [001] .....    15.188339: ovldiag_ensure: (ovl_write_iter+0xaf/0x1b0 <- ovl_ensure_upper_and_switch) result=0x0
              dd-1951    [001] .....    15.188356: ovldiag_write: (ovl_write_iter+0x136/0x1b0 <- backing_file_write_iter) result=0x1000
              dd-1957    [001] .....    15.190661: ovldiag_open: (ovl_open+0xb2/0x100 <- ovl_open_realfile) result=0xffff888007296600
              dd-1957    [001] .....    15.190687: ovldiag_ensure: (ovl_write_iter+0xaf/0x1b0 <- ovl_ensure_upper_and_switch) result=0x0
              dd-1957    [001] .....    15.190703: ovldiag_write: (ovl_write_iter+0x136/0x1b0 <- backing_file_write_iter) result=0x1000
             cat-1959    [000] .....    15.192773: ovldiag_open: (ovl_open+0xb2/0x100 <- ovl_open_realfile) result=0xffff88800de6fb00
             cat-1960    [001] .....    15.193600: ovldiag_open: (ovl_open+0xb2/0x100 <- ovl_open_realfile) result=0xffff8880070ce200
             cat-1964    [000] .....    15.195555: ovldiag_open: (ovl_open+0xb2/0x100 <- ovl_open_realfile) result=0xffff888004355100
              dd-1962    [001] .....    15.196032: ovldiag_open: (ovl_open+0xb2/0x100 <- ovl_open_realfile) result=0xffff8880070cf400
              dd-1962    [001] .....    15.196060: ovldiag_ensure: (ovl_write_iter+0xaf/0x1b0 <- ovl_ensure_upper_and_switch) result=0x0
              dd-1962    [001] .....    15.196076: ovldiag_write: (ovl_write_iter+0x136/0x1b0 <- backing_file_write_iter) result=0x1000
             cat-1969    [001] .....    15.199039: ovldiag_open: (ovl_open+0xb2/0x100 <- ovl_open_realfile) result=0xffff888007377f00
              dd-1970    [001] .....    15.200153: ovldiag_open: (ovl_open+0xb2/0x100 <- ovl_open_realfile) result=0xffff8880047ec100
              dd-1970    [001] .....    15.200180: ovldiag_ensure: (ovl_write_iter+0xaf/0x1b0 <- ovl_ensure_upper_and_switch) result=0x0
              dd-1970    [001] .....    15.200206: ovldiag_write: (ovl_write_iter+0x136/0x1b0 <- backing_file_write_iter) result=0x1000
              dd-1974    [001] .....    15.202394: ovldiag_open: (ovl_open+0xb2/0x100 <- ovl_open_realfile) result=0xffff888007105c00
              dd-1974    [001] .....    15.202425: ovldiag_ensure: (ovl_write_iter+0xaf/0x1b0 <- ovl_ensure_upper_and_switch) result=0x0
              dd-1974    [001] .....    15.202441: ovldiag_write: (ovl_write_iter+0x136/0x1b0 <- backing_file_write_iter) result=0x1000
             cat-1976    [000] .....    15.203371: ovldiag_open: (ovl_open+0xb2/0x100 <- ovl_open_realfile) result=0xffff88800430cd00
              dd-1978    [000] .....    15.204600: ovldiag_open: (ovl_open+0xb2/0x100 <- ovl_open_realfile) result=0xffff88800c9c0600
              dd-1978    [000] .....    15.204630: ovldiag_ensure: (ovl_write_iter+0xaf/0x1b0 <- ovl_ensure_upper_and_switch) result=0x0
              dd-1978    [000] .....    15.204645: ovldiag_write: (ovl_write_iter+0x136/0x1b0 <- backing_file_write_iter) result=0x1000
             cat-1979    [001] .....    15.204786: ovldiag_open: (ovl_open+0xb2/0x100 <- ovl_open_realfile) result=0xffff88800dc2d400
             cat-1983    [001] .....    15.208150: ovldiag_open: (ovl_open+0xb2/0x100 <- ovl_open_realfile) result=0xffff888006189c00
             cat-1985    [000] .....    15.208396: ovldiag_open: (ovl_open+0xb2/0x100 <- ovl_open_realfile) result=0xffff88800842af00
              dd-1989    [001] .....    15.211424: ovldiag_open: (ovl_open+0xb2/0x100 <- ovl_open_realfile) result=0xffff88800dcaa600
              dd-1989    [001] .....    15.211453: ovldiag_ensure: (ovl_write_iter+0xaf/0x1b0 <- ovl_ensure_upper_and_switch) result=0x0
              dd-1989    [001] .....    15.211470: ovldiag_write: (ovl_write_iter+0x136/0x1b0 <- backing_file_write_iter) result=0x1000
              dd-1993    [000] .....    15.213156: ovldiag_open: (ovl_open+0xb2/0x100 <- ovl_open_realfile) result=0xffff888004578a00
              dd-1993    [000] .....    15.213197: ovldiag_ensure: (ovl_write_iter+0xaf/0x1b0 <- ovl_ensure_upper_and_switch) result=0x0
              dd-1993    [000] .....    15.213212: ovldiag_write: (ovl_write_iter+0x136/0x1b0 <- backing_file_write_iter) result=0x1000
              dd-1995    [001] .....    15.214922: ovldiag_open: (ovl_open+0xb2/0x100 <- ovl_open_realfile) result=0xffff888007171d00
              dd-1995    [001] .....    15.214952: ovldiag_ensure: (ovl_write_iter+0xaf/0x1b0 <- ovl_ensure_upper_and_switch) result=0x0
              dd-1995    [001] .....    15.214969: ovldiag_write: (ovl_write_iter+0x136/0x1b0 <- backing_file_write_iter) result=0x1000
             cat-1996    [000] .....    15.215411: ovldiag_open: (ovl_open+0xb2/0x100 <- ovl_open_realfile) result=0xffff888007105500
             cat-1997    [001] .....    15.216205: ovldiag_open: (ovl_open+0xb2/0x100 <- ovl_open_realfile) result=0xffff888004355a00
              dd-2004    [000] .....    15.220088: ovldiag_open: (ovl_open+0xb2/0x100 <- ovl_open_realfile) result=0xffff88800dc8fa00
              dd-2004    [000] .....    15.220117: ovldiag_ensure: (ovl_write_iter+0xaf/0x1b0 <- ovl_ensure_upper_and_switch) result=0x0
              dd-2004    [000] .....    15.220133: ovldiag_write: (ovl_write_iter+0x136/0x1b0 <- backing_file_write_iter) result=0x1000
             cat-2002    [001] .....    15.220164: ovldiag_open: (ovl_open+0xb2/0x100 <- ovl_open_realfile) result=0xffff88800c86ef00
             cat-2007    [001] .....    15.221485: ovldiag_open: (ovl_open+0xb2/0x100 <- ovl_open_realfile) result=0xffff88800de2a900
             cat-2011    [001] .....    15.225249: ovldiag_open: (ovl_open+0xb2/0x100 <- ovl_open_realfile) result=0xffff88800dcc8300
              dd-2012    [000] .....    15.225610: ovldiag_open: (ovl_open+0xb2/0x100 <- ovl_open_realfile) result=0xffff88800dc5d000
              dd-2012    [000] .....    15.225641: ovldiag_ensure: (ovl_write_iter+0xaf/0x1b0 <- ovl_ensure_upper_and_switch) result=0x0
              dd-2012    [000] .....    15.225656: ovldiag_write: (ovl_write_iter+0x136/0x1b0 <- backing_file_write_iter) result=0x1000
             cat-2014    [001] .....    15.226593: ovldiag_open: (ovl_open+0xb2/0x100 <- ovl_open_realfile) result=0xffff8880086ddb00
              dd-2013    [000] .....    15.226669: ovldiag_open: (ovl_open+0xb2/0x100 <- ovl_open_realfile) result=0xffff8880062a2200
              dd-2013    [000] .....    15.226697: ovldiag_ensure: (ovl_write_iter+0xaf/0x1b0 <- ovl_ensure_upper_and_switch) result=0x0
              dd-2013    [000] .....    15.226709: ovldiag_write: (ovl_write_iter+0x136/0x1b0 <- backing_file_write_iter) result=0x1000
              dd-2018    [001] .....    15.229618: ovldiag_open: (ovl_open+0xb2/0x100 <- ovl_open_realfile) result=0xffff888006228800
              dd-2018    [001] .....    15.229646: ovldiag_ensure: (ovl_write_iter+0xaf/0x1b0 <- ovl_ensure_upper_and_switch) result=0x0
              dd-2018    [001] .....    15.229663: ovldiag_write: (ovl_write_iter+0x136/0x1b0 <- backing_file_write_iter) result=0x1000
             cat-2021    [000] .....    15.231547: ovldiag_open: (ovl_open+0xb2/0x100 <- ovl_open_realfile) result=0xffff88800842bf00
             cat-2023    [001] .....    15.232708: ovldiag_open: (ovl_open+0xb2/0x100 <- ovl_open_realfile) result=0xffff88800702ad00
              dd-2026    [000] .....    15.233781: ovldiag_open: (ovl_open+0xb2/0x100 <- ovl_open_realfile) result=0xffff888007171d00
              dd-2026    [000] .....    15.233819: ovldiag_ensure: (ovl_write_iter+0xaf/0x1b0 <- ovl_ensure_upper_and_switch) result=0x0
              dd-2026    [000] .....    15.233835: ovldiag_write: (ovl_write_iter+0x136/0x1b0 <- backing_file_write_iter) result=0x1000
             cat-2030    [001] .....    15.236918: ovldiag_open: (ovl_open+0xb2/0x100 <- ovl_open_realfile) result=0xffff888004530b00
             cat-2033    [000] .....    15.239335: ovldiag_open: (ovl_open+0xb2/0x100 <- ovl_open_realfile) result=0xffff88800622a400
              dd-2036    [001] .....    15.240714: ovldiag_open: (ovl_open+0xb2/0x100 <- ovl_open_realfile) result=0xffff88800dd7e900
              dd-2036    [001] .....    15.240743: ovldiag_ensure: (ovl_write_iter+0xaf/0x1b0 <- ovl_ensure_upper_and_switch) result=0x0
              dd-2036    [001] .....    15.240759: ovldiag_write: (ovl_write_iter+0x136/0x1b0 <- backing_file_write_iter) result=0x1000
             cat-2037    [000] .....    15.242112: ovldiag_open: (ovl_open+0xb2/0x100 <- ovl_open_realfile) result=0xffff88800dcc8300
              dd-2040    [000] .....    15.243966: ovldiag_open: (ovl_open+0xb2/0x100 <- ovl_open_realfile) result=0xffff8880073c5200
              dd-2040    [000] .....    15.243993: ovldiag_ensure: (ovl_write_iter+0xaf/0x1b0 <- ovl_ensure_upper_and_switch) result=0x0
              dd-2040    [000] .....    15.244009: ovldiag_write: (ovl_write_iter+0x136/0x1b0 <- backing_file_write_iter) result=0x1000
             cat-2044    [000] .....    15.245369: ovldiag_open: (ovl_open+0xb2/0x100 <- ovl_open_realfile) result=0xffff8880086ddd00
             cat-2046    [001] .....    15.246604: ovldiag_open: (ovl_open+0xb2/0x100 <- ovl_open_realfile) result=0xffff88800842ac00
              dd-2045    [000] .....    15.248916: ovldiag_open: (ovl_open+0xb2/0x100 <- ovl_open_realfile) result=0xffff888006210600
              dd-2045    [000] .....    15.248943: ovldiag_ensure: (ovl_write_iter+0xaf/0x1b0 <- ovl_ensure_upper_and_switch) result=0x0
              dd-2045    [000] .....    15.248959: ovldiag_write: (ovl_write_iter+0x136/0x1b0 <- backing_file_write_iter) result=0x1000
              dd-2049    [000] .....    15.249951: ovldiag_open: (ovl_open+0xb2/0x100 <- ovl_open_realfile) result=0xffff88800842b200
              dd-2049    [000] .....    15.249979: ovldiag_ensure: (ovl_write_iter+0xaf/0x1b0 <- ovl_ensure_upper_and_switch) result=0x0
              dd-2049    [000] .....    15.249990: ovldiag_write: (ovl_write_iter+0x136/0x1b0 <- backing_file_write_iter) result=0x1000
             cat-2054    [000] .....    15.251954: ovldiag_open: (ovl_open+0xb2/0x100 <- ovl_open_realfile) result=0xffff888006101a00
             cat-2055    [001] .....    15.252633: ovldiag_open: (ovl_open+0xb2/0x100 <- ovl_open_realfile) result=0xffff88800ddad800
             cat-2060    [000] .....    15.255697: ovldiag_open: (ovl_open+0xb2/0x100 <- ovl_open_realfile) result=0xffff88800732a000
              dd-2057    [000] .....    15.256396: ovldiag_open: (ovl_open+0xb2/0x100 <- ovl_open_realfile) result=0xffff88800619d800
              dd-2057    [000] .....    15.256422: ovldiag_ensure: (ovl_write_iter+0xaf/0x1b0 <- ovl_ensure_upper_and_switch) result=0x0
              dd-2057    [000] .....    15.256437: ovldiag_write: (ovl_write_iter+0x136/0x1b0 <- backing_file_write_iter) result=0x1000
              dd-2062    [001] .....    15.257118: ovldiag_open: (ovl_open+0xb2/0x100 <- ovl_open_realfile) result=0xffff888004355400
              dd-2062    [001] .....    15.257145: ovldiag_ensure: (ovl_write_iter+0xaf/0x1b0 <- ovl_ensure_upper_and_switch) result=0x0
              dd-2062    [001] .....    15.257161: ovldiag_write: (ovl_write_iter+0x136/0x1b0 <- backing_file_write_iter) result=0x1000
             cat-2064    [000] .....    15.259284: ovldiag_open: (ovl_open+0xb2/0x100 <- ovl_open_realfile) result=0xffff88800723a800
              dd-2070    [000] .....    15.261710: ovldiag_open: (ovl_open+0xb2/0x100 <- ovl_open_realfile) result=0xffff88800cb1a100
              dd-2070    [000] .....    15.261740: ovldiag_ensure: (ovl_write_iter+0xaf/0x1b0 <- ovl_ensure_upper_and_switch) result=0x0
              dd-2070    [000] .....    15.261755: ovldiag_write: (ovl_write_iter+0x136/0x1b0 <- backing_file_write_iter) result=0x1000
             cat-2069    [001] .....    15.262145: ovldiag_open: (ovl_open+0xb2/0x100 <- ovl_open_realfile) result=0xffff88800a2fb600
             cat-2071    [000] .....    15.264207: ovldiag_open: (ovl_open+0xb2/0x100 <- ovl_open_realfile) result=0xffff88800ddac100
              dd-2073    [001] .....    15.264611: ovldiag_open: (ovl_open+0xb2/0x100 <- ovl_open_realfile) result=0xffff88800732b100
              dd-2073    [001] .....    15.264639: ovldiag_ensure: (ovl_write_iter+0xaf/0x1b0 <- ovl_ensure_upper_and_switch) result=0x0
              dd-2073    [001] .....    15.264656: ovldiag_write: (ovl_write_iter+0x136/0x1b0 <- backing_file_write_iter) result=0x1000
             cat-2080    [001] .....    15.267833: ovldiag_open: (ovl_open+0xb2/0x100 <- ovl_open_realfile) result=0xffff888006217800
              dd-2082    [001] .....    15.269431: ovldiag_open: (ovl_open+0xb2/0x100 <- ovl_open_realfile) result=0xffff88800732b400
              dd-2082    [001] .....    15.269458: ovldiag_ensure: (ovl_write_iter+0xaf/0x1b0 <- ovl_ensure_upper_and_switch) result=0x0
              dd-2082    [001] .....    15.269473: ovldiag_write: (ovl_write_iter+0x136/0x1b0 <- backing_file_write_iter) result=0x1000
              dd-2084    [001] .....    15.270963: ovldiag_open: (ovl_open+0xb2/0x100 <- ovl_open_realfile) result=0xffff888004530b00
              dd-2084    [001] .....    15.270993: ovldiag_ensure: (ovl_write_iter+0xaf/0x1b0 <- ovl_ensure_upper_and_switch) result=0x0
              dd-2084    [001] .....    15.271008: ovldiag_write: (ovl_write_iter+0x136/0x1b0 <- backing_file_write_iter) result=0x1000
             cat-2086    [000] .....    15.271548: ovldiag_open: (ovl_open+0xb2/0x100 <- ovl_open_realfile) result=0xffff8880045f5500
             cat-2088    [001] .....    15.273308: ovldiag_open: (ovl_open+0xb2/0x100 <- ovl_open_realfile) result=0xffff88800430c000
             cat-2091    [000] .....    15.275039: ovldiag_open: (ovl_open+0xb2/0x100 <- ovl_open_realfile) result=0xffff88800618b600
              dd-2095    [001] .....    15.277413: ovldiag_open: (ovl_open+0xb2/0x100 <- ovl_open_realfile) result=0xffff888004697900
              dd-2095    [001] .....    15.277444: ovldiag_ensure: (ovl_write_iter+0xaf/0x1b0 <- ovl_ensure_upper_and_switch) result=0x0
              dd-2095    [001] .....    15.277459: ovldiag_write: (ovl_write_iter+0x136/0x1b0 <- backing_file_write_iter) result=0x1000
             cat-2096    [000] .....    15.277752: ovldiag_open: (ovl_open+0xb2/0x100 <- ovl_open_realfile) result=0xffff8880045f5600
              dd-2098    [001] .....    15.279291: ovldiag_open: (ovl_open+0xb2/0x100 <- ovl_open_realfile) result=0xffff8880045c9100
              dd-2098    [001] .....    15.279321: ovldiag_ensure: (ovl_write_iter+0xaf/0x1b0 <- ovl_ensure_upper_and_switch) result=0x0
              dd-2098    [001] .....    15.279338: ovldiag_write: (ovl_write_iter+0x136/0x1b0 <- backing_file_write_iter) result=0x1000
             cat-2103    [000] .....    15.282570: ovldiag_open: (ovl_open+0xb2/0x100 <- ovl_open_realfile) result=0xffff888006139100
             cat-2104    [001] .....    15.282791: ovldiag_open: (ovl_open+0xb2/0x100 <- ovl_open_realfile) result=0xffff88800dce0600
              dd-2106    [000] .....    15.284743: ovldiag_open: (ovl_open+0xb2/0x100 <- ovl_open_realfile) result=0xffff8880047ec200
              dd-2106    [000] .....    15.284771: ovldiag_ensure: (ovl_write_iter+0xaf/0x1b0 <- ovl_ensure_upper_and_switch) result=0x0
              dd-2106    [000] .....    15.284786: ovldiag_write: (ovl_write_iter+0x136/0x1b0 <- backing_file_write_iter) result=0x1000
              dd-2105    [000] .....    15.285042: ovldiag_open: (ovl_open+0xb2/0x100 <- ovl_open_realfile) result=0xffff888004445c00
              dd-2105    [000] .....    15.285068: ovldiag_ensure: (ovl_write_iter+0xaf/0x1b0 <- ovl_ensure_upper_and_switch) result=0x0
              dd-2105    [000] .....    15.285075: ovldiag_write: (ovl_write_iter+0x136/0x1b0 <- backing_file_write_iter) result=0x1000
             cat-2111    [000] .....    15.287711: ovldiag_open: (ovl_open+0xb2/0x100 <- ovl_open_realfile) result=0xffff88800dc2c900
             cat-2115    [000] .....    15.289552: ovldiag_open: (ovl_open+0xb2/0x100 <- ovl_open_realfile) result=0xffff888007171b00
             cat-2118    [000] .....    15.292166: ovldiag_open: (ovl_open+0xb2/0x100 <- ovl_open_realfile) result=0xffff88800dc2c900
              dd-2121    [001] .....    15.292724: ovldiag_open: (ovl_open+0xb2/0x100 <- ovl_open_realfile) result=0xffff88800717bb00
              dd-2121    [001] .....    15.292751: ovldiag_ensure: (ovl_write_iter+0xaf/0x1b0 <- ovl_ensure_upper_and_switch) result=0x0
              dd-2121    [001] .....    15.292767: ovldiag_write: (ovl_write_iter+0x136/0x1b0 <- backing_file_write_iter) result=0x1000
             cat-2122    [001] .....    15.294204: ovldiag_open: (ovl_open+0xb2/0x100 <- ovl_open_realfile) result=0xffff88800cbf4600
              dd-2120    [000] .....    15.294991: ovldiag_open: (ovl_open+0xb2/0x100 <- ovl_open_realfile) result=0xffff8880086dd500
              dd-2120    [000] .....    15.295019: ovldiag_ensure: (ovl_write_iter+0xaf/0x1b0 <- ovl_ensure_upper_and_switch) result=0x0
              dd-2120    [000] .....    15.295035: ovldiag_write: (ovl_write_iter+0x136/0x1b0 <- backing_file_write_iter) result=0x1000
             cat-2128    [001] .....    15.297512: ovldiag_open: (ovl_open+0xb2/0x100 <- ovl_open_realfile) result=0xffff888004355000
              dd-2131    [001] .....    15.300319: ovldiag_open: (ovl_open+0xb2/0x100 <- ovl_open_realfile) result=0xffff88800cbc3900
              dd-2131    [001] .....    15.300350: ovldiag_ensure: (ovl_write_iter+0xaf/0x1b0 <- ovl_ensure_upper_and_switch) result=0x0
              dd-2131    [001] .....    15.300367: ovldiag_write: (ovl_write_iter+0x136/0x1b0 <- backing_file_write_iter) result=0x1000
             cat-2133    [000] .....    15.300447: ovldiag_open: (ovl_open+0xb2/0x100 <- ovl_open_realfile) result=0xffff8880061abb00
              dd-2135    [001] .....    15.302452: ovldiag_open: (ovl_open+0xb2/0x100 <- ovl_open_realfile) result=0xffff8880086dd300
              dd-2135    [001] .....    15.302483: ovldiag_ensure: (ovl_write_iter+0xaf/0x1b0 <- ovl_ensure_upper_and_switch) result=0x0
              dd-2135    [001] .....    15.302500: ovldiag_write: (ovl_write_iter+0x136/0x1b0 <- backing_file_write_iter) result=0x1000
             cat-2139    [000] .....    15.305116: ovldiag_open: (ovl_open+0xb2/0x100 <- ovl_open_realfile) result=0xffff888007026800
             cat-2140    [001] .....    15.305268: ovldiag_open: (ovl_open+0xb2/0x100 <- ovl_open_realfile) result=0xffff888004355900
              dd-2143    [001] .....    15.306778: ovldiag_open: (ovl_open+0xb2/0x100 <- ovl_open_realfile) result=0xffff88800cb7e000
              dd-2143    [001] .....    15.306940: ovldiag_ensure: (ovl_write_iter+0xaf/0x1b0 <- ovl_ensure_upper_and_switch) result=0x0
              dd-2143    [001] .....    15.306957: ovldiag_write: (ovl_write_iter+0x136/0x1b0 <- backing_file_write_iter) result=0x1000
             cat-2146    [001] .....    15.309668: ovldiag_open: (ovl_open+0xb2/0x100 <- ovl_open_realfile) result=0xffff88800732a000
             cat-2149    [000] .....    15.310948: ovldiag_open: (ovl_open+0xb2/0x100 <- ovl_open_realfile) result=0xffff888004530e00
              dd-2147    [000] .....    15.311224: ovldiag_open: (ovl_open+0xb2/0x100 <- ovl_open_realfile) result=0xffff88800614bc00
              dd-2147    [000] .....    15.311250: ovldiag_ensure: (ovl_write_iter+0xaf/0x1b0 <- ovl_ensure_upper_and_switch) result=0x0
              dd-2147    [000] .....    15.311262: ovldiag_write: (ovl_write_iter+0x136/0x1b0 <- backing_file_write_iter) result=0x1000
              dd-2155    [000] .....    15.314360: ovldiag_open: (ovl_open+0xb2/0x100 <- ovl_open_realfile) result=0xffff88800dccbb00
              dd-2155    [000] .....    15.314391: ovldiag_ensure: (ovl_write_iter+0xaf/0x1b0 <- ovl_ensure_upper_and_switch) result=0x0
              dd-2155    [000] .....    15.314406: ovldiag_write: (ovl_write_iter+0x136/0x1b0 <- backing_file_write_iter) result=0x1000
              dd-2156    [000] .....    15.315464: ovldiag_open: (ovl_open+0xb2/0x100 <- ovl_open_realfile) result=0xffff88800deb9200
              dd-2156    [000] .....    15.315492: ovldiag_ensure: (ovl_write_iter+0xaf/0x1b0 <- ovl_ensure_upper_and_switch) result=0x0
              dd-2156    [000] .....    15.315505: ovldiag_write: (ovl_write_iter+0x136/0x1b0 <- backing_file_write_iter) result=0x1000
             cat-2158    [000] .....    15.316774: ovldiag_open: (ovl_open+0xb2/0x100 <- ovl_open_realfile) result=0xffff888007171d00
             cat-2160    [001] .....    15.317106: ovldiag_open: (ovl_open+0xb2/0x100 <- ovl_open_realfile) result=0xffff88800dde5c00
              dd-2164    [001] .....    15.320065: ovldiag_open: (ovl_open+0xb2/0x100 <- ovl_open_realfile) result=0xffff888006210c00
              dd-2164    [001] .....    15.320092: ovldiag_ensure: (ovl_write_iter+0xaf/0x1b0 <- ovl_ensure_upper_and_switch) result=0x0
              dd-2164    [001] .....    15.320109: ovldiag_write: (ovl_write_iter+0x136/0x1b0 <- backing_file_write_iter) result=0x1000
             cat-2165    [000] .....    15.320681: ovldiag_open: (ovl_open+0xb2/0x100 <- ovl_open_realfile) result=0xffff88800702a200
             cat-2167    [001] .....    15.323145: ovldiag_open: (ovl_open+0xb2/0x100 <- ovl_open_realfile) result=0xffff888007105300
              dd-2170    [000] .....    15.324326: ovldiag_open: (ovl_open+0xb2/0x100 <- ovl_open_realfile) result=0xffff88800717b000
              dd-2170    [000] .....    15.324353: ovldiag_ensure: (ovl_write_iter+0xaf/0x1b0 <- ovl_ensure_upper_and_switch) result=0x0
              dd-2170    [000] .....    15.324368: ovldiag_write: (ovl_write_iter+0x136/0x1b0 <- backing_file_write_iter) result=0x1000
              dd-2175    [001] .....    15.327408: ovldiag_open: (ovl_open+0xb2/0x100 <- ovl_open_realfile) result=0xffff888008411600
              dd-2175    [001] .....    15.327439: ovldiag_ensure: (ovl_write_iter+0xaf/0x1b0 <- ovl_ensure_upper_and_switch) result=0x0
              dd-2175    [001] .....    15.327455: ovldiag_write: (ovl_write_iter+0x136/0x1b0 <- backing_file_write_iter) result=0x1000
             cat-2177    [001] .....    15.328450: ovldiag_open: (ovl_open+0xb2/0x100 <- ovl_open_realfile) result=0xffff888004578400
             cat-2176    [000] .....    15.329404: ovldiag_open: (ovl_open+0xb2/0x100 <- ovl_open_realfile) result=0xffff888007377500
              dd-2180    [000] .....    15.330592: ovldiag_open: (ovl_open+0xb2/0x100 <- ovl_open_realfile) result=0xffff888007154700
              dd-2180    [000] .....    15.330622: ovldiag_ensure: (ovl_write_iter+0xaf/0x1b0 <- ovl_ensure_upper_and_switch) result=0x0
              dd-2180    [000] .....    15.330636: ovldiag_write: (ovl_write_iter+0x136/0x1b0 <- backing_file_write_iter) result=0x1000
             cat-2182    [001] .....    15.331333: ovldiag_open: (ovl_open+0xb2/0x100 <- ovl_open_realfile) result=0xffff888004445c00
             cat-2186    [000] .....    15.334425: ovldiag_open: (ovl_open+0xb2/0x100 <- ovl_open_realfile) result=0xffff8880045f5600
              dd-2189    [001] .....    15.335833: ovldiag_open: (ovl_open+0xb2/0x100 <- ovl_open_realfile) result=0xffff88800716a300
              dd-2189    [001] .....    15.335861: ovldiag_ensure: (ovl_write_iter+0xaf/0x1b0 <- ovl_ensure_upper_and_switch) result=0x0
              dd-2189    [001] .....    15.335878: ovldiag_write: (ovl_write_iter+0x136/0x1b0 <- backing_file_write_iter) result=0x1000
              dd-2191    [001] .....    15.337173: ovldiag_open: (ovl_open+0xb2/0x100 <- ovl_open_realfile) result=0xffff88800dcf8c00
              dd-2191    [001] .....    15.337210: ovldiag_ensure: (ovl_write_iter+0xaf/0x1b0 <- ovl_ensure_upper_and_switch) result=0x0
              dd-2191    [001] .....    15.337225: ovldiag_write: (ovl_write_iter+0x136/0x1b0 <- backing_file_write_iter) result=0x1000
             cat-2195    [001] .....    15.339450: ovldiag_open: (ovl_open+0xb2/0x100 <- ovl_open_realfile) result=0xffff888006199800
              dd-2196    [000] .....    15.340394: ovldiag_open: (ovl_open+0xb2/0x100 <- ovl_open_realfile) result=0xffff88800ca3ab00
              dd-2196    [000] .....    15.340424: ovldiag_ensure: (ovl_write_iter+0xaf/0x1b0 <- ovl_ensure_upper_and_switch) result=0x0
              dd-2196    [000] .....    15.340440: ovldiag_write: (ovl_write_iter+0x136/0x1b0 <- backing_file_write_iter) result=0x1000
             cat-2200    [000] .....    15.342118: ovldiag_open: (ovl_open+0xb2/0x100 <- ovl_open_realfile) result=0xffff88800716ae00
             cat-2199    [001] .....    15.342911: ovldiag_open: (ovl_open+0xb2/0x100 <- ovl_open_realfile) result=0xffff88800dcf8400
             cat-2206    [001] .....    15.346044: ovldiag_open: (ovl_open+0xb2/0x100 <- ovl_open_realfile) result=0xffff888004697400
              dd-2205    [000] .....    15.346332: ovldiag_open: (ovl_open+0xb2/0x100 <- ovl_open_realfile) result=0xffff888006210000
              dd-2205    [000] .....    15.346362: ovldiag_ensure: (ovl_write_iter+0xaf/0x1b0 <- ovl_ensure_upper_and_switch) result=0x0
              dd-2205    [000] .....    15.346378: ovldiag_write: (ovl_write_iter+0x136/0x1b0 <- backing_file_write_iter) result=0x1000
              dd-2212    [000] .....    15.350367: ovldiag_open: (ovl_open+0xb2/0x100 <- ovl_open_realfile) result=0xffff8880046d6f00
              dd-2212    [000] .....    15.350397: ovldiag_ensure: (ovl_write_iter+0xaf/0x1b0 <- ovl_ensure_upper_and_switch) result=0x0
              dd-2212    [000] .....    15.350413: ovldiag_write: (ovl_write_iter+0x136/0x1b0 <- backing_file_write_iter) result=0x1000
              dd-2211    [001] .....    15.350841: ovldiag_open: (ovl_open+0xb2/0x100 <- ovl_open_realfile) result=0xffff8880047ec100
              dd-2211    [001] .....    15.350872: ovldiag_ensure: (ovl_write_iter+0xaf/0x1b0 <- ovl_ensure_upper_and_switch) result=0x0
              dd-2211    [001] .....    15.350889: ovldiag_write: (ovl_write_iter+0x136/0x1b0 <- backing_file_write_iter) result=0x1000
             cat-2213    [000] .....    15.351384: ovldiag_open: (ovl_open+0xb2/0x100 <- ovl_open_realfile) result=0xffff888004697f00
             cat-2217    [001] .....    15.353178: ovldiag_open: (ovl_open+0xb2/0x100 <- ovl_open_realfile) result=0xffff888007377800
             cat-2218    [000] .....    15.355753: ovldiag_open: (ovl_open+0xb2/0x100 <- ovl_open_realfile) result=0xffff888007167500
              dd-2221    [001] .....    15.356231: ovldiag_open: (ovl_open+0xb2/0x100 <- ovl_open_realfile) result=0xffff88800ca4c500
              dd-2221    [001] .....    15.356259: ovldiag_ensure: (ovl_write_iter+0xaf/0x1b0 <- ovl_ensure_upper_and_switch) result=0x0
              dd-2221    [001] .....    15.356275: ovldiag_write: (ovl_write_iter+0x136/0x1b0 <- backing_file_write_iter) result=0x1000
             cat-2222    [001] .....    15.357056: ovldiag_open: (ovl_open+0xb2/0x100 <- ovl_open_realfile) result=0xffff8880070cf400
              dd-2228    [000] .....    15.360775: ovldiag_open: (ovl_open+0xb2/0x100 <- ovl_open_realfile) result=0xffff88800c96f300
              dd-2228    [000] .....    15.360819: ovldiag_ensure: (ovl_write_iter+0xaf/0x1b0 <- ovl_ensure_upper_and_switch) result=0x0
              dd-2228    [000] .....    15.360834: ovldiag_write: (ovl_write_iter+0x136/0x1b0 <- backing_file_write_iter) result=0x1000
             cat-2230    [000] .....    15.361789: ovldiag_open: (ovl_open+0xb2/0x100 <- ovl_open_realfile) result=0xffff888007377100
              dd-2233    [001] .....    15.363710: ovldiag_open: (ovl_open+0xb2/0x100 <- ovl_open_realfile) result=0xffff888006210e00
              dd-2233    [001] .....    15.363737: ovldiag_ensure: (ovl_write_iter+0xaf/0x1b0 <- ovl_ensure_upper_and_switch) result=0x0
              dd-2233    [001] .....    15.363753: ovldiag_write: (ovl_write_iter+0x136/0x1b0 <- backing_file_write_iter) result=0x1000
              dd-2236    [000] .....    15.365590: ovldiag_open: (ovl_open+0xb2/0x100 <- ovl_open_realfile) result=0xffff888007021b00
              dd-2236    [000] .....    15.365621: ovldiag_ensure: (ovl_write_iter+0xaf/0x1b0 <- ovl_ensure_upper_and_switch) result=0x0
              dd-2236    [000] .....    15.365636: ovldiag_write: (ovl_write_iter+0x136/0x1b0 <- backing_file_write_iter) result=0x1000
             cat-2237    [001] .....    15.366077: ovldiag_open: (ovl_open+0xb2/0x100 <- ovl_open_realfile) result=0xffff88800732b200
             cat-2242    [001] .....    15.368204: ovldiag_open: (ovl_open+0xb2/0x100 <- ovl_open_realfile) result=0xffff88800dc25400
             cat-2241    [000] .....    15.369729: ovldiag_open: (ovl_open+0xb2/0x100 <- ovl_open_realfile) result=0xffff888004578e00
             cat-2245    [000] .....    15.371440: ovldiag_open: (ovl_open+0xb2/0x100 <- ovl_open_realfile) result=0xffff88800723a700
              dd-2244    [001] .....    15.374161: ovldiag_open: (ovl_open+0xb2/0x100 <- ovl_open_realfile) result=0xffff888004355100
              dd-2244    [001] .....    15.374214: ovldiag_ensure: (ovl_write_iter+0xaf/0x1b0 <- ovl_ensure_upper_and_switch) result=0x0
              dd-2244    [001] .....    15.374231: ovldiag_write: (ovl_write_iter+0x136/0x1b0 <- backing_file_write_iter) result=0x1000
              dd-2252    [001] .....    15.378961: ovldiag_open: (ovl_open+0xb2/0x100 <- ovl_open_realfile) result=0xffff8880070ce200
              dd-2252    [001] .....    15.379001: ovldiag_ensure: (ovl_write_iter+0xaf/0x1b0 <- ovl_ensure_upper_and_switch) result=0x0
              dd-2252    [001] .....    15.379017: ovldiag_write: (ovl_write_iter+0x136/0x1b0 <- backing_file_write_iter) result=0x1000
              dd-2255    [001] .....    15.379342: ovldiag_open: (ovl_open+0xb2/0x100 <- ovl_open_realfile) result=0xffff8880062a2500
              dd-2255    [001] .....    15.379372: ovldiag_ensure: (ovl_write_iter+0xaf/0x1b0 <- ovl_ensure_upper_and_switch) result=0x0
              dd-2255    [001] .....    15.379400: ovldiag_write: (ovl_write_iter+0x136/0x1b0 <- backing_file_write_iter) result=0x1000
              dd-2257    [000] .....    15.379441: ovldiag_open: (ovl_open+0xb2/0x100 <- ovl_open_realfile) result=0xffff88800717b200
              dd-2257    [000] .....    15.379478: ovldiag_ensure: (ovl_write_iter+0xaf/0x1b0 <- ovl_ensure_upper_and_switch) result=0x0
              dd-2257    [000] .....    15.379493: ovldiag_write: (ovl_write_iter+0x136/0x1b0 <- backing_file_write_iter) result=0x1000
             cat-2262    [000] .....    15.382152: ovldiag_open: (ovl_open+0xb2/0x100 <- ovl_open_realfile) result=0xffff888006110700
             cat-2260    [001] .....    15.382261: ovldiag_open: (ovl_open+0xb2/0x100 <- ovl_open_realfile) result=0xffff888006100e00
             cat-2264    [001] .....    15.383764: ovldiag_open: (ovl_open+0xb2/0x100 <- ovl_open_realfile) result=0xffff888004578300
             cat-2269    [000] .....    15.387553: ovldiag_open: (ovl_open+0xb2/0x100 <- ovl_open_realfile) result=0xffff8880046d6400
              dd-2271    [001] .....    15.388651: ovldiag_open: (ovl_open+0xb2/0x100 <- ovl_open_realfile) result=0xffff888006100000
              dd-2271    [001] .....    15.388687: ovldiag_ensure: (ovl_write_iter+0xaf/0x1b0 <- ovl_ensure_upper_and_switch) result=0x0
              dd-2271    [001] .....    15.388705: ovldiag_write: (ovl_write_iter+0x136/0x1b0 <- backing_file_write_iter) result=0x1000
              dd-2275    [000] .....    15.392428: ovldiag_open: (ovl_open+0xb2/0x100 <- ovl_open_realfile) result=0xffff88800732b800
              dd-2275    [000] .....    15.392459: ovldiag_ensure: (ovl_write_iter+0xaf/0x1b0 <- ovl_ensure_upper_and_switch) result=0x0
              dd-2275    [000] .....    15.392474: ovldiag_write: (ovl_write_iter+0x136/0x1b0 <- backing_file_write_iter) result=0x1000
              dd-2277    [001] .....    15.393082: ovldiag_open: (ovl_open+0xb2/0x100 <- ovl_open_realfile) result=0xffff88800716a700
              dd-2277    [001] .....    15.393109: ovldiag_ensure: (ovl_write_iter+0xaf/0x1b0 <- ovl_ensure_upper_and_switch) result=0x0
              dd-2277    [001] .....    15.393128: ovldiag_write: (ovl_write_iter+0x136/0x1b0 <- backing_file_write_iter) result=0x1000
             cat-2276    [001] .....    15.393722: ovldiag_open: (ovl_open+0xb2/0x100 <- ovl_open_realfile) result=0xffff888006217500
             cat-2280    [001] .....    15.395710: ovldiag_open: (ovl_open+0xb2/0x100 <- ovl_open_realfile) result=0xffff888004578b00
             cat-2284    [000] .....    15.396515: ovldiag_open: (ovl_open+0xb2/0x100 <- ovl_open_realfile) result=0xffff88800cbf7900
             cat-2281    [001] .....    15.396694: ovldiag_open: (ovl_open+0xb2/0x100 <- ovl_open_realfile) result=0xffff888007377e00
              dd-2278    [000] .....    15.399980: ovldiag_open: (ovl_open+0xb2/0x100 <- ovl_open_realfile) result=0xffff88800613e600
              dd-2278    [000] .....    15.400018: ovldiag_ensure: (ovl_write_iter+0xaf/0x1b0 <- ovl_ensure_upper_and_switch) result=0x0
              dd-2278    [000] .....    15.400033: ovldiag_write: (ovl_write_iter+0x136/0x1b0 <- backing_file_write_iter) result=0x1000
              dd-2293    [000] .....    15.403174: ovldiag_open: (ovl_open+0xb2/0x100 <- ovl_open_realfile) result=0xffff888007168700
              dd-2293    [000] .....    15.403215: ovldiag_ensure: (ovl_write_iter+0xaf/0x1b0 <- ovl_ensure_upper_and_switch) result=0x0
              dd-2293    [000] .....    15.403233: ovldiag_write: (ovl_write_iter+0x136/0x1b0 <- backing_file_write_iter) result=0x1000
              dd-2295    [001] .....    15.405618: ovldiag_open: (ovl_open+0xb2/0x100 <- ovl_open_realfile) result=0xffff88800ca64600
              dd-2295    [001] .....    15.405652: ovldiag_ensure: (ovl_write_iter+0xaf/0x1b0 <- ovl_ensure_upper_and_switch) result=0x0
              dd-2295    [001] .....    15.405668: ovldiag_write: (ovl_write_iter+0x136/0x1b0 <- backing_file_write_iter) result=0x1000
             cat-2296    [000] .....    15.405861: ovldiag_open: (ovl_open+0xb2/0x100 <- ovl_open_realfile) result=0xffff88800717bd00
              dd-2297    [001] .....    15.408260: ovldiag_open: (ovl_open+0xb2/0x100 <- ovl_open_realfile) result=0xffff888004578600
              dd-2297    [001] .....    15.408297: ovldiag_ensure: (ovl_write_iter+0xaf/0x1b0 <- ovl_ensure_upper_and_switch) result=0x0
              dd-2297    [001] .....    15.408314: ovldiag_write: (ovl_write_iter+0x136/0x1b0 <- backing_file_write_iter) result=0x1000
             cat-2300    [000] .....    15.408836: ovldiag_open: (ovl_open+0xb2/0x100 <- ovl_open_realfile) result=0xffff88800dc14b00
             cat-2301    [001] .....    15.409534: ovldiag_open: (ovl_open+0xb2/0x100 <- ovl_open_realfile) result=0xffff88800716a800
             cat-2302    [000] .....    15.410203: ovldiag_open: (ovl_open+0xb2/0x100 <- ovl_open_realfile) result=0xffff888004490900
              dd-2309    [000] .....    15.414896: ovldiag_open: (ovl_open+0xb2/0x100 <- ovl_open_realfile) result=0xffff888006135800
              dd-2309    [000] .....    15.414942: ovldiag_ensure: (ovl_write_iter+0xaf/0x1b0 <- ovl_ensure_upper_and_switch) result=0x0
              dd-2309    [000] .....    15.414958: ovldiag_write: (ovl_write_iter+0x136/0x1b0 <- backing_file_write_iter) result=0x1000
              dd-2312    [001] .....    15.416543: ovldiag_open: (ovl_open+0xb2/0x100 <- ovl_open_realfile) result=0xffff88800430c100
              dd-2312    [001] .....    15.416578: ovldiag_ensure: (ovl_write_iter+0xaf/0x1b0 <- ovl_ensure_upper_and_switch) result=0x0
              dd-2312    [001] .....    15.416594: ovldiag_write: (ovl_write_iter+0x136/0x1b0 <- backing_file_write_iter) result=0x1000
             cat-2315    [000] .....    15.418617: ovldiag_open: (ovl_open+0xb2/0x100 <- ovl_open_realfile) result=0xffff8880070cf400
              dd-2316    [001] .....    15.419238: ovldiag_open: (ovl_open+0xb2/0x100 <- ovl_open_realfile) result=0xffff888004355400
              dd-2316    [001] .....    15.419266: ovldiag_ensure: (ovl_write_iter+0xaf/0x1b0 <- ovl_ensure_upper_and_switch) result=0x0
              dd-2316    [001] .....    15.419284: ovldiag_write: (ovl_write_iter+0x136/0x1b0 <- backing_file_write_iter) result=0x1000
             cat-2320    [001] .....    15.421515: ovldiag_open: (ovl_open+0xb2/0x100 <- ovl_open_realfile) result=0xffff8880047ffd00
             cat-2321    [001] .....    15.422510: ovldiag_open: (ovl_open+0xb2/0x100 <- ovl_open_realfile) result=0xffff8880045f5600
              dd-2322    [000] .....    15.423208: ovldiag_open: (ovl_open+0xb2/0x100 <- ovl_open_realfile) result=0xffff88800ddb5600
              dd-2322    [000] .....    15.423240: ovldiag_ensure: (ovl_write_iter+0xaf/0x1b0 <- ovl_ensure_upper_and_switch) result=0x0
              dd-2322    [000] .....    15.423258: ovldiag_write: (ovl_write_iter+0x136/0x1b0 <- backing_file_write_iter) result=0x1000
             cat-2323    [001] .....    15.423462: ovldiag_open: (ovl_open+0xb2/0x100 <- ovl_open_realfile) result=0xffff88800c97af00
             cat-2329    [001] .....    15.428180: ovldiag_open: (ovl_open+0xb2/0x100 <- ovl_open_realfile) result=0xffff88800717b200
              dd-2332    [000] .....    15.430978: ovldiag_open: (ovl_open+0xb2/0x100 <- ovl_open_realfile) result=0xffff8880073c5f00
              dd-2332    [000] .....    15.431020: ovldiag_ensure: (ovl_write_iter+0xaf/0x1b0 <- ovl_ensure_upper_and_switch) result=0x0
              dd-2332    [000] .....    15.431036: ovldiag_write: (ovl_write_iter+0x136/0x1b0 <- backing_file_write_iter) result=0x1000
              dd-2333    [000] .....    15.431736: ovldiag_open: (ovl_open+0xb2/0x100 <- ovl_open_realfile) result=0xffff8880047ff600
              dd-2333    [000] .....    15.431773: ovldiag_ensure: (ovl_write_iter+0xaf/0x1b0 <- ovl_ensure_upper_and_switch) result=0x0
              dd-2333    [000] .....    15.432069: ovldiag_write: (ovl_write_iter+0x136/0x1b0 <- backing_file_write_iter) result=0x1000
              dd-2336    [001] .....    15.433078: ovldiag_open: (ovl_open+0xb2/0x100 <- ovl_open_realfile) result=0xffff8880047f0500
              dd-2336    [001] .....    15.433116: ovldiag_ensure: (ovl_write_iter+0xaf/0x1b0 <- ovl_ensure_upper_and_switch) result=0x0
              dd-2336    [001] .....    15.433132: ovldiag_write: (ovl_write_iter+0x136/0x1b0 <- backing_file_write_iter) result=0x1000
             cat-2342    [000] .....    15.435134: ovldiag_open: (ovl_open+0xb2/0x100 <- ovl_open_realfile) result=0xffff88800723af00
             cat-2340    [001] .....    15.435446: ovldiag_open: (ovl_open+0xb2/0x100 <- ovl_open_realfile) result=0xffff888004530100
             cat-2341    [001] .....    15.437312: ovldiag_open: (ovl_open+0xb2/0x100 <- ovl_open_realfile) result=0xffff88800842aa00
              dd-2343    [000] .....    15.439249: ovldiag_open: (ovl_open+0xb2/0x100 <- ovl_open_realfile) result=0xffff8880073c5200
              dd-2343    [000] .....    15.439287: ovldiag_ensure: (ovl_write_iter+0xaf/0x1b0 <- ovl_ensure_upper_and_switch) result=0x0
              dd-2343    [000] .....    15.439303: ovldiag_write: (ovl_write_iter+0x136/0x1b0 <- backing_file_write_iter) result=0x1000
             cat-2347    [001] .....    15.440332: ovldiag_open: (ovl_open+0xb2/0x100 <- ovl_open_realfile) result=0xffff888004697900
              dd-2354    [001] .....    15.444746: ovldiag_open: (ovl_open+0xb2/0x100 <- ovl_open_realfile) result=0xffff88800430cb00
              dd-2354    [001] .....    15.444774: ovldiag_ensure: (ovl_write_iter+0xaf/0x1b0 <- ovl_ensure_upper_and_switch) result=0x0
              dd-2354    [001] .....    15.444791: ovldiag_write: (ovl_write_iter+0x136/0x1b0 <- backing_file_write_iter) result=0x1000
              dd-2355    [000] .....    15.444994: ovldiag_open: (ovl_open+0xb2/0x100 <- ovl_open_realfile) result=0xffff8880047f6500
              dd-2355    [000] .....    15.445022: ovldiag_ensure: (ovl_write_iter+0xaf/0x1b0 <- ovl_ensure_upper_and_switch) result=0x0
              dd-2355    [000] .....    15.445040: ovldiag_write: (ovl_write_iter+0x136/0x1b0 <- backing_file_write_iter) result=0x1000
              dd-2356    [001] .....    15.447068: ovldiag_open: (ovl_open+0xb2/0x100 <- ovl_open_realfile) result=0xffff8880047ffc00
              dd-2356    [001] .....    15.447098: ovldiag_ensure: (ovl_write_iter+0xaf/0x1b0 <- ovl_ensure_upper_and_switch) result=0x0
              dd-2356    [001] .....    15.447113: ovldiag_write: (ovl_write_iter+0x136/0x1b0 <- backing_file_write_iter) result=0x1000
             cat-2359    [000] .....    15.447728: ovldiag_open: (ovl_open+0xb2/0x100 <- ovl_open_realfile) result=0xffff888004355600
             cat-2361    [001] .....    15.449307: ovldiag_open: (ovl_open+0xb2/0x100 <- ovl_open_realfile) result=0xffff88800732bf00
             cat-2364    [001] .....    15.450768: ovldiag_open: (ovl_open+0xb2/0x100 <- ovl_open_realfile) result=0xffff8880047ff100
             cat-2363    [000] .....    15.450891: ovldiag_open: (ovl_open+0xb2/0x100 <- ovl_open_realfile) result=0xffff88800732a800
              dd-2368    [000] .....    15.453052: ovldiag_open: (ovl_open+0xb2/0x100 <- ovl_open_realfile) result=0xffff8880047f6200
              dd-2368    [000] .....    15.453080: ovldiag_ensure: (ovl_write_iter+0xaf/0x1b0 <- ovl_ensure_upper_and_switch) result=0x0
              dd-2368    [000] .....    15.453097: ovldiag_write: (ovl_write_iter+0x136/0x1b0 <- backing_file_write_iter) result=0x1000
             cat-2374    [000] .....    15.458295: ovldiag_open: (ovl_open+0xb2/0x100 <- ovl_open_realfile) result=0xffff8880047ff700
              dd-2375    [000] .....    15.458499: ovldiag_open: (ovl_open+0xb2/0x100 <- ovl_open_realfile) result=0xffff8880047ff700
              dd-2375    [000] .....    15.458541: ovldiag_ensure: (ovl_write_iter+0xaf/0x1b0 <- ovl_ensure_upper_and_switch) result=0x0
              dd-2375    [000] .....    15.458556: ovldiag_write: (ovl_write_iter+0x136/0x1b0 <- backing_file_write_iter) result=0x1000
              dd-2376    [001] .....    15.459266: ovldiag_open: (ovl_open+0xb2/0x100 <- ovl_open_realfile) result=0xffff88800dc14d00
              dd-2376    [001] .....    15.459297: ovldiag_ensure: (ovl_write_iter+0xaf/0x1b0 <- ovl_ensure_upper_and_switch) result=0x0
              dd-2376    [001] .....    15.459311: ovldiag_write: (ovl_write_iter+0x136/0x1b0 <- backing_file_write_iter) result=0x1000
             cat-2380    [000] .....    15.461339: ovldiag_open: (ovl_open+0xb2/0x100 <- ovl_open_realfile) result=0xffff888007105a00
              dd-2381    [001] .....    15.462757: ovldiag_open: (ovl_open+0xb2/0x100 <- ovl_open_realfile) result=0xffff88800cbf1100
              dd-2381    [001] .....    15.462784: ovldiag_ensure: (ovl_write_iter+0xaf/0x1b0 <- ovl_ensure_upper_and_switch) result=0x0
             cat-2384    [000] .....    15.463891: ovldiag_open: (ovl_open+0xb2/0x100 <- ovl_open_realfile) result=0xffff88800a335c00
              dd-2381    [001] .....    15.464205: ovldiag_write: (ovl_write_iter+0x136/0x1b0 <- backing_file_write_iter) result=0x1000
             cat-2387    [001] .....    15.467040: ovldiag_open: (ovl_open+0xb2/0x100 <- ovl_open_realfile) result=0xffff888007026e00
              dd-2390    [000] .....    15.470069: ovldiag_open: (ovl_open+0xb2/0x100 <- ovl_open_realfile) result=0xffff888006217400
              dd-2390    [000] .....    15.470109: ovldiag_ensure: (ovl_write_iter+0xaf/0x1b0 <- ovl_ensure_upper_and_switch) result=0x0
              dd-2390    [000] .....    15.470125: ovldiag_write: (ovl_write_iter+0x136/0x1b0 <- backing_file_write_iter) result=0x1000
             cat-2392    [000] .....    15.471352: ovldiag_open: (ovl_open+0xb2/0x100 <- ovl_open_realfile) result=0xffff888004530300
              dd-2395    [001] .....    15.471539: ovldiag_open: (ovl_open+0xb2/0x100 <- ovl_open_realfile) result=0xffff88800702a300
              dd-2395    [001] .....    15.471570: ovldiag_ensure: (ovl_write_iter+0xaf/0x1b0 <- ovl_ensure_upper_and_switch) result=0x0
              dd-2395    [001] .....    15.471586: ovldiag_write: (ovl_write_iter+0x136/0x1b0 <- backing_file_write_iter) result=0x1000
             cat-2398    [001] .....    15.473177: ovldiag_open: (ovl_open+0xb2/0x100 <- ovl_open_realfile) result=0xffff888004355e00
              dd-2399    [000] .....    15.474717: ovldiag_open: (ovl_open+0xb2/0x100 <- ovl_open_realfile) result=0xffff88800ddfc600
              dd-2399    [000] .....    15.474745: ovldiag_ensure: (ovl_write_iter+0xaf/0x1b0 <- ovl_ensure_upper_and_switch) result=0x0
              dd-2399    [000] .....    15.474760: ovldiag_write: (ovl_write_iter+0x136/0x1b0 <- backing_file_write_iter) result=0x1000
             cat-2404    [001] .....    15.476881: ovldiag_open: (ovl_open+0xb2/0x100 <- ovl_open_realfile) result=0xffff88800716ab00
             cat-2402    [000] .....    15.477513: ovldiag_open: (ovl_open+0xb2/0x100 <- ovl_open_realfile) result=0xffff8880046d6900
              dd-2407    [001] .....    15.479382: ovldiag_open: (ovl_open+0xb2/0x100 <- ovl_open_realfile) result=0xffff88800ddff700
              dd-2407    [001] .....    15.479413: ovldiag_ensure: (ovl_write_iter+0xaf/0x1b0 <- ovl_ensure_upper_and_switch) result=0x0
              dd-2407    [001] .....    15.479428: ovldiag_write: (ovl_write_iter+0x136/0x1b0 <- backing_file_write_iter) result=0x1000
             cat-2412    [001] .....    15.482573: ovldiag_open: (ovl_open+0xb2/0x100 <- ovl_open_realfile) result=0xffff88800451b700
              dd-2413    [000] .....    15.482835: ovldiag_open: (ovl_open+0xb2/0x100 <- ovl_open_realfile) result=0xffff888006110c00
              dd-2413    [000] .....    15.482865: ovldiag_ensure: (ovl_write_iter+0xaf/0x1b0 <- ovl_ensure_upper_and_switch) result=0x0
              dd-2413    [000] .....    15.482883: ovldiag_write: (ovl_write_iter+0x136/0x1b0 <- backing_file_write_iter) result=0x1000
             cat-2416    [000] .....    15.484656: ovldiag_open: (ovl_open+0xb2/0x100 <- ovl_open_realfile) result=0xffff88800612d500
             cat-2419    [001] .....    15.486658: ovldiag_open: (ovl_open+0xb2/0x100 <- ovl_open_realfile) result=0xffff888007105600
             cat-2420    [000] .....    15.489036: ovldiag_open: (ovl_open+0xb2/0x100 <- ovl_open_realfile) result=0xffff8880086ddc00
              dd-2422    [000] .....    15.489221: ovldiag_open: (ovl_open+0xb2/0x100 <- ovl_open_realfile) result=0xffff8880045c9500
              dd-2422    [000] .....    15.489250: ovldiag_ensure: (ovl_write_iter+0xaf/0x1b0 <- ovl_ensure_upper_and_switch) result=0x0
              dd-2422    [000] .....    15.489267: ovldiag_write: (ovl_write_iter+0x136/0x1b0 <- backing_file_write_iter) result=0x1000
             cat-2427    [001] .....    15.491414: ovldiag_open: (ovl_open+0xb2/0x100 <- ovl_open_realfile) result=0xffff888006217c00
              dd-2425    [000] .....    15.492293: ovldiag_open: (ovl_open+0xb2/0x100 <- ovl_open_realfile) result=0xffff888006110000
              dd-2425    [000] .....    15.492330: ovldiag_ensure: (ovl_write_iter+0xaf/0x1b0 <- ovl_ensure_upper_and_switch) result=0x0
              dd-2425    [000] .....    15.492345: ovldiag_write: (ovl_write_iter+0x136/0x1b0 <- backing_file_write_iter) result=0x1000
              dd-2428    [001] .....    15.492757: ovldiag_open: (ovl_open+0xb2/0x100 <- ovl_open_realfile) result=0xffff888007377f00
              dd-2428    [001] .....    15.492785: ovldiag_ensure: (ovl_write_iter+0xaf/0x1b0 <- ovl_ensure_upper_and_switch) result=0x0
              dd-2428    [000] .....    15.494661: ovldiag_write: (ovl_write_iter+0x136/0x1b0 <- backing_file_write_iter) result=0x1000
             cat-2434    [001] .....    15.496288: ovldiag_open: (ovl_open+0xb2/0x100 <- ovl_open_realfile) result=0xffff888004530400
              dd-2436    [000] .....    15.496562: ovldiag_open: (ovl_open+0xb2/0x100 <- ovl_open_realfile) result=0xffff88800702aa00
              dd-2436    [000] .....    15.496589: ovldiag_ensure: (ovl_write_iter+0xaf/0x1b0 <- ovl_ensure_upper_and_switch) result=0x0
              dd-2436    [000] .....    15.496606: ovldiag_write: (ovl_write_iter+0x136/0x1b0 <- backing_file_write_iter) result=0x1000
             cat-2438    [001] .....    15.498957: ovldiag_open: (ovl_open+0xb2/0x100 <- ovl_open_realfile) result=0xffff888006210c00
             cat-2442    [000] .....    15.500936: ovldiag_open: (ovl_open+0xb2/0x100 <- ovl_open_realfile) result=0xffff88800451b000
             cat-2446    [001] .....    15.504971: ovldiag_open: (ovl_open+0xb2/0x100 <- ovl_open_realfile) result=0xffff88800716a600
              dd-2447    [000] .....    15.505068: ovldiag_open: (ovl_open+0xb2/0x100 <- ovl_open_realfile) result=0xffff888007105400
              dd-2447    [000] .....    15.505096: ovldiag_ensure: (ovl_write_iter+0xaf/0x1b0 <- ovl_ensure_upper_and_switch) result=0x0
              dd-2447    [000] .....    15.505112: ovldiag_write: (ovl_write_iter+0x136/0x1b0 <- backing_file_write_iter) result=0x1000
              dd-2450    [000] .....    15.506588: ovldiag_open: (ovl_open+0xb2/0x100 <- ovl_open_realfile) result=0xffff88800842b200
              dd-2450    [000] .....    15.506615: ovldiag_ensure: (ovl_write_iter+0xaf/0x1b0 <- ovl_ensure_upper_and_switch) result=0x0
              dd-2450    [000] .....    15.506630: ovldiag_write: (ovl_write_iter+0x136/0x1b0 <- backing_file_write_iter) result=0x1000
             cat-2453    [000] .....    15.509053: ovldiag_open: (ovl_open+0xb2/0x100 <- ovl_open_realfile) result=0xffff8880070ceb00
             cat-2454    [001] .....    15.509693: ovldiag_open: (ovl_open+0xb2/0x100 <- ovl_open_realfile) result=0xffff88800716a400
              dd-2456    [000] .....    15.510966: ovldiag_open: (ovl_open+0xb2/0x100 <- ovl_open_realfile) result=0xffff88800702a700
              dd-2456    [000] .....    15.510997: ovldiag_ensure: (ovl_write_iter+0xaf/0x1b0 <- ovl_ensure_upper_and_switch) result=0x0
              dd-2456    [000] .....    15.511013: ovldiag_write: (ovl_write_iter+0x136/0x1b0 <- backing_file_write_iter) result=0x1000
              dd-2457    [001] .....    15.512054: ovldiag_open: (ovl_open+0xb2/0x100 <- ovl_open_realfile) result=0xffff88800842b100
              dd-2457    [001] .....    15.512084: ovldiag_ensure: (ovl_write_iter+0xaf/0x1b0 <- ovl_ensure_upper_and_switch) result=0x0
              dd-2457    [001] .....    15.512103: ovldiag_write: (ovl_write_iter+0x136/0x1b0 <- backing_file_write_iter) result=0x1000
             cat-2461    [001] .....    15.514836: ovldiag_open: (ovl_open+0xb2/0x100 <- ovl_open_realfile) result=0xffff8880045c9400
             cat-2465    [001] .....    15.516277: ovldiag_open: (ovl_open+0xb2/0x100 <- ovl_open_realfile) result=0xffff8880047f0800
              dd-2469    [000] .....    15.519062: ovldiag_open: (ovl_open+0xb2/0x100 <- ovl_open_realfile) result=0xffff88800619a500
              dd-2469    [000] .....    15.519092: ovldiag_ensure: (ovl_write_iter+0xaf/0x1b0 <- ovl_ensure_upper_and_switch) result=0x0
              dd-2469    [000] .....    15.519108: ovldiag_write: (ovl_write_iter+0x136/0x1b0 <- backing_file_write_iter) result=0x1000
             cat-2468    [001] .....    15.519153: ovldiag_open: (ovl_open+0xb2/0x100 <- ovl_open_realfile) result=0xffff888007171300
              dd-2470    [001] .....    15.520127: ovldiag_open: (ovl_open+0xb2/0x100 <- ovl_open_realfile) result=0xffff888003cd0700
              dd-2470    [001] .....    15.520158: ovldiag_ensure: (ovl_write_iter+0xaf/0x1b0 <- ovl_ensure_upper_and_switch) result=0x0
              dd-2470    [001] .....    15.520176: ovldiag_write: (ovl_write_iter+0x136/0x1b0 <- backing_file_write_iter) result=0x1000
             cat-2473    [000] .....    15.521480: ovldiag_open: (ovl_open+0xb2/0x100 <- ovl_open_realfile) result=0xffff888004355700
             cat-2477    [000] .....    15.525299: ovldiag_open: (ovl_open+0xb2/0x100 <- ovl_open_realfile) result=0xffff888006210c00
              dd-2481    [001] .....    15.526298: ovldiag_open: (ovl_open+0xb2/0x100 <- ovl_open_realfile) result=0xffff88800723ae00
              dd-2481    [001] .....    15.526325: ovldiag_ensure: (ovl_write_iter+0xaf/0x1b0 <- ovl_ensure_upper_and_switch) result=0x0
              dd-2481    [001] .....    15.526341: ovldiag_write: (ovl_write_iter+0x136/0x1b0 <- backing_file_write_iter) result=0x1000
              dd-2480    [000] .....    15.526464: ovldiag_open: (ovl_open+0xb2/0x100 <- ovl_open_realfile) result=0xffff888007377900
              dd-2480    [000] .....    15.526495: ovldiag_ensure: (ovl_write_iter+0xaf/0x1b0 <- ovl_ensure_upper_and_switch) result=0x0
              dd-2480    [000] .....    15.526511: ovldiag_write: (ovl_write_iter+0x136/0x1b0 <- backing_file_write_iter) result=0x1000
             cat-2486    [001] .....    15.529472: ovldiag_open: (ovl_open+0xb2/0x100 <- ovl_open_realfile) result=0xffff88800dcd8500
             cat-2488    [001] .....    15.531347: ovldiag_open: (ovl_open+0xb2/0x100 <- ovl_open_realfile) result=0xffff888006103300
             cat-2490    [000] .....    15.532710: ovldiag_open: (ovl_open+0xb2/0x100 <- ovl_open_realfile) result=0xffff888007105600
              dd-2489    [000] .....    15.533513: ovldiag_open: (ovl_open+0xb2/0x100 <- ovl_open_realfile) result=0xffff8880070ce300
              dd-2489    [000] .....    15.533540: ovldiag_ensure: (ovl_write_iter+0xaf/0x1b0 <- ovl_ensure_upper_and_switch) result=0x0
              dd-2489    [000] .....    15.533555: ovldiag_write: (ovl_write_iter+0x136/0x1b0 <- backing_file_write_iter) result=0x1000
              dd-2495    [000] .....    15.536434: ovldiag_open: (ovl_open+0xb2/0x100 <- ovl_open_realfile) result=0xffff88800702ab00
              dd-2495    [000] .....    15.536477: ovldiag_ensure: (ovl_write_iter+0xaf/0x1b0 <- ovl_ensure_upper_and_switch) result=0x0
              dd-2495    [000] .....    15.536493: ovldiag_write: (ovl_write_iter+0x136/0x1b0 <- backing_file_write_iter) result=0x1000
             cat-2498    [000] .....    15.537736: ovldiag_open: (ovl_open+0xb2/0x100 <- ovl_open_realfile) result=0xffff888007105f00
              dd-2501    [001] .....    15.539636: ovldiag_open: (ovl_open+0xb2/0x100 <- ovl_open_realfile) result=0xffff8880070ce900
              dd-2501    [001] .....    15.539666: ovldiag_ensure: (ovl_write_iter+0xaf/0x1b0 <- ovl_ensure_upper_and_switch) result=0x0
              dd-2501    [001] .....    15.539683: ovldiag_write: (ovl_write_iter+0x136/0x1b0 <- backing_file_write_iter) result=0x1000
             cat-2505    [000] .....    15.541124: ovldiag_open: (ovl_open+0xb2/0x100 <- ovl_open_realfile) result=0xffff88800716a700
              dd-2502    [000] .....    15.541683: ovldiag_open: (ovl_open+0xb2/0x100 <- ovl_open_realfile) result=0xffff88800716f000
              dd-2502    [000] .....    15.541713: ovldiag_ensure: (ovl_write_iter+0xaf/0x1b0 <- ovl_ensure_upper_and_switch) result=0x0
              dd-2502    [000] .....    15.541730: ovldiag_write: (ovl_write_iter+0x136/0x1b0 <- backing_file_write_iter) result=0x1000
             cat-2506    [001] .....    15.542057: ovldiag_open: (ovl_open+0xb2/0x100 <- ovl_open_realfile) result=0xffff8880047f0500
             cat-2508    [000] .....    15.543934: ovldiag_open: (ovl_open+0xb2/0x100 <- ovl_open_realfile) result=0xffff88800dc08c00
              dd-2515    [001] .....    15.549466: ovldiag_open: (ovl_open+0xb2/0x100 <- ovl_open_realfile) result=0xffff88800cb10000
              dd-2515    [001] .....    15.549496: ovldiag_ensure: (ovl_write_iter+0xaf/0x1b0 <- ovl_ensure_upper_and_switch) result=0x0
              dd-2515    [001] .....    15.549513: ovldiag_write: (ovl_write_iter+0x136/0x1b0 <- backing_file_write_iter) result=0x1000
              dd-2517    [000] .....    15.549747: ovldiag_open: (ovl_open+0xb2/0x100 <- ovl_open_realfile) result=0xffff88800717b700
              dd-2517    [000] .....    15.549777: ovldiag_ensure: (ovl_write_iter+0xaf/0x1b0 <- ovl_ensure_upper_and_switch) result=0x0
              dd-2517    [000] .....    15.549794: ovldiag_write: (ovl_write_iter+0x136/0x1b0 <- backing_file_write_iter) result=0x1000
             cat-2516    [001] .....    15.549996: ovldiag_open: (ovl_open+0xb2/0x100 <- ovl_open_realfile) result=0xffff8880045a0300
              dd-2521    [001] .....    15.552254: ovldiag_open: (ovl_open+0xb2/0x100 <- ovl_open_realfile) result=0xffff888006218000
              dd-2521    [001] .....    15.552292: ovldiag_ensure: (ovl_write_iter+0xaf/0x1b0 <- ovl_ensure_upper_and_switch) result=0x0
              dd-2521    [001] .....    15.552309: ovldiag_write: (ovl_write_iter+0x136/0x1b0 <- backing_file_write_iter) result=0x1000
             cat-2522    [001] .....    15.553721: ovldiag_open: (ovl_open+0xb2/0x100 <- ovl_open_realfile) result=0xffff888004445600
             cat-2524    [000] .....    15.554115: ovldiag_open: (ovl_open+0xb2/0x100 <- ovl_open_realfile) result=0xffff88800717b700
              dd-2528    [001] .....    15.556444: ovldiag_open: (ovl_open+0xb2/0x100 <- ovl_open_realfile) result=0xffff88800732bb00
              dd-2528    [001] .....    15.556472: ovldiag_ensure: (ovl_write_iter+0xaf/0x1b0 <- ovl_ensure_upper_and_switch) result=0x0
              dd-2528    [001] .....    15.556490: ovldiag_write: (ovl_write_iter+0x136/0x1b0 <- backing_file_write_iter) result=0x1000
             cat-2527    [001] .....    15.558267: ovldiag_open: (ovl_open+0xb2/0x100 <- ovl_open_realfile) result=0xffff888007377200
              dd-2536    [000] .....    15.562956: ovldiag_open: (ovl_open+0xb2/0x100 <- ovl_open_realfile) result=0xffff8880070d2300
              dd-2536    [000] .....    15.562986: ovldiag_ensure: (ovl_write_iter+0xaf/0x1b0 <- ovl_ensure_upper_and_switch) result=0x0
              dd-2536    [000] .....    15.563002: ovldiag_write: (ovl_write_iter+0x136/0x1b0 <- backing_file_write_iter) result=0x1000
             cat-2535    [001] .....    15.563093: ovldiag_open: (ovl_open+0xb2/0x100 <- ovl_open_realfile) result=0xffff888004578300
              dd-2537    [000] .....    15.564943: ovldiag_open: (ovl_open+0xb2/0x100 <- ovl_open_realfile) result=0xffff888006218100
              dd-2537    [000] .....    15.564972: ovldiag_ensure: (ovl_write_iter+0xaf/0x1b0 <- ovl_ensure_upper_and_switch) result=0x0
              dd-2537    [000] .....    15.564988: ovldiag_write: (ovl_write_iter+0x136/0x1b0 <- backing_file_write_iter) result=0x1000
              dd-2542    [001] .....    15.566383: ovldiag_open: (ovl_open+0xb2/0x100 <- ovl_open_realfile) result=0xffff88800702a400
              dd-2542    [001] .....    15.566413: ovldiag_ensure: (ovl_write_iter+0xaf/0x1b0 <- ovl_ensure_upper_and_switch) result=0x0
              dd-2542    [001] .....    15.566430: ovldiag_write: (ovl_write_iter+0x136/0x1b0 <- backing_file_write_iter) result=0x1000
             cat-2541    [000] .....    15.566669: ovldiag_open: (ovl_open+0xb2/0x100 <- ovl_open_realfile) result=0xffff88800869da00
             cat-2543    [001] .....    15.567716: ovldiag_open: (ovl_open+0xb2/0x100 <- ovl_open_realfile) result=0xffff888004697b00
             cat-2545    [000] .....    15.569584: ovldiag_open: (ovl_open+0xb2/0x100 <- ovl_open_realfile) result=0xffff888006210200
              dd-2550    [000] .....    15.572283: ovldiag_open: (ovl_open+0xb2/0x100 <- ovl_open_realfile) result=0xffff888004613e00
              dd-2550    [000] .....    15.572313: ovldiag_ensure: (ovl_write_iter+0xaf/0x1b0 <- ovl_ensure_upper_and_switch) result=0x0
              dd-2550    [000] .....    15.572329: ovldiag_write: (ovl_write_iter+0x136/0x1b0 <- backing_file_write_iter) result=0x1000
             cat-2555    [001] .....    15.574771: ovldiag_open: (ovl_open+0xb2/0x100 <- ovl_open_realfile) result=0xffff8880045f5600
              dd-2556    [000] .....    15.575987: ovldiag_open: (ovl_open+0xb2/0x100 <- ovl_open_realfile) result=0xffff88800732b300
              dd-2556    [000] .....    15.576017: ovldiag_ensure: (ovl_write_iter+0xaf/0x1b0 <- ovl_ensure_upper_and_switch) result=0x0
              dd-2556    [000] .....    15.576033: ovldiag_write: (ovl_write_iter+0x136/0x1b0 <- backing_file_write_iter) result=0x1000
             cat-2560    [001] .....    15.579468: ovldiag_open: (ovl_open+0xb2/0x100 <- ovl_open_realfile) result=0xffff88800430c200
              dd-2561    [000] .....    15.579777: ovldiag_open: (ovl_open+0xb2/0x100 <- ovl_open_realfile) result=0xffff8880047ec900
              dd-2561    [000] .....    15.579825: ovldiag_ensure: (ovl_write_iter+0xaf/0x1b0 <- ovl_ensure_upper_and_switch) result=0x0
              dd-2561    [000] .....    15.579840: ovldiag_write: (ovl_write_iter+0x136/0x1b0 <- backing_file_write_iter) result=0x1000
              dd-2563    [001] .....    15.581068: ovldiag_open: (ovl_open+0xb2/0x100 <- ovl_open_realfile) result=0xffff88800842ad00
              dd-2563    [001] .....    15.581097: ovldiag_ensure: (ovl_write_iter+0xaf/0x1b0 <- ovl_ensure_upper_and_switch) result=0x0
              dd-2563    [001] .....    15.581114: ovldiag_write: (ovl_write_iter+0x136/0x1b0 <- backing_file_write_iter) result=0x1000
             cat-2564    [000] .....    15.582114: ovldiag_open: (ovl_open+0xb2/0x100 <- ovl_open_realfile) result=0xffff888004355000
             cat-2566    [001] .....    15.582320: ovldiag_open: (ovl_open+0xb2/0x100 <- ovl_open_realfile) result=0xffff88800611c100
             cat-2570    [001] .....    15.586410: ovldiag_open: (ovl_open+0xb2/0x100 <- ovl_open_realfile) result=0xffff888004578200
              dd-2572    [001] .....    15.587450: ovldiag_open: (ovl_open+0xb2/0x100 <- ovl_open_realfile) result=0xffff88800717ba00
              dd-2572    [001] .....    15.587480: ovldiag_ensure: (ovl_write_iter+0xaf/0x1b0 <- ovl_ensure_upper_and_switch) result=0x0
              dd-2572    [001] .....    15.587497: ovldiag_write: (ovl_write_iter+0x136/0x1b0 <- backing_file_write_iter) result=0x1000
              dd-2576    [000] .....    15.588554: ovldiag_open: (ovl_open+0xb2/0x100 <- ovl_open_realfile) result=0xffff8880060e9f00
              dd-2576    [000] .....    15.588581: ovldiag_ensure: (ovl_write_iter+0xaf/0x1b0 <- ovl_ensure_upper_and_switch) result=0x0
              dd-2576    [000] .....    15.588597: ovldiag_write: (ovl_write_iter+0x136/0x1b0 <- backing_file_write_iter) result=0x1000
             cat-2580    [001] .....    15.592949: ovldiag_open: (ovl_open+0xb2/0x100 <- ovl_open_realfile) result=0xffff888004697f00
             cat-2581    [000] .....    15.593272: ovldiag_open: (ovl_open+0xb2/0x100 <- ovl_open_realfile) result=0xffff88800611c900
              dd-2586    [000] .....    15.597120: ovldiag_open: (ovl_open+0xb2/0x100 <- ovl_open_realfile) result=0xffff88800717b100
              dd-2586    [000] .....    15.597148: ovldiag_ensure: (ovl_write_iter+0xaf/0x1b0 <- ovl_ensure_upper_and_switch) result=0x0
              dd-2586    [000] .....    15.597164: ovldiag_write: (ovl_write_iter+0x136/0x1b0 <- backing_file_write_iter) result=0x1000
             cat-2587    [000] .....    15.597625: ovldiag_open: (ovl_open+0xb2/0x100 <- ovl_open_realfile) result=0xffff888006210700
              dd-2585    [001] .....    15.597879: ovldiag_open: (ovl_open+0xb2/0x100 <- ovl_open_realfile) result=0xffff88800732ca00
              dd-2585    [001] .....    15.597907: ovldiag_ensure: (ovl_write_iter+0xaf/0x1b0 <- ovl_ensure_upper_and_switch) result=0x0
              dd-2585    [001] .....    15.597925: ovldiag_write: (ovl_write_iter+0x136/0x1b0 <- backing_file_write_iter) result=0x1000
             cat-2591    [001] .....    15.599153: ovldiag_open: (ovl_open+0xb2/0x100 <- ovl_open_realfile) result=0xffff888004530f00
              dd-2594    [001] .....    15.602456: ovldiag_open: (ovl_open+0xb2/0x100 <- ovl_open_realfile) result=0xffff888004530d00
              dd-2594    [001] .....    15.602487: ovldiag_ensure: (ovl_write_iter+0xaf/0x1b0 <- ovl_ensure_upper_and_switch) result=0x0
              dd-2594    [001] .....    15.602503: ovldiag_write: (ovl_write_iter+0x136/0x1b0 <- backing_file_write_iter) result=0x1000
             cat-2598    [000] .....    15.604340: ovldiag_open: (ovl_open+0xb2/0x100 <- ovl_open_realfile) result=0xffff888007154700
              dd-2597    [001] .....    15.604900: ovldiag_open: (ovl_open+0xb2/0x100 <- ovl_open_realfile) result=0xffff88800717bc00
              dd-2597    [001] .....    15.604940: ovldiag_ensure: (ovl_write_iter+0xaf/0x1b0 <- ovl_ensure_upper_and_switch) result=0x0
              dd-2597    [001] .....    15.604957: ovldiag_write: (ovl_write_iter+0x136/0x1b0 <- backing_file_write_iter) result=0x1000
             cat-2600    [000] .....    15.605926: ovldiag_open: (ovl_open+0xb2/0x100 <- ovl_open_realfile) result=0xffff88800611c500
             cat-2605    [000] .....    15.609505: ovldiag_open: (ovl_open+0xb2/0x100 <- ovl_open_realfile) result=0xffff888004578900
             cat-2607    [001] .....    15.609975: ovldiag_open: (ovl_open+0xb2/0x100 <- ovl_open_realfile) result=0xffff88800ddefe00
              dd-2611    [001] .....    15.611705: ovldiag_open: (ovl_open+0xb2/0x100 <- ovl_open_realfile) result=0xffff88800716a900
              dd-2611    [001] .....    15.611736: ovldiag_ensure: (ovl_write_iter+0xaf/0x1b0 <- ovl_ensure_upper_and_switch) result=0x0
              dd-2611    [001] .....    15.611752: ovldiag_write: (ovl_write_iter+0x136/0x1b0 <- backing_file_write_iter) result=0x1000
              dd-2610    [000] .....    15.612720: ovldiag_open: (ovl_open+0xb2/0x100 <- ovl_open_realfile) result=0xffff88800de62f00
              dd-2610    [000] .....    15.612751: ovldiag_ensure: (ovl_write_iter+0xaf/0x1b0 <- ovl_ensure_upper_and_switch) result=0x0
              dd-2610    [000] .....    15.612768: ovldiag_write: (ovl_write_iter+0x136/0x1b0 <- backing_file_write_iter) result=0x1000
             cat-2616    [000] .....    15.615730: ovldiag_open: (ovl_open+0xb2/0x100 <- ovl_open_realfile) result=0xffff88800723a600
             cat-2617    [001] .....    15.615917: ovldiag_open: (ovl_open+0xb2/0x100 <- ovl_open_realfile) result=0xffff888004578f00
              dd-2618    [000] .....    15.617624: ovldiag_open: (ovl_open+0xb2/0x100 <- ovl_open_realfile) result=0xffff88800702a600
              dd-2618    [000] .....    15.617654: ovldiag_ensure: (ovl_write_iter+0xaf/0x1b0 <- ovl_ensure_upper_and_switch) result=0x0
              dd-2618    [000] .....    15.617670: ovldiag_write: (ovl_write_iter+0x136/0x1b0 <- backing_file_write_iter) result=0x1000
              dd-2622    [001] .....    15.618900: ovldiag_open: (ovl_open+0xb2/0x100 <- ovl_open_realfile) result=0xffff88800620b500
              dd-2622    [001] .....    15.618930: ovldiag_ensure: (ovl_write_iter+0xaf/0x1b0 <- ovl_ensure_upper_and_switch) result=0x0
              dd-2622    [001] .....    15.618947: ovldiag_write: (ovl_write_iter+0x136/0x1b0 <- backing_file_write_iter) result=0x1000
             cat-2626    [001] .....    15.622121: ovldiag_open: (ovl_open+0xb2/0x100 <- ovl_open_realfile) result=0xffff888007167700
             cat-2627    [000] .....    15.622274: ovldiag_open: (ovl_open+0xb2/0x100 <- ovl_open_realfile) result=0xffff8880086ddb00
              dd-2630    [001] .....    15.625979: ovldiag_open: (ovl_open+0xb2/0x100 <- ovl_open_realfile) result=0xffff88800de62f00
              dd-2630    [001] .....    15.626020: ovldiag_ensure: (ovl_write_iter+0xaf/0x1b0 <- ovl_ensure_upper_and_switch) result=0x0
              dd-2630    [001] .....    15.626038: ovldiag_write: (ovl_write_iter+0x136/0x1b0 <- backing_file_write_iter) result=0x1000
             cat-2634    [001] .....    15.627483: ovldiag_open: (ovl_open+0xb2/0x100 <- ovl_open_realfile) result=0xffff888007377000
              dd-2636    [000] .....    15.628656: ovldiag_open: (ovl_open+0xb2/0x100 <- ovl_open_realfile) result=0xffff8880047ff600
              dd-2636    [000] .....    15.628684: ovldiag_ensure: (ovl_write_iter+0xaf/0x1b0 <- ovl_ensure_upper_and_switch) result=0x0
              dd-2636    [000] .....    15.628699: ovldiag_write: (ovl_write_iter+0x136/0x1b0 <- backing_file_write_iter) result=0x1000
             cat-2635    [001] .....    15.628785: ovldiag_open: (ovl_open+0xb2/0x100 <- ovl_open_realfile) result=0xffff8880060e9c00
             cat-2641    [001] .....    15.632370: ovldiag_open: (ovl_open+0xb2/0x100 <- ovl_open_realfile) result=0xffff8880060e9800
              dd-2642    [000] .....    15.632880: ovldiag_open: (ovl_open+0xb2/0x100 <- ovl_open_realfile) result=0xffff8880047f0200
              dd-2642    [000] .....    15.632911: ovldiag_ensure: (ovl_write_iter+0xaf/0x1b0 <- ovl_ensure_upper_and_switch) result=0x0
              dd-2642    [000] .....    15.632926: ovldiag_write: (ovl_write_iter+0x136/0x1b0 <- backing_file_write_iter) result=0x1000
              dd-2644    [001] .....    15.633734: ovldiag_open: (ovl_open+0xb2/0x100 <- ovl_open_realfile) result=0xffff888004530e00
              dd-2644    [001] .....    15.633764: ovldiag_ensure: (ovl_write_iter+0xaf/0x1b0 <- ovl_ensure_upper_and_switch) result=0x0
              dd-2644    [001] .....    15.633782: ovldiag_write: (ovl_write_iter+0x136/0x1b0 <- backing_file_write_iter) result=0x1000
             cat-2643    [000] .....    15.635108: ovldiag_open: (ovl_open+0xb2/0x100 <- ovl_open_realfile) result=0xffff88800716aa00
             cat-2651    [001] .....    15.638326: ovldiag_open: (ovl_open+0xb2/0x100 <- ovl_open_realfile) result=0xffff8880062a2200
              dd-2652    [001] .....    15.639382: ovldiag_open: (ovl_open+0xb2/0x100 <- ovl_open_realfile) result=0xffff88800842a700
              dd-2652    [001] .....    15.639410: ovldiag_ensure: (ovl_write_iter+0xaf/0x1b0 <- ovl_ensure_upper_and_switch) result=0x0
              dd-2652    [001] .....    15.639428: ovldiag_write: (ovl_write_iter+0x136/0x1b0 <- backing_file_write_iter) result=0x1000
              dd-2656    [000] .....    15.641964: ovldiag_open: (ovl_open+0xb2/0x100 <- ovl_open_realfile) result=0xffff88800de75a00
              dd-2656    [000] .....    15.641995: ovldiag_ensure: (ovl_write_iter+0xaf/0x1b0 <- ovl_ensure_upper_and_switch) result=0x0
              dd-2656    [000] .....    15.642010: ovldiag_write: (ovl_write_iter+0x136/0x1b0 <- backing_file_write_iter) result=0x1000
             cat-2657    [001] .....    15.642885: ovldiag_open: (ovl_open+0xb2/0x100 <- ovl_open_realfile) result=0xffff888007154600
             cat-2661    [001] .....    15.644306: ovldiag_open: (ovl_open+0xb2/0x100 <- ovl_open_realfile) result=0xffff888007167700
             cat-2663    [000] .....    15.645964: ovldiag_open: (ovl_open+0xb2/0x100 <- ovl_open_realfile) result=0xffff888007021500
             cat-2669    [001] .....    15.648938: ovldiag_open: (ovl_open+0xb2/0x100 <- ovl_open_realfile) result=0xffff8880070cef00
              dd-2667    [001] .....    15.649422: ovldiag_open: (ovl_open+0xb2/0x100 <- ovl_open_realfile) result=0xffff888004445e00
              dd-2667    [001] .....    15.649448: ovldiag_ensure: (ovl_write_iter+0xaf/0x1b0 <- ovl_ensure_upper_and_switch) result=0x0
              dd-2667    [001] .....    15.649462: ovldiag_write: (ovl_write_iter+0x136/0x1b0 <- backing_file_write_iter) result=0x1000
              dd-2668    [000] .....    15.649642: ovldiag_open: (ovl_open+0xb2/0x100 <- ovl_open_realfile) result=0xffff88800702a100
              dd-2668    [000] .....    15.649670: ovldiag_ensure: (ovl_write_iter+0xaf/0x1b0 <- ovl_ensure_upper_and_switch) result=0x0
              dd-2668    [000] .....    15.649685: ovldiag_write: (ovl_write_iter+0x136/0x1b0 <- backing_file_write_iter) result=0x1000
             cat-2677    [000] .....    15.653708: ovldiag_open: (ovl_open+0xb2/0x100 <- ovl_open_realfile) result=0xffff88800723a700
              dd-2675    [001] .....    15.654546: ovldiag_open: (ovl_open+0xb2/0x100 <- ovl_open_realfile) result=0xffff88800dc19800
              dd-2675    [001] .....    15.654574: ovldiag_ensure: (ovl_write_iter+0xaf/0x1b0 <- ovl_ensure_upper_and_switch) result=0x0
              dd-2675    [001] .....    15.654591: ovldiag_write: (ovl_write_iter+0x136/0x1b0 <- backing_file_write_iter) result=0x1000
              dd-2678    [001] .....    15.655660: ovldiag_open: (ovl_open+0xb2/0x100 <- ovl_open_realfile) result=0xffff88800430cb00
              dd-2678    [001] .....    15.655686: ovldiag_ensure: (ovl_write_iter+0xaf/0x1b0 <- ovl_ensure_upper_and_switch) result=0x0
             cat-2676    [000] .....    15.655699: ovldiag_open: (ovl_open+0xb2/0x100 <- ovl_open_realfile) result=0xffff88800717ba00
              dd-2678    [001] .....    15.655700: ovldiag_write: (ovl_write_iter+0x136/0x1b0 <- backing_file_write_iter) result=0x1000
             cat-2684    [001] .....    15.658654: ovldiag_open: (ovl_open+0xb2/0x100 <- ovl_open_realfile) result=0xffff8880045c9400
             cat-2687    [001] .....    15.660505: ovldiag_open: (ovl_open+0xb2/0x100 <- ovl_open_realfile) result=0xffff888006201100
              dd-2690    [000] .....    15.663021: ovldiag_open: (ovl_open+0xb2/0x100 <- ovl_open_realfile) result=0xffff88800ca42a00
              dd-2690    [000] .....    15.663051: ovldiag_ensure: (ovl_write_iter+0xaf/0x1b0 <- ovl_ensure_upper_and_switch) result=0x0
              dd-2690    [000] .....    15.663068: ovldiag_write: (ovl_write_iter+0x136/0x1b0 <- backing_file_write_iter) result=0x1000
              dd-2693    [001] .....    15.664518: ovldiag_open: (ovl_open+0xb2/0x100 <- ovl_open_realfile) result=0xffff8880073c5500
              dd-2693    [001] .....    15.664548: ovldiag_ensure: (ovl_write_iter+0xaf/0x1b0 <- ovl_ensure_upper_and_switch) result=0x0
              dd-2693    [001] .....    15.664564: ovldiag_write: (ovl_write_iter+0x136/0x1b0 <- backing_file_write_iter) result=0x1000
             cat-2694    [000] .....    15.664905: ovldiag_open: (ovl_open+0xb2/0x100 <- ovl_open_realfile) result=0xffff88800dd67000
             cat-2697    [001] .....    15.666900: ovldiag_open: (ovl_open+0xb2/0x100 <- ovl_open_realfile) result=0xffff88800723af00
              dd-2701    [001] .....    15.668462: ovldiag_open: (ovl_open+0xb2/0x100 <- ovl_open_realfile) result=0xffff888007105b00
              dd-2701    [001] .....    15.668493: ovldiag_ensure: (ovl_write_iter+0xaf/0x1b0 <- ovl_ensure_upper_and_switch) result=0x0
              dd-2701    [001] .....    15.668509: ovldiag_write: (ovl_write_iter+0x136/0x1b0 <- backing_file_write_iter) result=0x1000
             cat-2700    [001] .....    15.670044: ovldiag_open: (ovl_open+0xb2/0x100 <- ovl_open_realfile) result=0xffff88800842ab00
              dd-2704    [000] .....    15.670565: ovldiag_open: (ovl_open+0xb2/0x100 <- ovl_open_realfile) result=0xffff8880073c5500
              dd-2704    [000] .....    15.670592: ovldiag_ensure: (ovl_write_iter+0xaf/0x1b0 <- ovl_ensure_upper_and_switch) result=0x0
              dd-2704    [000] .....    15.670607: ovldiag_write: (ovl_write_iter+0x136/0x1b0 <- backing_file_write_iter) result=0x1000
             cat-2702    [001] .....    15.671910: ovldiag_open: (ovl_open+0xb2/0x100 <- ovl_open_realfile) result=0xffff888004355900
              dd-2711    [000] .....    15.676678: ovldiag_open: (ovl_open+0xb2/0x100 <- ovl_open_realfile) result=0xffff88800842a300
              dd-2711    [000] .....    15.676708: ovldiag_ensure: (ovl_write_iter+0xaf/0x1b0 <- ovl_ensure_upper_and_switch) result=0x0
              dd-2711    [000] .....    15.676724: ovldiag_write: (ovl_write_iter+0x136/0x1b0 <- backing_file_write_iter) result=0x1000
              dd-2712    [001] .....    15.677015: ovldiag_open: (ovl_open+0xb2/0x100 <- ovl_open_realfile) result=0xffff88800dda7900
              dd-2712    [001] .....    15.677043: ovldiag_ensure: (ovl_write_iter+0xaf/0x1b0 <- ovl_ensure_upper_and_switch) result=0x0
              dd-2712    [001] .....    15.677060: ovldiag_write: (ovl_write_iter+0x136/0x1b0 <- backing_file_write_iter) result=0x1000
             cat-2714    [000] .....    15.678242: ovldiag_open: (ovl_open+0xb2/0x100 <- ovl_open_realfile) result=0xffff88800702a300
             cat-2716    [000] .....    15.679442: ovldiag_open: (ovl_open+0xb2/0x100 <- ovl_open_realfile) result=0xffff888006318900
             cat-2720    [000] .....    15.681763: ovldiag_open: (ovl_open+0xb2/0x100 <- ovl_open_realfile) result=0xffff888004445300
             cat-2721    [000] .....    15.684115: ovldiag_open: (ovl_open+0xb2/0x100 <- ovl_open_realfile) result=0xffff88800dc63000
              dd-2725    [001] .....    15.684480: ovldiag_open: (ovl_open+0xb2/0x100 <- ovl_open_realfile) result=0xffff8880086ddf00
              dd-2725    [001] .....    15.684511: ovldiag_ensure: (ovl_write_iter+0xaf/0x1b0 <- ovl_ensure_upper_and_switch) result=0x0
              dd-2725    [001] .....    15.684527: ovldiag_write: (ovl_write_iter+0x136/0x1b0 <- backing_file_write_iter) result=0x1000
              dd-2722    [001] .....    15.684901: ovldiag_open: (ovl_open+0xb2/0x100 <- ovl_open_realfile) result=0xffff888006327900
              dd-2722    [001] .....    15.684926: ovldiag_ensure: (ovl_write_iter+0xaf/0x1b0 <- ovl_ensure_upper_and_switch) result=0x0
              dd-2722    [001] .....    15.684936: ovldiag_write: (ovl_write_iter+0x136/0x1b0 <- backing_file_write_iter) result=0x1000
             cat-2730    [001] .....    15.688765: ovldiag_open: (ovl_open+0xb2/0x100 <- ovl_open_realfile) result=0xffff8880086ddb00
             cat-2732    [000] .....    15.689517: ovldiag_open: (ovl_open+0xb2/0x100 <- ovl_open_realfile) result=0xffff888004355800
              dd-2734    [000] .....    15.690722: ovldiag_open: (ovl_open+0xb2/0x100 <- ovl_open_realfile) result=0xffff88800dec3f00
              dd-2734    [000] .....    15.690749: ovldiag_ensure: (ovl_write_iter+0xaf/0x1b0 <- ovl_ensure_upper_and_switch) result=0x0
              dd-2734    [000] .....    15.690765: ovldiag_write: (ovl_write_iter+0x136/0x1b0 <- backing_file_write_iter) result=0x1000
              dd-2735    [000] .....    15.691762: ovldiag_open: (ovl_open+0xb2/0x100 <- ovl_open_realfile) result=0xffff888007167900
              dd-2735    [000] .....    15.691790: ovldiag_ensure: (ovl_write_iter+0xaf/0x1b0 <- ovl_ensure_upper_and_switch) result=0x0
              dd-2735    [001] .....    15.693067: ovldiag_write: (ovl_write_iter+0x136/0x1b0 <- backing_file_write_iter) result=0x1000
             cat-2741    [001] .....    15.694404: ovldiag_open: (ovl_open+0xb2/0x100 <- ovl_open_realfile) result=0xffff88800732a600
             cat-2743    [000] .....    15.696169: ovldiag_open: (ovl_open+0xb2/0x100 <- ovl_open_realfile) result=0xffff88800732b100
              dd-2745    [001] .....    15.697600: ovldiag_open: (ovl_open+0xb2/0x100 <- ovl_open_realfile) result=0xffff888006210c00
              dd-2745    [001] .....    15.697630: ovldiag_ensure: (ovl_write_iter+0xaf/0x1b0 <- ovl_ensure_upper_and_switch) result=0x0
              dd-2745    [001] .....    15.697646: ovldiag_write: (ovl_write_iter+0x136/0x1b0 <- backing_file_write_iter) result=0x1000
             cat-2747    [001] .....    15.699150: ovldiag_open: (ovl_open+0xb2/0x100 <- ovl_open_realfile) result=0xffff8880086dde00
              dd-2748    [001] .....    15.700201: ovldiag_open: (ovl_open+0xb2/0x100 <- ovl_open_realfile) result=0xffff88800c904f00
              dd-2748    [001] .....    15.700229: ovldiag_ensure: (ovl_write_iter+0xaf/0x1b0 <- ovl_ensure_upper_and_switch) result=0x0
              dd-2748    [001] .....    15.700244: ovldiag_write: (ovl_write_iter+0x136/0x1b0 <- backing_file_write_iter) result=0x1000
             cat-2751    [000] .....    15.702326: ovldiag_open: (ovl_open+0xb2/0x100 <- ovl_open_realfile) result=0xffff8880047ec700
              dd-2756    [001] .....    15.705452: ovldiag_open: (ovl_open+0xb2/0x100 <- ovl_open_realfile) result=0xffff8880086dd500
              dd-2756    [001] .....    15.705479: ovldiag_ensure: (ovl_write_iter+0xaf/0x1b0 <- ovl_ensure_upper_and_switch) result=0x0
              dd-2756    [001] .....    15.705496: ovldiag_write: (ovl_write_iter+0x136/0x1b0 <- backing_file_write_iter) result=0x1000
             cat-2757    [001] .....    15.705736: ovldiag_open: (ovl_open+0xb2/0x100 <- ovl_open_realfile) result=0xffff8880070cf400
              dd-2759    [000] .....    15.706494: ovldiag_open: (ovl_open+0xb2/0x100 <- ovl_open_realfile) result=0xffff88800dea0700
              dd-2759    [000] .....    15.706522: ovldiag_ensure: (ovl_write_iter+0xaf/0x1b0 <- ovl_ensure_upper_and_switch) result=0x0
              dd-2759    [000] .....    15.706538: ovldiag_write: (ovl_write_iter+0x136/0x1b0 <- backing_file_write_iter) result=0x1000
             cat-2761    [000] .....    15.707989: ovldiag_open: (ovl_open+0xb2/0x100 <- ovl_open_realfile) result=0xffff888007377600
             cat-2765    [001] .....    15.710552: ovldiag_open: (ovl_open+0xb2/0x100 <- ovl_open_realfile) result=0xffff88800723a600
              dd-2767    [000] .....    15.711058: ovldiag_open: (ovl_open+0xb2/0x100 <- ovl_open_realfile) result=0xffff888007154500
              dd-2767    [000] .....    15.711089: ovldiag_ensure: (ovl_write_iter+0xaf/0x1b0 <- ovl_ensure_upper_and_switch) result=0x0
              dd-2767    [000] .....    15.711105: ovldiag_write: (ovl_write_iter+0x136/0x1b0 <- backing_file_write_iter) result=0x1000
             cat-2770    [001] .....    15.713773: ovldiag_open: (ovl_open+0xb2/0x100 <- ovl_open_realfile) result=0xffff888007377200
              dd-2773    [001] .....    15.715126: ovldiag_open: (ovl_open+0xb2/0x100 <- ovl_open_realfile) result=0xffff88800723a500
              dd-2773    [001] .....    15.715153: ovldiag_ensure: (ovl_write_iter+0xaf/0x1b0 <- ovl_ensure_upper_and_switch) result=0x0
              dd-2773    [001] .....    15.715168: ovldiag_write: (ovl_write_iter+0x136/0x1b0 <- backing_file_write_iter) result=0x1000
             cat-2775    [001] .....    15.716439: ovldiag_open: (ovl_open+0xb2/0x100 <- ovl_open_realfile) result=0xffff8880070ce400
              dd-2779    [000] .....    15.718930: ovldiag_open: (ovl_open+0xb2/0x100 <- ovl_open_realfile) result=0xffff88800717bd00
              dd-2779    [000] .....    15.718968: ovldiag_ensure: (ovl_write_iter+0xaf/0x1b0 <- ovl_ensure_upper_and_switch) result=0x0
              dd-2779    [000] .....    15.718985: ovldiag_write: (ovl_write_iter+0x136/0x1b0 <- backing_file_write_iter) result=0x1000
              dd-2783    [000] .....    15.720680: ovldiag_open: (ovl_open+0xb2/0x100 <- ovl_open_realfile) result=0xffff888007154e00
              dd-2783    [000] .....    15.720710: ovldiag_ensure: (ovl_write_iter+0xaf/0x1b0 <- ovl_ensure_upper_and_switch) result=0x0
              dd-2783    [000] .....    15.720725: ovldiag_write: (ovl_write_iter+0x136/0x1b0 <- backing_file_write_iter) result=0x1000
             cat-2784    [001] .....    15.721717: ovldiag_open: (ovl_open+0xb2/0x100 <- ovl_open_realfile) result=0xffff88800842ac00
             cat-2782    [001] .....    15.722209: ovldiag_open: (ovl_open+0xb2/0x100 <- ovl_open_realfile) result=0xffff88800732a800
             cat-2788    [000] .....    15.723969: ovldiag_open: (ovl_open+0xb2/0x100 <- ovl_open_realfile) result=0xffff8880046d6900
              dd-2792    [000] .....    15.726733: ovldiag_open: (ovl_open+0xb2/0x100 <- ovl_open_realfile) result=0xffff88800466a800
              dd-2792    [000] .....    15.726763: ovldiag_ensure: (ovl_write_iter+0xaf/0x1b0 <- ovl_ensure_upper_and_switch) result=0x0
              dd-2792    [000] .....    15.726778: ovldiag_write: (ovl_write_iter+0x136/0x1b0 <- backing_file_write_iter) result=0x1000
             cat-2791    [001] .....    15.728088: ovldiag_open: (ovl_open+0xb2/0x100 <- ovl_open_realfile) result=0xffff8880070ce400
              dd-2797    [001] .....    15.729689: ovldiag_open: (ovl_open+0xb2/0x100 <- ovl_open_realfile) result=0xffff888007105700
              dd-2797    [001] .....    15.729719: ovldiag_ensure: (ovl_write_iter+0xaf/0x1b0 <- ovl_ensure_upper_and_switch) result=0x0
              dd-2797    [001] .....    15.729736: ovldiag_write: (ovl_write_iter+0x136/0x1b0 <- backing_file_write_iter) result=0x1000
             cat-2800    [001] .....    15.732463: ovldiag_open: (ovl_open+0xb2/0x100 <- ovl_open_realfile) result=0xffff88800732ca00
              dd-2802    [001] .....    15.733538: ovldiag_open: (ovl_open+0xb2/0x100 <- ovl_open_realfile) result=0xffff8880047fd900
              dd-2802    [001] .....    15.733569: ovldiag_ensure: (ovl_write_iter+0xaf/0x1b0 <- ovl_ensure_upper_and_switch) result=0x0
              dd-2802    [001] .....    15.733583: ovldiag_write: (ovl_write_iter+0x136/0x1b0 <- backing_file_write_iter) result=0x1000
              dd-2801    [000] .....    15.733797: ovldiag_open: (ovl_open+0xb2/0x100 <- ovl_open_realfile) result=0xffff88800451b700
              dd-2801    [000] .....    15.733840: ovldiag_ensure: (ovl_write_iter+0xaf/0x1b0 <- ovl_ensure_upper_and_switch) result=0x0
              dd-2801    [000] .....    15.733856: ovldiag_write: (ovl_write_iter+0x136/0x1b0 <- backing_file_write_iter) result=0x1000
             cat-2805    [000] .....    15.735284: ovldiag_open: (ovl_open+0xb2/0x100 <- ovl_open_realfile) result=0xffff8880046d6900
             cat-2808    [001] .....    15.737717: ovldiag_open: (ovl_open+0xb2/0x100 <- ovl_open_realfile) result=0xffff888007167f00
             cat-2809    [000] .....    15.739128: ovldiag_open: (ovl_open+0xb2/0x100 <- ovl_open_realfile) result=0xffff88800dc14100
              dd-2814    [000] .....    15.741687: ovldiag_open: (ovl_open+0xb2/0x100 <- ovl_open_realfile) result=0xffff88800de52900
              dd-2814    [000] .....    15.741715: ovldiag_ensure: (ovl_write_iter+0xaf/0x1b0 <- ovl_ensure_upper_and_switch) result=0x0
              dd-2814    [000] .....    15.741731: ovldiag_write: (ovl_write_iter+0x136/0x1b0 <- backing_file_write_iter) result=0x1000
              dd-2817    [001] .....    15.743216: ovldiag_open: (ovl_open+0xb2/0x100 <- ovl_open_realfile) result=0xffff8880070cea00
              dd-2817    [001] .....    15.743246: ovldiag_ensure: (ovl_write_iter+0xaf/0x1b0 <- ovl_ensure_upper_and_switch) result=0x0
              dd-2817    [001] .....    15.743263: ovldiag_write: (ovl_write_iter+0x136/0x1b0 <- backing_file_write_iter) result=0x1000
             cat-2820    [000] .....    15.745054: ovldiag_open: (ovl_open+0xb2/0x100 <- ovl_open_realfile) result=0xffff888004530a00
              dd-2822    [000] .....    15.748335: ovldiag_open: (ovl_open+0xb2/0x100 <- ovl_open_realfile) result=0xffff88800732b400
              dd-2822    [000] .....    15.748363: ovldiag_ensure: (ovl_write_iter+0xaf/0x1b0 <- ovl_ensure_upper_and_switch) result=0x0
              dd-2822    [000] .....    15.748378: ovldiag_write: (ovl_write_iter+0x136/0x1b0 <- backing_file_write_iter) result=0x1000
             cat-2824    [000] .....    15.748557: ovldiag_open: (ovl_open+0xb2/0x100 <- ovl_open_realfile) result=0xffff888007374000
             cat-2825    [001] .....    15.748871: ovldiag_open: (ovl_open+0xb2/0x100 <- ovl_open_realfile) result=0xffff88800842ba00
              dd-2828    [001] .....    15.751654: ovldiag_open: (ovl_open+0xb2/0x100 <- ovl_open_realfile) result=0xffff88800732ce00
              dd-2828    [001] .....    15.751684: ovldiag_ensure: (ovl_write_iter+0xaf/0x1b0 <- ovl_ensure_upper_and_switch) result=0x0
              dd-2828    [001] .....    15.751700: ovldiag_write: (ovl_write_iter+0x136/0x1b0 <- backing_file_write_iter) result=0x1000
             cat-2830    [000] .....    15.753174: ovldiag_open: (ovl_open+0xb2/0x100 <- ovl_open_realfile) result=0xffff888004445700
             cat-2835    [001] .....    15.755409: ovldiag_open: (ovl_open+0xb2/0x100 <- ovl_open_realfile) result=0xffff88800451b700
              dd-2836    [000] .....    15.756023: ovldiag_open: (ovl_open+0xb2/0x100 <- ovl_open_realfile) result=0xffff88800842ad00
              dd-2836    [000] .....    15.756051: ovldiag_ensure: (ovl_write_iter+0xaf/0x1b0 <- ovl_ensure_upper_and_switch) result=0x0
              dd-2836    [000] .....    15.756066: ovldiag_write: (ovl_write_iter+0x136/0x1b0 <- backing_file_write_iter) result=0x1000
              dd-2837    [000] .....    15.757238: ovldiag_open: (ovl_open+0xb2/0x100 <- ovl_open_realfile) result=0xffff888004530400
              dd-2837    [000] .....    15.757267: ovldiag_ensure: (ovl_write_iter+0xaf/0x1b0 <- ovl_ensure_upper_and_switch) result=0x0
              dd-2837    [000] .....    15.757281: ovldiag_write: (ovl_write_iter+0x136/0x1b0 <- backing_file_write_iter) result=0x1000
             cat-2843    [000] .....    15.760289: ovldiag_open: (ovl_open+0xb2/0x100 <- ovl_open_realfile) result=0xffff88800716a400
             cat-2844    [001] .....    15.760432: ovldiag_open: (ovl_open+0xb2/0x100 <- ovl_open_realfile) result=0xffff88800dc60c00
              dd-2846    [000] .....    15.761905: ovldiag_open: (ovl_open+0xb2/0x100 <- ovl_open_realfile) result=0xffff88800716a600
              dd-2846    [000] .....    15.761935: ovldiag_ensure: (ovl_write_iter+0xaf/0x1b0 <- ovl_ensure_upper_and_switch) result=0x0
              dd-2846    [000] .....    15.761949: ovldiag_write: (ovl_write_iter+0x136/0x1b0 <- backing_file_write_iter) result=0x1000
             cat-2851    [000] .....    15.765486: ovldiag_open: (ovl_open+0xb2/0x100 <- ovl_open_realfile) result=0xffff88800716ac00
              dd-2852    [001] .....    15.765588: ovldiag_open: (ovl_open+0xb2/0x100 <- ovl_open_realfile) result=0xffff88800842be00
              dd-2852    [001] .....    15.765619: ovldiag_ensure: (ovl_write_iter+0xaf/0x1b0 <- ovl_ensure_upper_and_switch) result=0x0
              dd-2852    [001] .....    15.765635: ovldiag_write: (ovl_write_iter+0x136/0x1b0 <- backing_file_write_iter) result=0x1000
             cat-2853    [001] .....    15.766591: ovldiag_open: (ovl_open+0xb2/0x100 <- ovl_open_realfile) result=0xffff8880047ff700
              dd-2858    [000] .....    15.769601: ovldiag_open: (ovl_open+0xb2/0x100 <- ovl_open_realfile) result=0xffff88800dc14100
              dd-2858    [000] .....    15.769630: ovldiag_ensure: (ovl_write_iter+0xaf/0x1b0 <- ovl_ensure_upper_and_switch) result=0x0
              dd-2858    [000] .....    15.769646: ovldiag_write: (ovl_write_iter+0x136/0x1b0 <- backing_file_write_iter) result=0x1000
              dd-2860    [001] .....    15.770647: ovldiag_open: (ovl_open+0xb2/0x100 <- ovl_open_realfile) result=0xffff888006217e00
              dd-2860    [001] .....    15.770676: ovldiag_ensure: (ovl_write_iter+0xaf/0x1b0 <- ovl_ensure_upper_and_switch) result=0x0
              dd-2860    [001] .....    15.770693: ovldiag_write: (ovl_write_iter+0x136/0x1b0 <- backing_file_write_iter) result=0x1000
             cat-2861    [001] .....    15.771710: ovldiag_open: (ovl_open+0xb2/0x100 <- ovl_open_realfile) result=0xffff88800716a100
             cat-2862    [000] .....    15.771948: ovldiag_open: (ovl_open+0xb2/0x100 <- ovl_open_realfile) result=0xffff888007374e00
              dd-2868    [000] .....    15.775697: ovldiag_open: (ovl_open+0xb2/0x100 <- ovl_open_realfile) result=0xffff88800dd0d600
              dd-2868    [000] .....    15.775724: ovldiag_ensure: (ovl_write_iter+0xaf/0x1b0 <- ovl_ensure_upper_and_switch) result=0x0
              dd-2868    [000] .....    15.775740: ovldiag_write: (ovl_write_iter+0x136/0x1b0 <- backing_file_write_iter) result=0x1000
             cat-2869    [000] .....    15.776693: ovldiag_open: (ovl_open+0xb2/0x100 <- ovl_open_realfile) result=0xffff88800723a500
             cat-2872    [001] .....    15.778493: ovldiag_open: (ovl_open+0xb2/0x100 <- ovl_open_realfile) result=0xffff88800dc14200
              dd-2874    [000] .....    15.779813: ovldiag_open: (ovl_open+0xb2/0x100 <- ovl_open_realfile) result=0xffff88800c9c9300
              dd-2874    [001] .....    15.780673: ovldiag_ensure: (ovl_write_iter+0xaf/0x1b0 <- ovl_ensure_upper_and_switch) result=0x0
              dd-2874    [001] .....    15.780691: ovldiag_write: (ovl_write_iter+0x136/0x1b0 <- backing_file_write_iter) result=0x1000
             cat-2879    [000] .....    15.782307: ovldiag_open: (ovl_open+0xb2/0x100 <- ovl_open_realfile) result=0xffff88800dd90400
             cat-2880    [001] .....    15.783580: ovldiag_open: (ovl_open+0xb2/0x100 <- ovl_open_realfile) result=0xffff8880070d2600
              dd-2885    [001] .....    15.785666: ovldiag_open: (ovl_open+0xb2/0x100 <- ovl_open_realfile) result=0xffff888003cd0500
              dd-2885    [001] .....    15.785696: ovldiag_ensure: (ovl_write_iter+0xaf/0x1b0 <- ovl_ensure_upper_and_switch) result=0x0
              dd-2885    [001] .....    15.785712: ovldiag_write: (ovl_write_iter+0x136/0x1b0 <- backing_file_write_iter) result=0x1000
              dd-2884    [000] .....    15.785759: ovldiag_open: (ovl_open+0xb2/0x100 <- ovl_open_realfile) result=0xffff88800732a600
              dd-2884    [000] .....    15.785787: ovldiag_ensure: (ovl_write_iter+0xaf/0x1b0 <- ovl_ensure_upper_and_switch) result=0x0
              dd-2884    [000] .....    15.785815: ovldiag_write: (ovl_write_iter+0x136/0x1b0 <- backing_file_write_iter) result=0x1000
             cat-2888    [000] .....    15.788576: ovldiag_open: (ovl_open+0xb2/0x100 <- ovl_open_realfile) result=0xffff88800842bb00
             cat-2890    [000] .....    15.789693: ovldiag_open: (ovl_open+0xb2/0x100 <- ovl_open_realfile) result=0xffff88800de56100
              dd-2891    [001] .....    15.790166: ovldiag_open: (ovl_open+0xb2/0x100 <- ovl_open_realfile) result=0xffff88800dd90300
              dd-2891    [001] .....    15.790209: ovldiag_ensure: (ovl_write_iter+0xaf/0x1b0 <- ovl_ensure_upper_and_switch) result=0x0
              dd-2891    [001] .....    15.790226: ovldiag_write: (ovl_write_iter+0x136/0x1b0 <- backing_file_write_iter) result=0x1000
              dd-2898    [001] .....    15.793970: ovldiag_open: (ovl_open+0xb2/0x100 <- ovl_open_realfile) result=0xffff88800cbd7e00
             cat-2896    [000] .....    15.793976: ovldiag_open: (ovl_open+0xb2/0x100 <- ovl_open_realfile) result=0xffff888004530f00
              dd-2898    [001] .....    15.794001: ovldiag_ensure: (ovl_write_iter+0xaf/0x1b0 <- ovl_ensure_upper_and_switch) result=0x0
              dd-2898    [001] .....    15.794017: ovldiag_write: (ovl_write_iter+0x136/0x1b0 <- backing_file_write_iter) result=0x1000
             cat-2902    [001] .....    15.796788: ovldiag_open: (ovl_open+0xb2/0x100 <- ovl_open_realfile) result=0xffff888004530500
              dd-2904    [000] .....    15.798647: ovldiag_open: (ovl_open+0xb2/0x100 <- ovl_open_realfile) result=0xffff88800716f400
              dd-2904    [000] .....    15.798674: ovldiag_ensure: (ovl_write_iter+0xaf/0x1b0 <- ovl_ensure_upper_and_switch) result=0x0
              dd-2904    [000] .....    15.798691: ovldiag_write: (ovl_write_iter+0x136/0x1b0 <- backing_file_write_iter) result=0x1000
              dd-2906    [000] .....    15.800507: ovldiag_open: (ovl_open+0xb2/0x100 <- ovl_open_realfile) result=0xffff888007105500
              dd-2906    [000] .....    15.800537: ovldiag_ensure: (ovl_write_iter+0xaf/0x1b0 <- ovl_ensure_upper_and_switch) result=0x0
              dd-2906    [000] .....    15.800551: ovldiag_write: (ovl_write_iter+0x136/0x1b0 <- backing_file_write_iter) result=0x1000
             cat-2909    [000] .....    15.801556: ovldiag_open: (ovl_open+0xb2/0x100 <- ovl_open_realfile) result=0xffff88800dcfc000
             cat-2907    [001] .....    15.801600: ovldiag_open: (ovl_open+0xb2/0x100 <- ovl_open_realfile) result=0xffff88800ddfd000
             cat-2913    [000] .....    15.804742: ovldiag_open: (ovl_open+0xb2/0x100 <- ovl_open_realfile) result=0xffff88800702af00
              dd-2914    [001] .....    15.805622: ovldiag_open: (ovl_open+0xb2/0x100 <- ovl_open_realfile) result=0xffff88800723a500
              dd-2914    [001] .....    15.805652: ovldiag_ensure: (ovl_write_iter+0xaf/0x1b0 <- ovl_ensure_upper_and_switch) result=0x0
              dd-2914    [001] .....    15.805668: ovldiag_write: (ovl_write_iter+0x136/0x1b0 <- backing_file_write_iter) result=0x1000
              dd-2920    [001] .....    15.808319: ovldiag_open: (ovl_open+0xb2/0x100 <- ovl_open_realfile) result=0xffff8880070ce300
              dd-2920    [001] .....    15.808346: ovldiag_ensure: (ovl_write_iter+0xaf/0x1b0 <- ovl_ensure_upper_and_switch) result=0x0
              dd-2920    [001] .....    15.808363: ovldiag_write: (ovl_write_iter+0x136/0x1b0 <- backing_file_write_iter) result=0x1000
             cat-2918    [000] .....    15.808436: ovldiag_open: (ovl_open+0xb2/0x100 <- ovl_open_realfile) result=0xffff88800de2a400
             cat-2925    [000] .....    15.811875: ovldiag_open: (ovl_open+0xb2/0x100 <- ovl_open_realfile) result=0xffff88800842ac00
              dd-2926    [001] .....    15.812210: ovldiag_open: (ovl_open+0xb2/0x100 <- ovl_open_realfile) result=0xffff888007167500
              dd-2926    [001] .....    15.812238: ovldiag_ensure: (ovl_write_iter+0xaf/0x1b0 <- ovl_ensure_upper_and_switch) result=0x0
              dd-2926    [001] .....    15.812254: ovldiag_write: (ovl_write_iter+0x136/0x1b0 <- backing_file_write_iter) result=0x1000
              dd-2930    [001] .....    15.814785: ovldiag_open: (ovl_open+0xb2/0x100 <- ovl_open_realfile) result=0xffff888004530100
              dd-2930    [001] .....    15.814842: ovldiag_ensure: (ovl_write_iter+0xaf/0x1b0 <- ovl_ensure_upper_and_switch) result=0x0
              dd-2930    [001] .....    15.814858: ovldiag_write: (ovl_write_iter+0x136/0x1b0 <- backing_file_write_iter) result=0x1000
             cat-2931    [000] .....    15.815367: ovldiag_open: (ovl_open+0xb2/0x100 <- ovl_open_realfile) result=0xffff88800dda7f00
             cat-2933    [000] .....    15.816358: ovldiag_open: (ovl_open+0xb2/0x100 <- ovl_open_realfile) result=0xffff888004578b00
             cat-2936    [001] .....    15.817876: ovldiag_open: (ovl_open+0xb2/0x100 <- ovl_open_realfile) result=0xffff88800dd64b00
             cat-2941    [000] .....    15.821003: ovldiag_open: (ovl_open+0xb2/0x100 <- ovl_open_realfile) result=0xffff88800cb27500
              dd-2940    [001] .....    15.822068: ovldiag_open: (ovl_open+0xb2/0x100 <- ovl_open_realfile) result=0xffff88800dc14c00
              dd-2940    [001] .....    15.822099: ovldiag_ensure: (ovl_write_iter+0xaf/0x1b0 <- ovl_ensure_upper_and_switch) result=0x0
              dd-2940    [001] .....    15.822116: ovldiag_write: (ovl_write_iter+0x136/0x1b0 <- backing_file_write_iter) result=0x1000
              dd-2943    [000] .....    15.822683: ovldiag_open: (ovl_open+0xb2/0x100 <- ovl_open_realfile) result=0xffff8880070ce500
              dd-2943    [000] .....    15.822712: ovldiag_ensure: (ovl_write_iter+0xaf/0x1b0 <- ovl_ensure_upper_and_switch) result=0x0
              dd-2943    [000] .....    15.822727: ovldiag_write: (ovl_write_iter+0x136/0x1b0 <- backing_file_write_iter) result=0x1000
             cat-2949    [001] .....    15.826099: ovldiag_open: (ovl_open+0xb2/0x100 <- ovl_open_realfile) result=0xffff888004530700
              dd-2947    [000] .....    15.826320: ovldiag_open: (ovl_open+0xb2/0x100 <- ovl_open_realfile) result=0xffff888006210a00
              dd-2947    [000] .....    15.826348: ovldiag_ensure: (ovl_write_iter+0xaf/0x1b0 <- ovl_ensure_upper_and_switch) result=0x0
              dd-2947    [000] .....    15.826364: ovldiag_write: (ovl_write_iter+0x136/0x1b0 <- backing_file_write_iter) result=0x1000
              dd-2951    [001] .....    15.828411: ovldiag_open: (ovl_open+0xb2/0x100 <- ovl_open_realfile) result=0xffff8880046d6200
              dd-2951    [001] .....    15.828439: ovldiag_ensure: (ovl_write_iter+0xaf/0x1b0 <- ovl_ensure_upper_and_switch) result=0x0
              dd-2951    [001] .....    15.828456: ovldiag_write: (ovl_write_iter+0x136/0x1b0 <- backing_file_write_iter) result=0x1000
             cat-2952    [000] .....    15.829298: ovldiag_open: (ovl_open+0xb2/0x100 <- ovl_open_realfile) result=0xffff88800621e000
             cat-2958    [000] .....    15.831733: ovldiag_open: (ovl_open+0xb2/0x100 <- ovl_open_realfile) result=0xffff88800dc14000
             cat-2957    [001] .....    15.831782: ovldiag_open: (ovl_open+0xb2/0x100 <- ovl_open_realfile) result=0xffff8880086dd300
              dd-2964    [000] .....    15.836140: ovldiag_open: (ovl_open+0xb2/0x100 <- ovl_open_realfile) result=0xffff888006210a00
              dd-2964    [000] .....    15.836168: ovldiag_ensure: (ovl_write_iter+0xaf/0x1b0 <- ovl_ensure_upper_and_switch) result=0x0
              dd-2964    [000] .....    15.836184: ovldiag_write: (ovl_write_iter+0x136/0x1b0 <- backing_file_write_iter) result=0x1000
             cat-2965    [001] .....    15.837112: ovldiag_open: (ovl_open+0xb2/0x100 <- ovl_open_realfile) result=0xffff88800cac1f00
              dd-2967    [000] .....    15.838312: ovldiag_open: (ovl_open+0xb2/0x100 <- ovl_open_realfile) result=0xffff88800dc84400
              dd-2967    [000] .....    15.838339: ovldiag_ensure: (ovl_write_iter+0xaf/0x1b0 <- ovl_ensure_upper_and_switch) result=0x0
              dd-2967    [000] .....    15.838354: ovldiag_write: (ovl_write_iter+0x136/0x1b0 <- backing_file_write_iter) result=0x1000
             cat-2972    [000] .....    15.840796: ovldiag_open: (ovl_open+0xb2/0x100 <- ovl_open_realfile) result=0xffff88800cac1600
              dd-2974    [001] .....    15.842370: ovldiag_open: (ovl_open+0xb2/0x100 <- ovl_open_realfile) result=0xffff88800842b400
              dd-2974    [001] .....    15.842398: ovldiag_ensure: (ovl_write_iter+0xaf/0x1b0 <- ovl_ensure_upper_and_switch) result=0x0
              dd-2974    [001] .....    15.842414: ovldiag_write: (ovl_write_iter+0x136/0x1b0 <- backing_file_write_iter) result=0x1000
             cat-2970    [001] .....    15.842712: ovldiag_open: (ovl_open+0xb2/0x100 <- ovl_open_realfile) result=0xffff88800dd67e00
              dd-2973    [000] .....    15.842943: ovldiag_open: (ovl_open+0xb2/0x100 <- ovl_open_realfile) result=0xffff88800dd01d00
              dd-2973    [000] .....    15.842974: ovldiag_ensure: (ovl_write_iter+0xaf/0x1b0 <- ovl_ensure_upper_and_switch) result=0x0
              dd-2973    [000] .....    15.842991: ovldiag_write: (ovl_write_iter+0x136/0x1b0 <- backing_file_write_iter) result=0x1000
             cat-2975    [001] .....    15.843716: ovldiag_open: (ovl_open+0xb2/0x100 <- ovl_open_realfile) result=0xffff888004578600
             cat-2984    [000] .....    15.848144: ovldiag_open: (ovl_open+0xb2/0x100 <- ovl_open_realfile) result=0xffff88800ddb3a00
              dd-2986    [001] .....    15.849525: ovldiag_open: (ovl_open+0xb2/0x100 <- ovl_open_realfile) result=0xffff8880047f6800
              dd-2986    [001] .....    15.849555: ovldiag_ensure: (ovl_write_iter+0xaf/0x1b0 <- ovl_ensure_upper_and_switch) result=0x0
              dd-2986    [001] .....    15.849572: ovldiag_write: (ovl_write_iter+0x136/0x1b0 <- backing_file_write_iter) result=0x1000
             cat-2989    [000] .....    15.851700: ovldiag_open: (ovl_open+0xb2/0x100 <- ovl_open_realfile) result=0xffff8880086dda00
              dd-2990    [001] .....    15.852181: ovldiag_open: (ovl_open+0xb2/0x100 <- ovl_open_realfile) result=0xffff888004445c00
              dd-2990    [001] .....    15.852220: ovldiag_ensure: (ovl_write_iter+0xaf/0x1b0 <- ovl_ensure_upper_and_switch) result=0x0
              dd-2990    [001] .....    15.852237: ovldiag_write: (ovl_write_iter+0x136/0x1b0 <- backing_file_write_iter) result=0x1000
             cat-2993    [001] .....    15.853707: ovldiag_open: (ovl_open+0xb2/0x100 <- ovl_open_realfile) result=0xffff888004578100
             cat-2995    [001] .....    15.856205: ovldiag_open: (ovl_open+0xb2/0x100 <- ovl_open_realfile) result=0xffff888007105700
              dd-2998    [000] .....    15.857285: ovldiag_open: (ovl_open+0xb2/0x100 <- ovl_open_realfile) result=0xffff8880073c5200
              dd-2998    [000] .....    15.857315: ovldiag_ensure: (ovl_write_iter+0xaf/0x1b0 <- ovl_ensure_upper_and_switch) result=0x0
              dd-2998    [000] .....    15.857332: ovldiag_write: (ovl_write_iter+0x136/0x1b0 <- backing_file_write_iter) result=0x1000
              dd-2997    [000] .....    15.858609: ovldiag_open: (ovl_open+0xb2/0x100 <- ovl_open_realfile) result=0xffff88800732bc00
              dd-2997    [000] .....    15.858638: ovldiag_ensure: (ovl_write_iter+0xaf/0x1b0 <- ovl_ensure_upper_and_switch) result=0x0
              dd-2997    [000] .....    15.858652: ovldiag_write: (ovl_write_iter+0x136/0x1b0 <- backing_file_write_iter) result=0x1000
             cat-3001    [000] .....    15.859695: ovldiag_open: (ovl_open+0xb2/0x100 <- ovl_open_realfile) result=0xffff8880061fe100
             cat-3006    [000] .....    15.861597: ovldiag_open: (ovl_open+0xb2/0x100 <- ovl_open_realfile) result=0xffff888007105400
              dd-3008    [001] .....    15.863714: ovldiag_open: (ovl_open+0xb2/0x100 <- ovl_open_realfile) result=0xffff88800716a700
              dd-3008    [001] .....    15.863742: ovldiag_ensure: (ovl_write_iter+0xaf/0x1b0 <- ovl_ensure_upper_and_switch) result=0x0
              dd-3008    [001] .....    15.863759: ovldiag_write: (ovl_write_iter+0x136/0x1b0 <- backing_file_write_iter) result=0x1000
             cat-3013    [001] .....    15.866158: ovldiag_open: (ovl_open+0xb2/0x100 <- ovl_open_realfile) result=0xffff88800869df00
              dd-3012    [000] .....    15.866282: ovldiag_open: (ovl_open+0xb2/0x100 <- ovl_open_realfile) result=0xffff888007374000
              dd-3012    [000] .....    15.866311: ovldiag_ensure: (ovl_write_iter+0xaf/0x1b0 <- ovl_ensure_upper_and_switch) result=0x0
              dd-3012    [000] .....    15.866326: ovldiag_write: (ovl_write_iter+0x136/0x1b0 <- backing_file_write_iter) result=0x1000
             cat-3016    [000] .....    15.868761: ovldiag_open: (ovl_open+0xb2/0x100 <- ovl_open_realfile) result=0xffff8880071e9e00
              dd-3019    [001] .....    15.870028: ovldiag_open: (ovl_open+0xb2/0x100 <- ovl_open_realfile) result=0xffff888006210a00
              dd-3019    [001] .....    15.870059: ovldiag_ensure: (ovl_write_iter+0xaf/0x1b0 <- ovl_ensure_upper_and_switch) result=0x0
              dd-3019    [001] .....    15.870075: ovldiag_write: (ovl_write_iter+0x136/0x1b0 <- backing_file_write_iter) result=0x1000
             cat-3022    [000] .....    15.872299: ovldiag_open: (ovl_open+0xb2/0x100 <- ovl_open_realfile) result=0xffff888007105100
             cat-3025    [000] .....    15.873599: ovldiag_open: (ovl_open+0xb2/0x100 <- ovl_open_realfile) result=0xffff888006270f00
              dd-3023    [001] .....    15.874181: ovldiag_open: (ovl_open+0xb2/0x100 <- ovl_open_realfile) result=0xffff8880086ddd00
              dd-3023    [001] .....    15.874224: ovldiag_ensure: (ovl_write_iter+0xaf/0x1b0 <- ovl_ensure_upper_and_switch) result=0x0
              dd-3023    [001] .....    15.874240: ovldiag_write: (ovl_write_iter+0x136/0x1b0 <- backing_file_write_iter) result=0x1000
             cat-3029    [001] .....    15.876685: ovldiag_open: (ovl_open+0xb2/0x100 <- ovl_open_realfile) result=0xffff8880086dde00
              dd-3031    [000] .....    15.877422: ovldiag_open: (ovl_open+0xb2/0x100 <- ovl_open_realfile) result=0xffff88800842af00
              dd-3031    [000] .....    15.877449: ovldiag_ensure: (ovl_write_iter+0xaf/0x1b0 <- ovl_ensure_upper_and_switch) result=0x0
              dd-3031    [000] .....    15.877477: ovldiag_write: (ovl_write_iter+0x136/0x1b0 <- backing_file_write_iter) result=0x1000
              dd-3034    [000] .....    15.880067: ovldiag_open: (ovl_open+0xb2/0x100 <- ovl_open_realfile) result=0xffff88800de6ba00
              dd-3034    [000] .....    15.880097: ovldiag_ensure: (ovl_write_iter+0xaf/0x1b0 <- ovl_ensure_upper_and_switch) result=0x0
              dd-3034    [000] .....    15.880112: ovldiag_write: (ovl_write_iter+0x136/0x1b0 <- backing_file_write_iter) result=0x1000
             cat-3035    [001] .....    15.881048: ovldiag_open: (ovl_open+0xb2/0x100 <- ovl_open_realfile) result=0xffff888004578700
             cat-3039    [000] .....    15.882386: ovldiag_open: (ovl_open+0xb2/0x100 <- ovl_open_realfile) result=0xffff8880047f6800
              dd-3042    [001] .....    15.884814: ovldiag_open: (ovl_open+0xb2/0x100 <- ovl_open_realfile) result=0xffff888004530b00
              dd-3042    [001] .....    15.884843: ovldiag_ensure: (ovl_write_iter+0xaf/0x1b0 <- ovl_ensure_upper_and_switch) result=0x0
              dd-3042    [001] .....    15.884859: ovldiag_write: (ovl_write_iter+0x136/0x1b0 <- backing_file_write_iter) result=0x1000
             cat-3044    [000] .....    15.886129: ovldiag_open: (ovl_open+0xb2/0x100 <- ovl_open_realfile) result=0xffff8880045c9600
             cat-3046    [001] .....    15.887539: ovldiag_open: (ovl_open+0xb2/0x100 <- ovl_open_realfile) result=0xffff888006217e00
              dd-3048    [000] .....    15.888698: ovldiag_open: (ovl_open+0xb2/0x100 <- ovl_open_realfile) result=0xffff8880071e9e00
              dd-3048    [000] .....    15.888726: ovldiag_ensure: (ovl_write_iter+0xaf/0x1b0 <- ovl_ensure_upper_and_switch) result=0x0
              dd-3048    [000] .....    15.888742: ovldiag_write: (ovl_write_iter+0x136/0x1b0 <- backing_file_write_iter) result=0x1000
              dd-3052    [000] .....    15.892165: ovldiag_open: (ovl_open+0xb2/0x100 <- ovl_open_realfile) result=0xffff88800717bd00
              dd-3052    [000] .....    15.892207: ovldiag_ensure: (ovl_write_iter+0xaf/0x1b0 <- ovl_ensure_upper_and_switch) result=0x0
              dd-3052    [000] .....    15.892223: ovldiag_write: (ovl_write_iter+0x136/0x1b0 <- backing_file_write_iter) result=0x1000
             cat-3055    [001] .....    15.892417: ovldiag_open: (ovl_open+0xb2/0x100 <- ovl_open_realfile) result=0xffff88800c9d0500
              dd-3056    [000] .....    15.893676: ovldiag_open: (ovl_open+0xb2/0x100 <- ovl_open_realfile) result=0xffff888007377300
              dd-3056    [000] .....    15.893703: ovldiag_ensure: (ovl_write_iter+0xaf/0x1b0 <- ovl_ensure_upper_and_switch) result=0x0
              dd-3056    [000] .....    15.893718: ovldiag_write: (ovl_write_iter+0x136/0x1b0 <- backing_file_write_iter) result=0x1000
             cat-3054    [000] .....    15.893923: ovldiag_open: (ovl_open+0xb2/0x100 <- ovl_open_realfile) result=0xffff88800723af00
             cat-3062    [000] .....    15.896296: ovldiag_open: (ovl_open+0xb2/0x100 <- ovl_open_realfile) result=0xffff88800716aa00
             cat-3064    [001] .....    15.897817: ovldiag_open: (ovl_open+0xb2/0x100 <- ovl_open_realfile) result=0xffff88800dd77600
              dd-3066    [001] .....    15.899088: ovldiag_open: (ovl_open+0xb2/0x100 <- ovl_open_realfile) result=0xffff88800717b100
              dd-3066    [001] .....    15.899117: ovldiag_ensure: (ovl_write_iter+0xaf/0x1b0 <- ovl_ensure_upper_and_switch) result=0x0
              dd-3066    [001] .....    15.899133: ovldiag_write: (ovl_write_iter+0x136/0x1b0 <- backing_file_write_iter) result=0x1000
             cat-3070    [000] .....    15.902231: ovldiag_open: (ovl_open+0xb2/0x100 <- ovl_open_realfile) result=0xffff888004578100
              dd-3071    [000] .....    15.904401: ovldiag_open: (ovl_open+0xb2/0x100 <- ovl_open_realfile) result=0xffff8880062a2200
              dd-3071    [000] .....    15.904435: ovldiag_ensure: (ovl_write_iter+0xaf/0x1b0 <- ovl_ensure_upper_and_switch) result=0x0
              dd-3071    [000] .....    15.904451: ovldiag_write: (ovl_write_iter+0x136/0x1b0 <- backing_file_write_iter) result=0x1000
             cat-3074    [001] .....    15.904510: ovldiag_open: (ovl_open+0xb2/0x100 <- ovl_open_realfile) result=0xffff8880086dd100
             cat-3079    [000] .....    15.907944: ovldiag_open: (ovl_open+0xb2/0x100 <- ovl_open_realfile) result=0xffff88800c853700
              dd-3080    [001] .....    15.909139: ovldiag_open: (ovl_open+0xb2/0x100 <- ovl_open_realfile) result=0xffff888007167c00
              dd-3080    [001] .....    15.909167: ovldiag_ensure: (ovl_write_iter+0xaf/0x1b0 <- ovl_ensure_upper_and_switch) result=0x0
              dd-3080    [001] .....    15.909184: ovldiag_write: (ovl_write_iter+0x136/0x1b0 <- backing_file_write_iter) result=0x1000
              dd-3083    [000] .....    15.910944: ovldiag_open: (ovl_open+0xb2/0x100 <- ovl_open_realfile) result=0xffff888006194200
              dd-3083    [000] .....    15.910972: ovldiag_ensure: (ovl_write_iter+0xaf/0x1b0 <- ovl_ensure_upper_and_switch) result=0x0
              dd-3083    [000] .....    15.910988: ovldiag_write: (ovl_write_iter+0x136/0x1b0 <- backing_file_write_iter) result=0x1000
              dd-3086    [000] .....    15.912724: ovldiag_open: (ovl_open+0xb2/0x100 <- ovl_open_realfile) result=0xffff88800702ab00
              dd-3086    [000] .....    15.912753: ovldiag_ensure: (ovl_write_iter+0xaf/0x1b0 <- ovl_ensure_upper_and_switch) result=0x0
              dd-3086    [000] .....    15.912767: ovldiag_write: (ovl_write_iter+0x136/0x1b0 <- backing_file_write_iter) result=0x1000
             cat-3084    [001] .....    15.913239: ovldiag_open: (ovl_open+0xb2/0x100 <- ovl_open_realfile) result=0xffff888007105000
             cat-3089    [001] .....    15.914451: ovldiag_open: (ovl_open+0xb2/0x100 <- ovl_open_realfile) result=0xffff88800ddc2400
             cat-3088    [001] .....    15.914726: ovldiag_open: (ovl_open+0xb2/0x100 <- ovl_open_realfile) result=0xffff8880060f5000
             cat-3094    [001] .....    15.917754: ovldiag_open: (ovl_open+0xb2/0x100 <- ovl_open_realfile) result=0xffff888004445f00
              dd-3096    [000] .....    15.919248: ovldiag_open: (ovl_open+0xb2/0x100 <- ovl_open_realfile) result=0xffff888004490700
              dd-3096    [000] .....    15.919276: ovldiag_ensure: (ovl_write_iter+0xaf/0x1b0 <- ovl_ensure_upper_and_switch) result=0x0
              dd-3096    [000] .....    15.919291: ovldiag_write: (ovl_write_iter+0x136/0x1b0 <- backing_file_write_iter) result=0x1000
              dd-3102    [000] .....    15.922502: ovldiag_open: (ovl_open+0xb2/0x100 <- ovl_open_realfile) result=0xffff8880061f4600
              dd-3102    [000] .....    15.922530: ovldiag_ensure: (ovl_write_iter+0xaf/0x1b0 <- ovl_ensure_upper_and_switch) result=0x0
              dd-3102    [000] .....    15.922545: ovldiag_write: (ovl_write_iter+0x136/0x1b0 <- backing_file_write_iter) result=0x1000
              dd-3104    [001] .....    15.924066: ovldiag_open: (ovl_open+0xb2/0x100 <- ovl_open_realfile) result=0xffff88800702af00
              dd-3104    [001] .....    15.924095: ovldiag_ensure: (ovl_write_iter+0xaf/0x1b0 <- ovl_ensure_upper_and_switch) result=0x0
              dd-3104    [001] .....    15.924112: ovldiag_write: (ovl_write_iter+0x136/0x1b0 <- backing_file_write_iter) result=0x1000
             cat-3106    [001] .....    15.925524: ovldiag_open: (ovl_open+0xb2/0x100 <- ovl_open_realfile) result=0xffff88800842a000
             cat-3107    [000] .....    15.926313: ovldiag_open: (ovl_open+0xb2/0x100 <- ovl_open_realfile) result=0xffff888003715100
             cat-3110    [000] .....    15.927892: ovldiag_open: (ovl_open+0xb2/0x100 <- ovl_open_realfile) result=0xffff888007154a00
              dd-3111    [001] .....    15.930843: ovldiag_open: (ovl_open+0xb2/0x100 <- ovl_open_realfile) result=0xffff88800c909600
              dd-3111    [001] .....    15.930873: ovldiag_ensure: (ovl_write_iter+0xaf/0x1b0 <- ovl_ensure_upper_and_switch) result=0x0
              dd-3111    [001] .....    15.930889: ovldiag_write: (ovl_write_iter+0x136/0x1b0 <- backing_file_write_iter) result=0x1000
             cat-3115    [000] .....    15.931309: ovldiag_open: (ovl_open+0xb2/0x100 <- ovl_open_realfile) result=0xffff88800702a700
              dd-3119    [001] .....    15.934158: ovldiag_open: (ovl_open+0xb2/0x100 <- ovl_open_realfile) result=0xffff88800c9c6c00
              dd-3119    [001] .....    15.934189: ovldiag_ensure: (ovl_write_iter+0xaf/0x1b0 <- ovl_ensure_upper_and_switch) result=0x0
              dd-3119    [001] .....    15.934219: ovldiag_write: (ovl_write_iter+0x136/0x1b0 <- backing_file_write_iter) result=0x1000
              dd-3121    [001] .....    15.935465: ovldiag_open: (ovl_open+0xb2/0x100 <- ovl_open_realfile) result=0xffff88800716ac00
             cat-3124    [000] .....    15.936717: ovldiag_open: (ovl_open+0xb2/0x100 <- ovl_open_realfile) result=0xffff8880062a2f00
             cat-3125    [001] .....    15.936923: ovldiag_open: (ovl_open+0xb2/0x100 <- ovl_open_realfile) result=0xffff888004490900
              dd-3121    [001] .....    15.937075: ovldiag_ensure: (ovl_write_iter+0xaf/0x1b0 <- ovl_ensure_upper_and_switch) result=0x0
              dd-3121    [001] .....    15.937086: ovldiag_write: (ovl_write_iter+0x136/0x1b0 <- backing_file_write_iter) result=0x1000
              dd-3123    [000] .....    15.937746: ovldiag_open: (ovl_open+0xb2/0x100 <- ovl_open_realfile) result=0xffff888007026e00
              dd-3123    [000] .....    15.937776: ovldiag_ensure: (ovl_write_iter+0xaf/0x1b0 <- ovl_ensure_upper_and_switch) result=0x0
              dd-3123    [000] .....    15.937789: ovldiag_write: (ovl_write_iter+0x136/0x1b0 <- backing_file_write_iter) result=0x1000
             cat-3130    [001] .....    15.941757: ovldiag_open: (ovl_open+0xb2/0x100 <- ovl_open_realfile) result=0xffff8880062c5600
             cat-3133    [000] .....    15.942441: ovldiag_open: (ovl_open+0xb2/0x100 <- ovl_open_realfile) result=0xffff888007154500
              dd-3136    [001] .....    15.945643: ovldiag_open: (ovl_open+0xb2/0x100 <- ovl_open_realfile) result=0xffff888007171300
              dd-3136    [001] .....    15.945672: ovldiag_ensure: (ovl_write_iter+0xaf/0x1b0 <- ovl_ensure_upper_and_switch) result=0x0
              dd-3136    [001] .....    15.945689: ovldiag_write: (ovl_write_iter+0x136/0x1b0 <- backing_file_write_iter) result=0x1000
              dd-3139    [000] .....    15.946677: ovldiag_open: (ovl_open+0xb2/0x100 <- ovl_open_realfile) result=0xffff888004697b00
              dd-3139    [000] .....    15.946704: ovldiag_ensure: (ovl_write_iter+0xaf/0x1b0 <- ovl_ensure_upper_and_switch) result=0x0
              dd-3139    [000] .....    15.946720: ovldiag_write: (ovl_write_iter+0x136/0x1b0 <- backing_file_write_iter) result=0x1000
             cat-3142    [001] .....    15.948039: ovldiag_open: (ovl_open+0xb2/0x100 <- ovl_open_realfile) result=0xffff8880073c5c00
             cat-3143    [000] .....    15.948945: ovldiag_open: (ovl_open+0xb2/0x100 <- ovl_open_realfile) result=0xffff888007154900
             cat-3147    [000] .....    15.951867: ovldiag_open: (ovl_open+0xb2/0x100 <- ovl_open_realfile) result=0xffff88800dc14900
              dd-3150    [001] .....    15.952698: ovldiag_open: (ovl_open+0xb2/0x100 <- ovl_open_realfile) result=0xffff8880086dd300
              dd-3150    [001] .....    15.952726: ovldiag_ensure: (ovl_write_iter+0xaf/0x1b0 <- ovl_ensure_upper_and_switch) result=0x0
              dd-3150    [001] .....    15.952742: ovldiag_write: (ovl_write_iter+0x136/0x1b0 <- backing_file_write_iter) result=0x1000
             cat-3149    [001] .....    15.953116: ovldiag_open: (ovl_open+0xb2/0x100 <- ovl_open_realfile) result=0xffff88800cbf8300
              dd-3151    [000] .....    15.954024: ovldiag_open: (ovl_open+0xb2/0x100 <- ovl_open_realfile) result=0xffff8880062c5a00
              dd-3151    [000] .....    15.954051: ovldiag_ensure: (ovl_write_iter+0xaf/0x1b0 <- ovl_ensure_upper_and_switch) result=0x0
              dd-3151    [000] .....    15.954067: ovldiag_write: (ovl_write_iter+0x136/0x1b0 <- backing_file_write_iter) result=0x1000
             cat-3158    [000] .....    15.957907: ovldiag_open: (ovl_open+0xb2/0x100 <- ovl_open_realfile) result=0xffff8880062c5300
              dd-3159    [001] .....    15.958761: ovldiag_open: (ovl_open+0xb2/0x100 <- ovl_open_realfile) result=0xffff8880086dd500
              dd-3159    [001] .....    15.958792: ovldiag_ensure: (ovl_write_iter+0xaf/0x1b0 <- ovl_ensure_upper_and_switch) result=0x0
              dd-3162    [000] .....    15.959968: ovldiag_open: (ovl_open+0xb2/0x100 <- ovl_open_realfile) result=0xffff88800842ae00
              dd-3162    [000] .....    15.959996: ovldiag_ensure: (ovl_write_iter+0xaf/0x1b0 <- ovl_ensure_upper_and_switch) result=0x0
              dd-3162    [000] .....    15.960012: ovldiag_write: (ovl_write_iter+0x136/0x1b0 <- backing_file_write_iter) result=0x1000
              dd-3159    [001] .....    15.960166: ovldiag_write: (ovl_write_iter+0x136/0x1b0 <- backing_file_write_iter) result=0x1000
             cat-3161    [000] .....    15.960625: ovldiag_open: (ovl_open+0xb2/0x100 <- ovl_open_realfile) result=0xffff88800732a600
             cat-3167    [001] .....    15.963447: ovldiag_open: (ovl_open+0xb2/0x100 <- ovl_open_realfile) result=0xffff88800625a400
             cat-3169    [000] .....    15.964496: ovldiag_open: (ovl_open+0xb2/0x100 <- ovl_open_realfile) result=0xffff8880062a2500
              dd-3173    [001] .....    15.967382: ovldiag_open: (ovl_open+0xb2/0x100 <- ovl_open_realfile) result=0xffff88800716ae00
              dd-3173    [001] .....    15.967412: ovldiag_ensure: (ovl_write_iter+0xaf/0x1b0 <- ovl_ensure_upper_and_switch) result=0x0
              dd-3173    [001] .....    15.967428: ovldiag_write: (ovl_write_iter+0x136/0x1b0 <- backing_file_write_iter) result=0x1000
              dd-3175    [000] .....    15.968268: ovldiag_open: (ovl_open+0xb2/0x100 <- ovl_open_realfile) result=0xffff88800cbf8800
              dd-3175    [000] .....    15.968298: ovldiag_ensure: (ovl_write_iter+0xaf/0x1b0 <- ovl_ensure_upper_and_switch) result=0x0
              dd-3175    [000] .....    15.968314: ovldiag_write: (ovl_write_iter+0x136/0x1b0 <- backing_file_write_iter) result=0x1000
             cat-3177    [000] .....    15.970556: ovldiag_open: (ovl_open+0xb2/0x100 <- ovl_open_realfile) result=0xffff8880086dd100
             cat-3179    [001] .....    15.970974: ovldiag_open: (ovl_open+0xb2/0x100 <- ovl_open_realfile) result=0xffff88800732bf00
              dd-3183    [001] .....    15.973908: ovldiag_open: (ovl_open+0xb2/0x100 <- ovl_open_realfile) result=0xffff888007377800
              dd-3183    [001] .....    15.973938: ovldiag_ensure: (ovl_write_iter+0xaf/0x1b0 <- ovl_ensure_upper_and_switch) result=0x0
              dd-3183    [001] .....    15.973954: ovldiag_write: (ovl_write_iter+0x136/0x1b0 <- backing_file_write_iter) result=0x1000
             cat-3184    [000] .....    15.974213: ovldiag_open: (ovl_open+0xb2/0x100 <- ovl_open_realfile) result=0xffff888004530e00
              dd-3186    [001] .....    15.976618: ovldiag_open: (ovl_open+0xb2/0x100 <- ovl_open_realfile) result=0xffff88800cbf8e00
              dd-3186    [001] .....    15.976650: ovldiag_ensure: (ovl_write_iter+0xaf/0x1b0 <- ovl_ensure_upper_and_switch) result=0x0
              dd-3186    [001] .....    15.976667: ovldiag_write: (ovl_write_iter+0x136/0x1b0 <- backing_file_write_iter) result=0x1000
             cat-3188    [000] .....    15.977442: ovldiag_open: (ovl_open+0xb2/0x100 <- ovl_open_realfile) result=0xffff88800732b200
             cat-3193    [000] .....    15.979765: ovldiag_open: (ovl_open+0xb2/0x100 <- ovl_open_realfile) result=0xffff8880086ddf00
              dd-3195    [001] .....    15.980615: ovldiag_open: (ovl_open+0xb2/0x100 <- ovl_open_realfile) result=0xffff8880046d6300
              dd-3195    [001] .....    15.980646: ovldiag_ensure: (ovl_write_iter+0xaf/0x1b0 <- ovl_ensure_upper_and_switch) result=0x0
              dd-3195    [001] .....    15.980662: ovldiag_write: (ovl_write_iter+0x136/0x1b0 <- backing_file_write_iter) result=0x1000
             cat-3199    [001] .....    15.983438: ovldiag_open: (ovl_open+0xb2/0x100 <- ovl_open_realfile) result=0xffff88800de3b500
             cat-3202    [001] .....    15.984897: ovldiag_open: (ovl_open+0xb2/0x100 <- ovl_open_realfile) result=0xffff8880073c5900
              dd-3198    [000] .....    15.985087: ovldiag_open: (ovl_open+0xb2/0x100 <- ovl_open_realfile) result=0xffff88800cb1d600
              dd-3198    [000] .....    15.985115: ovldiag_ensure: (ovl_write_iter+0xaf/0x1b0 <- ovl_ensure_upper_and_switch) result=0x0
              dd-3198    [000] .....    15.985131: ovldiag_write: (ovl_write_iter+0x136/0x1b0 <- backing_file_write_iter) result=0x1000
             cat-3206    [000] .....    15.988517: ovldiag_open: (ovl_open+0xb2/0x100 <- ovl_open_realfile) result=0xffff88800723af00
              dd-3208    [001] .....    15.988720: ovldiag_open: (ovl_open+0xb2/0x100 <- ovl_open_realfile) result=0xffff888004355600
              dd-3208    [001] .....    15.988748: ovldiag_ensure: (ovl_write_iter+0xaf/0x1b0 <- ovl_ensure_upper_and_switch) result=0x0
              dd-3208    [001] .....    15.988765: ovldiag_write: (ovl_write_iter+0x136/0x1b0 <- backing_file_write_iter) result=0x1000
              dd-3210    [000] .....    15.991467: ovldiag_open: (ovl_open+0xb2/0x100 <- ovl_open_realfile) result=0xffff888007377f00
              dd-3210    [000] .....    15.991498: ovldiag_ensure: (ovl_write_iter+0xaf/0x1b0 <- ovl_ensure_upper_and_switch) result=0x0
              dd-3210    [000] .....    15.991513: ovldiag_write: (ovl_write_iter+0x136/0x1b0 <- backing_file_write_iter) result=0x1000
             cat-3213    [001] .....    15.992030: ovldiag_open: (ovl_open+0xb2/0x100 <- ovl_open_realfile) result=0xffff888007154500
              dd-3216    [001] .....    15.993544: ovldiag_open: (ovl_open+0xb2/0x100 <- ovl_open_realfile) result=0xffff888007105600
              dd-3216    [001] .....    15.993575: ovldiag_ensure: (ovl_write_iter+0xaf/0x1b0 <- ovl_ensure_upper_and_switch) result=0x0
              dd-3216    [001] .....    15.993591: ovldiag_write: (ovl_write_iter+0x136/0x1b0 <- backing_file_write_iter) result=0x1000
             cat-3217    [001] .....    15.995047: ovldiag_open: (ovl_open+0xb2/0x100 <- ovl_open_realfile) result=0xffff888007374000
             cat-3219    [000] .....    15.995101: ovldiag_open: (ovl_open+0xb2/0x100 <- ovl_open_realfile) result=0xffff88800716ae00
             cat-3224    [000] .....    15.999675: ovldiag_open: (ovl_open+0xb2/0x100 <- ovl_open_realfile) result=0xffff88800842bf00
              dd-3226    [001] .....    15.999926: ovldiag_open: (ovl_open+0xb2/0x100 <- ovl_open_realfile) result=0xffff88800717b300
              dd-3226    [001] .....    15.999958: ovldiag_ensure: (ovl_write_iter+0xaf/0x1b0 <- ovl_ensure_upper_and_switch) result=0x0
              dd-3226    [001] .....    15.999974: ovldiag_write: (ovl_write_iter+0x136/0x1b0 <- backing_file_write_iter) result=0x1000
              dd-3230    [001] .....    16.002469: ovldiag_open: (ovl_open+0xb2/0x100 <- ovl_open_realfile) result=0xffff88800716aa00
              dd-3230    [001] .....    16.002497: ovldiag_ensure: (ovl_write_iter+0xaf/0x1b0 <- ovl_ensure_upper_and_switch) result=0x0
              dd-3230    [001] .....    16.002513: ovldiag_write: (ovl_write_iter+0x136/0x1b0 <- backing_file_write_iter) result=0x1000
              dd-3232    [000] .....    16.003962: ovldiag_open: (ovl_open+0xb2/0x100 <- ovl_open_realfile) result=0xffff888007377600
              dd-3232    [000] .....    16.003989: ovldiag_ensure: (ovl_write_iter+0xaf/0x1b0 <- ovl_ensure_upper_and_switch) result=0x0
              dd-3232    [000] .....    16.004006: ovldiag_write: (ovl_write_iter+0x136/0x1b0 <- backing_file_write_iter) result=0x1000
             cat-3233    [000] .....    16.004978: ovldiag_open: (ovl_open+0xb2/0x100 <- ovl_open_realfile) result=0xffff8880046d6900
             cat-3234    [001] .....    16.005501: ovldiag_open: (ovl_open+0xb2/0x100 <- ovl_open_realfile) result=0xffff8880062a2500
             cat-3238    [000] .....    16.008087: ovldiag_open: (ovl_open+0xb2/0x100 <- ovl_open_realfile) result=0xffff8880086dd000
              dd-3239    [001] .....    16.008761: ovldiag_open: (ovl_open+0xb2/0x100 <- ovl_open_realfile) result=0xffff88800842a200
              dd-3239    [001] .....    16.008792: ovldiag_ensure: (ovl_write_iter+0xaf/0x1b0 <- ovl_ensure_upper_and_switch) result=0x0
              dd-3239    [001] .....    16.008824: ovldiag_write: (ovl_write_iter+0x136/0x1b0 <- backing_file_write_iter) result=0x1000
             cat-3240    [000] .....    16.009379: ovldiag_open: (ovl_open+0xb2/0x100 <- ovl_open_realfile) result=0xffff8880061c6e00
              dd-3246    [001] .....    16.012943: ovldiag_open: (ovl_open+0xb2/0x100 <- ovl_open_realfile) result=0xffff88800716ad00
              dd-3246    [001] .....    16.012970: ovldiag_ensure: (ovl_write_iter+0xaf/0x1b0 <- ovl_ensure_upper_and_switch) result=0x0
              dd-3246    [001] .....    16.012986: ovldiag_write: (ovl_write_iter+0x136/0x1b0 <- backing_file_write_iter) result=0x1000
              dd-3250    [000] .....    16.015448: ovldiag_open: (ovl_open+0xb2/0x100 <- ovl_open_realfile) result=0xffff88800dcbaf00
              dd-3250    [000] .....    16.015478: ovldiag_ensure: (ovl_write_iter+0xaf/0x1b0 <- ovl_ensure_upper_and_switch) result=0x0
              dd-3250    [000] .....    16.015493: ovldiag_write: (ovl_write_iter+0x136/0x1b0 <- backing_file_write_iter) result=0x1000
             cat-3251    [001] .....    16.016704: ovldiag_open: (ovl_open+0xb2/0x100 <- ovl_open_realfile) result=0xffff88800716a000
             cat-3254    [001] .....    16.018004: ovldiag_open: (ovl_open+0xb2/0x100 <- ovl_open_realfile) result=0xffff88800702af00
              dd-3253    [000] .....    16.018013: ovldiag_open: (ovl_open+0xb2/0x100 <- ovl_open_realfile) result=0xffff88800716ad00
              dd-3253    [000] .....    16.018043: ovldiag_ensure: (ovl_write_iter+0xaf/0x1b0 <- ovl_ensure_upper_and_switch) result=0x0
              dd-3253    [000] .....    16.018058: ovldiag_write: (ovl_write_iter+0x136/0x1b0 <- backing_file_write_iter) result=0x1000
             cat-3259    [001] .....    16.021733: ovldiag_open: (ovl_open+0xb2/0x100 <- ovl_open_realfile) result=0xffff888008411500
             cat-3260    [001] .....    16.022731: ovldiag_open: (ovl_open+0xb2/0x100 <- ovl_open_realfile) result=0xffff888003cd0700
              dd-3262    [001] .....    16.023750: ovldiag_open: (ovl_open+0xb2/0x100 <- ovl_open_realfile) result=0xffff888004445700
              dd-3262    [001] .....    16.023780: ovldiag_ensure: (ovl_write_iter+0xaf/0x1b0 <- ovl_ensure_upper_and_switch) result=0x0
              dd-3262    [001] .....    16.023795: ovldiag_write: (ovl_write_iter+0x136/0x1b0 <- backing_file_write_iter) result=0x1000
              dd-3268    [001] .....    16.026766: ovldiag_open: (ovl_open+0xb2/0x100 <- ovl_open_realfile) result=0xffff88800ca5c400
              dd-3268    [001] .....    16.026796: ovldiag_ensure: (ovl_write_iter+0xaf/0x1b0 <- ovl_ensure_upper_and_switch) result=0x0
              dd-3268    [001] .....    16.026828: ovldiag_write: (ovl_write_iter+0x136/0x1b0 <- backing_file_write_iter) result=0x1000
             cat-3269    [001] .....    16.027775: ovldiag_open: (ovl_open+0xb2/0x100 <- ovl_open_realfile) result=0xffff88800716a100
              dd-3270    [000] .....    16.029014: ovldiag_open: (ovl_open+0xb2/0x100 <- ovl_open_realfile) result=0xffff888007167700
              dd-3270    [000] .....    16.029042: ovldiag_ensure: (ovl_write_iter+0xaf/0x1b0 <- ovl_ensure_upper_and_switch) result=0x0
             cat-3271    [001] .....    16.029057: ovldiag_open: (ovl_open+0xb2/0x100 <- ovl_open_realfile) result=0xffff8880086dd200
              dd-3270    [000] .....    16.029058: ovldiag_write: (ovl_write_iter+0x136/0x1b0 <- backing_file_write_iter) result=0x1000
             cat-3280    [000] .....    16.033310: ovldiag_open: (ovl_open+0xb2/0x100 <- ovl_open_realfile) result=0xffff88800dccb700
             cat-3278    [001] .....    16.034532: ovldiag_open: (ovl_open+0xb2/0x100 <- ovl_open_realfile) result=0xffff88800cab7500
              dd-3277    [001] .....    16.034874: ovldiag_open: (ovl_open+0xb2/0x100 <- ovl_open_realfile) result=0xffff88800c91b000
              dd-3277    [001] .....    16.034900: ovldiag_ensure: (ovl_write_iter+0xaf/0x1b0 <- ovl_ensure_upper_and_switch) result=0x0
              dd-3277    [001] .....    16.034911: ovldiag_write: (ovl_write_iter+0x136/0x1b0 <- backing_file_write_iter) result=0x1000
              dd-3285    [001] .....    16.037586: ovldiag_open: (ovl_open+0xb2/0x100 <- ovl_open_realfile) result=0xffff888004355000
              dd-3285    [001] .....    16.037614: ovldiag_ensure: (ovl_write_iter+0xaf/0x1b0 <- ovl_ensure_upper_and_switch) result=0x0
              dd-3285    [001] .....    16.037630: ovldiag_write: (ovl_write_iter+0x136/0x1b0 <- backing_file_write_iter) result=0x1000
             cat-3287    [001] .....    16.038669: ovldiag_open: (ovl_open+0xb2/0x100 <- ovl_open_realfile) result=0xffff88800723a700
             cat-3290    [000] .....    16.040613: ovldiag_open: (ovl_open+0xb2/0x100 <- ovl_open_realfile) result=0xffff888007105c00
              dd-3293    [001] .....    16.043163: ovldiag_open: (ovl_open+0xb2/0x100 <- ovl_open_realfile) result=0xffff88800842aa00
              dd-3293    [001] .....    16.043202: ovldiag_ensure: (ovl_write_iter+0xaf/0x1b0 <- ovl_ensure_upper_and_switch) result=0x0
              dd-3293    [001] .....    16.043218: ovldiag_write: (ovl_write_iter+0x136/0x1b0 <- backing_file_write_iter) result=0x1000
              dd-3292    [001] .....    16.043425: ovldiag_open: (ovl_open+0xb2/0x100 <- ovl_open_realfile) result=0xffff88800842be00
              dd-3292    [001] .....    16.043447: ovldiag_ensure: (ovl_write_iter+0xaf/0x1b0 <- ovl_ensure_upper_and_switch) result=0x0
              dd-3292    [001] .....    16.043453: ovldiag_write: (ovl_write_iter+0x136/0x1b0 <- backing_file_write_iter) result=0x1000
             cat-3295    [000] .....    16.043729: ovldiag_open: (ovl_open+0xb2/0x100 <- ovl_open_realfile) result=0xffff88800dc4e700
             cat-3300    [000] .....    16.046687: ovldiag_open: (ovl_open+0xb2/0x100 <- ovl_open_realfile) result=0xffff888007021800
             cat-3304    [001] .....    16.048651: ovldiag_open: (ovl_open+0xb2/0x100 <- ovl_open_realfile) result=0xffff88800dc4ec00
              dd-3303    [000] .....    16.048761: ovldiag_open: (ovl_open+0xb2/0x100 <- ovl_open_realfile) result=0xffff8880047ffd00
              dd-3303    [000] .....    16.048789: ovldiag_ensure: (ovl_write_iter+0xaf/0x1b0 <- ovl_ensure_upper_and_switch) result=0x0
              dd-3303    [000] .n...    16.048820: ovldiag_write: (ovl_write_iter+0x136/0x1b0 <- backing_file_write_iter) result=0x1000
              dd-3308    [000] .....    16.051719: ovldiag_open: (ovl_open+0xb2/0x100 <- ovl_open_realfile) result=0xffff8880073c5300
              dd-3308    [000] .....    16.051748: ovldiag_ensure: (ovl_write_iter+0xaf/0x1b0 <- ovl_ensure_upper_and_switch) result=0x0
              dd-3308    [000] .....    16.051764: ovldiag_write: (ovl_write_iter+0x136/0x1b0 <- backing_file_write_iter) result=0x1000
             cat-3310    [000] .....    16.052985: ovldiag_open: (ovl_open+0xb2/0x100 <- ovl_open_realfile) result=0xffff88800702a800
             cat-3313    [001] .....    16.054388: ovldiag_open: (ovl_open+0xb2/0x100 <- ovl_open_realfile) result=0xffff8880047ff700
              dd-3316    [000] .....    16.056735: ovldiag_open: (ovl_open+0xb2/0x100 <- ovl_open_realfile) result=0xffff88800dc14700
              dd-3316    [000] .....    16.056765: ovldiag_ensure: (ovl_write_iter+0xaf/0x1b0 <- ovl_ensure_upper_and_switch) result=0x0
              dd-3316    [000] .....    16.056780: ovldiag_write: (ovl_write_iter+0x136/0x1b0 <- backing_file_write_iter) result=0x1000
              dd-3317    [001] .....    16.058362: ovldiag_open: (ovl_open+0xb2/0x100 <- ovl_open_realfile) result=0xffff88800dd09b00
              dd-3317    [001] .....    16.058392: ovldiag_ensure: (ovl_write_iter+0xaf/0x1b0 <- ovl_ensure_upper_and_switch) result=0x0
              dd-3317    [001] .....    16.058409: ovldiag_write: (ovl_write_iter+0x136/0x1b0 <- backing_file_write_iter) result=0x1000
             cat-3320    [000] .....    16.058932: ovldiag_open: (ovl_open+0xb2/0x100 <- ovl_open_realfile) result=0xffff88800732b400
             cat-3321    [001] .....    16.059650: ovldiag_open: (ovl_open+0xb2/0x100 <- ovl_open_realfile) result=0xffff8880045f5300
             cat-3326    [000] .....    16.062907: ovldiag_open: (ovl_open+0xb2/0x100 <- ovl_open_realfile) result=0xffff88800716a800
             cat-3329    [001] .....    16.064305: ovldiag_open: (ovl_open+0xb2/0x100 <- ovl_open_realfile) result=0xffff8880045f5300
              dd-3328    [000] .....    16.065165: ovldiag_open: (ovl_open+0xb2/0x100 <- ovl_open_realfile) result=0xffff88800723ae00
              dd-3328    [000] .....    16.065207: ovldiag_ensure: (ovl_write_iter+0xaf/0x1b0 <- ovl_ensure_upper_and_switch) result=0x0
              dd-3328    [000] .....    16.065222: ovldiag_write: (ovl_write_iter+0x136/0x1b0 <- backing_file_write_iter) result=0x1000
              dd-3332    [001] .....    16.065791: ovldiag_open: (ovl_open+0xb2/0x100 <- ovl_open_realfile) result=0xffff888004530800
              dd-3332    [001] .....    16.065852: ovldiag_ensure: (ovl_write_iter+0xaf/0x1b0 <- ovl_ensure_upper_and_switch) result=0x0
              dd-3332    [001] .....    16.065868: ovldiag_write: (ovl_write_iter+0x136/0x1b0 <- backing_file_write_iter) result=0x1000
             cat-3338    [001] .....    16.069381: ovldiag_open: (ovl_open+0xb2/0x100 <- ovl_open_realfile) result=0xffff88800842a200
             cat-3337    [000] .....    16.069776: ovldiag_open: (ovl_open+0xb2/0x100 <- ovl_open_realfile) result=0xffff888004578300
              dd-3342    [000] .....    16.072052: ovldiag_open: (ovl_open+0xb2/0x100 <- ovl_open_realfile) result=0xffff88800ddfb600
              dd-3342    [000] .....    16.072079: ovldiag_ensure: (ovl_write_iter+0xaf/0x1b0 <- ovl_ensure_upper_and_switch) result=0x0
              dd-3342    [000] .....    16.072094: ovldiag_write: (ovl_write_iter+0x136/0x1b0 <- backing_file_write_iter) result=0x1000
              dd-3341    [000] .....    16.072509: ovldiag_open: (ovl_open+0xb2/0x100 <- ovl_open_realfile) result=0xffff888006210300
              dd-3341    [000] .....    16.072534: ovldiag_ensure: (ovl_write_iter+0xaf/0x1b0 <- ovl_ensure_upper_and_switch) result=0x0
              dd-3341    [000] .....    16.072542: ovldiag_write: (ovl_write_iter+0x136/0x1b0 <- backing_file_write_iter) result=0x1000
             cat-3347    [001] .....    16.075596: ovldiag_open: (ovl_open+0xb2/0x100 <- ovl_open_realfile) result=0xffff88800732a700
             cat-3348    [000] .....    16.075752: ovldiag_open: (ovl_open+0xb2/0x100 <- ovl_open_realfile) result=0xffff888006217100
              dd-3353    [001] .....    16.078757: ovldiag_open: (ovl_open+0xb2/0x100 <- ovl_open_realfile) result=0xffff88800cad3000
              dd-3353    [001] .....    16.078787: ovldiag_ensure: (ovl_write_iter+0xaf/0x1b0 <- ovl_ensure_upper_and_switch) result=0x0
              dd-3353    [001] .....    16.078830: ovldiag_write: (ovl_write_iter+0x136/0x1b0 <- backing_file_write_iter) result=0x1000
              dd-3354    [000] .....    16.079630: ovldiag_open: (ovl_open+0xb2/0x100 <- ovl_open_realfile) result=0xffff888007105600
              dd-3354    [000] .....    16.079660: ovldiag_ensure: (ovl_write_iter+0xaf/0x1b0 <- ovl_ensure_upper_and_switch) result=0x0
              dd-3354    [000] .....    16.079676: ovldiag_write: (ovl_write_iter+0x136/0x1b0 <- backing_file_write_iter) result=0x1000
             cat-3357    [001] .....    16.081695: ovldiag_open: (ovl_open+0xb2/0x100 <- ovl_open_realfile) result=0xffff888007377000
             cat-3358    [000] .....    16.081939: ovldiag_open: (ovl_open+0xb2/0x100 <- ovl_open_realfile) result=0xffff888007168e00
             cat-3363    [000] .....    16.085255: ovldiag_open: (ovl_open+0xb2/0x100 <- ovl_open_realfile) result=0xffff88800dc65800
             cat-3365    [001] .....    16.086358: ovldiag_open: (ovl_open+0xb2/0x100 <- ovl_open_realfile) result=0xffff888007105e00
              dd-3364    [000] .....    16.086765: ovldiag_open: (ovl_open+0xb2/0x100 <- ovl_open_realfile) result=0xffff88800cad3200
              dd-3364    [000] .....    16.086794: ovldiag_ensure: (ovl_write_iter+0xaf/0x1b0 <- ovl_ensure_upper_and_switch) result=0x0
              dd-3364    [000] .....    16.086824: ovldiag_write: (ovl_write_iter+0x136/0x1b0 <- backing_file_write_iter) result=0x1000
              dd-3368    [001] .....    16.089632: ovldiag_open: (ovl_open+0xb2/0x100 <- ovl_open_realfile) result=0xffff88800842b200
              dd-3368    [001] .....    16.089661: ovldiag_ensure: (ovl_write_iter+0xaf/0x1b0 <- ovl_ensure_upper_and_switch) result=0x0
              dd-3368    [001] .....    16.089678: ovldiag_write: (ovl_write_iter+0x136/0x1b0 <- backing_file_write_iter) result=0x1000
             cat-3373    [000] .....    16.091604: ovldiag_open: (ovl_open+0xb2/0x100 <- ovl_open_realfile) result=0xffff888006001600
              dd-3375    [001] .....    16.092397: ovldiag_open: (ovl_open+0xb2/0x100 <- ovl_open_realfile) result=0xffff888006327900
              dd-3375    [001] .....    16.092424: ovldiag_ensure: (ovl_write_iter+0xaf/0x1b0 <- ovl_ensure_upper_and_switch) result=0x0
              dd-3375    [001] .....    16.092440: ovldiag_write: (ovl_write_iter+0x136/0x1b0 <- backing_file_write_iter) result=0x1000
             cat-3374    [000] .....    16.092903: ovldiag_open: (ovl_open+0xb2/0x100 <- ovl_open_realfile) result=0xffff88800716ae00
              dd-3376    [000] .....    16.093922: ovldiag_open: (ovl_open+0xb2/0x100 <- ovl_open_realfile) result=0xffff888007377300
              dd-3376    [000] .....    16.093951: ovldiag_ensure: (ovl_write_iter+0xaf/0x1b0 <- ovl_ensure_upper_and_switch) result=0x0
              dd-3376    [000] .....    16.093968: ovldiag_write: (ovl_write_iter+0x136/0x1b0 <- backing_file_write_iter) result=0x1000
             cat-3381    [001] .....    16.096154: ovldiag_open: (ovl_open+0xb2/0x100 <- ovl_open_realfile) result=0xffff888007026e00
             cat-3384    [001] .....    16.098054: ovldiag_open: (ovl_open+0xb2/0x100 <- ovl_open_realfile) result=0xffff88800cbc0100
              dd-3388    [000] .....    16.101017: ovldiag_open: (ovl_open+0xb2/0x100 <- ovl_open_realfile) result=0xffff888007154000
              dd-3388    [000] .....    16.101045: ovldiag_ensure: (ovl_write_iter+0xaf/0x1b0 <- ovl_ensure_upper_and_switch) result=0x0
              dd-3388    [000] .....    16.101059: ovldiag_write: (ovl_write_iter+0x136/0x1b0 <- backing_file_write_iter) result=0x1000
              dd-3391    [001] .....    16.102432: ovldiag_open: (ovl_open+0xb2/0x100 <- ovl_open_realfile) result=0xffff888007021200
              dd-3391    [001] .....    16.102462: ovldiag_ensure: (ovl_write_iter+0xaf/0x1b0 <- ovl_ensure_upper_and_switch) result=0x0
              dd-3391    [001] .....    16.102478: ovldiag_write: (ovl_write_iter+0x136/0x1b0 <- backing_file_write_iter) result=0x1000
             cat-3393    [000] .....    16.103743: ovldiag_open: (ovl_open+0xb2/0x100 <- ovl_open_realfile) result=0xffff88800842a300
              dd-3396    [001] .....    16.106077: ovldiag_open: (ovl_open+0xb2/0x100 <- ovl_open_realfile) result=0xffff88800717b400
              dd-3396    [001] .....    16.106107: ovldiag_ensure: (ovl_write_iter+0xaf/0x1b0 <- ovl_ensure_upper_and_switch) result=0x0
              dd-3396    [001] .....    16.106124: ovldiag_write: (ovl_write_iter+0x136/0x1b0 <- backing_file_write_iter) result=0x1000
             cat-3394    [001] .....    16.106302: ovldiag_open: (ovl_open+0xb2/0x100 <- ovl_open_realfile) result=0xffff88800717b100
             cat-3397    [000] .....    16.106632: ovldiag_open: (ovl_open+0xb2/0x100 <- ovl_open_realfile) result=0xffff88800c901a00
             cat-3403    [001] .....    16.110073: ovldiag_open: (ovl_open+0xb2/0x100 <- ovl_open_realfile) result=0xffff8880047ff300
              dd-3401    [000] .....    16.110183: ovldiag_open: (ovl_open+0xb2/0x100 <- ovl_open_realfile) result=0xffff888004578800
              dd-3401    [000] .....    16.110224: ovldiag_ensure: (ovl_write_iter+0xaf/0x1b0 <- ovl_ensure_upper_and_switch) result=0x0
              dd-3401    [000] .....    16.110240: ovldiag_write: (ovl_write_iter+0x136/0x1b0 <- backing_file_write_iter) result=0x1000
              dd-3408    [000] .....    16.113519: ovldiag_open: (ovl_open+0xb2/0x100 <- ovl_open_realfile) result=0xffff88800430cd00
              dd-3408    [000] .....    16.113546: ovldiag_ensure: (ovl_write_iter+0xaf/0x1b0 <- ovl_ensure_upper_and_switch) result=0x0
              dd-3408    [000] .....    16.113562: ovldiag_write: (ovl_write_iter+0x136/0x1b0 <- backing_file_write_iter) result=0x1000
             cat-3410    [000] .....    16.114530: ovldiag_open: (ovl_open+0xb2/0x100 <- ovl_open_realfile) result=0xffff888006210a00
              dd-3411    [000] .....    16.115594: ovldiag_open: (ovl_open+0xb2/0x100 <- ovl_open_realfile) result=0xffff88800723a500
              dd-3411    [000] .....    16.115623: ovldiag_ensure: (ovl_write_iter+0xaf/0x1b0 <- ovl_ensure_upper_and_switch) result=0x0
              dd-3411    [000] .....    16.115636: ovldiag_write: (ovl_write_iter+0x136/0x1b0 <- backing_file_write_iter) result=0x1000
             cat-3416    [000] .....    16.118387: ovldiag_open: (ovl_open+0xb2/0x100 <- ovl_open_realfile) result=0xffff888007167100
             cat-3417    [001] .....    16.118625: ovldiag_open: (ovl_open+0xb2/0x100 <- ovl_open_realfile) result=0xffff888004578800
              dd-3421    [001] .....    16.121768: ovldiag_open: (ovl_open+0xb2/0x100 <- ovl_open_realfile) result=0xffff88800717bc00
              dd-3421    [001] .....    16.121796: ovldiag_ensure: (ovl_write_iter+0xaf/0x1b0 <- ovl_ensure_upper_and_switch) result=0x0
             cat-3422    [000] .....    16.121853: ovldiag_open: (ovl_open+0xb2/0x100 <- ovl_open_realfile) result=0xffff888007154300
              dd-3421    [001] .....    16.122848: ovldiag_write: (ovl_write_iter+0x136/0x1b0 <- backing_file_write_iter) result=0x1000
             cat-3427    [000] .....    16.124276: ovldiag_open: (ovl_open+0xb2/0x100 <- ovl_open_realfile) result=0xffff888006244b00
              dd-3425    [000] .....    16.124929: ovldiag_open: (ovl_open+0xb2/0x100 <- ovl_open_realfile) result=0xffff888004697900
              dd-3425    [000] .....    16.124959: ovldiag_ensure: (ovl_write_iter+0xaf/0x1b0 <- ovl_ensure_upper_and_switch) result=0x0
              dd-3425    [000] .....    16.124973: ovldiag_write: (ovl_write_iter+0x136/0x1b0 <- backing_file_write_iter) result=0x1000
             cat-3431    [000] .....    16.127920: ovldiag_open: (ovl_open+0xb2/0x100 <- ovl_open_realfile) result=0xffff888004530800
              dd-3433    [000] .....    16.129050: ovldiag_open: (ovl_open+0xb2/0x100 <- ovl_open_realfile) result=0xffff88800dc03b00
              dd-3433    [000] .....    16.129077: ovldiag_ensure: (ovl_write_iter+0xaf/0x1b0 <- ovl_ensure_upper_and_switch) result=0x0
              dd-3433    [000] .....    16.129092: ovldiag_write: (ovl_write_iter+0x136/0x1b0 <- backing_file_write_iter) result=0x1000
              dd-3434    [001] .....    16.129941: ovldiag_open: (ovl_open+0xb2/0x100 <- ovl_open_realfile) result=0xffff88800cadff00
              dd-3434    [001] .....    16.129968: ovldiag_ensure: (ovl_write_iter+0xaf/0x1b0 <- ovl_ensure_upper_and_switch) result=0x0
              dd-3434    [001] .....    16.129985: ovldiag_write: (ovl_write_iter+0x136/0x1b0 <- backing_file_write_iter) result=0x1000
             cat-3435    [001] .....    16.130665: ovldiag_open: (ovl_open+0xb2/0x100 <- ovl_open_realfile) result=0xffff88800dea0600
             cat-3441    [000] .....    16.133754: ovldiag_open: (ovl_open+0xb2/0x100 <- ovl_open_realfile) result=0xffff8880046d6f00
             cat-3443    [000] .....    16.134984: ovldiag_open: (ovl_open+0xb2/0x100 <- ovl_open_realfile) result=0xffff888004578f00
              dd-3446    [000] .....    16.137530: ovldiag_open: (ovl_open+0xb2/0x100 <- ovl_open_realfile) result=0xffff888007377f00
              dd-3446    [000] .....    16.137559: ovldiag_ensure: (ovl_write_iter+0xaf/0x1b0 <- ovl_ensure_upper_and_switch) result=0x0
              dd-3446    [000] .....    16.137575: ovldiag_write: (ovl_write_iter+0x136/0x1b0 <- backing_file_write_iter) result=0x1000
             cat-3450    [000] .....    16.139656: ovldiag_open: (ovl_open+0xb2/0x100 <- ovl_open_realfile) result=0xffff888007105700
              dd-3451    [001] .....    16.140130: ovldiag_open: (ovl_open+0xb2/0x100 <- ovl_open_realfile) result=0xffff88800ddeb100
              dd-3451    [001] .....    16.140160: ovldiag_ensure: (ovl_write_iter+0xaf/0x1b0 <- ovl_ensure_upper_and_switch) result=0x0
              dd-3451    [001] .....    16.140176: ovldiag_write: (ovl_write_iter+0x136/0x1b0 <- backing_file_write_iter) result=0x1000
             cat-3453    [000] .....    16.141727: ovldiag_open: (ovl_open+0xb2/0x100 <- ovl_open_realfile) result=0xffff8880047f6000
              dd-3456    [000] .....    16.143746: ovldiag_open: (ovl_open+0xb2/0x100 <- ovl_open_realfile) result=0xffff8880047ff300
              dd-3456    [000] .....    16.143774: ovldiag_ensure: (ovl_write_iter+0xaf/0x1b0 <- ovl_ensure_upper_and_switch) result=0x0
              dd-3456    [000] .....    16.143789: ovldiag_write: (ovl_write_iter+0x136/0x1b0 <- backing_file_write_iter) result=0x1000
             cat-3458    [000] .....    16.144730: ovldiag_open: (ovl_open+0xb2/0x100 <- ovl_open_realfile) result=0xffff8880062a2a00
              dd-3459    [001] .....    16.145303: ovldiag_open: (ovl_open+0xb2/0x100 <- ovl_open_realfile) result=0xffff888007154500
              dd-3459    [001] .....    16.145330: ovldiag_ensure: (ovl_write_iter+0xaf/0x1b0 <- ovl_ensure_upper_and_switch) result=0x0
              dd-3459    [001] .....    16.145346: ovldiag_write: (ovl_write_iter+0x136/0x1b0 <- backing_file_write_iter) result=0x1000
             cat-3463    [001] .....    16.147861: ovldiag_open: (ovl_open+0xb2/0x100 <- ovl_open_realfile) result=0xffff88800842b100
             cat-3466    [001] .....    16.149546: ovldiag_open: (ovl_open+0xb2/0x100 <- ovl_open_realfile) result=0xffff888004445f00
              dd-3468    [001] .....    16.151172: ovldiag_open: (ovl_open+0xb2/0x100 <- ovl_open_realfile) result=0xffff888006210200
              dd-3468    [001] .....    16.151210: ovldiag_ensure: (ovl_write_iter+0xaf/0x1b0 <- ovl_ensure_upper_and_switch) result=0x0
              dd-3468    [001] .....    16.151225: ovldiag_write: (ovl_write_iter+0x136/0x1b0 <- backing_file_write_iter) result=0x1000
             cat-3472    [000] .....    16.153825: ovldiag_open: (ovl_open+0xb2/0x100 <- ovl_open_realfile) result=0xffff888007377800
              dd-3473    [001] .....    16.154706: ovldiag_open: (ovl_open+0xb2/0x100 <- ovl_open_realfile) result=0xffff8880061ca500
              dd-3473    [001] .....    16.154737: ovldiag_ensure: (ovl_write_iter+0xaf/0x1b0 <- ovl_ensure_upper_and_switch) result=0x0
              dd-3473    [001] .....    16.154753: ovldiag_write: (ovl_write_iter+0x136/0x1b0 <- backing_file_write_iter) result=0x1000
             cat-3478    [001] .....    16.157102: ovldiag_open: (ovl_open+0xb2/0x100 <- ovl_open_realfile) result=0xffff8880070cea00
              dd-3480    [000] .....    16.158562: ovldiag_open: (ovl_open+0xb2/0x100 <- ovl_open_realfile) result=0xffff8880047f6000
              dd-3480    [000] .....    16.158592: ovldiag_ensure: (ovl_write_iter+0xaf/0x1b0 <- ovl_ensure_upper_and_switch) result=0x0
              dd-3480    [000] .....    16.158608: ovldiag_write: (ovl_write_iter+0x136/0x1b0 <- backing_file_write_iter) result=0x1000
              dd-3481    [000] .....    16.159236: ovldiag_open: (ovl_open+0xb2/0x100 <- ovl_open_realfile) result=0xffff888004355700
              dd-3481    [000] .....    16.159259: ovldiag_ensure: (ovl_write_iter+0xaf/0x1b0 <- ovl_ensure_upper_and_switch) result=0x0
              dd-3481    [000] .....    16.159269: ovldiag_write: (ovl_write_iter+0x136/0x1b0 <- backing_file_write_iter) result=0x1000
             cat-3479    [001] .....    16.159627: ovldiag_open: (ovl_open+0xb2/0x100 <- ovl_open_realfile) result=0xffff88800dc14300
             cat-3487    [001] .....    16.162715: ovldiag_open: (ovl_open+0xb2/0x100 <- ovl_open_realfile) result=0xffff888006199600
             cat-3488    [000] .....    16.162859: ovldiag_open: (ovl_open+0xb2/0x100 <- ovl_open_realfile) result=0xffff8880047f6a00
              dd-3489    [000] .....    16.164373: ovldiag_open: (ovl_open+0xb2/0x100 <- ovl_open_realfile) result=0xffff88800dc14800
              dd-3489    [000] .....    16.164402: ovldiag_ensure: (ovl_write_iter+0xaf/0x1b0 <- ovl_ensure_upper_and_switch) result=0x0
              dd-3489    [000] .....    16.164417: ovldiag_write: (ovl_write_iter+0x136/0x1b0 <- backing_file_write_iter) result=0x1000
             cat-3496    [001] .....    16.168073: ovldiag_open: (ovl_open+0xb2/0x100 <- ovl_open_realfile) result=0xffff888006210400
              dd-3497    [000] .....    16.168746: ovldiag_open: (ovl_open+0xb2/0x100 <- ovl_open_realfile) result=0xffff88800732a700
              dd-3497    [000] .....    16.168776: ovldiag_ensure: (ovl_write_iter+0xaf/0x1b0 <- ovl_ensure_upper_and_switch) result=0x0
              dd-3497    [000] .....    16.168791: ovldiag_write: (ovl_write_iter+0x136/0x1b0 <- backing_file_write_iter) result=0x1000
              dd-3501    [001] .....    16.171602: ovldiag_open: (ovl_open+0xb2/0x100 <- ovl_open_realfile) result=0xffff88800723a800
              dd-3501    [001] .....    16.171634: ovldiag_ensure: (ovl_write_iter+0xaf/0x1b0 <- ovl_ensure_upper_and_switch) result=0x0
              dd-3501    [001] .....    16.171650: ovldiag_write: (ovl_write_iter+0x136/0x1b0 <- backing_file_write_iter) result=0x1000
             cat-3502    [000] .....    16.172041: ovldiag_open: (ovl_open+0xb2/0x100 <- ovl_open_realfile) result=0xffff88800de1d900
              dd-3506    [000] .....    16.173881: ovldiag_open: (ovl_open+0xb2/0x100 <- ovl_open_realfile) result=0xffff888007154900
              dd-3506    [000] .....    16.173907: ovldiag_ensure: (ovl_write_iter+0xaf/0x1b0 <- ovl_ensure_upper_and_switch) result=0x0
              dd-3506    [000] .....    16.173922: ovldiag_write: (ovl_write_iter+0x136/0x1b0 <- backing_file_write_iter) result=0x1000
             cat-3505    [001] .....    16.174944: ovldiag_open: (ovl_open+0xb2/0x100 <- ovl_open_realfile) result=0xffff888004445700
             cat-3507    [000] .....    16.176319: ovldiag_open: (ovl_open+0xb2/0x100 <- ovl_open_realfile) result=0xffff888006163e00
             cat-3512    [001] .....    16.178488: ovldiag_open: (ovl_open+0xb2/0x100 <- ovl_open_realfile) result=0xffff888006163500
              dd-3514    [001] .....    16.180760: ovldiag_open: (ovl_open+0xb2/0x100 <- ovl_open_realfile) result=0xffff88800de1d900
              dd-3514    [001] .....    16.180791: ovldiag_ensure: (ovl_write_iter+0xaf/0x1b0 <- ovl_ensure_upper_and_switch) result=0x0
              dd-3514    [001] .....    16.181243: ovldiag_write: (ovl_write_iter+0x136/0x1b0 <- backing_file_write_iter) result=0x1000
              dd-3517    [000] .....    16.181594: ovldiag_open: (ovl_open+0xb2/0x100 <- ovl_open_realfile) result=0xffff88800dc54c00
              dd-3517    [000] .....    16.181625: ovldiag_ensure: (ovl_write_iter+0xaf/0x1b0 <- ovl_ensure_upper_and_switch) result=0x0
              dd-3517    [000] .....    16.181640: ovldiag_write: (ovl_write_iter+0x136/0x1b0 <- backing_file_write_iter) result=0x1000
             cat-3521    [000] .....    16.183667: ovldiag_open: (ovl_open+0xb2/0x100 <- ovl_open_realfile) result=0xffff8880070ce100
              dd-3522    [001] .....    16.184601: ovldiag_open: (ovl_open+0xb2/0x100 <- ovl_open_realfile) result=0xffff888004355600
              dd-3522    [001] .....    16.184630: ovldiag_ensure: (ovl_write_iter+0xaf/0x1b0 <- ovl_ensure_upper_and_switch) result=0x0
              dd-3522    [001] .....    16.184647: ovldiag_write: (ovl_write_iter+0x136/0x1b0 <- backing_file_write_iter) result=0x1000
             cat-3525    [001] .....    16.186621: ovldiag_open: (ovl_open+0xb2/0x100 <- ovl_open_realfile) result=0xffff888004578f00
              dd-3527    [001] .....    16.187766: ovldiag_open: (ovl_open+0xb2/0x100 <- ovl_open_realfile) result=0xffff8880063bc600
              dd-3527    [001] .....    16.187796: ovldiag_ensure: (ovl_write_iter+0xaf/0x1b0 <- ovl_ensure_upper_and_switch) result=0x0
              dd-3527    [001] .....    16.187893: ovldiag_write: (ovl_write_iter+0x136/0x1b0 <- backing_file_write_iter) result=0x1000
             cat-3530    [001] .....    16.189148: ovldiag_open: (ovl_open+0xb2/0x100 <- ovl_open_realfile) result=0xffff88800ca40100
             cat-3528    [000] .....    16.189237: ovldiag_open: (ovl_open+0xb2/0x100 <- ovl_open_realfile) result=0xffff888007167800
              dd-3537    [001] .....    16.193965: ovldiag_open: (ovl_open+0xb2/0x100 <- ovl_open_realfile) result=0xffff888006210000
              dd-3537    [001] .....    16.193996: ovldiag_ensure: (ovl_write_iter+0xaf/0x1b0 <- ovl_ensure_upper_and_switch) result=0x0
              dd-3537    [001] .....    16.194012: ovldiag_write: (ovl_write_iter+0x136/0x1b0 <- backing_file_write_iter) result=0x1000
             cat-3538    [000] .....    16.194176: ovldiag_open: (ovl_open+0xb2/0x100 <- ovl_open_realfile) result=0xffff888004355000
              dd-3539    [001] .....    16.195244: ovldiag_open: (ovl_open+0xb2/0x100 <- ovl_open_realfile) result=0xffff88800732b200
              dd-3539    [001] .....    16.195271: ovldiag_ensure: (ovl_write_iter+0xaf/0x1b0 <- ovl_ensure_upper_and_switch) result=0x0
              dd-3539    [001] .....    16.195286: ovldiag_write: (ovl_write_iter+0x136/0x1b0 <- backing_file_write_iter) result=0x1000
              dd-3544    [000] .....    16.197735: ovldiag_open: (ovl_open+0xb2/0x100 <- ovl_open_realfile) result=0xffff88800702ac00
              dd-3544    [000] .....    16.197766: ovldiag_ensure: (ovl_write_iter+0xaf/0x1b0 <- ovl_ensure_upper_and_switch) result=0x0
              dd-3544    [000] .....    16.197781: ovldiag_write: (ovl_write_iter+0x136/0x1b0 <- backing_file_write_iter) result=0x1000
             cat-3545    [000] .....    16.199517: ovldiag_open: (ovl_open+0xb2/0x100 <- ovl_open_realfile) result=0xffff88800dc14100
             cat-3547    [001] .....    16.199769: ovldiag_open: (ovl_open+0xb2/0x100 <- ovl_open_realfile) result=0xffff888006217800
             cat-3548    [000] .....    16.200562: ovldiag_open: (ovl_open+0xb2/0x100 <- ovl_open_realfile) result=0xffff88800716a100
              dd-3552    [001] .....    16.203931: ovldiag_open: (ovl_open+0xb2/0x100 <- ovl_open_realfile) result=0xffff88800ddc0d00
              dd-3552    [001] .....    16.203959: ovldiag_ensure: (ovl_write_iter+0xaf/0x1b0 <- ovl_ensure_upper_and_switch) result=0x0
              dd-3552    [001] .....    16.203975: ovldiag_write: (ovl_write_iter+0x136/0x1b0 <- backing_file_write_iter) result=0x1000
             cat-3555    [000] .....    16.205450: ovldiag_open: (ovl_open+0xb2/0x100 <- ovl_open_realfile) result=0xffff88800723a600
              dd-3559    [000] .....    16.206824: ovldiag_open: (ovl_open+0xb2/0x100 <- ovl_open_realfile) result=0xffff88800842b400
              dd-3559    [000] .....    16.206852: ovldiag_ensure: (ovl_write_iter+0xaf/0x1b0 <- ovl_ensure_upper_and_switch) result=0x0
              dd-3559    [000] .....    16.206868: ovldiag_write: (ovl_write_iter+0x136/0x1b0 <- backing_file_write_iter) result=0x1000
              dd-3560    [000] .....    16.208301: ovldiag_open: (ovl_open+0xb2/0x100 <- ovl_open_realfile) result=0xffff88800717b100
              dd-3560    [000] .....    16.208330: ovldiag_ensure: (ovl_write_iter+0xaf/0x1b0 <- ovl_ensure_upper_and_switch) result=0x0
              dd-3560    [000] .....    16.208346: ovldiag_write: (ovl_write_iter+0x136/0x1b0 <- backing_file_write_iter) result=0x1000
             cat-3565    [001] .....    16.211124: ovldiag_open: (ovl_open+0xb2/0x100 <- ovl_open_realfile) result=0xffff888007377800
             cat-3564    [001] .....    16.211644: ovldiag_open: (ovl_open+0xb2/0x100 <- ovl_open_realfile) result=0xffff88800732b100
              dd-3566    [000] .....    16.211745: ovldiag_open: (ovl_open+0xb2/0x100 <- ovl_open_realfile) result=0xffff888007021500
              dd-3566    [000] .....    16.211773: ovldiag_ensure: (ovl_write_iter+0xaf/0x1b0 <- ovl_ensure_upper_and_switch) result=0x0
              dd-3566    [000] .....    16.211788: ovldiag_write: (ovl_write_iter+0x136/0x1b0 <- backing_file_write_iter) result=0x1000
             cat-3567    [001] .....    16.212879: ovldiag_open: (ovl_open+0xb2/0x100 <- ovl_open_realfile) result=0xffff888006210b00
             cat-3572    [001] .....    16.215788: ovldiag_open: (ovl_open+0xb2/0x100 <- ovl_open_realfile) result=0xffff88800c981600
              dd-3577    [000] .....    16.218818: ovldiag_open: (ovl_open+0xb2/0x100 <- ovl_open_realfile) result=0xffff88800702a400
              dd-3577    [000] .....    16.218845: ovldiag_ensure: (ovl_write_iter+0xaf/0x1b0 <- ovl_ensure_upper_and_switch) result=0x0
              dd-3577    [000] .....    16.218861: ovldiag_write: (ovl_write_iter+0x136/0x1b0 <- backing_file_write_iter) result=0x1000
              dd-3580    [001] .....    16.221016: ovldiag_open: (ovl_open+0xb2/0x100 <- ovl_open_realfile) result=0xffff88800ddc0800
              dd-3580    [001] .....    16.221047: ovldiag_ensure: (ovl_write_iter+0xaf/0x1b0 <- ovl_ensure_upper_and_switch) result=0x0
              dd-3580    [001] .....    16.221064: ovldiag_write: (ovl_write_iter+0x136/0x1b0 <- backing_file_write_iter) result=0x1000
              dd-3581    [000] .....    16.221090: ovldiag_open: (ovl_open+0xb2/0x100 <- ovl_open_realfile) result=0xffff888006318600
              dd-3581    [000] .....    16.221120: ovldiag_ensure: (ovl_write_iter+0xaf/0x1b0 <- ovl_ensure_upper_and_switch) result=0x0
              dd-3581    [000] .....    16.221136: ovldiag_write: (ovl_write_iter+0x136/0x1b0 <- backing_file_write_iter) result=0x1000
             cat-3584    [001] .....    16.223359: ovldiag_open: (ovl_open+0xb2/0x100 <- ovl_open_realfile) result=0xffff8880070ce100
             cat-3586    [000] .....    16.224730: ovldiag_open: (ovl_open+0xb2/0x100 <- ovl_open_realfile) result=0xffff888004490700
             cat-3585    [000] .....    16.224893: ovldiag_open: (ovl_open+0xb2/0x100 <- ovl_open_realfile) result=0xffff8880045f5300
             cat-3589    [001] .....    16.226366: ovldiag_open: (ovl_open+0xb2/0x100 <- ovl_open_realfile) result=0xffff88800842ac00
              dd-3593    [000] .....    16.229190: ovldiag_open: (ovl_open+0xb2/0x100 <- ovl_open_realfile) result=0xffff88800ca38900
              dd-3593    [000] .....    16.229229: ovldiag_ensure: (ovl_write_iter+0xaf/0x1b0 <- ovl_ensure_upper_and_switch) result=0x0
              dd-3593    [000] .....    16.229245: ovldiag_write: (ovl_write_iter+0x136/0x1b0 <- backing_file_write_iter) result=0x1000
              dd-3598    [001] .....    16.231841: ovldiag_open: (ovl_open+0xb2/0x100 <- ovl_open_realfile) result=0xffff8880045f5500
              dd-3598    [001] .....    16.231869: ovldiag_ensure: (ovl_write_iter+0xaf/0x1b0 <- ovl_ensure_upper_and_switch) result=0x0
              dd-3598    [001] .....    16.231885: ovldiag_write: (ovl_write_iter+0x136/0x1b0 <- backing_file_write_iter) result=0x1000
              dd-3600    [001] .....    16.233555: ovldiag_open: (ovl_open+0xb2/0x100 <- ovl_open_realfile) result=0xffff888004445900
              dd-3600    [001] .....    16.233583: ovldiag_ensure: (ovl_write_iter+0xaf/0x1b0 <- ovl_ensure_upper_and_switch) result=0x0
              dd-3600    [001] .....    16.233599: ovldiag_write: (ovl_write_iter+0x136/0x1b0 <- backing_file_write_iter) result=0x1000
             cat-3602    [000] .....    16.234305: ovldiag_open: (ovl_open+0xb2/0x100 <- ovl_open_realfile) result=0xffff888007105500
              dd-3601    [001] .....    16.234590: ovldiag_open: (ovl_open+0xb2/0x100 <- ovl_open_realfile) result=0xffff888007171300
              dd-3601    [001] .....    16.234618: ovldiag_ensure: (ovl_write_iter+0xaf/0x1b0 <- ovl_ensure_upper_and_switch) result=0x0
              dd-3601    [001] .....    16.234630: ovldiag_write: (ovl_write_iter+0x136/0x1b0 <- backing_file_write_iter) result=0x1000
             cat-3606    [001] .....    16.238277: ovldiag_open: (ovl_open+0xb2/0x100 <- ovl_open_realfile) result=0xffff8880047ff600
             cat-3607    [001] .....    16.238485: ovldiag_open: (ovl_open+0xb2/0x100 <- ovl_open_realfile) result=0xffff8880047ff600
             cat-3609    [000] .....    16.238935: ovldiag_open: (ovl_open+0xb2/0x100 <- ovl_open_realfile) result=0xffff88800842a700
              dd-3616    [000] .....    16.243021: ovldiag_open: (ovl_open+0xb2/0x100 <- ovl_open_realfile) result=0xffff888007377200
              dd-3616    [000] .....    16.243051: ovldiag_ensure: (ovl_write_iter+0xaf/0x1b0 <- ovl_ensure_upper_and_switch) result=0x0
              dd-3616    [000] .....    16.243065: ovldiag_write: (ovl_write_iter+0x136/0x1b0 <- backing_file_write_iter) result=0x1000
             cat-3618    [000] .....    16.244365: ovldiag_open: (ovl_open+0xb2/0x100 <- ovl_open_realfile) result=0xffff88800732b100
              dd-3619    [000] .....    16.245429: ovldiag_open: (ovl_open+0xb2/0x100 <- ovl_open_realfile) result=0xffff888006210c00
              dd-3619    [000] .....    16.245455: ovldiag_ensure: (ovl_write_iter+0xaf/0x1b0 <- ovl_ensure_upper_and_switch) result=0x0
              dd-3619    [000] .....    16.245468: ovldiag_write: (ovl_write_iter+0x136/0x1b0 <- backing_file_write_iter) result=0x1000
              dd-3623    [001] .....    16.247630: ovldiag_open: (ovl_open+0xb2/0x100 <- ovl_open_realfile) result=0xffff88800716aa00
              dd-3623    [001] .....    16.247657: ovldiag_ensure: (ovl_write_iter+0xaf/0x1b0 <- ovl_ensure_upper_and_switch) result=0x0
              dd-3623    [001] .....    16.247674: ovldiag_write: (ovl_write_iter+0x136/0x1b0 <- backing_file_write_iter) result=0x1000
             cat-3624    [000] .....    16.248927: ovldiag_open: (ovl_open+0xb2/0x100 <- ovl_open_realfile) result=0xffff8880047ffc00
             cat-3627    [001] .....    16.249157: ovldiag_open: (ovl_open+0xb2/0x100 <- ovl_open_realfile) result=0xffff88800732cc00
              dd-3626    [000] .....    16.250730: ovldiag_open: (ovl_open+0xb2/0x100 <- ovl_open_realfile) result=0xffff8880063ff600
              dd-3626    [000] .....    16.250757: ovldiag_ensure: (ovl_write_iter+0xaf/0x1b0 <- ovl_ensure_upper_and_switch) result=0x0
              dd-3626    [000] .....    16.250773: ovldiag_write: (ovl_write_iter+0x136/0x1b0 <- backing_file_write_iter) result=0x1000
             cat-3628    [001] .....    16.251794: ovldiag_open: (ovl_open+0xb2/0x100 <- ovl_open_realfile) result=0xffff8880070cf400
             cat-3635    [001] .....    16.255608: ovldiag_open: (ovl_open+0xb2/0x100 <- ovl_open_realfile) result=0xffff888004578400
              dd-3637    [001] .....    16.256627: ovldiag_open: (ovl_open+0xb2/0x100 <- ovl_open_realfile) result=0xffff88800717b700
              dd-3637    [001] .....    16.256658: ovldiag_ensure: (ovl_write_iter+0xaf/0x1b0 <- ovl_ensure_upper_and_switch) result=0x0
              dd-3637    [001] .....    16.256674: ovldiag_write: (ovl_write_iter+0x136/0x1b0 <- backing_file_write_iter) result=0x1000
              dd-3641    [001] .....    16.258655: ovldiag_open: (ovl_open+0xb2/0x100 <- ovl_open_realfile) result=0xffff888007154900
              dd-3641    [001] .....    16.258686: ovldiag_ensure: (ovl_write_iter+0xaf/0x1b0 <- ovl_ensure_upper_and_switch) result=0x0
              dd-3641    [001] .....    16.258702: ovldiag_write: (ovl_write_iter+0x136/0x1b0 <- backing_file_write_iter) result=0x1000
             cat-3643    [000] .....    16.260141: ovldiag_open: (ovl_open+0xb2/0x100 <- ovl_open_realfile) result=0xffff88800842be00
              dd-3646    [001] .....    16.261661: ovldiag_open: (ovl_open+0xb2/0x100 <- ovl_open_realfile) result=0xffff88800842a000
              dd-3646    [001] .....    16.261692: ovldiag_ensure: (ovl_write_iter+0xaf/0x1b0 <- ovl_ensure_upper_and_switch) result=0x0
              dd-3646    [001] .....    16.261708: ovldiag_write: (ovl_write_iter+0x136/0x1b0 <- backing_file_write_iter) result=0x1000
             cat-3644    [001] .....    16.262368: ovldiag_open: (ovl_open+0xb2/0x100 <- ovl_open_realfile) result=0xffff8880046d6200
             cat-3647    [000] .....    16.262952: ovldiag_open: (ovl_open+0xb2/0x100 <- ovl_open_realfile) result=0xffff88800716a600
             cat-3653    [000] .....    16.266703: ovldiag_open: (ovl_open+0xb2/0x100 <- ovl_open_realfile) result=0xffff88800dcd4100
              dd-3654    [001] .....    16.267558: ovldiag_open: (ovl_open+0xb2/0x100 <- ovl_open_realfile) result=0xffff88800842a700
              dd-3654    [001] .....    16.267586: ovldiag_ensure: (ovl_write_iter+0xaf/0x1b0 <- ovl_ensure_upper_and_switch) result=0x0
              dd-3654    [001] .....    16.267603: ovldiag_write: (ovl_write_iter+0x136/0x1b0 <- backing_file_write_iter) result=0x1000
              dd-3657    [001] .....    16.269030: ovldiag_open: (ovl_open+0xb2/0x100 <- ovl_open_realfile) result=0xffff888006217400
              dd-3657    [001] .....    16.269057: ovldiag_ensure: (ovl_write_iter+0xaf/0x1b0 <- ovl_ensure_upper_and_switch) result=0x0
              dd-3657    [001] .....    16.269072: ovldiag_write: (ovl_write_iter+0x136/0x1b0 <- backing_file_write_iter) result=0x1000
             cat-3660    [000] .....    16.271017: ovldiag_open: (ovl_open+0xb2/0x100 <- ovl_open_realfile) result=0xffff88800dcd4c00
             cat-3664    [001] .....    16.273062: ovldiag_open: (ovl_open+0xb2/0x100 <- ovl_open_realfile) result=0xffff8880047ff100
              dd-3661    [000] .....    16.273091: ovldiag_open: (ovl_open+0xb2/0x100 <- ovl_open_realfile) result=0xffff888008411500
              dd-3661    [000] .....    16.273121: ovldiag_ensure: (ovl_write_iter+0xaf/0x1b0 <- ovl_ensure_upper_and_switch) result=0x0
              dd-3661    [000] .....    16.273136: ovldiag_write: (ovl_write_iter+0x136/0x1b0 <- backing_file_write_iter) result=0x1000
             cat-3667    [000] .....    16.275416: ovldiag_open: (ovl_open+0xb2/0x100 <- ovl_open_realfile) result=0xffff88800c806900
              dd-3668    [001] .....    16.276042: ovldiag_open: (ovl_open+0xb2/0x100 <- ovl_open_realfile) result=0xffff88800842a200
              dd-3668    [001] .....    16.276073: ovldiag_ensure: (ovl_write_iter+0xaf/0x1b0 <- ovl_ensure_upper_and_switch) result=0x0
              dd-3668    [001] .....    16.276089: ovldiag_write: (ovl_write_iter+0x136/0x1b0 <- backing_file_write_iter) result=0x1000
             cat-3673    [001] .....    16.279171: ovldiag_open: (ovl_open+0xb2/0x100 <- ovl_open_realfile) result=0xffff88800dd8e300
              dd-3676    [000] .....    16.280537: ovldiag_open: (ovl_open+0xb2/0x100 <- ovl_open_realfile) result=0xffff8880047f0700
              dd-3676    [000] .....    16.280568: ovldiag_ensure: (ovl_write_iter+0xaf/0x1b0 <- ovl_ensure_upper_and_switch) result=0x0
              dd-3676    [000] .....    16.280583: ovldiag_write: (ovl_write_iter+0x136/0x1b0 <- backing_file_write_iter) result=0x1000
              dd-3678    [001] .....    16.282267: ovldiag_open: (ovl_open+0xb2/0x100 <- ovl_open_realfile) result=0xffff88800451b000
              dd-3678    [001] .....    16.282295: ovldiag_ensure: (ovl_write_iter+0xaf/0x1b0 <- ovl_ensure_upper_and_switch) result=0x0
              dd-3678    [001] .....    16.282311: ovldiag_write: (ovl_write_iter+0x136/0x1b0 <- backing_file_write_iter) result=0x1000
             cat-3681    [001] .....    16.283596: ovldiag_open: (ovl_open+0xb2/0x100 <- ovl_open_realfile) result=0xffff88800716fc00
             cat-3682    [000] .....    16.284686: ovldiag_open: (ovl_open+0xb2/0x100 <- ovl_open_realfile) result=0xffff88800caf7700
             cat-3685    [001] .....    16.286728: ovldiag_open: (ovl_open+0xb2/0x100 <- ovl_open_realfile) result=0xffff8880045f5600
              dd-3686    [001] .....    16.287746: ovldiag_open: (ovl_open+0xb2/0x100 <- ovl_open_realfile) result=0xffff88800ddd9100
              dd-3686    [001] .....    16.287776: ovldiag_ensure: (ovl_write_iter+0xaf/0x1b0 <- ovl_ensure_upper_and_switch) result=0x0
              dd-3686    [001] .....    16.287792: ovldiag_write: (ovl_write_iter+0x136/0x1b0 <- backing_file_write_iter) result=0x1000
             cat-3690    [001] .....    16.289759: ovldiag_open: (ovl_open+0xb2/0x100 <- ovl_open_realfile) result=0xffff88800621a200
              dd-3692    [001] .....    16.291507: ovldiag_open: (ovl_open+0xb2/0x100 <- ovl_open_realfile) result=0xffff888007105500
              dd-3692    [001] .....    16.291536: ovldiag_ensure: (ovl_write_iter+0xaf/0x1b0 <- ovl_ensure_upper_and_switch) result=0x0
              dd-3692    [001] .....    16.291552: ovldiag_write: (ovl_write_iter+0x136/0x1b0 <- backing_file_write_iter) result=0x1000
             cat-3696    [001] .....    16.293534: ovldiag_open: (ovl_open+0xb2/0x100 <- ovl_open_realfile) result=0xffff888004697f00
              dd-3697    [000] .....    16.294036: ovldiag_open: (ovl_open+0xb2/0x100 <- ovl_open_realfile) result=0xffff88800716a000
              dd-3697    [000] .....    16.294066: ovldiag_ensure: (ovl_write_iter+0xaf/0x1b0 <- ovl_ensure_upper_and_switch) result=0x0
              dd-3697    [000] .....    16.294081: ovldiag_write: (ovl_write_iter+0x136/0x1b0 <- backing_file_write_iter) result=0x1000
             cat-3699    [000] .....    16.295614: ovldiag_open: (ovl_open+0xb2/0x100 <- ovl_open_realfile) result=0xffff8880047ffd00
              dd-3700    [000] .....    16.296612: ovldiag_open: (ovl_open+0xb2/0x100 <- ovl_open_realfile) result=0xffff88800717be00
              dd-3700    [000] .....    16.296638: ovldiag_ensure: (ovl_write_iter+0xaf/0x1b0 <- ovl_ensure_upper_and_switch) result=0x0
              dd-3700    [000] .....    16.296654: ovldiag_write: (ovl_write_iter+0x136/0x1b0 <- backing_file_write_iter) result=0x1000
             cat-3705    [001] .....    16.299780: ovldiag_open: (ovl_open+0xb2/0x100 <- ovl_open_realfile) result=0xffff888007026e00
             cat-3708    [000] .....    16.302095: ovldiag_open: (ovl_open+0xb2/0x100 <- ovl_open_realfile) result=0xffff888003cd0500
              dd-3710    [000] .....    16.302502: ovldiag_open: (ovl_open+0xb2/0x100 <- ovl_open_realfile) result=0xffff888006318500
              dd-3710    [000] .....    16.302531: ovldiag_ensure: (ovl_write_iter+0xaf/0x1b0 <- ovl_ensure_upper_and_switch) result=0x0
              dd-3710    [000] .....    16.302545: ovldiag_write: (ovl_write_iter+0x136/0x1b0 <- backing_file_write_iter) result=0x1000
             cat-3714    [000] .....    16.304703: ovldiag_open: (ovl_open+0xb2/0x100 <- ovl_open_realfile) result=0xffff888006210e00
              dd-3715    [001] .....    16.305505: ovldiag_open: (ovl_open+0xb2/0x100 <- ovl_open_realfile) result=0xffff888008411500
              dd-3715    [001] .....    16.305535: ovldiag_ensure: (ovl_write_iter+0xaf/0x1b0 <- ovl_ensure_upper_and_switch) result=0x0
              dd-3715    [001] .....    16.305552: ovldiag_write: (ovl_write_iter+0x136/0x1b0 <- backing_file_write_iter) result=0x1000
             cat-3717    [001] .....    16.307363: ovldiag_open: (ovl_open+0xb2/0x100 <- ovl_open_realfile) result=0xffff88800c9d4a00
             cat-3723    [001] .....    16.309692: ovldiag_open: (ovl_open+0xb2/0x100 <- ovl_open_realfile) result=0xffff88800ddc9f00
              dd-3722    [000] .....    16.310273: ovldiag_open: (ovl_open+0xb2/0x100 <- ovl_open_realfile) result=0xffff88800716a700
              dd-3722    [000] .....    16.310304: ovldiag_ensure: (ovl_write_iter+0xaf/0x1b0 <- ovl_ensure_upper_and_switch) result=0x0
              dd-3722    [000] .....    16.310319: ovldiag_write: (ovl_write_iter+0x136/0x1b0 <- backing_file_write_iter) result=0x1000
              dd-3725    [001] .....    16.311617: ovldiag_open: (ovl_open+0xb2/0x100 <- ovl_open_realfile) result=0xffff888006217a00
              dd-3725    [001] .....    16.311645: ovldiag_ensure: (ovl_write_iter+0xaf/0x1b0 <- ovl_ensure_upper_and_switch) result=0x0
              dd-3725    [001] .....    16.311661: ovldiag_write: (ovl_write_iter+0x136/0x1b0 <- backing_file_write_iter) result=0x1000
             cat-3727    [001] .....    16.313029: ovldiag_open: (ovl_open+0xb2/0x100 <- ovl_open_realfile) result=0xffff888006318600
             cat-3730    [000] .....    16.314370: ovldiag_open: (ovl_open+0xb2/0x100 <- ovl_open_realfile) result=0xffff88800dc71900
              dd-3732    [000] .....    16.315899: ovldiag_open: (ovl_open+0xb2/0x100 <- ovl_open_realfile) result=0xffff888007026e00
              dd-3732    [000] .....    16.315927: ovldiag_ensure: (ovl_write_iter+0xaf/0x1b0 <- ovl_ensure_upper_and_switch) result=0x0
              dd-3732    [000] .....    16.315942: ovldiag_write: (ovl_write_iter+0x136/0x1b0 <- backing_file_write_iter) result=0x1000
             cat-3738    [000] .....    16.318117: ovldiag_open: (ovl_open+0xb2/0x100 <- ovl_open_realfile) result=0xffff8880047f0500
              dd-3740    [001] .....    16.320576: ovldiag_open: (ovl_open+0xb2/0x100 <- ovl_open_realfile) result=0xffff888008411600
              dd-3740    [001] .....    16.320604: ovldiag_ensure: (ovl_write_iter+0xaf/0x1b0 <- ovl_ensure_upper_and_switch) result=0x0
              dd-3740    [001] .....    16.320620: ovldiag_write: (ovl_write_iter+0x136/0x1b0 <- backing_file_write_iter) result=0x1000
              dd-3743    [001] .....    16.322982: ovldiag_open: (ovl_open+0xb2/0x100 <- ovl_open_realfile) result=0xffff888004490900
              dd-3743    [001] .....    16.323010: ovldiag_ensure: (ovl_write_iter+0xaf/0x1b0 <- ovl_ensure_upper_and_switch) result=0x0
              dd-3743    [001] .....    16.323027: ovldiag_write: (ovl_write_iter+0x136/0x1b0 <- backing_file_write_iter) result=0x1000
              dd-3745    [000] .....    16.324334: ovldiag_open: (ovl_open+0xb2/0x100 <- ovl_open_realfile) result=0xffff88800dc71c00
              dd-3745    [000] .....    16.324361: ovldiag_ensure: (ovl_write_iter+0xaf/0x1b0 <- ovl_ensure_upper_and_switch) result=0x0
              dd-3745    [000] .....    16.324377: ovldiag_write: (ovl_write_iter+0x136/0x1b0 <- backing_file_write_iter) result=0x1000
             cat-3746    [001] .....    16.325361: ovldiag_open: (ovl_open+0xb2/0x100 <- ovl_open_realfile) result=0xffff88800451bd00
             cat-3747    [000] .....    16.325737: ovldiag_open: (ovl_open+0xb2/0x100 <- ovl_open_realfile) result=0xffff888007154a00
             cat-3750    [000] .....    16.327782: ovldiag_open: (ovl_open+0xb2/0x100 <- ovl_open_realfile) result=0xffff88800842ae00
             cat-3753    [000] .....    16.330717: ovldiag_open: (ovl_open+0xb2/0x100 <- ovl_open_realfile) result=0xffff8880070cef00
              dd-3756    [001] .....    16.331620: ovldiag_open: (ovl_open+0xb2/0x100 <- ovl_open_realfile) result=0xffff888007154200
              dd-3756    [001] .....    16.331649: ovldiag_ensure: (ovl_write_iter+0xaf/0x1b0 <- ovl_ensure_upper_and_switch) result=0x0
              dd-3756    [001] .....    16.331665: ovldiag_write: (ovl_write_iter+0x136/0x1b0 <- backing_file_write_iter) result=0x1000
              dd-3760    [000] .....    16.334532: ovldiag_open: (ovl_open+0xb2/0x100 <- ovl_open_realfile) result=0xffff8880086ddd00
              dd-3760    [000] .....    16.334560: ovldiag_ensure: (ovl_write_iter+0xaf/0x1b0 <- ovl_ensure_upper_and_switch) result=0x0
              dd-3760    [000] .....    16.334575: ovldiag_write: (ovl_write_iter+0x136/0x1b0 <- backing_file_write_iter) result=0x1000
             cat-3762    [001] .....    16.334794: ovldiag_open: (ovl_open+0xb2/0x100 <- ovl_open_realfile) result=0xffff888006210400
              dd-3764    [001] .....    16.336266: ovldiag_open: (ovl_open+0xb2/0x100 <- ovl_open_realfile) result=0xffff88800732bf00
              dd-3764    [001] .....    16.336297: ovldiag_ensure: (ovl_write_iter+0xaf/0x1b0 <- ovl_ensure_upper_and_switch) result=0x0
              dd-3764    [001] .....    16.336314: ovldiag_write: (ovl_write_iter+0x136/0x1b0 <- backing_file_write_iter) result=0x1000
             cat-3765    [000] .....    16.337301: ovldiag_open: (ovl_open+0xb2/0x100 <- ovl_open_realfile) result=0xffff888007154300
              dd-3768    [001] .....    16.339556: ovldiag_open: (ovl_open+0xb2/0x100 <- ovl_open_realfile) result=0xffff888006217a00
              dd-3768    [001] .....    16.339586: ovldiag_ensure: (ovl_write_iter+0xaf/0x1b0 <- ovl_ensure_upper_and_switch) result=0x0
              dd-3768    [001] .....    16.339603: ovldiag_write: (ovl_write_iter+0x136/0x1b0 <- backing_file_write_iter) result=0x1000
             cat-3773    [001] .....    16.341829: ovldiag_open: (ovl_open+0xb2/0x100 <- ovl_open_realfile) result=0xffff88800c93da00
             cat-3774    [000] .....    16.342378: ovldiag_open: (ovl_open+0xb2/0x100 <- ovl_open_realfile) result=0xffff8880070d2200
              dd-3778    [000] .....    16.345148: ovldiag_open: (ovl_open+0xb2/0x100 <- ovl_open_realfile) result=0xffff888006107000
              dd-3778    [000] .....    16.345175: ovldiag_ensure: (ovl_write_iter+0xaf/0x1b0 <- ovl_ensure_upper_and_switch) result=0x0
              dd-3778    [000] .....    16.345191: ovldiag_write: (ovl_write_iter+0x136/0x1b0 <- backing_file_write_iter) result=0x1000
             cat-3781    [001] .....    16.346791: ovldiag_open: (ovl_open+0xb2/0x100 <- ovl_open_realfile) result=0xffff888004445e00
             cat-3782    [000] .....    16.347229: ovldiag_open: (ovl_open+0xb2/0x100 <- ovl_open_realfile) result=0xffff888004530100
              dd-3783    [000] .....    16.348646: ovldiag_open: (ovl_open+0xb2/0x100 <- ovl_open_realfile) result=0xffff88800716a100
              dd-3783    [000] .....    16.348674: ovldiag_ensure: (ovl_write_iter+0xaf/0x1b0 <- ovl_ensure_upper_and_switch) result=0x0
              dd-3783    [000] .....    16.348689: ovldiag_write: (ovl_write_iter+0x136/0x1b0 <- backing_file_write_iter) result=0x1000
              dd-3785    [001] .....    16.349726: ovldiag_open: (ovl_open+0xb2/0x100 <- ovl_open_realfile) result=0xffff88800451bf00
              dd-3785    [001] .....    16.349754: ovldiag_ensure: (ovl_write_iter+0xaf/0x1b0 <- ovl_ensure_upper_and_switch) result=0x0
              dd-3785    [001] .....    16.349770: ovldiag_write: (ovl_write_iter+0x136/0x1b0 <- backing_file_write_iter) result=0x1000
             cat-3789    [001] .....    16.353263: ovldiag_open: (ovl_open+0xb2/0x100 <- ovl_open_realfile) result=0xffff88800dc14f00
              dd-3792    [000] .....    16.353370: ovldiag_open: (ovl_open+0xb2/0x100 <- ovl_open_realfile) result=0xffff8880047dcb00
              dd-3792    [000] .....    16.353401: ovldiag_ensure: (ovl_write_iter+0xaf/0x1b0 <- ovl_ensure_upper_and_switch) result=0x0
              dd-3792    [000] .....    16.353417: ovldiag_write: (ovl_write_iter+0x136/0x1b0 <- backing_file_write_iter) result=0x1000
             cat-3793    [000] .....    16.354393: ovldiag_open: (ovl_open+0xb2/0x100 <- ovl_open_realfile) result=0xffff888007105600
             cat-3799    [001] .....    16.357678: ovldiag_open: (ovl_open+0xb2/0x100 <- ovl_open_realfile) result=0xffff8880045c9600
             cat-3800    [000] .....    16.358488: ovldiag_open: (ovl_open+0xb2/0x100 <- ovl_open_realfile) result=0xffff8880073c5f00
              dd-3802    [000] .....    16.359781: ovldiag_open: (ovl_open+0xb2/0x100 <- ovl_open_realfile) result=0xffff88800842bf00
              dd-3802    [000] .....    16.359836: ovldiag_ensure: (ovl_write_iter+0xaf/0x1b0 <- ovl_ensure_upper_and_switch) result=0x0
              dd-3802    [000] .....    16.359852: ovldiag_write: (ovl_write_iter+0x136/0x1b0 <- backing_file_write_iter) result=0x1000
              dd-3806    [000] .....    16.362785: ovldiag_open: (ovl_open+0xb2/0x100 <- ovl_open_realfile) result=0xffff888006210500
              dd-3806    [000] .....    16.362840: ovldiag_ensure: (ovl_write_iter+0xaf/0x1b0 <- ovl_ensure_upper_and_switch) result=0x0
              dd-3806    [000] .....    16.362856: ovldiag_write: (ovl_write_iter+0x136/0x1b0 <- backing_file_write_iter) result=0x1000
             cat-3808    [001] .....    16.363460: ovldiag_open: (ovl_open+0xb2/0x100 <- ovl_open_realfile) result=0xffff888003cd0800
             cat-3810    [000] .....    16.364680: ovldiag_open: (ovl_open+0xb2/0x100 <- ovl_open_realfile) result=0xffff88800842a100
              dd-3812    [001] .....    16.365160: ovldiag_open: (ovl_open+0xb2/0x100 <- ovl_open_realfile) result=0xffff88800dcbd000
              dd-3812    [001] .....    16.365188: ovldiag_ensure: (ovl_write_iter+0xaf/0x1b0 <- ovl_ensure_upper_and_switch) result=0x0
              dd-3812    [001] .....    16.365228: ovldiag_write: (ovl_write_iter+0x136/0x1b0 <- backing_file_write_iter) result=0x1000
             cat-3815    [001] .....    16.368188: ovldiag_open: (ovl_open+0xb2/0x100 <- ovl_open_realfile) result=0xffff88800dcbd800
              dd-3817    [000] .....    16.368942: ovldiag_open: (ovl_open+0xb2/0x100 <- ovl_open_realfile) result=0xffff888007026e00
              dd-3817    [000] .....    16.368970: ovldiag_ensure: (ovl_write_iter+0xaf/0x1b0 <- ovl_ensure_upper_and_switch) result=0x0
              dd-3817    [000] .....    16.368985: ovldiag_write: (ovl_write_iter+0x136/0x1b0 <- backing_file_write_iter) result=0x1000
             cat-3818    [001] .....    16.370267: ovldiag_open: (ovl_open+0xb2/0x100 <- ovl_open_realfile) result=0xffff8880061ada00
              dd-3824    [000] .....    16.372746: ovldiag_open: (ovl_open+0xb2/0x100 <- ovl_open_realfile) result=0xffff888007377f00
              dd-3824    [000] .....    16.372773: ovldiag_ensure: (ovl_write_iter+0xaf/0x1b0 <- ovl_ensure_upper_and_switch) result=0x0
              dd-3824    [000] .....    16.372789: ovldiag_write: (ovl_write_iter+0x136/0x1b0 <- backing_file_write_iter) result=0x1000
             cat-3827    [000] .....    16.374991: ovldiag_open: (ovl_open+0xb2/0x100 <- ovl_open_realfile) result=0xffff888007021900
              dd-3829    [000] .....    16.376343: ovldiag_open: (ovl_open+0xb2/0x100 <- ovl_open_realfile) result=0xffff88800deb8b00
              dd-3829    [000] .....    16.376370: ovldiag_ensure: (ovl_write_iter+0xaf/0x1b0 <- ovl_ensure_upper_and_switch) result=0x0
              dd-3829    [000] .....    16.376385: ovldiag_write: (ovl_write_iter+0x136/0x1b0 <- backing_file_write_iter) result=0x1000
             cat-3832    [001] .....    16.379116: ovldiag_open: (ovl_open+0xb2/0x100 <- ovl_open_realfile) result=0xffff888004445600
              dd-3833    [000] .....    16.380107: ovldiag_open: (ovl_open+0xb2/0x100 <- ovl_open_realfile) result=0xffff88800430c200
              dd-3833    [000] .....    16.380138: ovldiag_ensure: (ovl_write_iter+0xaf/0x1b0 <- ovl_ensure_upper_and_switch) result=0x0
              dd-3833    [000] .....    16.380150: ovldiag_write: (ovl_write_iter+0x136/0x1b0 <- backing_file_write_iter) result=0x1000
             cat-3836    [001] .....    16.381704: ovldiag_open: (ovl_open+0xb2/0x100 <- ovl_open_realfile) result=0xffff888004355a00
             cat-3839    [000] .....    16.383536: ovldiag_open: (ovl_open+0xb2/0x100 <- ovl_open_realfile) result=0xffff88800732be00
             cat-3845    [000] .....    16.387881: ovldiag_open: (ovl_open+0xb2/0x100 <- ovl_open_realfile) result=0xffff88800716a700
              dd-3844    [000] .....    16.388141: ovldiag_open: (ovl_open+0xb2/0x100 <- ovl_open_realfile) result=0xffff88800716a400
              dd-3844    [000] .....    16.388176: ovldiag_ensure: (ovl_write_iter+0xaf/0x1b0 <- ovl_ensure_upper_and_switch) result=0x0
              dd-3844    [000] .....    16.388192: ovldiag_write: (ovl_write_iter+0x136/0x1b0 <- backing_file_write_iter) result=0x1000
              dd-3843    [000] .....    16.388262: ovldiag_open: (ovl_open+0xb2/0x100 <- ovl_open_realfile) result=0xffff88800716a100
              dd-3843    [000] .....    16.388679: ovldiag_ensure: (ovl_write_iter+0xaf/0x1b0 <- ovl_ensure_upper_and_switch) result=0x0
              dd-3843    [000] .....    16.388882: ovldiag_write: (ovl_write_iter+0x136/0x1b0 <- backing_file_write_iter) result=0x1000
              dd-3850    [000] .....    16.391470: ovldiag_open: (ovl_open+0xb2/0x100 <- ovl_open_realfile) result=0xffff8880086dda00
              dd-3850    [000] .....    16.391512: ovldiag_ensure: (ovl_write_iter+0xaf/0x1b0 <- ovl_ensure_upper_and_switch) result=0x0
              dd-3850    [000] .....    16.391528: ovldiag_write: (ovl_write_iter+0x136/0x1b0 <- backing_file_write_iter) result=0x1000
             cat-3853    [000] .....    16.393392: ovldiag_open: (ovl_open+0xb2/0x100 <- ovl_open_realfile) result=0xffff888007377100
             cat-3856    [001] .....    16.394145: ovldiag_open: (ovl_open+0xb2/0x100 <- ovl_open_realfile) result=0xffff88800716a700
              dd-3858    [000] .....    16.396357: ovldiag_open: (ovl_open+0xb2/0x100 <- ovl_open_realfile) result=0xffff88800723a300
              dd-3858    [000] .....    16.396388: ovldiag_ensure: (ovl_write_iter+0xaf/0x1b0 <- ovl_ensure_upper_and_switch) result=0x0
              dd-3858    [000] .....    16.396404: ovldiag_write: (ovl_write_iter+0x136/0x1b0 <- backing_file_write_iter) result=0x1000
             cat-3861    [001] .....    16.397732: ovldiag_open: (ovl_open+0xb2/0x100 <- ovl_open_realfile) result=0xffff88800c988400
             cat-3865    [000] .....    16.399675: ovldiag_open: (ovl_open+0xb2/0x100 <- ovl_open_realfile) result=0xffff88800732a100
              dd-3869    [000] .....    16.402905: ovldiag_open: (ovl_open+0xb2/0x100 <- ovl_open_realfile) result=0xffff88800c9d4d00
              dd-3869    [000] .....    16.402940: ovldiag_ensure: (ovl_write_iter+0xaf/0x1b0 <- ovl_ensure_upper_and_switch) result=0x0
              dd-3869    [000] .....    16.402955: ovldiag_write: (ovl_write_iter+0x136/0x1b0 <- backing_file_write_iter) result=0x1000
             cat-3873    [000] .....    16.405313: ovldiag_open: (ovl_open+0xb2/0x100 <- ovl_open_realfile) result=0xffff88800732b200
              dd-3870    [001] .....    16.405725: ovldiag_open: (ovl_open+0xb2/0x100 <- ovl_open_realfile) result=0xffff8880062a2f00
              dd-3870    [001] .....    16.405764: ovldiag_ensure: (ovl_write_iter+0xaf/0x1b0 <- ovl_ensure_upper_and_switch) result=0x0
              dd-3870    [001] .....    16.405781: ovldiag_write: (ovl_write_iter+0x136/0x1b0 <- backing_file_write_iter) result=0x1000
              dd-3871    [001] .....    16.406409: ovldiag_open: (ovl_open+0xb2/0x100 <- ovl_open_realfile) result=0xffff888004530b00
              dd-3871    [001] .....    16.406447: ovldiag_ensure: (ovl_write_iter+0xaf/0x1b0 <- ovl_ensure_upper_and_switch) result=0x0
              dd-3871    [001] .....    16.406462: ovldiag_write: (ovl_write_iter+0x136/0x1b0 <- backing_file_write_iter) result=0x1000
             cat-3874    [000] .....    16.407213: ovldiag_open: (ovl_open+0xb2/0x100 <- ovl_open_realfile) result=0xffff88800702ad00
             cat-3875    [001] .....    16.407496: ovldiag_open: (ovl_open+0xb2/0x100 <- ovl_open_realfile) result=0xffff88800717bb00
             cat-3884    [000] .....    16.411611: ovldiag_open: (ovl_open+0xb2/0x100 <- ovl_open_realfile) result=0xffff888004355700
              dd-3883    [000] .....    16.412854: ovldiag_open: (ovl_open+0xb2/0x100 <- ovl_open_realfile) result=0xffff88800a2d6800
              dd-3883    [000] .....    16.412885: ovldiag_ensure: (ovl_write_iter+0xaf/0x1b0 <- ovl_ensure_upper_and_switch) result=0x0
              dd-3883    [000] .....    16.412903: ovldiag_write: (ovl_write_iter+0x136/0x1b0 <- backing_file_write_iter) result=0x1000
             cat-3890    [000] .....    16.416786: ovldiag_open: (ovl_open+0xb2/0x100 <- ovl_open_realfile) result=0xffff888003cd0700
              dd-3889    [001] .....    16.416895: ovldiag_open: (ovl_open+0xb2/0x100 <- ovl_open_realfile) result=0xffff88800732a600
              dd-3889    [001] .....    16.416932: ovldiag_ensure: (ovl_write_iter+0xaf/0x1b0 <- ovl_ensure_upper_and_switch) result=0x0
              dd-3889    [001] .....    16.416949: ovldiag_write: (ovl_write_iter+0x136/0x1b0 <- backing_file_write_iter) result=0x1000
             cat-3893    [001] .....    16.419314: ovldiag_open: (ovl_open+0xb2/0x100 <- ovl_open_realfile) result=0xffff88800dd76700
             cat-3898    [001] .....    16.421736: ovldiag_open: (ovl_open+0xb2/0x100 <- ovl_open_realfile) result=0xffff8880073c5700
              dd-3895    [001] .....    16.423042: ovldiag_open: (ovl_open+0xb2/0x100 <- ovl_open_realfile) result=0xffff888008411e00
              dd-3895    [001] .....    16.423077: ovldiag_ensure: (ovl_write_iter+0xaf/0x1b0 <- ovl_ensure_upper_and_switch) result=0x0
              dd-3895    [001] .....    16.423093: ovldiag_write: (ovl_write_iter+0x136/0x1b0 <- backing_file_write_iter) result=0x1000
              dd-3897    [000] .....    16.423981: ovldiag_open: (ovl_open+0xb2/0x100 <- ovl_open_realfile) result=0xffff888004530e00
              dd-3897    [000] .....    16.424034: ovldiag_ensure: (ovl_write_iter+0xaf/0x1b0 <- ovl_ensure_upper_and_switch) result=0x0
              dd-3897    [000] .....    16.424050: ovldiag_write: (ovl_write_iter+0x136/0x1b0 <- backing_file_write_iter) result=0x1000
             cat-3900    [001] .....    16.424171: ovldiag_open: (ovl_open+0xb2/0x100 <- ovl_open_realfile) result=0xffff88800a2d6b00
              dd-3903    [001] .....    16.425716: ovldiag_open: (ovl_open+0xb2/0x100 <- ovl_open_realfile) result=0xffff88800716fc00
              dd-3903    [001] .....    16.425745: ovldiag_ensure: (ovl_write_iter+0xaf/0x1b0 <- ovl_ensure_upper_and_switch) result=0x0
              dd-3903    [001] .....    16.425768: ovldiag_write: (ovl_write_iter+0x136/0x1b0 <- backing_file_write_iter) result=0x1000
             cat-3904    [001] .....    16.429560: ovldiag_open: (ovl_open+0xb2/0x100 <- ovl_open_realfile) result=0xffff88800842af00
              dd-3910    [000] .....    16.429900: ovldiag_open: (ovl_open+0xb2/0x100 <- ovl_open_realfile) result=0xffff888006210b00
              dd-3910    [000] .....    16.429928: ovldiag_ensure: (ovl_write_iter+0xaf/0x1b0 <- ovl_ensure_upper_and_switch) result=0x0
              dd-3910    [000] .....    16.429946: ovldiag_write: (ovl_write_iter+0x136/0x1b0 <- backing_file_write_iter) result=0x1000
             cat-3909    [000] .....    16.430415: ovldiag_open: (ovl_open+0xb2/0x100 <- ovl_open_realfile) result=0xffff888007167f00
             cat-3915    [001] .....    16.433765: ovldiag_open: (ovl_open+0xb2/0x100 <- ovl_open_realfile) result=0xffff888006217a00
             cat-3920    [000] .....    16.437011: ovldiag_open: (ovl_open+0xb2/0x100 <- ovl_open_realfile) result=0xffff888006210e00
              dd-3922    [000] .....    16.439174: ovldiag_open: (ovl_open+0xb2/0x100 <- ovl_open_realfile) result=0xffff888004578700
              dd-3922    [000] .....    16.439229: ovldiag_ensure: (ovl_write_iter+0xaf/0x1b0 <- ovl_ensure_upper_and_switch) result=0x0
              dd-3922    [000] .....    16.439245: ovldiag_write: (ovl_write_iter+0x136/0x1b0 <- backing_file_write_iter) result=0x1000
              dd-3924    [001] .....    16.440632: ovldiag_open: (ovl_open+0xb2/0x100 <- ovl_open_realfile) result=0xffff88800702ab00
              dd-3924    [001] .....    16.440662: ovldiag_ensure: (ovl_write_iter+0xaf/0x1b0 <- ovl_ensure_upper_and_switch) result=0x0
              dd-3924    [001] .....    16.440679: ovldiag_write: (ovl_write_iter+0x136/0x1b0 <- backing_file_write_iter) result=0x1000
             cat-3925    [000] .....    16.440703: ovldiag_open: (ovl_open+0xb2/0x100 <- ovl_open_realfile) result=0xffff88800732b300
              dd-3927    [001] .....    16.442086: ovldiag_open: (ovl_open+0xb2/0x100 <- ovl_open_realfile) result=0xffff888004355800
              dd-3927    [001] .....    16.442115: ovldiag_ensure: (ovl_write_iter+0xaf/0x1b0 <- ovl_ensure_upper_and_switch) result=0x0
              dd-3927    [001] .....    16.442132: ovldiag_write: (ovl_write_iter+0x136/0x1b0 <- backing_file_write_iter) result=0x1000
             cat-3932    [000] .....    16.444305: ovldiag_open: (ovl_open+0xb2/0x100 <- ovl_open_realfile) result=0xffff888004578900
             cat-3928    [000] .....    16.444955: ovldiag_open: (ovl_open+0xb2/0x100 <- ovl_open_realfile) result=0xffff8880045f5500
             cat-3935    [001] .....    16.446718: ovldiag_open: (ovl_open+0xb2/0x100 <- ovl_open_realfile) result=0xffff88800732b900
              dd-3933    [000] .....    16.449317: ovldiag_open: (ovl_open+0xb2/0x100 <- ovl_open_realfile) result=0xffff88800c981500
              dd-3933    [000] .....    16.449353: ovldiag_ensure: (ovl_write_iter+0xaf/0x1b0 <- ovl_ensure_upper_and_switch) result=0x0
              dd-3933    [000] .....    16.449368: ovldiag_write: (ovl_write_iter+0x136/0x1b0 <- backing_file_write_iter) result=0x1000
              dd-3943    [001] .....    16.452993: ovldiag_open: (ovl_open+0xb2/0x100 <- ovl_open_realfile) result=0xffff888007167500
              dd-3943    [001] .....    16.453024: ovldiag_ensure: (ovl_write_iter+0xaf/0x1b0 <- ovl_ensure_upper_and_switch) result=0x0
              dd-3943    [001] .....    16.453046: ovldiag_write: (ovl_write_iter+0x136/0x1b0 <- backing_file_write_iter) result=0x1000
             cat-3944    [000] .....    16.454224: ovldiag_open: (ovl_open+0xb2/0x100 <- ovl_open_realfile) result=0xffff88800732a400
              dd-3947    [000] .....    16.456063: ovldiag_open: (ovl_open+0xb2/0x100 <- ovl_open_realfile) result=0xffff888006217900
              dd-3947    [000] .....    16.456102: ovldiag_ensure: (ovl_write_iter+0xaf/0x1b0 <- ovl_ensure_upper_and_switch) result=0x0
              dd-3947    [000] .....    16.456154: ovldiag_write: (ovl_write_iter+0x136/0x1b0 <- backing_file_write_iter) result=0x1000
             cat-3948    [000] .....    16.457216: ovldiag_open: (ovl_open+0xb2/0x100 <- ovl_open_realfile) result=0xffff888007021200
              dd-3949    [001] .....    16.457315: ovldiag_open: (ovl_open+0xb2/0x100 <- ovl_open_realfile) result=0xffff88800732b800
              dd-3949    [001] .....    16.457346: ovldiag_ensure: (ovl_write_iter+0xaf/0x1b0 <- ovl_ensure_upper_and_switch) result=0x0
              dd-3949    [001] .....    16.457362: ovldiag_write: (ovl_write_iter+0x136/0x1b0 <- backing_file_write_iter) result=0x1000
             cat-3951    [000] .....    16.458868: ovldiag_open: (ovl_open+0xb2/0x100 <- ovl_open_realfile) result=0xffff888006217300
             cat-3952    [001] .....    16.461378: ovldiag_open: (ovl_open+0xb2/0x100 <- ovl_open_realfile) result=0xffff888007167900
              dd-3958    [000] .....    16.464528: ovldiag_open: (ovl_open+0xb2/0x100 <- ovl_open_realfile) result=0xffff8880047ff300
              dd-3958    [000] .....    16.464565: ovldiag_ensure: (ovl_write_iter+0xaf/0x1b0 <- ovl_ensure_upper_and_switch) result=0x0
              dd-3958    [000] .....    16.464582: ovldiag_write: (ovl_write_iter+0x136/0x1b0 <- backing_file_write_iter) result=0x1000
              dd-3962    [001] .....    16.465558: ovldiag_open: (ovl_open+0xb2/0x100 <- ovl_open_realfile) result=0xffff88800842b100
              dd-3962    [001] .....    16.465586: ovldiag_ensure: (ovl_write_iter+0xaf/0x1b0 <- ovl_ensure_upper_and_switch) result=0x0
              dd-3962    [001] .....    16.465606: ovldiag_write: (ovl_write_iter+0x136/0x1b0 <- backing_file_write_iter) result=0x1000
             cat-3963    [000] .....    16.466078: ovldiag_open: (ovl_open+0xb2/0x100 <- ovl_open_realfile) result=0xffff888004530800
             cat-3967    [001] .....    16.469106: ovldiag_open: (ovl_open+0xb2/0x100 <- ovl_open_realfile) result=0xffff888007154600
              dd-3970    [001] .....    16.470762: ovldiag_open: (ovl_open+0xb2/0x100 <- ovl_open_realfile) result=0xffff888007377d00
             cat-3971    [000] .....    16.470764: ovldiag_open: (ovl_open+0xb2/0x100 <- ovl_open_realfile) result=0xffff888004355900
              dd-3970    [001] .....    16.470790: ovldiag_ensure: (ovl_write_iter+0xaf/0x1b0 <- ovl_ensure_upper_and_switch) result=0x0
              dd-3970    [001] .....    16.470833: ovldiag_write: (ovl_write_iter+0x136/0x1b0 <- backing_file_write_iter) result=0x1000
             cat-3974    [000] .....    16.473933: ovldiag_open: (ovl_open+0xb2/0x100 <- ovl_open_realfile) result=0xffff88800dcec900
              dd-3976    [001] .....    16.475614: ovldiag_open: (ovl_open+0xb2/0x100 <- ovl_open_realfile) result=0xffff8880062a2700
              dd-3976    [001] .....    16.475649: ovldiag_ensure: (ovl_write_iter+0xaf/0x1b0 <- ovl_ensure_upper_and_switch) result=0x0
              dd-3976    [001] .....    16.475666: ovldiag_write: (ovl_write_iter+0x136/0x1b0 <- backing_file_write_iter) result=0x1000
             cat-3978    [000] .....    16.476587: ovldiag_open: (ovl_open+0xb2/0x100 <- ovl_open_realfile) result=0xffff88800732a000
              dd-3982    [000] .....    16.478638: ovldiag_open: (ovl_open+0xb2/0x100 <- ovl_open_realfile) result=0xffff888004355200
              dd-3982    [000] .....    16.478669: ovldiag_ensure: (ovl_write_iter+0xaf/0x1b0 <- ovl_ensure_upper_and_switch) result=0x0
              dd-3982    [000] .....    16.478687: ovldiag_write: (ovl_write_iter+0x136/0x1b0 <- backing_file_write_iter) result=0x1000
              dd-3984    [001] .....    16.480379: ovldiag_open: (ovl_open+0xb2/0x100 <- ovl_open_realfile) result=0xffff88800cb75a00
              dd-3984    [001] .....    16.480410: ovldiag_ensure: (ovl_write_iter+0xaf/0x1b0 <- ovl_ensure_upper_and_switch) result=0x0
              dd-3984    [001] .....    16.480426: ovldiag_write: (ovl_write_iter+0x136/0x1b0 <- backing_file_write_iter) result=0x1000
             cat-3986    [000] .....    16.481754: ovldiag_open: (ovl_open+0xb2/0x100 <- ovl_open_realfile) result=0xffff88800dcb5b00
             cat-3989    [000] .....    16.482998: ovldiag_open: (ovl_open+0xb2/0x100 <- ovl_open_realfile) result=0xffff88800caf1b00
              dd-3994    [001] .....    16.486779: ovldiag_open: (ovl_open+0xb2/0x100 <- ovl_open_realfile) result=0xffff888004445900
              dd-3994    [001] .....    16.486862: ovldiag_ensure: (ovl_write_iter+0xaf/0x1b0 <- ovl_ensure_upper_and_switch) result=0x0
              dd-3994    [001] .....    16.486879: ovldiag_write: (ovl_write_iter+0x136/0x1b0 <- backing_file_write_iter) result=0x1000
             cat-3996    [000] .....    16.488029: ovldiag_open: (ovl_open+0xb2/0x100 <- ovl_open_realfile) result=0xffff888004613d00
             cat-3995    [000] .....    16.488307: ovldiag_open: (ovl_open+0xb2/0x100 <- ovl_open_realfile) result=0xffff888006217000
              dd-3997    [000] .....    16.490276: ovldiag_open: (ovl_open+0xb2/0x100 <- ovl_open_realfile) result=0xffff88800716ab00
              dd-3997    [000] .....    16.490315: ovldiag_ensure: (ovl_write_iter+0xaf/0x1b0 <- ovl_ensure_upper_and_switch) result=0x0
              dd-3997    [000] .....    16.490330: ovldiag_write: (ovl_write_iter+0x136/0x1b0 <- backing_file_write_iter) result=0x1000
             cat-4005    [001] .....    16.493038: ovldiag_open: (ovl_open+0xb2/0x100 <- ovl_open_realfile) result=0xffff8880073c5300
             cat-4004    [000] .....    16.493569: ovldiag_open: (ovl_open+0xb2/0x100 <- ovl_open_realfile) result=0xffff888004530b00
              dd-4007    [001] .....    16.495065: ovldiag_open: (ovl_open+0xb2/0x100 <- ovl_open_realfile) result=0xffff888004355200
              dd-4007    [001] .....    16.495104: ovldiag_ensure: (ovl_write_iter+0xaf/0x1b0 <- ovl_ensure_upper_and_switch) result=0x0
              dd-4007    [001] .....    16.495120: ovldiag_write: (ovl_write_iter+0x136/0x1b0 <- backing_file_write_iter) result=0x1000
              dd-4008    [001] .....    16.497252: ovldiag_open: (ovl_open+0xb2/0x100 <- ovl_open_realfile) result=0xffff8880070d2600
              dd-4008    [001] .....    16.497282: ovldiag_ensure: (ovl_write_iter+0xaf/0x1b0 <- ovl_ensure_upper_and_switch) result=0x0
              dd-4008    [001] .....    16.497297: ovldiag_write: (ovl_write_iter+0x136/0x1b0 <- backing_file_write_iter) result=0x1000
             cat-4015    [000] .....    16.499281: ovldiag_open: (ovl_open+0xb2/0x100 <- ovl_open_realfile) result=0xffff888008411d00
             cat-4014    [001] .....    16.500151: ovldiag_open: (ovl_open+0xb2/0x100 <- ovl_open_realfile) result=0xffff88800de31a00
              dd-4016    [000] .....    16.502695: ovldiag_open: (ovl_open+0xb2/0x100 <- ovl_open_realfile) result=0xffff888004445900
              dd-4016    [000] .....    16.502750: ovldiag_ensure: (ovl_write_iter+0xaf/0x1b0 <- ovl_ensure_upper_and_switch) result=0x0
              dd-4016    [000] .....    16.502766: ovldiag_write: (ovl_write_iter+0x136/0x1b0 <- backing_file_write_iter) result=0x1000
              dd-4021    [000] .....    16.504331: ovldiag_open: (ovl_open+0xb2/0x100 <- ovl_open_realfile) result=0xffff88800dc36500
              dd-4021    [000] .....    16.504358: ovldiag_ensure: (ovl_write_iter+0xaf/0x1b0 <- ovl_ensure_upper_and_switch) result=0x0
              dd-4021    [000] .....    16.504373: ovldiag_write: (ovl_write_iter+0x136/0x1b0 <- backing_file_write_iter) result=0x1000
             cat-4024    [000] .....    16.505859: ovldiag_open: (ovl_open+0xb2/0x100 <- ovl_open_realfile) result=0xffff8880045c9000
             cat-4023    [001] .....    16.506703: ovldiag_open: (ovl_open+0xb2/0x100 <- ovl_open_realfile) result=0xffff888004355700
              dd-4028    [000] .....    16.509352: ovldiag_open: (ovl_open+0xb2/0x100 <- ovl_open_realfile) result=0xffff8880047f6800
              dd-4028    [000] .....    16.509381: ovldiag_ensure: (ovl_write_iter+0xaf/0x1b0 <- ovl_ensure_upper_and_switch) result=0x0
              dd-4028    [000] .....    16.509398: ovldiag_write: (ovl_write_iter+0x136/0x1b0 <- backing_file_write_iter) result=0x1000
              dd-4031    [001] .....    16.510358: ovldiag_open: (ovl_open+0xb2/0x100 <- ovl_open_realfile) result=0xffff88800dd96900
              dd-4031    [001] .....    16.510389: ovldiag_ensure: (ovl_write_iter+0xaf/0x1b0 <- ovl_ensure_upper_and_switch) result=0x0
              dd-4031    [001] .....    16.510406: ovldiag_write: (ovl_write_iter+0x136/0x1b0 <- backing_file_write_iter) result=0x1000
             cat-4032    [001] .....    16.511386: ovldiag_open: (ovl_open+0xb2/0x100 <- ovl_open_realfile) result=0xffff888004578e00
             cat-4033    [000] .....    16.511773: ovldiag_open: (ovl_open+0xb2/0x100 <- ovl_open_realfile) result=0xffff888007154000
              dd-4039    [000] .....    16.516624: ovldiag_open: (ovl_open+0xb2/0x100 <- ovl_open_realfile) result=0xffff888004578500
              dd-4039    [000] .....    16.516666: ovldiag_ensure: (ovl_write_iter+0xaf/0x1b0 <- ovl_ensure_upper_and_switch) result=0x0
              dd-4039    [000] .....    16.516682: ovldiag_write: (ovl_write_iter+0x136/0x1b0 <- backing_file_write_iter) result=0x1000
              dd-4041    [001] .....    16.517406: ovldiag_open: (ovl_open+0xb2/0x100 <- ovl_open_realfile) result=0xffff888006318600
              dd-4041    [001] .....    16.517436: ovldiag_ensure: (ovl_write_iter+0xaf/0x1b0 <- ovl_ensure_upper_and_switch) result=0x0
              dd-4041    [001] .....    16.517454: ovldiag_write: (ovl_write_iter+0x136/0x1b0 <- backing_file_write_iter) result=0x1000
             cat-4042    [000] .....    16.518242: ovldiag_open: (ovl_open+0xb2/0x100 <- ovl_open_realfile) result=0xffff88800842bf00
             cat-4044    [001] .....    16.519327: ovldiag_open: (ovl_open+0xb2/0x100 <- ovl_open_realfile) result=0xffff8880062a2e00
             cat-4050    [001] .....    16.523024: ovldiag_open: (ovl_open+0xb2/0x100 <- ovl_open_realfile) result=0xffff8880047f0200
             cat-4049    [000] .....    16.523260: ovldiag_open: (ovl_open+0xb2/0x100 <- ovl_open_realfile) result=0xffff888006210700
              dd-4052    [001] .....    16.524995: ovldiag_open: (ovl_open+0xb2/0x100 <- ovl_open_realfile) result=0xffff8880061ae900
              dd-4052    [001] .....    16.525030: ovldiag_ensure: (ovl_write_iter+0xaf/0x1b0 <- ovl_ensure_upper_and_switch) result=0x0
              dd-4052    [001] .....    16.525047: ovldiag_write: (ovl_write_iter+0x136/0x1b0 <- backing_file_write_iter) result=0x1000
              dd-4053    [001] .....    16.526944: ovldiag_open: (ovl_open+0xb2/0x100 <- ovl_open_realfile) result=0xffff888003f6af00
              dd-4053    [001] .....    16.526971: ovldiag_ensure: (ovl_write_iter+0xaf/0x1b0 <- ovl_ensure_upper_and_switch) result=0x0
              dd-4053    [001] .....    16.526988: ovldiag_write: (ovl_write_iter+0x136/0x1b0 <- backing_file_write_iter) result=0x1000
             cat-4059    [000] .....    16.528724: ovldiag_open: (ovl_open+0xb2/0x100 <- ovl_open_realfile) result=0xffff8880086ddf00
              dd-4061    [000] .....    16.529971: ovldiag_open: (ovl_open+0xb2/0x100 <- ovl_open_realfile) result=0xffff88800732ca00
              dd-4061    [000] .....    16.529999: ovldiag_ensure: (ovl_write_iter+0xaf/0x1b0 <- ovl_ensure_upper_and_switch) result=0x0
              dd-4061    [000] .....    16.530017: ovldiag_write: (ovl_write_iter+0x136/0x1b0 <- backing_file_write_iter) result=0x1000
             cat-4063    [000] .....    16.531954: ovldiag_open: (ovl_open+0xb2/0x100 <- ovl_open_realfile) result=0xffff888007377200
              dd-4065    [001] .....    16.533097: ovldiag_open: (ovl_open+0xb2/0x100 <- ovl_open_realfile) result=0xffff88800de29b00
              dd-4065    [001] .....    16.533134: ovldiag_ensure: (ovl_write_iter+0xaf/0x1b0 <- ovl_ensure_upper_and_switch) result=0x0
              dd-4065    [001] .....    16.533148: ovldiag_write: (ovl_write_iter+0x136/0x1b0 <- backing_file_write_iter) result=0x1000
             cat-4069    [001] .....    16.534847: ovldiag_open: (ovl_open+0xb2/0x100 <- ovl_open_realfile) result=0xffff888006217a00
             cat-4070    [000] .....    16.536719: ovldiag_open: (ovl_open+0xb2/0x100 <- ovl_open_realfile) result=0xffff88800717bd00
              dd-4074    [001] .....    16.538884: ovldiag_open: (ovl_open+0xb2/0x100 <- ovl_open_realfile) result=0xffff888006327e00
              dd-4074    [001] .....    16.538914: ovldiag_ensure: (ovl_write_iter+0xaf/0x1b0 <- ovl_ensure_upper_and_switch) result=0x0
              dd-4074    [001] .....    16.538932: ovldiag_write: (ovl_write_iter+0x136/0x1b0 <- backing_file_write_iter) result=0x1000
             cat-4076    [000] .....    16.540919: ovldiag_open: (ovl_open+0xb2/0x100 <- ovl_open_realfile) result=0xffff88800dce5000
              dd-4079    [001] .....    16.541950: ovldiag_open: (ovl_open+0xb2/0x100 <- ovl_open_realfile) result=0xffff88800caf8600
              dd-4079    [001] .....    16.541977: ovldiag_ensure: (ovl_write_iter+0xaf/0x1b0 <- ovl_ensure_upper_and_switch) result=0x0
              dd-4079    [001] .....    16.541995: ovldiag_write: (ovl_write_iter+0x136/0x1b0 <- backing_file_write_iter) result=0x1000
              dd-4083    [000] .....    16.543913: ovldiag_open: (ovl_open+0xb2/0x100 <- ovl_open_realfile) result=0xffff88800dcf6600
              dd-4083    [000] .....    16.543943: ovldiag_ensure: (ovl_write_iter+0xaf/0x1b0 <- ovl_ensure_upper_and_switch) result=0x0
              dd-4083    [000] .....    16.543960: ovldiag_write: (ovl_write_iter+0x136/0x1b0 <- backing_file_write_iter) result=0x1000
             cat-4084    [001] .....    16.545064: ovldiag_open: (ovl_open+0xb2/0x100 <- ovl_open_realfile) result=0xffff88800717b200
             cat-4086    [001] .....    16.546107: ovldiag_open: (ovl_open+0xb2/0x100 <- ovl_open_realfile) result=0xffff888004613e00
              dd-4088    [001] .....    16.547173: ovldiag_open: (ovl_open+0xb2/0x100 <- ovl_open_realfile) result=0xffff88800732b100
              dd-4088    [001] .....    16.547214: ovldiag_ensure: (ovl_write_iter+0xaf/0x1b0 <- ovl_ensure_upper_and_switch) result=0x0
              dd-4088    [001] .....    16.547231: ovldiag_write: (ovl_write_iter+0x136/0x1b0 <- backing_file_write_iter) result=0x1000
             cat-4090    [000] .....    16.548129: ovldiag_open: (ovl_open+0xb2/0x100 <- ovl_open_realfile) result=0xffff888004355a00
             cat-4094    [000] .....    16.551957: ovldiag_open: (ovl_open+0xb2/0x100 <- ovl_open_realfile) result=0xffff888006318600
              dd-4097    [001] .....    16.553016: ovldiag_open: (ovl_open+0xb2/0x100 <- ovl_open_realfile) result=0xffff888006210400
              dd-4097    [001] .....    16.553043: ovldiag_ensure: (ovl_write_iter+0xaf/0x1b0 <- ovl_ensure_upper_and_switch) result=0x0
              dd-4097    [001] .....    16.553062: ovldiag_write: (ovl_write_iter+0x136/0x1b0 <- backing_file_write_iter) result=0x1000
              dd-4101    [001] .....    16.555794: ovldiag_open: (ovl_open+0xb2/0x100 <- ovl_open_realfile) result=0xffff888004445600
              dd-4101    [001] .....    16.555841: ovldiag_ensure: (ovl_write_iter+0xaf/0x1b0 <- ovl_ensure_upper_and_switch) result=0x0
              dd-4101    [001] .....    16.555860: ovldiag_write: (ovl_write_iter+0x136/0x1b0 <- backing_file_write_iter) result=0x1000
             cat-4102    [000] .....    16.556141: ovldiag_open: (ovl_open+0xb2/0x100 <- ovl_open_realfile) result=0xffff888003cd0800
              dd-4104    [000] .....    16.557643: ovldiag_open: (ovl_open+0xb2/0x100 <- ovl_open_realfile) result=0xffff88800cb1d000
              dd-4104    [000] .....    16.557671: ovldiag_ensure: (ovl_write_iter+0xaf/0x1b0 <- ovl_ensure_upper_and_switch) result=0x0
              dd-4104    [000] .....    16.557689: ovldiag_write: (ovl_write_iter+0x136/0x1b0 <- backing_file_write_iter) result=0x1000
             cat-4109    [000] .....    16.560517: ovldiag_open: (ovl_open+0xb2/0x100 <- ovl_open_realfile) result=0xffff888004355600
             cat-4106    [000] .n...    16.560816: ovldiag_open: (ovl_open+0xb2/0x100 <- ovl_open_realfile) result=0xffff888008428400
              dd-4110    [001] .....    16.561048: ovldiag_open: (ovl_open+0xb2/0x100 <- ovl_open_realfile) result=0xffff88800732b800
              dd-4110    [001] .....    16.561076: ovldiag_ensure: (ovl_write_iter+0xaf/0x1b0 <- ovl_ensure_upper_and_switch) result=0x0
              dd-4110    [001] .....    16.561092: ovldiag_write: (ovl_write_iter+0x136/0x1b0 <- backing_file_write_iter) result=0x1000
             cat-4114    [001] .....    16.563501: ovldiag_open: (ovl_open+0xb2/0x100 <- ovl_open_realfile) result=0xffff88800cb80800
             cat-4119    [000] .....    16.567045: ovldiag_open: (ovl_open+0xb2/0x100 <- ovl_open_realfile) result=0xffff888004355600
              dd-4120    [001] .....    16.567333: ovldiag_open: (ovl_open+0xb2/0x100 <- ovl_open_realfile) result=0xffff88800dd92e00
              dd-4120    [001] .....    16.567362: ovldiag_ensure: (ovl_write_iter+0xaf/0x1b0 <- ovl_ensure_upper_and_switch) result=0x0
              dd-4120    [001] .....    16.567380: ovldiag_write: (ovl_write_iter+0x136/0x1b0 <- backing_file_write_iter) result=0x1000
              dd-4122    [000] .....    16.568749: ovldiag_open: (ovl_open+0xb2/0x100 <- ovl_open_realfile) result=0xffff888007377d00
              dd-4122    [000] .....    16.568779: ovldiag_ensure: (ovl_write_iter+0xaf/0x1b0 <- ovl_ensure_upper_and_switch) result=0x0
              dd-4122    [000] .....    16.568795: ovldiag_write: (ovl_write_iter+0x136/0x1b0 <- backing_file_write_iter) result=0x1000
             cat-4127    [000] .....    16.572005: ovldiag_open: (ovl_open+0xb2/0x100 <- ovl_open_realfile) result=0xffff88800451bf00
             cat-4128    [001] .....    16.572227: ovldiag_open: (ovl_open+0xb2/0x100 <- ovl_open_realfile) result=0xffff888006210b00
              dd-4126    [000] .....    16.572506: ovldiag_open: (ovl_open+0xb2/0x100 <- ovl_open_realfile) result=0xffff888007105e00
              dd-4126    [000] .....    16.572534: ovldiag_ensure: (ovl_write_iter+0xaf/0x1b0 <- ovl_ensure_upper_and_switch) result=0x0
              dd-4126    [000] .....    16.572550: ovldiag_write: (ovl_write_iter+0x136/0x1b0 <- backing_file_write_iter) result=0x1000
             cat-4131    [001] .....    16.574722: ovldiag_open: (ovl_open+0xb2/0x100 <- ovl_open_realfile) result=0xffff88800dd92800
              dd-4132    [000] .....    16.574929: ovldiag_open: (ovl_open+0xb2/0x100 <- ovl_open_realfile) result=0xffff888007168900
              dd-4132    [000] .....    16.574960: ovldiag_ensure: (ovl_write_iter+0xaf/0x1b0 <- ovl_ensure_upper_and_switch) result=0x0
              dd-4132    [000] .....    16.574975: ovldiag_write: (ovl_write_iter+0x136/0x1b0 <- backing_file_write_iter) result=0x1000
             cat-4135    [000] .....    16.577188: ovldiag_open: (ovl_open+0xb2/0x100 <- ovl_open_realfile) result=0xffff88800732b900
              dd-4142    [001] .....    16.581367: ovldiag_open: (ovl_open+0xb2/0x100 <- ovl_open_realfile) result=0xffff88800de22600
              dd-4142    [001] .....    16.581394: ovldiag_ensure: (ovl_write_iter+0xaf/0x1b0 <- ovl_ensure_upper_and_switch) result=0x0
              dd-4142    [001] .....    16.581411: ovldiag_write: (ovl_write_iter+0x136/0x1b0 <- backing_file_write_iter) result=0x1000
              dd-4143    [000] .....    16.581999: ovldiag_open: (ovl_open+0xb2/0x100 <- ovl_open_realfile) result=0xffff888004445600
              dd-4143    [000] .....    16.582029: ovldiag_ensure: (ovl_write_iter+0xaf/0x1b0 <- ovl_ensure_upper_and_switch) result=0x0
              dd-4143    [000] .....    16.582046: ovldiag_write: (ovl_write_iter+0x136/0x1b0 <- backing_file_write_iter) result=0x1000
             cat-4146    [000] .....    16.584023: ovldiag_open: (ovl_open+0xb2/0x100 <- ovl_open_realfile) result=0xffff8880045f5600
              dd-4147    [000] .....    16.585511: ovldiag_open: (ovl_open+0xb2/0x100 <- ovl_open_realfile) result=0xffff888007105f00
              dd-4147    [000] .....    16.585538: ovldiag_ensure: (ovl_write_iter+0xaf/0x1b0 <- ovl_ensure_upper_and_switch) result=0x0
              dd-4147    [000] .....    16.585554: ovldiag_write: (ovl_write_iter+0x136/0x1b0 <- backing_file_write_iter) result=0x1000
             cat-4149    [001] .....    16.586337: ovldiag_open: (ovl_open+0xb2/0x100 <- ovl_open_realfile) result=0xffff88800702ac00
             cat-4152    [000] .....    16.588087: ovldiag_open: (ovl_open+0xb2/0x100 <- ovl_open_realfile) result=0xffff88800de92a00
             cat-4150    [000] .....    16.588847: ovldiag_open: (ovl_open+0xb2/0x100 <- ovl_open_realfile) result=0xffff888003715100
              dd-4157    [000] .....    16.591631: ovldiag_open: (ovl_open+0xb2/0x100 <- ovl_open_realfile) result=0xffff88800702a700
              dd-4157    [000] .....    16.591659: ovldiag_ensure: (ovl_write_iter+0xaf/0x1b0 <- ovl_ensure_upper_and_switch) result=0x0
              dd-4157    [000] .....    16.591676: ovldiag_write: (ovl_write_iter+0x136/0x1b0 <- backing_file_write_iter) result=0x1000
              dd-4162    [000] .....    16.594680: ovldiag_open: (ovl_open+0xb2/0x100 <- ovl_open_realfile) result=0xffff88800717bc00
              dd-4162    [000] .....    16.594708: ovldiag_ensure: (ovl_write_iter+0xaf/0x1b0 <- ovl_ensure_upper_and_switch) result=0x0
              dd-4162    [000] .....    16.594725: ovldiag_write: (ovl_write_iter+0x136/0x1b0 <- backing_file_write_iter) result=0x1000
             cat-4163    [001] .....    16.595183: ovldiag_open: (ovl_open+0xb2/0x100 <- ovl_open_realfile) result=0xffff888004355e00
              dd-4164    [000] .....    16.595960: ovldiag_open: (ovl_open+0xb2/0x100 <- ovl_open_realfile) result=0xffff88800dc47000
              dd-4164    [000] .....    16.595986: ovldiag_ensure: (ovl_write_iter+0xaf/0x1b0 <- ovl_ensure_upper_and_switch) result=0x0
              dd-4164    [000] .....    16.596000: ovldiag_write: (ovl_write_iter+0x136/0x1b0 <- backing_file_write_iter) result=0x1000
             cat-4169    [001] .....    16.598767: ovldiag_open: (ovl_open+0xb2/0x100 <- ovl_open_realfile) result=0xffff88800cb96200
              dd-4170    [000] .....    16.599409: ovldiag_open: (ovl_open+0xb2/0x100 <- ovl_open_realfile) result=0xffff888004530100
              dd-4170    [000] .....    16.599440: ovldiag_ensure: (ovl_write_iter+0xaf/0x1b0 <- ovl_ensure_upper_and_switch) result=0x0
              dd-4170    [000] .....    16.599457: ovldiag_write: (ovl_write_iter+0x136/0x1b0 <- backing_file_write_iter) result=0x1000
             cat-4172    [001] .....    16.600724: ovldiag_open: (ovl_open+0xb2/0x100 <- ovl_open_realfile) result=0xffff888004697400
             cat-4174    [001] .....    16.602618: ovldiag_open: (ovl_open+0xb2/0x100 <- ovl_open_realfile) result=0xffff8880061c1500
             cat-4179    [001] .....    16.604856: ovldiag_open: (ovl_open+0xb2/0x100 <- ovl_open_realfile) result=0xffff88800dd04800
              dd-4180    [000] .....    16.605231: ovldiag_open: (ovl_open+0xb2/0x100 <- ovl_open_realfile) result=0xffff8880045c9700
              dd-4180    [000] .....    16.605262: ovldiag_ensure: (ovl_write_iter+0xaf/0x1b0 <- ovl_ensure_upper_and_switch) result=0x0
              dd-4180    [000] .....    16.605278: ovldiag_write: (ovl_write_iter+0x136/0x1b0 <- backing_file_write_iter) result=0x1000
              dd-4186    [000] .....    16.608969: ovldiag_open: (ovl_open+0xb2/0x100 <- ovl_open_realfile) result=0xffff88800716a200
              dd-4186    [000] .....    16.608996: ovldiag_ensure: (ovl_write_iter+0xaf/0x1b0 <- ovl_ensure_upper_and_switch) result=0x0
              dd-4186    [000] .....    16.609012: ovldiag_write: (ovl_write_iter+0x136/0x1b0 <- backing_file_write_iter) result=0x1000
              dd-4185    [000] .....    16.609490: ovldiag_open: (ovl_open+0xb2/0x100 <- ovl_open_realfile) result=0xffff8880061c1100
              dd-4185    [000] .....    16.609515: ovldiag_ensure: (ovl_write_iter+0xaf/0x1b0 <- ovl_ensure_upper_and_switch) result=0x0
              dd-4185    [000] .....    16.609527: ovldiag_write: (ovl_write_iter+0x136/0x1b0 <- backing_file_write_iter) result=0x1000
             cat-4188    [000] .....    16.610843: ovldiag_open: (ovl_open+0xb2/0x100 <- ovl_open_realfile) result=0xffff888004578e00
             cat-4189    [001] .....    16.611164: ovldiag_open: (ovl_open+0xb2/0x100 <- ovl_open_realfile) result=0xffff8880071e9b00
              dd-4192    [000] .....    16.613305: ovldiag_open: (ovl_open+0xb2/0x100 <- ovl_open_realfile) result=0xffff888007105500
              dd-4192    [000] .....    16.613334: ovldiag_ensure: (ovl_write_iter+0xaf/0x1b0 <- ovl_ensure_upper_and_switch) result=0x0
              dd-4192    [000] .....    16.613349: ovldiag_write: (ovl_write_iter+0x136/0x1b0 <- backing_file_write_iter) result=0x1000
             cat-4197    [001] .....    16.616220: ovldiag_open: (ovl_open+0xb2/0x100 <- ovl_open_realfile) result=0xffff8880071e8700
             cat-4198    [000] .....    16.616910: ovldiag_open: (ovl_open+0xb2/0x100 <- ovl_open_realfile) result=0xffff88800cafe900
              dd-4201    [000] .....    16.618435: ovldiag_open: (ovl_open+0xb2/0x100 <- ovl_open_realfile) result=0xffff888007154d00
              dd-4201    [000] .....    16.618464: ovldiag_ensure: (ovl_write_iter+0xaf/0x1b0 <- ovl_ensure_upper_and_switch) result=0x0
              dd-4201    [000] .....    16.618480: ovldiag_write: (ovl_write_iter+0x136/0x1b0 <- backing_file_write_iter) result=0x1000
             cat-4205    [000] .....    16.621926: ovldiag_open: (ovl_open+0xb2/0x100 <- ovl_open_realfile) result=0xffff8880062a2700
             cat-4206    [001] .....    16.622005: ovldiag_open: (ovl_open+0xb2/0x100 <- ovl_open_realfile) result=0xffff8880070ceb00
              dd-4208    [000] .....    16.623386: ovldiag_open: (ovl_open+0xb2/0x100 <- ovl_open_realfile) result=0xffff88800ca54900
              dd-4208    [000] .....    16.623417: ovldiag_ensure: (ovl_write_iter+0xaf/0x1b0 <- ovl_ensure_upper_and_switch) result=0x0
              dd-4208    [000] .....    16.623432: ovldiag_write: (ovl_write_iter+0x136/0x1b0 <- backing_file_write_iter) result=0x1000
              dd-4211    [001] .....    16.625738: ovldiag_open: (ovl_open+0xb2/0x100 <- ovl_open_realfile) result=0xffff888007377300
              dd-4211    [001] .....    16.625781: ovldiag_ensure: (ovl_write_iter+0xaf/0x1b0 <- ovl_ensure_upper_and_switch) result=0x0
              dd-4211    [001] .....    16.625798: ovldiag_write: (ovl_write_iter+0x136/0x1b0 <- backing_file_write_iter) result=0x1000
              dd-4214    [001] .....    16.627714: ovldiag_open: (ovl_open+0xb2/0x100 <- ovl_open_realfile) result=0xffff88800717b700
              dd-4214    [001] .....    16.627744: ovldiag_ensure: (ovl_write_iter+0xaf/0x1b0 <- ovl_ensure_upper_and_switch) result=0x0
              dd-4214    [001] .....    16.627759: ovldiag_write: (ovl_write_iter+0x136/0x1b0 <- backing_file_write_iter) result=0x1000
             cat-4215    [000] .....    16.627834: ovldiag_open: (ovl_open+0xb2/0x100 <- ovl_open_realfile) result=0xffff888007167f00
             cat-4217    [001] .....    16.629678: ovldiag_open: (ovl_open+0xb2/0x100 <- ovl_open_realfile) result=0xffff88800c981f00
              dd-4222    [000] .....    16.632336: ovldiag_open: (ovl_open+0xb2/0x100 <- ovl_open_realfile) result=0xffff8880071e9e00
              dd-4222    [000] .....    16.632363: ovldiag_ensure: (ovl_write_iter+0xaf/0x1b0 <- ovl_ensure_upper_and_switch) result=0x0
              dd-4222    [000] .....    16.632380: ovldiag_write: (ovl_write_iter+0x136/0x1b0 <- backing_file_write_iter) result=0x1000
             cat-4223    [000] .....    16.633326: ovldiag_open: (ovl_open+0xb2/0x100 <- ovl_open_realfile) result=0xffff888007377700
             cat-4225    [001] .....    16.634496: ovldiag_open: (ovl_open+0xb2/0x100 <- ovl_open_realfile) result=0xffff88800702a900
              dd-4229    [001] .....    16.637496: ovldiag_open: (ovl_open+0xb2/0x100 <- ovl_open_realfile) result=0xffff888003715100
              dd-4229    [001] .....    16.637530: ovldiag_ensure: (ovl_write_iter+0xaf/0x1b0 <- ovl_ensure_upper_and_switch) result=0x0
              dd-4229    [001] .....    16.637552: ovldiag_write: (ovl_write_iter+0x136/0x1b0 <- backing_file_write_iter) result=0x1000
             cat-4233    [000] .....    16.639091: ovldiag_open: (ovl_open+0xb2/0x100 <- ovl_open_realfile) result=0xffff88800732be00
             cat-4234    [001] .....    16.639894: ovldiag_open: (ovl_open+0xb2/0x100 <- ovl_open_realfile) result=0xffff88800717ba00
              dd-4239    [000] .....    16.642199: ovldiag_open: (ovl_open+0xb2/0x100 <- ovl_open_realfile) result=0xffff888006217700
              dd-4239    [000] .....    16.642251: ovldiag_ensure: (ovl_write_iter+0xaf/0x1b0 <- ovl_ensure_upper_and_switch) result=0x0
              dd-4239    [000] .....    16.642267: ovldiag_write: (ovl_write_iter+0x136/0x1b0 <- backing_file_write_iter) result=0x1000
              dd-4236    [001] .....    16.643470: ovldiag_open: (ovl_open+0xb2/0x100 <- ovl_open_realfile) result=0xffff88800702aa00
              dd-4236    [001] .....    16.643498: ovldiag_ensure: (ovl_write_iter+0xaf/0x1b0 <- ovl_ensure_upper_and_switch) result=0x0
              dd-4236    [001] .....    16.643515: ovldiag_write: (ovl_write_iter+0x136/0x1b0 <- backing_file_write_iter) result=0x1000
             cat-4241    [000] .....    16.643710: ovldiag_open: (ovl_open+0xb2/0x100 <- ovl_open_realfile) result=0xffff88800dcf5000
             cat-4244    [000] .....    16.646033: ovldiag_open: (ovl_open+0xb2/0x100 <- ovl_open_realfile) result=0xffff88800702a900
              dd-4246    [000] .....    16.647347: ovldiag_open: (ovl_open+0xb2/0x100 <- ovl_open_realfile) result=0xffff88800716ab00
              dd-4246    [000] .....    16.647377: ovldiag_ensure: (ovl_write_iter+0xaf/0x1b0 <- ovl_ensure_upper_and_switch) result=0x0
              dd-4246    [000] .....    16.647391: ovldiag_write: (ovl_write_iter+0x136/0x1b0 <- backing_file_write_iter) result=0x1000
             cat-4249    [000] .....    16.649460: ovldiag_open: (ovl_open+0xb2/0x100 <- ovl_open_realfile) result=0xffff888007374000
              dd-4251    [001] .....    16.649991: ovldiag_open: (ovl_open+0xb2/0x100 <- ovl_open_realfile) result=0xffff8880070ce000
              dd-4251    [001] .....    16.650019: ovldiag_ensure: (ovl_write_iter+0xaf/0x1b0 <- ovl_ensure_upper_and_switch) result=0x0
              dd-4251    [001] .....    16.650035: ovldiag_write: (ovl_write_iter+0x136/0x1b0 <- backing_file_write_iter) result=0x1000
             cat-4256    [000] .....    16.652669: ovldiag_open: (ovl_open+0xb2/0x100 <- ovl_open_realfile) result=0xffff88800dce5600
             cat-4258    [001] .....    16.655081: ovldiag_open: (ovl_open+0xb2/0x100 <- ovl_open_realfile) result=0xffff888004697f00
              dd-4261    [000] .....    16.656777: ovldiag_open: (ovl_open+0xb2/0x100 <- ovl_open_realfile) result=0xffff8880073c5500
              dd-4261    [000] .....    16.656833: ovldiag_ensure: (ovl_write_iter+0xaf/0x1b0 <- ovl_ensure_upper_and_switch) result=0x0
              dd-4261    [000] .....    16.656849: ovldiag_write: (ovl_write_iter+0x136/0x1b0 <- backing_file_write_iter) result=0x1000
              dd-4262    [001] .....    16.657075: ovldiag_open: (ovl_open+0xb2/0x100 <- ovl_open_realfile) result=0xffff8880047f6000
              dd-4262    [001] .....    16.657102: ovldiag_ensure: (ovl_write_iter+0xaf/0x1b0 <- ovl_ensure_upper_and_switch) result=0x0
              dd-4262    [001] .....    16.657120: ovldiag_write: (ovl_write_iter+0x136/0x1b0 <- backing_file_write_iter) result=0x1000
             cat-4263    [001] .....    16.658108: ovldiag_open: (ovl_open+0xb2/0x100 <- ovl_open_realfile) result=0xffff888006210500
             cat-4268    [000] .....    16.660781: ovldiag_open: (ovl_open+0xb2/0x100 <- ovl_open_realfile) result=0xffff88800dd07600
             cat-4269    [001] .....    16.662113: ovldiag_open: (ovl_open+0xb2/0x100 <- ovl_open_realfile) result=0xffff88800842af00
              dd-4274    [001] .....    16.664738: ovldiag_open: (ovl_open+0xb2/0x100 <- ovl_open_realfile) result=0xffff88800732b400
              dd-4274    [001] .....    16.664765: ovldiag_ensure: (ovl_write_iter+0xaf/0x1b0 <- ovl_ensure_upper_and_switch) result=0x0
              dd-4274    [001] .....    16.664781: ovldiag_write: (ovl_write_iter+0x136/0x1b0 <- backing_file_write_iter) result=0x1000
              dd-4273    [001] .....    16.665476: ovldiag_open: (ovl_open+0xb2/0x100 <- ovl_open_realfile) result=0xffff88800842aa00
              dd-4273    [001] .....    16.665504: ovldiag_ensure: (ovl_write_iter+0xaf/0x1b0 <- ovl_ensure_upper_and_switch) result=0x0
              dd-4273    [001] .....    16.665514: ovldiag_write: (ovl_write_iter+0x136/0x1b0 <- backing_file_write_iter) result=0x1000
             cat-4278    [001] .....    16.667563: ovldiag_open: (ovl_open+0xb2/0x100 <- ovl_open_realfile) result=0xffff88800717be00
              dd-4282    [000] .....    16.670297: ovldiag_open: (ovl_open+0xb2/0x100 <- ovl_open_realfile) result=0xffff888004578100
              dd-4282    [000] .....    16.670328: ovldiag_ensure: (ovl_write_iter+0xaf/0x1b0 <- ovl_ensure_upper_and_switch) result=0x0
              dd-4282    [000] .....    16.670344: ovldiag_write: (ovl_write_iter+0x136/0x1b0 <- backing_file_write_iter) result=0x1000
             cat-4281    [001] .....    16.671153: ovldiag_open: (ovl_open+0xb2/0x100 <- ovl_open_realfile) result=0xffff8880047ec200
             cat-4284    [000] .....    16.671601: ovldiag_open: (ovl_open+0xb2/0x100 <- ovl_open_realfile) result=0xffff8880071e8700
              dd-4286    [001] .....    16.672709: ovldiag_open: (ovl_open+0xb2/0x100 <- ovl_open_realfile) result=0xffff888007377500
              dd-4286    [001] .....    16.672740: ovldiag_ensure: (ovl_write_iter+0xaf/0x1b0 <- ovl_ensure_upper_and_switch) result=0x0
              dd-4286    [001] .....    16.672756: ovldiag_write: (ovl_write_iter+0x136/0x1b0 <- backing_file_write_iter) result=0x1000
             cat-4291    [000] .....    16.675686: ovldiag_open: (ovl_open+0xb2/0x100 <- ovl_open_realfile) result=0xffff8880071e9f00
              dd-4295    [001] .....    16.678108: ovldiag_open: (ovl_open+0xb2/0x100 <- ovl_open_realfile) result=0xffff888007377600
              dd-4295    [001] .....    16.678138: ovldiag_ensure: (ovl_write_iter+0xaf/0x1b0 <- ovl_ensure_upper_and_switch) result=0x0
              dd-4295    [001] .....    16.678154: ovldiag_write: (ovl_write_iter+0x136/0x1b0 <- backing_file_write_iter) result=0x1000
             cat-4293    [000] .....    16.678508: ovldiag_open: (ovl_open+0xb2/0x100 <- ovl_open_realfile) result=0xffff888008411500
              dd-4297    [000] .....    16.680863: ovldiag_open: (ovl_open+0xb2/0x100 <- ovl_open_realfile) result=0xffff88800dcfe500
              dd-4297    [000] .....    16.680892: ovldiag_ensure: (ovl_write_iter+0xaf/0x1b0 <- ovl_ensure_upper_and_switch) result=0x0
              dd-4297    [000] .....    16.680908: ovldiag_write: (ovl_write_iter+0x136/0x1b0 <- backing_file_write_iter) result=0x1000
             cat-4302    [000] .....    16.682691: ovldiag_open: (ovl_open+0xb2/0x100 <- ovl_open_realfile) result=0xffff88800870bb00
             cat-4303    [001] .....    16.683512: ovldiag_open: (ovl_open+0xb2/0x100 <- ovl_open_realfile) result=0xffff8880070d2300
              dd-4306    [001] .....    16.685437: ovldiag_open: (ovl_open+0xb2/0x100 <- ovl_open_realfile) result=0xffff8880047ff300
              dd-4306    [001] .....    16.685468: ovldiag_ensure: (ovl_write_iter+0xaf/0x1b0 <- ovl_ensure_upper_and_switch) result=0x0
              dd-4306    [001] .....    16.685485: ovldiag_write: (ovl_write_iter+0x136/0x1b0 <- backing_file_write_iter) result=0x1000
              dd-4307    [000] .....    16.685739: ovldiag_open: (ovl_open+0xb2/0x100 <- ovl_open_realfile) result=0xffff8880070ce500
              dd-4307    [000] .....    16.685770: ovldiag_ensure: (ovl_write_iter+0xaf/0x1b0 <- ovl_ensure_upper_and_switch) result=0x0
              dd-4307    [000] .....    16.685787: ovldiag_write: (ovl_write_iter+0x136/0x1b0 <- backing_file_write_iter) result=0x1000
             cat-4312    [000] .....    16.688843: ovldiag_open: (ovl_open+0xb2/0x100 <- ovl_open_realfile) result=0xffff888004445300
             cat-4313    [001] .....    16.689886: ovldiag_open: (ovl_open+0xb2/0x100 <- ovl_open_realfile) result=0xffff888006217f00
              dd-4316    [001] .....    16.691603: ovldiag_open: (ovl_open+0xb2/0x100 <- ovl_open_realfile) result=0xffff888007105100
              dd-4316    [001] .....    16.691635: ovldiag_ensure: (ovl_write_iter+0xaf/0x1b0 <- ovl_ensure_upper_and_switch) result=0x0
              dd-4316    [001] .....    16.691651: ovldiag_write: (ovl_write_iter+0x136/0x1b0 <- backing_file_write_iter) result=0x1000
              dd-4320    [001] .....    16.694038: ovldiag_open: (ovl_open+0xb2/0x100 <- ovl_open_realfile) result=0xffff88800dde7b00
              dd-4320    [001] .....    16.694068: ovldiag_ensure: (ovl_write_iter+0xaf/0x1b0 <- ovl_ensure_upper_and_switch) result=0x0
              dd-4320    [001] .....    16.694085: ovldiag_write: (ovl_write_iter+0x136/0x1b0 <- backing_file_write_iter) result=0x1000
             cat-4321    [000] .....    16.694626: ovldiag_open: (ovl_open+0xb2/0x100 <- ovl_open_realfile) result=0xffff888007171b00
             cat-4322    [001] .....    16.695522: ovldiag_open: (ovl_open+0xb2/0x100 <- ovl_open_realfile) result=0xffff888008411e00
              dd-4327    [001] .....    16.698532: ovldiag_open: (ovl_open+0xb2/0x100 <- ovl_open_realfile) result=0xffff888007154600
              dd-4327    [001] .....    16.698560: ovldiag_ensure: (ovl_write_iter+0xaf/0x1b0 <- ovl_ensure_upper_and_switch) result=0x0
              dd-4327    [001] .....    16.698576: ovldiag_write: (ovl_write_iter+0x136/0x1b0 <- backing_file_write_iter) result=0x1000
             cat-4328    [001] .....    16.700030: ovldiag_open: (ovl_open+0xb2/0x100 <- ovl_open_realfile) result=0xffff88800dcc4200
              dd-4331    [001] .....    16.701105: ovldiag_open: (ovl_open+0xb2/0x100 <- ovl_open_realfile) result=0xffff888007168700
              dd-4331    [001] .....    16.701135: ovldiag_ensure: (ovl_write_iter+0xaf/0x1b0 <- ovl_ensure_upper_and_switch) result=0x0
              dd-4331    [001] .....    16.701152: ovldiag_write: (ovl_write_iter+0x136/0x1b0 <- backing_file_write_iter) result=0x1000
             cat-4332    [001] .....    16.701731: ovldiag_open: (ovl_open+0xb2/0x100 <- ovl_open_realfile) result=0xffff888004445300
             cat-4337    [000] .....    16.703939: ovldiag_open: (ovl_open+0xb2/0x100 <- ovl_open_realfile) result=0xffff88800716a200
              dd-4338    [001] .....    16.705377: ovldiag_open: (ovl_open+0xb2/0x100 <- ovl_open_realfile) result=0xffff88800cbc0600
              dd-4338    [001] .....    16.705408: ovldiag_ensure: (ovl_write_iter+0xaf/0x1b0 <- ovl_ensure_upper_and_switch) result=0x0
              dd-4338    [001] .....    16.705424: ovldiag_write: (ovl_write_iter+0x136/0x1b0 <- backing_file_write_iter) result=0x1000
             cat-4342    [000] .....    16.706936: ovldiag_open: (ovl_open+0xb2/0x100 <- ovl_open_realfile) result=0xffff8880047ff500
              dd-4345    [001] .....    16.709128: ovldiag_open: (ovl_open+0xb2/0x100 <- ovl_open_realfile) result=0xffff88800dea2800
              dd-4345    [001] .....    16.709159: ovldiag_ensure: (ovl_write_iter+0xaf/0x1b0 <- ovl_ensure_upper_and_switch) result=0x0
              dd-4345    [001] .....    16.709175: ovldiag_write: (ovl_write_iter+0x136/0x1b0 <- backing_file_write_iter) result=0x1000
              dd-4348    [001] .....    16.711447: ovldiag_open: (ovl_open+0xb2/0x100 <- ovl_open_realfile) result=0xffff88800de7d000
              dd-4348    [001] .....    16.711475: ovldiag_ensure: (ovl_write_iter+0xaf/0x1b0 <- ovl_ensure_upper_and_switch) result=0x0
              dd-4348    [001] .....    16.711491: ovldiag_write: (ovl_write_iter+0x136/0x1b0 <- backing_file_write_iter) result=0x1000
             cat-4349    [000] .....    16.711619: ovldiag_open: (ovl_open+0xb2/0x100 <- ovl_open_realfile) result=0xffff88800de16500
             cat-4351    [000] .....    16.713935: ovldiag_open: (ovl_open+0xb2/0x100 <- ovl_open_realfile) result=0xffff8880047ff100
              dd-4353    [001] .....    16.714092: ovldiag_open: (ovl_open+0xb2/0x100 <- ovl_open_realfile) result=0xffff88800870b700
              dd-4353    [001] .....    16.714123: ovldiag_ensure: (ovl_write_iter+0xaf/0x1b0 <- ovl_ensure_upper_and_switch) result=0x0
              dd-4353    [001] .....    16.714139: ovldiag_write: (ovl_write_iter+0x136/0x1b0 <- backing_file_write_iter) result=0x1000
             cat-4359    [000] .....    16.717697: ovldiag_open: (ovl_open+0xb2/0x100 <- ovl_open_realfile) result=0xffff888006100f00
             cat-4357    [001] .....    16.718152: ovldiag_open: (ovl_open+0xb2/0x100 <- ovl_open_realfile) result=0xffff88800842a000
              dd-4360    [000] .....    16.719306: ovldiag_open: (ovl_open+0xb2/0x100 <- ovl_open_realfile) result=0xffff888007168900
              dd-4360    [000] .....    16.719333: ovldiag_ensure: (ovl_write_iter+0xaf/0x1b0 <- ovl_ensure_upper_and_switch) result=0x0
              dd-4360    [000] .....    16.719349: ovldiag_write: (ovl_write_iter+0x136/0x1b0 <- backing_file_write_iter) result=0x1000
             cat-4367    [000] .....    16.722895: ovldiag_open: (ovl_open+0xb2/0x100 <- ovl_open_realfile) result=0xffff88800de8de00
              dd-4365    [000] .....    16.723466: ovldiag_open: (ovl_open+0xb2/0x100 <- ovl_open_realfile) result=0xffff88800de16100
              dd-4365    [000] .....    16.723492: ovldiag_ensure: (ovl_write_iter+0xaf/0x1b0 <- ovl_ensure_upper_and_switch) result=0x0
              dd-4365    [000] .....    16.723507: ovldiag_write: (ovl_write_iter+0x136/0x1b0 <- backing_file_write_iter) result=0x1000
              dd-4369    [001] .....    16.723966: ovldiag_open: (ovl_open+0xb2/0x100 <- ovl_open_realfile) result=0xffff88800610ef00
              dd-4369    [001] .....    16.723996: ovldiag_ensure: (ovl_write_iter+0xaf/0x1b0 <- ovl_ensure_upper_and_switch) result=0x0
              dd-4369    [001] .....    16.724012: ovldiag_write: (ovl_write_iter+0x136/0x1b0 <- backing_file_write_iter) result=0x1000
             cat-4368    [000] .....    16.724657: ovldiag_open: (ovl_open+0xb2/0x100 <- ovl_open_realfile) result=0xffff88800dea8e00
              dd-4373    [001] .....    16.727069: ovldiag_open: (ovl_open+0xb2/0x100 <- ovl_open_realfile) result=0xffff88800842ab00
              dd-4373    [001] .....    16.727099: ovldiag_ensure: (ovl_write_iter+0xaf/0x1b0 <- ovl_ensure_upper_and_switch) result=0x0
              dd-4373    [001] .....    16.727115: ovldiag_write: (ovl_write_iter+0x136/0x1b0 <- backing_file_write_iter) result=0x1000
             cat-4376    [001] .....    16.728760: ovldiag_open: (ovl_open+0xb2/0x100 <- ovl_open_realfile) result=0xffff8880071e8700
             cat-4377    [000] .....    16.730268: ovldiag_open: (ovl_open+0xb2/0x100 <- ovl_open_realfile) result=0xffff888006327900
              dd-4382    [001] .....    16.732727: ovldiag_open: (ovl_open+0xb2/0x100 <- ovl_open_realfile) result=0xffff88800cb06500
              dd-4382    [001] .....    16.732754: ovldiag_ensure: (ovl_write_iter+0xaf/0x1b0 <- ovl_ensure_upper_and_switch) result=0x0
              dd-4382    [001] .....    16.732771: ovldiag_write: (ovl_write_iter+0x136/0x1b0 <- backing_file_write_iter) result=0x1000
             cat-4386    [001] .....    16.735441: ovldiag_open: (ovl_open+0xb2/0x100 <- ovl_open_realfile) result=0xffff8880086dd300
             cat-4387    [000] .....    16.735690: ovldiag_open: (ovl_open+0xb2/0x100 <- ovl_open_realfile) result=0xffff888007377e00
              dd-4390    [001] .....    16.737974: ovldiag_open: (ovl_open+0xb2/0x100 <- ovl_open_realfile) result=0xffff88800716a800
              dd-4390    [001] .....    16.738004: ovldiag_ensure: (ovl_write_iter+0xaf/0x1b0 <- ovl_ensure_upper_and_switch) result=0x0
              dd-4390    [001] .....    16.738021: ovldiag_write: (ovl_write_iter+0x136/0x1b0 <- backing_file_write_iter) result=0x1000
              dd-4393    [001] .....    16.739732: ovldiag_open: (ovl_open+0xb2/0x100 <- ovl_open_realfile) result=0xffff88800842a100
              dd-4393    [001] .....    16.739759: ovldiag_ensure: (ovl_write_iter+0xaf/0x1b0 <- ovl_ensure_upper_and_switch) result=0x0
              dd-4393    [001] .....    16.739775: ovldiag_write: (ovl_write_iter+0x136/0x1b0 <- backing_file_write_iter) result=0x1000
             cat-4394    [000] .....    16.740252: ovldiag_open: (ovl_open+0xb2/0x100 <- ovl_open_realfile) result=0xffff88800c99f900
             cat-4395    [001] .....    16.741487: ovldiag_open: (ovl_open+0xb2/0x100 <- ovl_open_realfile) result=0xffff8880086ddc00
              dd-4401    [001] .....    16.745666: ovldiag_open: (ovl_open+0xb2/0x100 <- ovl_open_realfile) result=0xffff88800cbf2600
              dd-4401    [001] .....    16.745701: ovldiag_ensure: (ovl_write_iter+0xaf/0x1b0 <- ovl_ensure_upper_and_switch) result=0x0
              dd-4401    [001] .....    16.745717: ovldiag_write: (ovl_write_iter+0x136/0x1b0 <- backing_file_write_iter) result=0x1000
              dd-4403    [000] .....    16.745740: ovldiag_open: (ovl_open+0xb2/0x100 <- ovl_open_realfile) result=0xffff88800de64f00
              dd-4403    [000] .....    16.745768: ovldiag_ensure: (ovl_write_iter+0xaf/0x1b0 <- ovl_ensure_upper_and_switch) result=0x0
              dd-4403    [000] .....    16.745785: ovldiag_write: (ovl_write_iter+0x136/0x1b0 <- backing_file_write_iter) result=0x1000
             cat-4404    [000] .....    16.746729: ovldiag_open: (ovl_open+0xb2/0x100 <- ovl_open_realfile) result=0xffff8880047f6600
             cat-4408    [000] .....    16.748709: ovldiag_open: (ovl_open+0xb2/0x100 <- ovl_open_realfile) result=0xffff88800dc41f00
             cat-4411    [000] .....    16.750737: ovldiag_open: (ovl_open+0xb2/0x100 <- ovl_open_realfile) result=0xffff888006217a00
             cat-4413    [001] .....    16.752005: ovldiag_open: (ovl_open+0xb2/0x100 <- ovl_open_realfile) result=0xffff888007154600
              dd-4412    [001] .....    16.755180: ovldiag_open: (ovl_open+0xb2/0x100 <- ovl_open_realfile) result=0xffff8880061ff800
              dd-4412    [001] .....    16.755222: ovldiag_ensure: (ovl_write_iter+0xaf/0x1b0 <- ovl_ensure_upper_and_switch) result=0x0
              dd-4412    [001] .....    16.755239: ovldiag_write: (ovl_write_iter+0x136/0x1b0 <- backing_file_write_iter) result=0x1000
              dd-4418    [001] .....    16.756414: ovldiag_open: (ovl_open+0xb2/0x100 <- ovl_open_realfile) result=0xffff88800842af00
              dd-4418    [001] .....    16.756443: ovldiag_ensure: (ovl_write_iter+0xaf/0x1b0 <- ovl_ensure_upper_and_switch) result=0x0
              dd-4418    [001] .....    16.756458: ovldiag_write: (ovl_write_iter+0x136/0x1b0 <- backing_file_write_iter) result=0x1000
             cat-4421    [000] .....    16.757625: ovldiag_open: (ovl_open+0xb2/0x100 <- ovl_open_realfile) result=0xffff88800de57200
              dd-4423    [001] .....    16.758924: ovldiag_open: (ovl_open+0xb2/0x100 <- ovl_open_realfile) result=0xffff888006327900
              dd-4423    [001] .....    16.758955: ovldiag_ensure: (ovl_write_iter+0xaf/0x1b0 <- ovl_ensure_upper_and_switch) result=0x0
              dd-4423    [001] .....    16.758971: ovldiag_write: (ovl_write_iter+0x136/0x1b0 <- backing_file_write_iter) result=0x1000
              dd-4425    [001] .....    16.760299: ovldiag_open: (ovl_open+0xb2/0x100 <- ovl_open_realfile) result=0xffff88800cbf4800
              dd-4425    [001] .....    16.760328: ovldiag_ensure: (ovl_write_iter+0xaf/0x1b0 <- ovl_ensure_upper_and_switch) result=0x0
              dd-4425    [001] .....    16.760344: ovldiag_write: (ovl_write_iter+0x136/0x1b0 <- backing_file_write_iter) result=0x1000
             cat-4427    [000] .....    16.761437: ovldiag_open: (ovl_open+0xb2/0x100 <- ovl_open_realfile) result=0xffff88800dce5000
             cat-4431    [001] .....    16.763715: ovldiag_open: (ovl_open+0xb2/0x100 <- ovl_open_realfile) result=0xffff88800621b700
             cat-4433    [000] .....    16.764979: ovldiag_open: (ovl_open+0xb2/0x100 <- ovl_open_realfile) result=0xffff88800842bb00
             cat-4438    [001] .....    16.767861: ovldiag_open: (ovl_open+0xb2/0x100 <- ovl_open_realfile) result=0xffff888007377f00
              dd-4439    [000] .....    16.768702: ovldiag_open: (ovl_open+0xb2/0x100 <- ovl_open_realfile) result=0xffff888007167100
              dd-4439    [000] .....    16.768731: ovldiag_ensure: (ovl_write_iter+0xaf/0x1b0 <- ovl_ensure_upper_and_switch) result=0x0
              dd-4439    [000] .....    16.768747: ovldiag_write: (ovl_write_iter+0x136/0x1b0 <- backing_file_write_iter) result=0x1000
              dd-4441    [001] .....    16.769425: ovldiag_open: (ovl_open+0xb2/0x100 <- ovl_open_realfile) result=0xffff888006210f00
              dd-4441    [001] .....    16.769454: ovldiag_ensure: (ovl_write_iter+0xaf/0x1b0 <- ovl_ensure_upper_and_switch) result=0x0
              dd-4441    [001] .....    16.769472: ovldiag_write: (ovl_write_iter+0x136/0x1b0 <- backing_file_write_iter) result=0x1000
             cat-4445    [000] .....    16.772191: ovldiag_open: (ovl_open+0xb2/0x100 <- ovl_open_realfile) result=0xffff8880070ce000
             cat-4446    [000] .....    16.773267: ovldiag_open: (ovl_open+0xb2/0x100 <- ovl_open_realfile) result=0xffff88800621b600
              dd-4447    [001] .....    16.773330: ovldiag_open: (ovl_open+0xb2/0x100 <- ovl_open_realfile) result=0xffff88800a2b9c00
              dd-4447    [001] .....    16.773357: ovldiag_ensure: (ovl_write_iter+0xaf/0x1b0 <- ovl_ensure_upper_and_switch) result=0x0
              dd-4447    [001] .....    16.773373: ovldiag_write: (ovl_write_iter+0x136/0x1b0 <- backing_file_write_iter) result=0x1000
              dd-4452    [001] .....    16.775661: ovldiag_open: (ovl_open+0xb2/0x100 <- ovl_open_realfile) result=0xffff88800dd1c900
              dd-4452    [001] .....    16.775688: ovldiag_ensure: (ovl_write_iter+0xaf/0x1b0 <- ovl_ensure_upper_and_switch) result=0x0
              dd-4452    [001] .....    16.775704: ovldiag_write: (ovl_write_iter+0x136/0x1b0 <- backing_file_write_iter) result=0x1000
             cat-4450    [000] .....    16.776148: ovldiag_open: (ovl_open+0xb2/0x100 <- ovl_open_realfile) result=0xffff88800df04000
             cat-4454    [000] .....    16.778681: ovldiag_open: (ovl_open+0xb2/0x100 <- ovl_open_realfile) result=0xffff88800842bc00
              dd-4460    [000] .....    16.782110: ovldiag_open: (ovl_open+0xb2/0x100 <- ovl_open_realfile) result=0xffff88800717b500
              dd-4460    [000] .....    16.782141: ovldiag_ensure: (ovl_write_iter+0xaf/0x1b0 <- ovl_ensure_upper_and_switch) result=0x0
              dd-4460    [000] .....    16.782157: ovldiag_write: (ovl_write_iter+0x136/0x1b0 <- backing_file_write_iter) result=0x1000
              dd-4462    [001] .....    16.783351: ovldiag_open: (ovl_open+0xb2/0x100 <- ovl_open_realfile) result=0xffff88800dd1d700
              dd-4462    [001] .....    16.783382: ovldiag_ensure: (ovl_write_iter+0xaf/0x1b0 <- ovl_ensure_upper_and_switch) result=0x0
              dd-4462    [001] .....    16.783397: ovldiag_write: (ovl_write_iter+0x136/0x1b0 <- backing_file_write_iter) result=0x1000
             cat-4464    [000] .....    16.784458: ovldiag_open: (ovl_open+0xb2/0x100 <- ovl_open_realfile) result=0xffff888004697400
              dd-4467    [001] .....    16.785835: ovldiag_open: (ovl_open+0xb2/0x100 <- ovl_open_realfile) result=0xffff888004530100
              dd-4467    [001] .....    16.785863: ovldiag_ensure: (ovl_write_iter+0xaf/0x1b0 <- ovl_ensure_upper_and_switch) result=0x0
              dd-4467    [001] .....    16.785880: ovldiag_write: (ovl_write_iter+0x136/0x1b0 <- backing_file_write_iter) result=0x1000
             cat-4471    [001] .....    16.788017: ovldiag_open: (ovl_open+0xb2/0x100 <- ovl_open_realfile) result=0xffff88800dc4cc00
             cat-4470    [000] .....    16.788237: ovldiag_open: (ovl_open+0xb2/0x100 <- ovl_open_realfile) result=0xffff8880045f5c00
             cat-4475    [000] .....    16.789693: ovldiag_open: (ovl_open+0xb2/0x100 <- ovl_open_realfile) result=0xffff8880086dd000
              dd-4472    [001] .....    16.789795: ovldiag_open: (ovl_open+0xb2/0x100 <- ovl_open_realfile) result=0xffff888004269600
              dd-4472    [001] .....    16.791606: ovldiag_ensure: (ovl_write_iter+0xaf/0x1b0 <- ovl_ensure_upper_and_switch) result=0x0
              dd-4472    [001] .....    16.791625: ovldiag_write: (ovl_write_iter+0x136/0x1b0 <- backing_file_write_iter) result=0x1000
             cat-4481    [000] .....    16.794663: ovldiag_open: (ovl_open+0xb2/0x100 <- ovl_open_realfile) result=0xffff88800717bb00
              dd-4482    [001] .....    16.795664: ovldiag_open: (ovl_open+0xb2/0x100 <- ovl_open_realfile) result=0xffff8880047f6600
              dd-4482    [001] .....    16.795692: ovldiag_ensure: (ovl_write_iter+0xaf/0x1b0 <- ovl_ensure_upper_and_switch) result=0x0
              dd-4482    [001] .....    16.795709: ovldiag_write: (ovl_write_iter+0x136/0x1b0 <- backing_file_write_iter) result=0x1000
              dd-4483    [000] .....    16.796960: ovldiag_open: (ovl_open+0xb2/0x100 <- ovl_open_realfile) result=0xffff88800dd0ab00
              dd-4483    [000] .....    16.796992: ovldiag_ensure: (ovl_write_iter+0xaf/0x1b0 <- ovl_ensure_upper_and_switch) result=0x0
              dd-4483    [000] .....    16.797007: ovldiag_write: (ovl_write_iter+0x136/0x1b0 <- backing_file_write_iter) result=0x1000
             cat-4488    [000] .....    16.798678: ovldiag_open: (ovl_open+0xb2/0x100 <- ovl_open_realfile) result=0xffff88800716f400
             cat-4489    [000] .....    16.799733: ovldiag_open: (ovl_open+0xb2/0x100 <- ovl_open_realfile) result=0xffff888007377c00
             cat-4490    [000] .....    16.800695: ovldiag_open: (ovl_open+0xb2/0x100 <- ovl_open_realfile) result=0xffff88800716a700
              dd-4492    [001] .....    16.802936: ovldiag_open: (ovl_open+0xb2/0x100 <- ovl_open_realfile) result=0xffff888007167800
              dd-4492    [001] .....    16.802967: ovldiag_ensure: (ovl_write_iter+0xaf/0x1b0 <- ovl_ensure_upper_and_switch) result=0x0
              dd-4492    [001] .....    16.802985: ovldiag_write: (ovl_write_iter+0x136/0x1b0 <- backing_file_write_iter) result=0x1000
             cat-4499    [001] .....    16.805560: ovldiag_open: (ovl_open+0xb2/0x100 <- ovl_open_realfile) result=0xffff8880047ec600
              dd-4498    [000] .....    16.807328: ovldiag_open: (ovl_open+0xb2/0x100 <- ovl_open_realfile) result=0xffff88800723a500
              dd-4498    [000] .....    16.807357: ovldiag_ensure: (ovl_write_iter+0xaf/0x1b0 <- ovl_ensure_upper_and_switch) result=0x0
              dd-4498    [000] .....    16.807372: ovldiag_write: (ovl_write_iter+0x136/0x1b0 <- backing_file_write_iter) result=0x1000
              dd-4503    [000] .....    16.808730: ovldiag_open: (ovl_open+0xb2/0x100 <- ovl_open_realfile) result=0xffff88800716a900
              dd-4503    [000] .....    16.808756: ovldiag_ensure: (ovl_write_iter+0xaf/0x1b0 <- ovl_ensure_upper_and_switch) result=0x0
              dd-4503    [000] .....    16.808771: ovldiag_write: (ovl_write_iter+0x136/0x1b0 <- backing_file_write_iter) result=0x1000
             cat-4504    [001] .....    16.809426: ovldiag_open: (ovl_open+0xb2/0x100 <- ovl_open_realfile) result=0xffff88800451b700
              dd-4506    [001] .....    16.810497: ovldiag_open: (ovl_open+0xb2/0x100 <- ovl_open_realfile) result=0xffff88800dea3b00
              dd-4506    [001] .....    16.810527: ovldiag_ensure: (ovl_write_iter+0xaf/0x1b0 <- ovl_ensure_upper_and_switch) result=0x0
              dd-4506    [001] .....    16.810542: ovldiag_write: (ovl_write_iter+0x136/0x1b0 <- backing_file_write_iter) result=0x1000
             cat-4508    [000] .....    16.812344: ovldiag_open: (ovl_open+0xb2/0x100 <- ovl_open_realfile) result=0xffff888004355b00
             cat-4511    [000] .....    16.813833: ovldiag_open: (ovl_open+0xb2/0x100 <- ovl_open_realfile) result=0xffff888007167700
             cat-4514    [001] .....    16.815287: ovldiag_open: (ovl_open+0xb2/0x100 <- ovl_open_realfile) result=0xffff888004530a00
              dd-4516    [001] .....    16.816670: ovldiag_open: (ovl_open+0xb2/0x100 <- ovl_open_realfile) result=0xffff88800621ba00
              dd-4516    [001] .....    16.816701: ovldiag_ensure: (ovl_write_iter+0xaf/0x1b0 <- ovl_ensure_upper_and_switch) result=0x0
              dd-4516    [001] .....    16.816718: ovldiag_write: (ovl_write_iter+0x136/0x1b0 <- backing_file_write_iter) result=0x1000
             cat-4522    [000] .....    16.820326: ovldiag_open: (ovl_open+0xb2/0x100 <- ovl_open_realfile) result=0xffff88800dccf600
              dd-4524    [000] .....    16.821738: ovldiag_open: (ovl_open+0xb2/0x100 <- ovl_open_realfile) result=0xffff888006217a00
              dd-4524    [000] .....    16.821768: ovldiag_ensure: (ovl_write_iter+0xaf/0x1b0 <- ovl_ensure_upper_and_switch) result=0x0
              dd-4524    [000] .....    16.821783: ovldiag_write: (ovl_write_iter+0x136/0x1b0 <- backing_file_write_iter) result=0x1000
              dd-4526    [000] .....    16.823249: ovldiag_open: (ovl_open+0xb2/0x100 <- ovl_open_realfile) result=0xffff88800de57b00
              dd-4526    [000] .....    16.823276: ovldiag_ensure: (ovl_write_iter+0xaf/0x1b0 <- ovl_ensure_upper_and_switch) result=0x0
              dd-4526    [000] .....    16.823291: ovldiag_write: (ovl_write_iter+0x136/0x1b0 <- backing_file_write_iter) result=0x1000
              dd-4529    [001] .....    16.825042: ovldiag_open: (ovl_open+0xb2/0x100 <- ovl_open_realfile) result=0xffff88800842b100
              dd-4529    [001] .....    16.825073: ovldiag_ensure: (ovl_write_iter+0xaf/0x1b0 <- ovl_ensure_upper_and_switch) result=0x0
              dd-4529    [001] .....    16.825089: ovldiag_write: (ovl_write_iter+0x136/0x1b0 <- backing_file_write_iter) result=0x1000
             cat-4531    [000] .....    16.826690: ovldiag_open: (ovl_open+0xb2/0x100 <- ovl_open_realfile) result=0xffff88800732a700
             cat-4530    [000] .....    16.827041: ovldiag_open: (ovl_open+0xb2/0x100 <- ovl_open_realfile) result=0xffff8880070cea00
             cat-4532    [001] .....    16.827099: ovldiag_open: (ovl_open+0xb2/0x100 <- ovl_open_realfile) result=0xffff8880071e9f00
              dd-4539    [001] .....    16.830605: ovldiag_open: (ovl_open+0xb2/0x100 <- ovl_open_realfile) result=0xffff88800732a600
              dd-4539    [001] .....    16.830632: ovldiag_ensure: (ovl_write_iter+0xaf/0x1b0 <- ovl_ensure_upper_and_switch) result=0x0
              dd-4539    [001] .....    16.830649: ovldiag_write: (ovl_write_iter+0x136/0x1b0 <- backing_file_write_iter) result=0x1000
             cat-4538    [000] .....    16.831724: ovldiag_open: (ovl_open+0xb2/0x100 <- ovl_open_realfile) result=0xffff88800dddcf00
              dd-4544    [000] .....    16.834221: ovldiag_open: (ovl_open+0xb2/0x100 <- ovl_open_realfile) result=0xffff88800732ca00
              dd-4544    [000] .....    16.834249: ovldiag_ensure: (ovl_write_iter+0xaf/0x1b0 <- ovl_ensure_upper_and_switch) result=0x0
              dd-4544    [000] .....    16.834264: ovldiag_write: (ovl_write_iter+0x136/0x1b0 <- backing_file_write_iter) result=0x1000
              dd-4547    [001] .....    16.836621: ovldiag_open: (ovl_open+0xb2/0x100 <- ovl_open_realfile) result=0xffff88800717b300
              dd-4547    [001] .....    16.836652: ovldiag_ensure: (ovl_write_iter+0xaf/0x1b0 <- ovl_ensure_upper_and_switch) result=0x0
              dd-4547    [001] .....    16.836669: ovldiag_write: (ovl_write_iter+0x136/0x1b0 <- backing_file_write_iter) result=0x1000
             cat-4548    [000] .....    16.836920: ovldiag_open: (ovl_open+0xb2/0x100 <- ovl_open_realfile) result=0xffff88800621b500
              dd-4552    [001] .....    16.839146: ovldiag_open: (ovl_open+0xb2/0x100 <- ovl_open_realfile) result=0xffff888006217f00
              dd-4552    [001] .....    16.839176: ovldiag_ensure: (ovl_write_iter+0xaf/0x1b0 <- ovl_ensure_upper_and_switch) result=0x0
              dd-4552    [001] .....    16.839192: ovldiag_write: (ovl_write_iter+0x136/0x1b0 <- backing_file_write_iter) result=0x1000
             cat-4551    [000] .....    16.839595: ovldiag_open: (ovl_open+0xb2/0x100 <- ovl_open_realfile) result=0xffff8880045c9700
             cat-4553    [001] .....    16.840362: ovldiag_open: (ovl_open+0xb2/0x100 <- ovl_open_realfile) result=0xffff8880073c5600
              dd-4561    [001] .....    16.844728: ovldiag_open: (ovl_open+0xb2/0x100 <- ovl_open_realfile) result=0xffff88800717b300
              dd-4561    [001] .....    16.844758: ovldiag_ensure: (ovl_write_iter+0xaf/0x1b0 <- ovl_ensure_upper_and_switch) result=0x0
              dd-4561    [001] .....    16.844773: ovldiag_write: (ovl_write_iter+0x136/0x1b0 <- backing_file_write_iter) result=0x1000
             cat-4559    [000] .....    16.845473: ovldiag_open: (ovl_open+0xb2/0x100 <- ovl_open_realfile) result=0xffff8880047f0500
              dd-4563    [001] .....    16.846785: ovldiag_open: (ovl_open+0xb2/0x100 <- ovl_open_realfile) result=0xffff888004697900
              dd-4563    [001] .....    16.846862: ovldiag_ensure: (ovl_write_iter+0xaf/0x1b0 <- ovl_ensure_upper_and_switch) result=0x0
              dd-4563    [001] .....    16.846878: ovldiag_write: (ovl_write_iter+0x136/0x1b0 <- backing_file_write_iter) result=0x1000
             cat-4566    [000] .....    16.848676: ovldiag_open: (ovl_open+0xb2/0x100 <- ovl_open_realfile) result=0xffff888007154000
              dd-4568    [001] .....    16.849197: ovldiag_open: (ovl_open+0xb2/0x100 <- ovl_open_realfile) result=0xffff888007105500
              dd-4568    [001] .....    16.849236: ovldiag_ensure: (ovl_write_iter+0xaf/0x1b0 <- ovl_ensure_upper_and_switch) result=0x0
              dd-4568    [001] .....    16.849253: ovldiag_write: (ovl_write_iter+0x136/0x1b0 <- backing_file_write_iter) result=0x1000
             cat-4571    [001] .....    16.851218: ovldiag_open: (ovl_open+0xb2/0x100 <- ovl_open_realfile) result=0xffff88800842be00
             cat-4570    [001] .....    16.851783: ovldiag_open: (ovl_open+0xb2/0x100 <- ovl_open_realfile) result=0xffff88800702aa00
              dd-4574    [001] .....    16.853201: ovldiag_open: (ovl_open+0xb2/0x100 <- ovl_open_realfile) result=0xffff88800723af00
              dd-4574    [001] .....    16.853241: ovldiag_ensure: (ovl_write_iter+0xaf/0x1b0 <- ovl_ensure_upper_and_switch) result=0x0
              dd-4574    [001] .....    16.853256: ovldiag_write: (ovl_write_iter+0x136/0x1b0 <- backing_file_write_iter) result=0x1000
             cat-4580    [000] .....    16.857261: ovldiag_open: (ovl_open+0xb2/0x100 <- ovl_open_realfile) result=0xffff888006209800
              dd-4581    [001] .....    16.857561: ovldiag_open: (ovl_open+0xb2/0x100 <- ovl_open_realfile) result=0xffff88800621b200
              dd-4581    [001] .....    16.857589: ovldiag_ensure: (ovl_write_iter+0xaf/0x1b0 <- ovl_ensure_upper_and_switch) result=0x0
              dd-4581    [001] .....    16.857605: ovldiag_write: (ovl_write_iter+0x136/0x1b0 <- backing_file_write_iter) result=0x1000
              dd-4584    [001] .....    16.859983: ovldiag_open: (ovl_open+0xb2/0x100 <- ovl_open_realfile) result=0xffff88800ddbff00
              dd-4584    [001] .....    16.860010: ovldiag_ensure: (ovl_write_iter+0xaf/0x1b0 <- ovl_ensure_upper_and_switch) result=0x0
              dd-4584    [001] .....    16.860027: ovldiag_write: (ovl_write_iter+0x136/0x1b0 <- backing_file_write_iter) result=0x1000
              dd-4588    [001] .....    16.861772: ovldiag_open: (ovl_open+0xb2/0x100 <- ovl_open_realfile) result=0xffff8880047f6200
              dd-4588    [001] .....    16.861825: ovldiag_ensure: (ovl_write_iter+0xaf/0x1b0 <- ovl_ensure_upper_and_switch) result=0x0
              dd-4588    [001] .....    16.861841: ovldiag_write: (ovl_write_iter+0x136/0x1b0 <- backing_file_write_iter) result=0x1000
             cat-4589    [000] .....    16.862627: ovldiag_open: (ovl_open+0xb2/0x100 <- ovl_open_realfile) result=0xffff888007377900
             cat-4587    [001] .....    16.862679: ovldiag_open: (ovl_open+0xb2/0x100 <- ovl_open_realfile) result=0xffff88800717b700
             cat-4592    [001] .....    16.864777: ovldiag_open: (ovl_open+0xb2/0x100 <- ovl_open_realfile) result=0xffff8880070ce300
             cat-4596    [001] .....    16.867768: ovldiag_open: (ovl_open+0xb2/0x100 <- ovl_open_realfile) result=0xffff888006175900
              dd-4597    [001] .....    16.869226: ovldiag_open: (ovl_open+0xb2/0x100 <- ovl_open_realfile) result=0xffff8880070d2300
              dd-4597    [001] .....    16.869254: ovldiag_ensure: (ovl_write_iter+0xaf/0x1b0 <- ovl_ensure_upper_and_switch) result=0x0
              dd-4597    [001] .....    16.869269: ovldiag_write: (ovl_write_iter+0x136/0x1b0 <- backing_file_write_iter) result=0x1000
              dd-4603    [001] .....    16.871543: ovldiag_open: (ovl_open+0xb2/0x100 <- ovl_open_realfile) result=0xffff888006150e00
              dd-4603    [001] .....    16.871572: ovldiag_ensure: (ovl_write_iter+0xaf/0x1b0 <- ovl_ensure_upper_and_switch) result=0x0
              dd-4603    [001] .....    16.871587: ovldiag_write: (ovl_write_iter+0x136/0x1b0 <- backing_file_write_iter) result=0x1000
             cat-4604    [001] .....    16.872443: ovldiag_open: (ovl_open+0xb2/0x100 <- ovl_open_realfile) result=0xffff8880070d2500
              dd-4605    [000] .....    16.873097: ovldiag_open: (ovl_open+0xb2/0x100 <- ovl_open_realfile) result=0xffff888007154e00
              dd-4605    [000] .....    16.873131: ovldiag_ensure: (ovl_write_iter+0xaf/0x1b0 <- ovl_ensure_upper_and_switch) result=0x0
              dd-4605    [000] .....    16.873147: ovldiag_write: (ovl_write_iter+0x136/0x1b0 <- backing_file_write_iter) result=0x1000
             cat-4610    [000] .....    16.876102: ovldiag_open: (ovl_open+0xb2/0x100 <- ovl_open_realfile) result=0xffff888004355400
              dd-4611    [001] .....    16.876280: ovldiag_open: (ovl_open+0xb2/0x100 <- ovl_open_realfile) result=0xffff888006327e00
              dd-4611    [001] .....    16.876308: ovldiag_ensure: (ovl_write_iter+0xaf/0x1b0 <- ovl_ensure_upper_and_switch) result=0x0
              dd-4611    [001] .....    16.876324: ovldiag_write: (ovl_write_iter+0x136/0x1b0 <- backing_file_write_iter) result=0x1000
             cat-4609    [000] .....    16.876633: ovldiag_open: (ovl_open+0xb2/0x100 <- ovl_open_realfile) result=0xffff888008688a00
             cat-4615    [001] .....    16.880016: ovldiag_open: (ovl_open+0xb2/0x100 <- ovl_open_realfile) result=0xffff88800702ad00
              dd-4620    [001] .....    16.881589: ovldiag_open: (ovl_open+0xb2/0x100 <- ovl_open_realfile) result=0xffff888007171b00
              dd-4620    [001] .....    16.881616: ovldiag_ensure: (ovl_write_iter+0xaf/0x1b0 <- ovl_ensure_upper_and_switch) result=0x0
              dd-4620    [001] .....    16.881634: ovldiag_write: (ovl_write_iter+0x136/0x1b0 <- backing_file_write_iter) result=0x1000
             cat-4623    [000] .....    16.884861: ovldiag_open: (ovl_open+0xb2/0x100 <- ovl_open_realfile) result=0xffff888004530e00
              dd-4624    [001] .....    16.885042: ovldiag_open: (ovl_open+0xb2/0x100 <- ovl_open_realfile) result=0xffff888004355100
              dd-4624    [001] .....    16.885072: ovldiag_ensure: (ovl_write_iter+0xaf/0x1b0 <- ovl_ensure_upper_and_switch) result=0x0
              dd-4624    [001] .....    16.885095: ovldiag_write: (ovl_write_iter+0x136/0x1b0 <- backing_file_write_iter) result=0x1000
              dd-4625    [001] .....    16.886102: ovldiag_open: (ovl_open+0xb2/0x100 <- ovl_open_realfile) result=0xffff88800732b300
              dd-4625    [001] .....    16.886127: ovldiag_ensure: (ovl_write_iter+0xaf/0x1b0 <- ovl_ensure_upper_and_switch) result=0x0
              dd-4625    [001] .....    16.886140: ovldiag_write: (ovl_write_iter+0x136/0x1b0 <- backing_file_write_iter) result=0x1000
             cat-4627    [001] .....    16.887647: ovldiag_open: (ovl_open+0xb2/0x100 <- ovl_open_realfile) result=0xffff88800842ba00
             cat-4631    [001] .....    16.889763: ovldiag_open: (ovl_open+0xb2/0x100 <- ovl_open_realfile) result=0xffff888004530100
             cat-4632    [000] .....    16.889896: ovldiag_open: (ovl_open+0xb2/0x100 <- ovl_open_realfile) result=0xffff88800a28d500
              dd-4633    [001] .....    16.891111: ovldiag_open: (ovl_open+0xb2/0x100 <- ovl_open_realfile) result=0xffff8880070cf400
              dd-4633    [001] .....    16.891142: ovldiag_ensure: (ovl_write_iter+0xaf/0x1b0 <- ovl_ensure_upper_and_switch) result=0x0
              dd-4633    [001] .....    16.891158: ovldiag_write: (ovl_write_iter+0x136/0x1b0 <- backing_file_write_iter) result=0x1000
              dd-4639    [001] .....    16.894790: ovldiag_open: (ovl_open+0xb2/0x100 <- ovl_open_realfile) result=0xffff8880046d6f00
              dd-4639    [001] .....    16.894849: ovldiag_ensure: (ovl_write_iter+0xaf/0x1b0 <- ovl_ensure_upper_and_switch) result=0x0
              dd-4639    [001] .....    16.894866: ovldiag_write: (ovl_write_iter+0x136/0x1b0 <- backing_file_write_iter) result=0x1000
             cat-4642    [000] .....    16.896430: ovldiag_open: (ovl_open+0xb2/0x100 <- ovl_open_realfile) result=0xffff8880070ce400
             cat-4645    [001] .....    16.898831: ovldiag_open: (ovl_open+0xb2/0x100 <- ovl_open_realfile) result=0xffff888006210200
              dd-4649    [001] .....    16.900374: ovldiag_open: (ovl_open+0xb2/0x100 <- ovl_open_realfile) result=0xffff88800decc000
              dd-4649    [001] .....    16.900403: ovldiag_ensure: (ovl_write_iter+0xaf/0x1b0 <- ovl_ensure_upper_and_switch) result=0x0
              dd-4649    [001] .....    16.900420: ovldiag_write: (ovl_write_iter+0x136/0x1b0 <- backing_file_write_iter) result=0x1000
              dd-4648    [000] .....    16.900719: ovldiag_open: (ovl_open+0xb2/0x100 <- ovl_open_realfile) result=0xffff88800dd20a00
              dd-4648    [000] .....    16.900746: ovldiag_ensure: (ovl_write_iter+0xaf/0x1b0 <- ovl_ensure_upper_and_switch) result=0x0
              dd-4648    [000] .....    16.900763: ovldiag_write: (ovl_write_iter+0x136/0x1b0 <- backing_file_write_iter) result=0x1000
             cat-4652    [000] .....    16.902836: ovldiag_open: (ovl_open+0xb2/0x100 <- ovl_open_realfile) result=0xffff88800717b300
             cat-4653    [001] .....    16.903898: ovldiag_open: (ovl_open+0xb2/0x100 <- ovl_open_realfile) result=0xffff88800732b100
              dd-4657    [001] .....    16.905418: ovldiag_open: (ovl_open+0xb2/0x100 <- ovl_open_realfile) result=0xffff88800723ae00
              dd-4657    [001] .....    16.905444: ovldiag_ensure: (ovl_write_iter+0xaf/0x1b0 <- ovl_ensure_upper_and_switch) result=0x0
              dd-4657    [001] .....    16.905459: ovldiag_write: (ovl_write_iter+0x136/0x1b0 <- backing_file_write_iter) result=0x1000
              dd-4660    [001] .....    16.907709: ovldiag_open: (ovl_open+0xb2/0x100 <- ovl_open_realfile) result=0xffff88800de8d000
              dd-4660    [001] .....    16.907735: ovldiag_ensure: (ovl_write_iter+0xaf/0x1b0 <- ovl_ensure_upper_and_switch) result=0x0
              dd-4660    [001] .....    16.907751: ovldiag_write: (ovl_write_iter+0x136/0x1b0 <- backing_file_write_iter) result=0x1000
             cat-4661    [000] .....    16.908739: ovldiag_open: (ovl_open+0xb2/0x100 <- ovl_open_realfile) result=0xffff8880062a2200
             cat-4665    [001] .....    16.911069: ovldiag_open: (ovl_open+0xb2/0x100 <- ovl_open_realfile) result=0xffff88800702aa00
              dd-4668    [000] .....    16.913057: ovldiag_open: (ovl_open+0xb2/0x100 <- ovl_open_realfile) result=0xffff888004355000
              dd-4668    [000] .....    16.913085: ovldiag_ensure: (ovl_write_iter+0xaf/0x1b0 <- ovl_ensure_upper_and_switch) result=0x0
              dd-4668    [000] .....    16.913101: ovldiag_write: (ovl_write_iter+0x136/0x1b0 <- backing_file_write_iter) result=0x1000
              dd-4671    [001] .....    16.914836: ovldiag_open: (ovl_open+0xb2/0x100 <- ovl_open_realfile) result=0xffff88800842aa00
              dd-4671    [001] .....    16.914867: ovldiag_ensure: (ovl_write_iter+0xaf/0x1b0 <- ovl_ensure_upper_and_switch) result=0x0
              dd-4671    [001] .....    16.914884: ovldiag_write: (ovl_write_iter+0x136/0x1b0 <- backing_file_write_iter) result=0x1000
             cat-4672    [000] .....    16.916130: ovldiag_open: (ovl_open+0xb2/0x100 <- ovl_open_realfile) result=0xffff8880070ce600
             cat-4674    [000] .....    16.916558: ovldiag_open: (ovl_open+0xb2/0x100 <- ovl_open_realfile) result=0xffff88800ca0a600
              dd-4676    [001] .....    16.917901: ovldiag_open: (ovl_open+0xb2/0x100 <- ovl_open_realfile) result=0xffff88800ddf1800
              dd-4676    [001] .....    16.917931: ovldiag_ensure: (ovl_write_iter+0xaf/0x1b0 <- ovl_ensure_upper_and_switch) result=0x0
              dd-4676    [001] .....    16.917950: ovldiag_write: (ovl_write_iter+0x136/0x1b0 <- backing_file_write_iter) result=0x1000
             cat-4679    [000] .....    16.920652: ovldiag_open: (ovl_open+0xb2/0x100 <- ovl_open_realfile) result=0xffff888004355700
             cat-4682    [001] .....    16.921614: ovldiag_open: (ovl_open+0xb2/0x100 <- ovl_open_realfile) result=0xffff88800717bb00
              dd-4684    [001] .....    16.923687: ovldiag_open: (ovl_open+0xb2/0x100 <- ovl_open_realfile) result=0xffff88800dc92800
              dd-4684    [001] .....    16.923717: ovldiag_ensure: (ovl_write_iter+0xaf/0x1b0 <- ovl_ensure_upper_and_switch) result=0x0
              dd-4684    [001] .....    16.923733: ovldiag_write: (ovl_write_iter+0x136/0x1b0 <- backing_file_write_iter) result=0x1000
              dd-4689    [000] .....    16.926054: ovldiag_open: (ovl_open+0xb2/0x100 <- ovl_open_realfile) result=0xffff88800716f400
              dd-4689    [000] .....    16.926082: ovldiag_ensure: (ovl_write_iter+0xaf/0x1b0 <- ovl_ensure_upper_and_switch) result=0x0
              dd-4689    [000] .....    16.926097: ovldiag_write: (ovl_write_iter+0x136/0x1b0 <- backing_file_write_iter) result=0x1000
             cat-4690    [001] .....    16.927599: ovldiag_open: (ovl_open+0xb2/0x100 <- ovl_open_realfile) result=0xffff88800716a800
              dd-4692    [000] .....    16.927715: ovldiag_open: (ovl_open+0xb2/0x100 <- ovl_open_realfile) result=0xffff8880073c5300
              dd-4692    [000] .....    16.927741: ovldiag_ensure: (ovl_write_iter+0xaf/0x1b0 <- ovl_ensure_upper_and_switch) result=0x0
              dd-4692    [000] .....    16.927755: ovldiag_write: (ovl_write_iter+0x136/0x1b0 <- backing_file_write_iter) result=0x1000
             cat-4695    [000] .....    16.930063: ovldiag_open: (ovl_open+0xb2/0x100 <- ovl_open_realfile) result=0xffff888004445000
              dd-4698    [001] .....    16.931680: ovldiag_open: (ovl_open+0xb2/0x100 <- ovl_open_realfile) result=0xffff888007374000
              dd-4698    [001] .....    16.931710: ovldiag_ensure: (ovl_write_iter+0xaf/0x1b0 <- ovl_ensure_upper_and_switch) result=0x0
              dd-4698    [001] .....    16.931728: ovldiag_write: (ovl_write_iter+0x136/0x1b0 <- backing_file_write_iter) result=0x1000
             cat-4700    [001] .....    16.933659: ovldiag_open: (ovl_open+0xb2/0x100 <- ovl_open_realfile) result=0xffff88800723a500
             cat-4697    [001] .....    16.933960: ovldiag_open: (ovl_open+0xb2/0x100 <- ovl_open_realfile) result=0xffff888007167d00
             cat-4707    [000] .....    16.937520: ovldiag_open: (ovl_open+0xb2/0x100 <- ovl_open_realfile) result=0xffff888004355100
              dd-4708    [001] .....    16.937617: ovldiag_open: (ovl_open+0xb2/0x100 <- ovl_open_realfile) result=0xffff888004530e00
              dd-4708    [001] .....    16.937648: ovldiag_ensure: (ovl_write_iter+0xaf/0x1b0 <- ovl_ensure_upper_and_switch) result=0x0
              dd-4708    [001] .....    16.937665: ovldiag_write: (ovl_write_iter+0x136/0x1b0 <- backing_file_write_iter) result=0x1000
              dd-4710    [000] .....    16.939344: ovldiag_open: (ovl_open+0xb2/0x100 <- ovl_open_realfile) result=0xffff888006217b00
              dd-4710    [000] .....    16.939370: ovldiag_ensure: (ovl_write_iter+0xaf/0x1b0 <- ovl_ensure_upper_and_switch) result=0x0
              dd-4710    [000] .....    16.939387: ovldiag_write: (ovl_write_iter+0x136/0x1b0 <- backing_file_write_iter) result=0x1000
             cat-4715    [000] .....    16.941964: ovldiag_open: (ovl_open+0xb2/0x100 <- ovl_open_realfile) result=0xffff888004578600
              dd-4714    [001] .....    16.941969: ovldiag_open: (ovl_open+0xb2/0x100 <- ovl_open_realfile) result=0xffff888008411d00
              dd-4714    [001] .....    16.942000: ovldiag_ensure: (ovl_write_iter+0xaf/0x1b0 <- ovl_ensure_upper_and_switch) result=0x0
              dd-4714    [001] .....    16.942017: ovldiag_write: (ovl_write_iter+0x136/0x1b0 <- backing_file_write_iter) result=0x1000
             cat-4717    [000] .....    16.944433: ovldiag_open: (ovl_open+0xb2/0x100 <- ovl_open_realfile) result=0xffff888007377c00
              dd-4719    [001] .....    16.945261: ovldiag_open: (ovl_open+0xb2/0x100 <- ovl_open_realfile) result=0xffff888006217100
              dd-4719    [001] .....    16.945291: ovldiag_ensure: (ovl_write_iter+0xaf/0x1b0 <- ovl_ensure_upper_and_switch) result=0x0
              dd-4719    [001] .....    16.945307: ovldiag_write: (ovl_write_iter+0x136/0x1b0 <- backing_file_write_iter) result=0x1000
             cat-4720    [001] .....    16.946487: ovldiag_open: (ovl_open+0xb2/0x100 <- ovl_open_realfile) result=0xffff888008411d00
             cat-4726    [000] .....    16.948992: ovldiag_open: (ovl_open+0xb2/0x100 <- ovl_open_realfile) result=0xffff8880060f3100
              dd-4729    [001] .....    16.951559: ovldiag_open: (ovl_open+0xb2/0x100 <- ovl_open_realfile) result=0xffff88800842ba00
              dd-4729    [001] .....    16.951590: ovldiag_ensure: (ovl_write_iter+0xaf/0x1b0 <- ovl_ensure_upper_and_switch) result=0x0
              dd-4729    [001] .....    16.951606: ovldiag_write: (ovl_write_iter+0x136/0x1b0 <- backing_file_write_iter) result=0x1000
             cat-4732    [001] .....    16.953091: ovldiag_open: (ovl_open+0xb2/0x100 <- ovl_open_realfile) result=0xffff888004445000
             cat-4733    [000] .....    16.954298: ovldiag_open: (ovl_open+0xb2/0x100 <- ovl_open_realfile) result=0xffff888004697400
              dd-4734    [000] .....    16.955293: ovldiag_open: (ovl_open+0xb2/0x100 <- ovl_open_realfile) result=0xffff88800717bf00
              dd-4734    [000] .....    16.955320: ovldiag_ensure: (ovl_write_iter+0xaf/0x1b0 <- ovl_ensure_upper_and_switch) result=0x0
              dd-4734    [000] .....    16.955335: ovldiag_write: (ovl_write_iter+0x136/0x1b0 <- backing_file_write_iter) result=0x1000
             cat-4738    [001] .....    16.956907: ovldiag_open: (ovl_open+0xb2/0x100 <- ovl_open_realfile) result=0xffff88800716a300
              dd-4739    [000] .....    16.958342: ovldiag_open: (ovl_open+0xb2/0x100 <- ovl_open_realfile) result=0xffff888007167c00
              dd-4739    [000] .....    16.958370: ovldiag_ensure: (ovl_write_iter+0xaf/0x1b0 <- ovl_ensure_upper_and_switch) result=0x0
              dd-4739    [000] .....    16.958385: ovldiag_write: (ovl_write_iter+0x136/0x1b0 <- backing_file_write_iter) result=0x1000
              dd-4743    [001] .....    16.960733: ovldiag_open: (ovl_open+0xb2/0x100 <- ovl_open_realfile) result=0xffff888007154d00
             cat-4745    [000] .....    16.960754: ovldiag_open: (ovl_open+0xb2/0x100 <- ovl_open_realfile) result=0xffff888007167700
              dd-4743    [001] .....    16.960764: ovldiag_ensure: (ovl_write_iter+0xaf/0x1b0 <- ovl_ensure_upper_and_switch) result=0x0
              dd-4743    [001] .....    16.960781: ovldiag_write: (ovl_write_iter+0x136/0x1b0 <- backing_file_write_iter) result=0x1000
             cat-4749    [001] .....    16.963765: ovldiag_open: (ovl_open+0xb2/0x100 <- ovl_open_realfile) result=0xffff888006210f00
              dd-4751    [000] .....    16.965413: ovldiag_open: (ovl_open+0xb2/0x100 <- ovl_open_realfile) result=0xffff888004530300
              dd-4751    [000] .....    16.965440: ovldiag_ensure: (ovl_write_iter+0xaf/0x1b0 <- ovl_ensure_upper_and_switch) result=0x0
              dd-4751    [000] .....    16.965456: ovldiag_write: (ovl_write_iter+0x136/0x1b0 <- backing_file_write_iter) result=0x1000
             cat-4755    [001] .....    16.967675: ovldiag_open: (ovl_open+0xb2/0x100 <- ovl_open_realfile) result=0xffff888004578000
             cat-4756    [000] .....    16.968219: ovldiag_open: (ovl_open+0xb2/0x100 <- ovl_open_realfile) result=0xffff8880047ff600
              dd-4760    [000] .....    16.971239: ovldiag_open: (ovl_open+0xb2/0x100 <- ovl_open_realfile) result=0xffff888006164800
              dd-4760    [000] .....    16.971267: ovldiag_ensure: (ovl_write_iter+0xaf/0x1b0 <- ovl_ensure_upper_and_switch) result=0x0
              dd-4760    [000] .....    16.971283: ovldiag_write: (ovl_write_iter+0x136/0x1b0 <- backing_file_write_iter) result=0x1000
             cat-4762    [001] .....    16.971574: ovldiag_open: (ovl_open+0xb2/0x100 <- ovl_open_realfile) result=0xffff888004355a00
             cat-4764    [000] .....    16.974342: ovldiag_open: (ovl_open+0xb2/0x100 <- ovl_open_realfile) result=0xffff88800842a100
              dd-4767    [001] .....    16.975676: ovldiag_open: (ovl_open+0xb2/0x100 <- ovl_open_realfile) result=0xffff888004578000
              dd-4767    [001] .....    16.975707: ovldiag_ensure: (ovl_write_iter+0xaf/0x1b0 <- ovl_ensure_upper_and_switch) result=0x0
              dd-4767    [001] .....    16.975724: ovldiag_write: (ovl_write_iter+0x136/0x1b0 <- backing_file_write_iter) result=0x1000
              dd-4768    [001] .....    16.976713: ovldiag_open: (ovl_open+0xb2/0x100 <- ovl_open_realfile) result=0xffff888004490900
              dd-4768    [001] .....    16.976741: ovldiag_ensure: (ovl_write_iter+0xaf/0x1b0 <- ovl_ensure_upper_and_switch) result=0x0
              dd-4768    [001] .....    16.976754: ovldiag_write: (ovl_write_iter+0x136/0x1b0 <- backing_file_write_iter) result=0x1000
             cat-4774    [000] .....    16.978437: ovldiag_open: (ovl_open+0xb2/0x100 <- ovl_open_realfile) result=0xffff888007105e00
             cat-4772    [001] .....    16.978547: ovldiag_open: (ovl_open+0xb2/0x100 <- ovl_open_realfile) result=0xffff8880070cf400
              dd-4773    [001] .....    16.980405: ovldiag_open: (ovl_open+0xb2/0x100 <- ovl_open_realfile) result=0xffff888004578b00
              dd-4773    [001] .....    16.980432: ovldiag_ensure: (ovl_write_iter+0xaf/0x1b0 <- ovl_ensure_upper_and_switch) result=0x0
              dd-4773    [001] .....    16.980448: ovldiag_write: (ovl_write_iter+0x136/0x1b0 <- backing_file_write_iter) result=0x1000
             cat-4781    [001] .....    16.984031: ovldiag_open: (ovl_open+0xb2/0x100 <- ovl_open_realfile) result=0xffff8880073c5700
             cat-4784    [001] .....    16.985718: ovldiag_open: (ovl_open+0xb2/0x100 <- ovl_open_realfile) result=0xffff88800c9cff00
              dd-4782    [000] .....    16.985991: ovldiag_open: (ovl_open+0xb2/0x100 <- ovl_open_realfile) result=0xffff88800702a800
              dd-4782    [000] .....    16.986018: ovldiag_ensure: (ovl_write_iter+0xaf/0x1b0 <- ovl_ensure_upper_and_switch) result=0x0
              dd-4782    [000] .....    16.986035: ovldiag_write: (ovl_write_iter+0x136/0x1b0 <- backing_file_write_iter) result=0x1000
             cat-4789    [001] .....    16.989326: ovldiag_open: (ovl_open+0xb2/0x100 <- ovl_open_realfile) result=0xffff88800732be00
             cat-4790    [000] .....    16.989482: ovldiag_open: (ovl_open+0xb2/0x100 <- ovl_open_realfile) result=0xffff88800de4d000
              dd-4792    [000] .....    16.990842: ovldiag_open: (ovl_open+0xb2/0x100 <- ovl_open_realfile) result=0xffff8880084f3600
              dd-4792    [000] .....    16.990868: ovldiag_ensure: (ovl_write_iter+0xaf/0x1b0 <- ovl_ensure_upper_and_switch) result=0x0
              dd-4792    [000] .....    16.990883: ovldiag_write: (ovl_write_iter+0x136/0x1b0 <- backing_file_write_iter) result=0x1000
              dd-4797    [001] .....    16.994577: ovldiag_open: (ovl_open+0xb2/0x100 <- ovl_open_realfile) result=0xffff8880045c9100
              dd-4797    [001] .....    16.994605: ovldiag_ensure: (ovl_write_iter+0xaf/0x1b0 <- ovl_ensure_upper_and_switch) result=0x0
              dd-4797    [001] .....    16.994622: ovldiag_write: (ovl_write_iter+0x136/0x1b0 <- backing_file_write_iter) result=0x1000
              dd-4798    [000] .....    16.994776: ovldiag_open: (ovl_open+0xb2/0x100 <- ovl_open_realfile) result=0xffff888004530a00
             cat-4799    [000] .....    16.995854: ovldiag_open: (ovl_open+0xb2/0x100 <- ovl_open_realfile) result=0xffff8880047ff300
             cat-4800    [001] .....    16.995860: ovldiag_open: (ovl_open+0xb2/0x100 <- ovl_open_realfile) result=0xffff888006217300
              dd-4798    [000] .....    16.996148: ovldiag_ensure: (ovl_write_iter+0xaf/0x1b0 <- ovl_ensure_upper_and_switch) result=0x0
              dd-4798    [000] .....    16.996166: ovldiag_write: (ovl_write_iter+0x136/0x1b0 <- backing_file_write_iter) result=0x1000
             cat-4805    [001] .....    16.999494: ovldiag_open: (ovl_open+0xb2/0x100 <- ovl_open_realfile) result=0xffff88800c9e1900
             cat-4810    [000] .....    17.001699: ovldiag_open: (ovl_open+0xb2/0x100 <- ovl_open_realfile) result=0xffff888006217e00
              dd-4809    [001] .....    17.002248: ovldiag_open: (ovl_open+0xb2/0x100 <- ovl_open_realfile) result=0xffff88800702aa00
              dd-4809    [001] .....    17.002276: ovldiag_ensure: (ovl_write_iter+0xaf/0x1b0 <- ovl_ensure_upper_and_switch) result=0x0
              dd-4809    [001] .....    17.002293: ovldiag_write: (ovl_write_iter+0x136/0x1b0 <- backing_file_write_iter) result=0x1000
              dd-4814    [001] .....    17.005118: ovldiag_open: (ovl_open+0xb2/0x100 <- ovl_open_realfile) result=0xffff8880086ddf00
              dd-4814    [001] .....    17.005145: ovldiag_ensure: (ovl_write_iter+0xaf/0x1b0 <- ovl_ensure_upper_and_switch) result=0x0
              dd-4814    [001] .....    17.005162: ovldiag_write: (ovl_write_iter+0x136/0x1b0 <- backing_file_write_iter) result=0x1000
              dd-4817    [001] .....    17.008754: ovldiag_open: (ovl_open+0xb2/0x100 <- ovl_open_realfile) result=0xffff88800dda2a00
              dd-4817    [001] .....    17.008785: ovldiag_ensure: (ovl_write_iter+0xaf/0x1b0 <- ovl_ensure_upper_and_switch) result=0x0
             cat-4818    [000] .....    17.008950: ovldiag_open: (ovl_open+0xb2/0x100 <- ovl_open_realfile) result=0xffff88800873ca00
              dd-4819    [001] .....    17.009854: ovldiag_open: (ovl_open+0xb2/0x100 <- ovl_open_realfile) result=0xffff8880070ce200
              dd-4819    [001] .....    17.009880: ovldiag_ensure: (ovl_write_iter+0xaf/0x1b0 <- ovl_ensure_upper_and_switch) result=0x0
              dd-4819    [001] .....    17.009892: ovldiag_write: (ovl_write_iter+0x136/0x1b0 <- backing_file_write_iter) result=0x1000
              dd-4817    [001] .....    17.009978: ovldiag_write: (ovl_write_iter+0x136/0x1b0 <- backing_file_write_iter) result=0x1000
             cat-4821    [000] .....    17.010450: ovldiag_open: (ovl_open+0xb2/0x100 <- ovl_open_realfile) result=0xffff88800451b400
             cat-4822    [000] .....    17.011929: ovldiag_open: (ovl_open+0xb2/0x100 <- ovl_open_realfile) result=0xffff888007021800
             cat-4824    [001] .....    17.012334: ovldiag_open: (ovl_open+0xb2/0x100 <- ovl_open_realfile) result=0xffff88800c831b00
              dd-4832    [000] .....    17.017713: ovldiag_open: (ovl_open+0xb2/0x100 <- ovl_open_realfile) result=0xffff88800716a300
              dd-4832    [000] .....    17.017744: ovldiag_ensure: (ovl_write_iter+0xaf/0x1b0 <- ovl_ensure_upper_and_switch) result=0x0
              dd-4832    [000] .....    17.017759: ovldiag_write: (ovl_write_iter+0x136/0x1b0 <- backing_file_write_iter) result=0x1000
              dd-4834    [001] .....    17.019056: ovldiag_open: (ovl_open+0xb2/0x100 <- ovl_open_realfile) result=0xffff888004578400
              dd-4834    [001] .....    17.019087: ovldiag_ensure: (ovl_write_iter+0xaf/0x1b0 <- ovl_ensure_upper_and_switch) result=0x0
              dd-4834    [001] .....    17.019105: ovldiag_write: (ovl_write_iter+0x136/0x1b0 <- backing_file_write_iter) result=0x1000
             cat-4837    [001] .....    17.021849: ovldiag_open: (ovl_open+0xb2/0x100 <- ovl_open_realfile) result=0xffff8880086dd200
             cat-4840    [000] .....    17.024711: ovldiag_open: (ovl_open+0xb2/0x100 <- ovl_open_realfile) result=0xffff8880062a2500
             cat-4841    [001] .....    17.025122: ovldiag_open: (ovl_open+0xb2/0x100 <- ovl_open_realfile) result=0xffff88800842b200
              dd-4842    [001] .....    17.026866: ovldiag_open: (ovl_open+0xb2/0x100 <- ovl_open_realfile) result=0xffff888007154e00
              dd-4842    [001] .....    17.026898: ovldiag_ensure: (ovl_write_iter+0xaf/0x1b0 <- ovl_ensure_upper_and_switch) result=0x0
              dd-4842    [001] .....    17.026914: ovldiag_write: (ovl_write_iter+0x136/0x1b0 <- backing_file_write_iter) result=0x1000
             cat-4845    [001] .....    17.027901: ovldiag_open: (ovl_open+0xb2/0x100 <- ovl_open_realfile) result=0xffff888006327b00
              dd-4848    [001] .....    17.031226: ovldiag_open: (ovl_open+0xb2/0x100 <- ovl_open_realfile) result=0xffff8880073c5800
              dd-4848    [001] .....    17.031258: ovldiag_ensure: (ovl_write_iter+0xaf/0x1b0 <- ovl_ensure_upper_and_switch) result=0x0
              dd-4848    [001] .....    17.031274: ovldiag_write: (ovl_write_iter+0x136/0x1b0 <- backing_file_write_iter) result=0x1000
              dd-4852    [001] .....    17.032774: ovldiag_open: (ovl_open+0xb2/0x100 <- ovl_open_realfile) result=0xffff88800702a500
              dd-4852    [001] .....    17.032820: ovldiag_ensure: (ovl_write_iter+0xaf/0x1b0 <- ovl_ensure_upper_and_switch) result=0x0
              dd-4852    [001] .....    17.032835: ovldiag_write: (ovl_write_iter+0x136/0x1b0 <- backing_file_write_iter) result=0x1000
              dd-4851    [001] .....    17.033572: ovldiag_open: (ovl_open+0xb2/0x100 <- ovl_open_realfile) result=0xffff888006210800
              dd-4851    [001] .....    17.033599: ovldiag_ensure: (ovl_write_iter+0xaf/0x1b0 <- ovl_ensure_upper_and_switch) result=0x0
              dd-4851    [001] .....    17.033609: ovldiag_write: (ovl_write_iter+0x136/0x1b0 <- backing_file_write_iter) result=0x1000
             cat-4854    [000] .....    17.034377: ovldiag_open: (ovl_open+0xb2/0x100 <- ovl_open_realfile) result=0xffff88800a346a00
             cat-4856    [001] .....    17.034589: ovldiag_open: (ovl_open+0xb2/0x100 <- ovl_open_realfile) result=0xffff888007105600
             cat-4862    [000] .....    17.038776: ovldiag_open: (ovl_open+0xb2/0x100 <- ovl_open_realfile) result=0xffff88800de90a00
             cat-4864    [001] .....    17.039906: ovldiag_open: (ovl_open+0xb2/0x100 <- ovl_open_realfile) result=0xffff88800cbf3900
              dd-4867    [000] .....    17.041626: ovldiag_open: (ovl_open+0xb2/0x100 <- ovl_open_realfile) result=0xffff88800702a900
              dd-4867    [000] .....    17.041656: ovldiag_ensure: (ovl_write_iter+0xaf/0x1b0 <- ovl_ensure_upper_and_switch) result=0x0
              dd-4867    [000] .....    17.041672: ovldiag_write: (ovl_write_iter+0x136/0x1b0 <- backing_file_write_iter) result=0x1000
              dd-4871    [001] .....    17.044311: ovldiag_open: (ovl_open+0xb2/0x100 <- ovl_open_realfile) result=0xffff8880070ce200
              dd-4871    [001] .....    17.044341: ovldiag_ensure: (ovl_write_iter+0xaf/0x1b0 <- ovl_ensure_upper_and_switch) result=0x0
              dd-4871    [001] .....    17.044357: ovldiag_write: (ovl_write_iter+0x136/0x1b0 <- backing_file_write_iter) result=0x1000
             cat-4872    [000] .....    17.044535: ovldiag_open: (ovl_open+0xb2/0x100 <- ovl_open_realfile) result=0xffff888007171d00
             cat-4874    [000] .....    17.045954: ovldiag_open: (ovl_open+0xb2/0x100 <- ovl_open_realfile) result=0xffff8880086dd100
              dd-4877    [001] .....    17.048171: ovldiag_open: (ovl_open+0xb2/0x100 <- ovl_open_realfile) result=0xffff888006210f00
              dd-4877    [001] .....    17.048201: ovldiag_ensure: (ovl_write_iter+0xaf/0x1b0 <- ovl_ensure_upper_and_switch) result=0x0
              dd-4877    [001] .....    17.048227: ovldiag_write: (ovl_write_iter+0x136/0x1b0 <- backing_file_write_iter) result=0x1000
              dd-4881    [001] .....    17.050591: ovldiag_open: (ovl_open+0xb2/0x100 <- ovl_open_realfile) result=0xffff88800732b800
              dd-4881    [001] .....    17.050619: ovldiag_ensure: (ovl_write_iter+0xaf/0x1b0 <- ovl_ensure_upper_and_switch) result=0x0
              dd-4881    [001] .....    17.050635: ovldiag_write: (ovl_write_iter+0x136/0x1b0 <- backing_file_write_iter) result=0x1000
             cat-4883    [000] .....    17.050928: ovldiag_open: (ovl_open+0xb2/0x100 <- ovl_open_realfile) result=0xffff888007154600
             cat-4882    [001] .....    17.051579: ovldiag_open: (ovl_open+0xb2/0x100 <- ovl_open_realfile) result=0xffff88800451bf00
             cat-4889    [001] .....    17.055473: ovldiag_open: (ovl_open+0xb2/0x100 <- ovl_open_realfile) result=0xffff8880070cef00
              dd-4890    [000] .....    17.055700: ovldiag_open: (ovl_open+0xb2/0x100 <- ovl_open_realfile) result=0xffff8880071e8700
              dd-4890    [000] .....    17.055731: ovldiag_ensure: (ovl_write_iter+0xaf/0x1b0 <- ovl_ensure_upper_and_switch) result=0x0
              dd-4890    [000] .....    17.055748: ovldiag_write: (ovl_write_iter+0x136/0x1b0 <- backing_file_write_iter) result=0x1000
             cat-4892    [000] .....    17.057034: ovldiag_open: (ovl_open+0xb2/0x100 <- ovl_open_realfile) result=0xffff88800deb4c00
              dd-4894    [001] .....    17.058352: ovldiag_open: (ovl_open+0xb2/0x100 <- ovl_open_realfile) result=0xffff88800702aa00
              dd-4894    [001] .....    17.058380: ovldiag_ensure: (ovl_write_iter+0xaf/0x1b0 <- ovl_ensure_upper_and_switch) result=0x0
              dd-4894    [001] .....    17.058396: ovldiag_write: (ovl_write_iter+0x136/0x1b0 <- backing_file_write_iter) result=0x1000
             cat-4899    [001] .....    17.061678: ovldiag_open: (ovl_open+0xb2/0x100 <- ovl_open_realfile) result=0xffff88800844d200
             cat-4900    [000] .....    17.061828: ovldiag_open: (ovl_open+0xb2/0x100 <- ovl_open_realfile) result=0xffff888004445c00
              dd-4902    [001] .....    17.063114: ovldiag_open: (ovl_open+0xb2/0x100 <- ovl_open_realfile) result=0xffff8880045f5600
              dd-4902    [001] .....    17.063141: ovldiag_ensure: (ovl_write_iter+0xaf/0x1b0 <- ovl_ensure_upper_and_switch) result=0x0
              dd-4902    [001] .....    17.063158: ovldiag_write: (ovl_write_iter+0x136/0x1b0 <- backing_file_write_iter) result=0x1000
              dd-4903    [000] .....    17.065538: ovldiag_open: (ovl_open+0xb2/0x100 <- ovl_open_realfile) result=0xffff8880047f6f00
              dd-4903    [000] .....    17.065566: ovldiag_ensure: (ovl_write_iter+0xaf/0x1b0 <- ovl_ensure_upper_and_switch) result=0x0
              dd-4903    [000] .....    17.065581: ovldiag_write: (ovl_write_iter+0x136/0x1b0 <- backing_file_write_iter) result=0x1000
             cat-4908    [001] .....    17.067145: ovldiag_open: (ovl_open+0xb2/0x100 <- ovl_open_realfile) result=0xffff8880045c9000
             cat-4909    [000] .....    17.067861: ovldiag_open: (ovl_open+0xb2/0x100 <- ovl_open_realfile) result=0xffff88800716af00
             cat-4914    [001] .....    17.071324: ovldiag_open: (ovl_open+0xb2/0x100 <- ovl_open_realfile) result=0xffff888004697400
              dd-4915    [000] .....    17.071346: ovldiag_open: (ovl_open+0xb2/0x100 <- ovl_open_realfile) result=0xffff888006210e00
              dd-4915    [000] .....    17.071377: ovldiag_ensure: (ovl_write_iter+0xaf/0x1b0 <- ovl_ensure_upper_and_switch) result=0x0
              dd-4915    [000] .....    17.071393: ovldiag_write: (ovl_write_iter+0x136/0x1b0 <- backing_file_write_iter) result=0x1000
              dd-4917    [000] .....    17.073384: ovldiag_open: (ovl_open+0xb2/0x100 <- ovl_open_realfile) result=0xffff888006217f00
              dd-4917    [000] .....    17.073414: ovldiag_ensure: (ovl_write_iter+0xaf/0x1b0 <- ovl_ensure_upper_and_switch) result=0x0
              dd-4917    [000] .....    17.073430: ovldiag_write: (ovl_write_iter+0x136/0x1b0 <- backing_file_write_iter) result=0x1000
             cat-4923    [001] .....    17.075950: ovldiag_open: (ovl_open+0xb2/0x100 <- ovl_open_realfile) result=0xffff88800717b400
             cat-4922    [000] .....    17.076171: ovldiag_open: (ovl_open+0xb2/0x100 <- ovl_open_realfile) result=0xffff88800842a700
              dd-4926    [000] .....    17.077651: ovldiag_open: (ovl_open+0xb2/0x100 <- ovl_open_realfile) result=0xffff88800732a100
              dd-4926    [000] .....    17.077678: ovldiag_ensure: (ovl_write_iter+0xaf/0x1b0 <- ovl_ensure_upper_and_switch) result=0x0
              dd-4926    [000] .....    17.077695: ovldiag_write: (ovl_write_iter+0x136/0x1b0 <- backing_file_write_iter) result=0x1000
              dd-4928    [000] .....    17.080293: ovldiag_open: (ovl_open+0xb2/0x100 <- ovl_open_realfile) result=0xffff88800842a200
              dd-4928    [000] .....    17.080319: ovldiag_ensure: (ovl_write_iter+0xaf/0x1b0 <- ovl_ensure_upper_and_switch) result=0x0
              dd-4928    [000] .....    17.080341: ovldiag_write: (ovl_write_iter+0x136/0x1b0 <- backing_file_write_iter) result=0x1000
             cat-4931    [001] .....    17.081755: ovldiag_open: (ovl_open+0xb2/0x100 <- ovl_open_realfile) result=0xffff8880047ec600
             cat-4933    [000] .....    17.082937: ovldiag_open: (ovl_open+0xb2/0x100 <- ovl_open_realfile) result=0xffff888004697b00
              dd-4936    [001] .....    17.084712: ovldiag_open: (ovl_open+0xb2/0x100 <- ovl_open_realfile) result=0xffff888007154200
              dd-4936    [001] .....    17.084740: ovldiag_ensure: (ovl_write_iter+0xaf/0x1b0 <- ovl_ensure_upper_and_switch) result=0x0
              dd-4936    [001] .....    17.084757: ovldiag_write: (ovl_write_iter+0x136/0x1b0 <- backing_file_write_iter) result=0x1000
              dd-4939    [000] .....    17.086684: ovldiag_open: (ovl_open+0xb2/0x100 <- ovl_open_realfile) result=0xffff88800c9d7400
              dd-4939    [000] .....    17.086715: ovldiag_ensure: (ovl_write_iter+0xaf/0x1b0 <- ovl_ensure_upper_and_switch) result=0x0
              dd-4939    [000] .....    17.086731: ovldiag_write: (ovl_write_iter+0x136/0x1b0 <- backing_file_write_iter) result=0x1000
             cat-4940    [001] .....    17.088226: ovldiag_open: (ovl_open+0xb2/0x100 <- ovl_open_realfile) result=0xffff888004355200
             cat-4943    [000] .....    17.089331: ovldiag_open: (ovl_open+0xb2/0x100 <- ovl_open_realfile) result=0xffff8880070ce400
              dd-4945    [000] .....    17.090678: ovldiag_open: (ovl_open+0xb2/0x100 <- ovl_open_realfile) result=0xffff88800702a600
              dd-4945    [000] .....    17.090708: ovldiag_ensure: (ovl_write_iter+0xaf/0x1b0 <- ovl_ensure_upper_and_switch) result=0x0
              dd-4945    [000] .....    17.090724: ovldiag_write: (ovl_write_iter+0x136/0x1b0 <- backing_file_write_iter) result=0x1000
             cat-4948    [001] .....    17.092867: ovldiag_open: (ovl_open+0xb2/0x100 <- ovl_open_realfile) result=0xffff88800732a600
              dd-4951    [000] .....    17.093711: ovldiag_open: (ovl_open+0xb2/0x100 <- ovl_open_realfile) result=0xffff888004530300
              dd-4951    [000] .....    17.093742: ovldiag_ensure: (ovl_write_iter+0xaf/0x1b0 <- ovl_ensure_upper_and_switch) result=0x0
              dd-4951    [000] .....    17.093757: ovldiag_write: (ovl_write_iter+0x136/0x1b0 <- backing_file_write_iter) result=0x1000
             cat-4953    [000] .....    17.096410: ovldiag_open: (ovl_open+0xb2/0x100 <- ovl_open_realfile) result=0xffff8880047f6600
             cat-4957    [000] .....    17.097791: ovldiag_open: (ovl_open+0xb2/0x100 <- ovl_open_realfile) result=0xffff8880073c5c00
              dd-4960    [001] .....    17.099977: ovldiag_open: (ovl_open+0xb2/0x100 <- ovl_open_realfile) result=0xffff8880046d6500
              dd-4960    [001] .....    17.100003: ovldiag_ensure: (ovl_write_iter+0xaf/0x1b0 <- ovl_ensure_upper_and_switch) result=0x0
              dd-4960    [001] .....    17.100020: ovldiag_write: (ovl_write_iter+0x136/0x1b0 <- backing_file_write_iter) result=0x1000
              dd-4961    [000] .....    17.100570: ovldiag_open: (ovl_open+0xb2/0x100 <- ovl_open_realfile) result=0xffff888007154000
              dd-4961    [000] .....    17.100598: ovldiag_ensure: (ovl_write_iter+0xaf/0x1b0 <- ovl_ensure_upper_and_switch) result=0x0
              dd-4961    [000] .....    17.100615: ovldiag_write: (ovl_write_iter+0x136/0x1b0 <- backing_file_write_iter) result=0x1000
             cat-4963    [001] .....    17.102595: ovldiag_open: (ovl_open+0xb2/0x100 <- ovl_open_realfile) result=0xffff8880073efc00
             cat-4967    [000] .....    17.103978: ovldiag_open: (ovl_open+0xb2/0x100 <- ovl_open_realfile) result=0xffff88800de79600
              dd-4970    [000] .....    17.105681: ovldiag_open: (ovl_open+0xb2/0x100 <- ovl_open_realfile) result=0xffff888007021500
              dd-4970    [000] .....    17.105708: ovldiag_ensure: (ovl_write_iter+0xaf/0x1b0 <- ovl_ensure_upper_and_switch) result=0x0
              dd-4970    [000] .....    17.105724: ovldiag_write: (ovl_write_iter+0x136/0x1b0 <- backing_file_write_iter) result=0x1000
             cat-4973    [001] .....    17.107747: ovldiag_open: (ovl_open+0xb2/0x100 <- ovl_open_realfile) result=0xffff88800732b100
              dd-4974    [000] .....    17.107981: ovldiag_open: (ovl_open+0xb2/0x100 <- ovl_open_realfile) result=0xffff888007154700
              dd-4974    [000] .....    17.108012: ovldiag_ensure: (ovl_write_iter+0xaf/0x1b0 <- ovl_ensure_upper_and_switch) result=0x0
              dd-4974    [000] .....    17.108028: ovldiag_write: (ovl_write_iter+0x136/0x1b0 <- backing_file_write_iter) result=0x1000
             cat-4975    [000] .....    17.110228: ovldiag_open: (ovl_open+0xb2/0x100 <- ovl_open_realfile) result=0xffff8880061fb400
             cat-4980    [001] .....    17.112345: ovldiag_open: (ovl_open+0xb2/0x100 <- ovl_open_realfile) result=0xffff8880086dde00
              dd-4983    [000] .....    17.113978: ovldiag_open: (ovl_open+0xb2/0x100 <- ovl_open_realfile) result=0xffff888004445600
              dd-4983    [000] .....    17.114009: ovldiag_ensure: (ovl_write_iter+0xaf/0x1b0 <- ovl_ensure_upper_and_switch) result=0x0
              dd-4983    [000] .....    17.114025: ovldiag_write: (ovl_write_iter+0x136/0x1b0 <- backing_file_write_iter) result=0x1000
              dd-4984    [001] .....    17.115125: ovldiag_open: (ovl_open+0xb2/0x100 <- ovl_open_realfile) result=0xffff888004530a00
              dd-4984    [001] .....    17.115157: ovldiag_ensure: (ovl_write_iter+0xaf/0x1b0 <- ovl_ensure_upper_and_switch) result=0x0
              dd-4984    [001] .....    17.115173: ovldiag_write: (ovl_write_iter+0x136/0x1b0 <- backing_file_write_iter) result=0x1000
             cat-4986    [000] .....    17.116411: ovldiag_open: (ovl_open+0xb2/0x100 <- ovl_open_realfile) result=0xffff888006210400
              dd-4991    [000] .....    17.118545: ovldiag_open: (ovl_open+0xb2/0x100 <- ovl_open_realfile) result=0xffff88800842b100
              dd-4991    [000] .....    17.118572: ovldiag_ensure: (ovl_write_iter+0xaf/0x1b0 <- ovl_ensure_upper_and_switch) result=0x0
              dd-4991    [000] .....    17.118587: ovldiag_write: (ovl_write_iter+0x136/0x1b0 <- backing_file_write_iter) result=0x1000
             cat-4989    [001] .....    17.119300: ovldiag_open: (ovl_open+0xb2/0x100 <- ovl_open_realfile) result=0xffff888007171300
             cat-4992    [000] .....    17.119732: ovldiag_open: (ovl_open+0xb2/0x100 <- ovl_open_realfile) result=0xffff888006210c00
              dd-4998    [000] .....    17.123640: ovldiag_open: (ovl_open+0xb2/0x100 <- ovl_open_realfile) result=0xffff888006217800
              dd-4998    [000] .....    17.123668: ovldiag_ensure: (ovl_write_iter+0xaf/0x1b0 <- ovl_ensure_upper_and_switch) result=0x0
              dd-4998    [000] .....    17.123684: ovldiag_write: (ovl_write_iter+0x136/0x1b0 <- backing_file_write_iter) result=0x1000
             cat-5000    [001] .....    17.124027: ovldiag_open: (ovl_open+0xb2/0x100 <- ovl_open_realfile) result=0xffff888004355700
              dd-5004    [000] .....    17.126866: ovldiag_open: (ovl_open+0xb2/0x100 <- ovl_open_realfile) result=0xffff88800625e500
              dd-5004    [000] .....    17.126897: ovldiag_ensure: (ovl_write_iter+0xaf/0x1b0 <- ovl_ensure_upper_and_switch) result=0x0
              dd-5004    [000] .....    17.126913: ovldiag_write: (ovl_write_iter+0x136/0x1b0 <- backing_file_write_iter) result=0x1000
             cat-5005    [001] .....    17.127725: ovldiag_open: (ovl_open+0xb2/0x100 <- ovl_open_realfile) result=0xffff8880062a2500
             cat-5007    [000] .....    17.129244: ovldiag_open: (ovl_open+0xb2/0x100 <- ovl_open_realfile) result=0xffff88800702a900
              dd-5008    [001] .....    17.129450: ovldiag_open: (ovl_open+0xb2/0x100 <- ovl_open_realfile) result=0xffff888007154600
              dd-5008    [001] .....    17.129479: ovldiag_ensure: (ovl_write_iter+0xaf/0x1b0 <- ovl_ensure_upper_and_switch) result=0x0
              dd-5008    [001] .....    17.129495: ovldiag_write: (ovl_write_iter+0x136/0x1b0 <- backing_file_write_iter) result=0x1000
             cat-5011    [000] .....    17.131776: ovldiag_open: (ovl_open+0xb2/0x100 <- ovl_open_realfile) result=0xffff888006217000
             cat-5016    [001] .....    17.134437: ovldiag_open: (ovl_open+0xb2/0x100 <- ovl_open_realfile) result=0xffff88800732b800
              dd-5017    [000] .....    17.136194: ovldiag_open: (ovl_open+0xb2/0x100 <- ovl_open_realfile) result=0xffff88800a2f6f00
              dd-5017    [000] .....    17.136248: ovldiag_ensure: (ovl_write_iter+0xaf/0x1b0 <- ovl_ensure_upper_and_switch) result=0x0
              dd-5017    [000] .....    17.136264: ovldiag_write: (ovl_write_iter+0x136/0x1b0 <- backing_file_write_iter) result=0x1000
              dd-5020    [001] .....    17.137794: ovldiag_open: (ovl_open+0xb2/0x100 <- ovl_open_realfile) result=0xffff888007377c00
              dd-5020    [001] .....    17.137843: ovldiag_ensure: (ovl_write_iter+0xaf/0x1b0 <- ovl_ensure_upper_and_switch) result=0x0
              dd-5020    [001] .....    17.137860: ovldiag_write: (ovl_write_iter+0x136/0x1b0 <- backing_file_write_iter) result=0x1000
              dd-5024    [001] .....    17.139658: ovldiag_open: (ovl_open+0xb2/0x100 <- ovl_open_realfile) result=0xffff888004355700
              dd-5024    [001] .....    17.139684: ovldiag_ensure: (ovl_write_iter+0xaf/0x1b0 <- ovl_ensure_upper_and_switch) result=0x0
              dd-5024    [001] .....    17.139701: ovldiag_write: (ovl_write_iter+0x136/0x1b0 <- backing_file_write_iter) result=0x1000
             cat-5025    [000] .....    17.140070: ovldiag_open: (ovl_open+0xb2/0x100 <- ovl_open_realfile) result=0xffff888007167800
             cat-5029    [001] .....    17.142283: ovldiag_open: (ovl_open+0xb2/0x100 <- ovl_open_realfile) result=0xffff888007154700
             cat-5027    [000] .....    17.142632: ovldiag_open: (ovl_open+0xb2/0x100 <- ovl_open_realfile) result=0xffff888007021800
             cat-5034    [001] .....    17.145702: ovldiag_open: (ovl_open+0xb2/0x100 <- ovl_open_realfile) result=0xffff888006217400
              dd-5033    [001] .....    17.146423: ovldiag_open: (ovl_open+0xb2/0x100 <- ovl_open_realfile) result=0xffff88800723af00
              dd-5033    [001] .....    17.146452: ovldiag_ensure: (ovl_write_iter+0xaf/0x1b0 <- ovl_ensure_upper_and_switch) result=0x0
              dd-5033    [001] .....    17.146468: ovldiag_write: (ovl_write_iter+0x136/0x1b0 <- backing_file_write_iter) result=0x1000
              dd-5039    [001] .....    17.148733: ovldiag_open: (ovl_open+0xb2/0x100 <- ovl_open_realfile) result=0xffff88800732cf00
              dd-5039    [001] .....    17.148765: ovldiag_ensure: (ovl_write_iter+0xaf/0x1b0 <- ovl_ensure_upper_and_switch) result=0x0
              dd-5039    [001] .....    17.148782: ovldiag_write: (ovl_write_iter+0x136/0x1b0 <- backing_file_write_iter) result=0x1000
             cat-5042    [000] .....    17.150388: ovldiag_open: (ovl_open+0xb2/0x100 <- ovl_open_realfile) result=0xffff888004530800
              dd-5044    [001] .....    17.151702: ovldiag_open: (ovl_open+0xb2/0x100 <- ovl_open_realfile) result=0xffff88800870ee00
              dd-5044    [001] .....    17.151730: ovldiag_ensure: (ovl_write_iter+0xaf/0x1b0 <- ovl_ensure_upper_and_switch) result=0x0
              dd-5044    [001] .....    17.151746: ovldiag_write: (ovl_write_iter+0x136/0x1b0 <- backing_file_write_iter) result=0x1000
              dd-5046    [001] .....    17.153945: ovldiag_open: (ovl_open+0xb2/0x100 <- ovl_open_realfile) result=0xffff8880073ee900
              dd-5046    [001] .....    17.153975: ovldiag_ensure: (ovl_write_iter+0xaf/0x1b0 <- ovl_ensure_upper_and_switch) result=0x0
              dd-5046    [001] .....    17.153991: ovldiag_write: (ovl_write_iter+0x136/0x1b0 <- backing_file_write_iter) result=0x1000
             cat-5045    [001] .....    17.154559: ovldiag_open: (ovl_open+0xb2/0x100 <- ovl_open_realfile) result=0xffff888004578900
             cat-5051    [001] .....    17.156048: ovldiag_open: (ovl_open+0xb2/0x100 <- ovl_open_realfile) result=0xffff888007377000
             cat-5049    [000] .....    17.156640: ovldiag_open: (ovl_open+0xb2/0x100 <- ovl_open_realfile) result=0xffff8880045c9400
              dd-5056    [001] .....    17.159419: ovldiag_open: (ovl_open+0xb2/0x100 <- ovl_open_realfile) result=0xffff88800732cc00
              dd-5056    [001] .....    17.159449: ovldiag_ensure: (ovl_write_iter+0xaf/0x1b0 <- ovl_ensure_upper_and_switch) result=0x0
              dd-5056    [001] .....    17.159465: ovldiag_write: (ovl_write_iter+0x136/0x1b0 <- backing_file_write_iter) result=0x1000
             cat-5060    [001] .....    17.162263: ovldiag_open: (ovl_open+0xb2/0x100 <- ovl_open_realfile) result=0xffff88800842a200
              dd-5061    [000] .....    17.162529: ovldiag_open: (ovl_open+0xb2/0x100 <- ovl_open_realfile) result=0xffff888007021900
              dd-5061    [000] .....    17.162559: ovldiag_ensure: (ovl_write_iter+0xaf/0x1b0 <- ovl_ensure_upper_and_switch) result=0x0
              dd-5061    [000] .....    17.162575: ovldiag_write: (ovl_write_iter+0x136/0x1b0 <- backing_file_write_iter) result=0x1000
              dd-5065    [001] .....    17.165477: ovldiag_open: (ovl_open+0xb2/0x100 <- ovl_open_realfile) result=0xffff888004355a00
              dd-5065    [001] .....    17.165505: ovldiag_ensure: (ovl_write_iter+0xaf/0x1b0 <- ovl_ensure_upper_and_switch) result=0x0
              dd-5065    [001] .....    17.165522: ovldiag_write: (ovl_write_iter+0x136/0x1b0 <- backing_file_write_iter) result=0x1000
             cat-5066    [001] .....    17.166712: ovldiag_open: (ovl_open+0xb2/0x100 <- ovl_open_realfile) result=0xffff88800717b100
             cat-5068    [000] .....    17.166860: ovldiag_open: (ovl_open+0xb2/0x100 <- ovl_open_realfile) result=0xffff88800842ae00
             cat-5069    [000] .....    17.168311: ovldiag_open: (ovl_open+0xb2/0x100 <- ovl_open_realfile) result=0xffff8880070ce500
              dd-5071    [001] .....    17.168737: ovldiag_open: (ovl_open+0xb2/0x100 <- ovl_open_realfile) result=0xffff88800dea0b00
              dd-5071    [001] .....    17.168767: ovldiag_ensure: (ovl_write_iter+0xaf/0x1b0 <- ovl_ensure_upper_and_switch) result=0x0
              dd-5071    [001] .....    17.168783: ovldiag_write: (ovl_write_iter+0x136/0x1b0 <- backing_file_write_iter) result=0x1000
             cat-5076    [000] .....    17.172724: ovldiag_open: (ovl_open+0xb2/0x100 <- ovl_open_realfile) result=0xffff8880086dda00
              dd-5078    [000] .....    17.173916: ovldiag_open: (ovl_open+0xb2/0x100 <- ovl_open_realfile) result=0xffff88800842ab00
              dd-5078    [000] .....    17.173944: ovldiag_ensure: (ovl_write_iter+0xaf/0x1b0 <- ovl_ensure_upper_and_switch) result=0x0
              dd-5078    [000] .....    17.173959: ovldiag_write: (ovl_write_iter+0x136/0x1b0 <- backing_file_write_iter) result=0x1000
              dd-5082    [000] .....    17.175721: ovldiag_open: (ovl_open+0xb2/0x100 <- ovl_open_realfile) result=0xffff88800dea0e00
              dd-5082    [000] .....    17.175750: ovldiag_ensure: (ovl_write_iter+0xaf/0x1b0 <- ovl_ensure_upper_and_switch) result=0x0
              dd-5082    [000] .....    17.175765: ovldiag_write: (ovl_write_iter+0x136/0x1b0 <- backing_file_write_iter) result=0x1000
             cat-5085    [001] .....    17.178188: ovldiag_open: (ovl_open+0xb2/0x100 <- ovl_open_realfile) result=0xffff88800717ba00
              dd-5087    [000] .....    17.180746: ovldiag_open: (ovl_open+0xb2/0x100 <- ovl_open_realfile) result=0xffff888008411500
              dd-5087    [000] .....    17.180776: ovldiag_ensure: (ovl_write_iter+0xaf/0x1b0 <- ovl_ensure_upper_and_switch) result=0x0
              dd-5087    [000] .....    17.180792: ovldiag_write: (ovl_write_iter+0x136/0x1b0 <- backing_file_write_iter) result=0x1000
             cat-5088    [001] .....    17.180836: ovldiag_open: (ovl_open+0xb2/0x100 <- ovl_open_realfile) result=0xffff88800717b400
             cat-5091    [000] .....    17.182192: ovldiag_open: (ovl_open+0xb2/0x100 <- ovl_open_realfile) result=0xffff88800716ad00
              dd-5092    [001] .....    17.183410: ovldiag_open: (ovl_open+0xb2/0x100 <- ovl_open_realfile) result=0xffff888006217100
              dd-5092    [001] .....    17.183440: ovldiag_ensure: (ovl_write_iter+0xaf/0x1b0 <- ovl_ensure_upper_and_switch) result=0x0
              dd-5092    [001] .....    17.183457: ovldiag_write: (ovl_write_iter+0x136/0x1b0 <- backing_file_write_iter) result=0x1000
             cat-5095    [000] .....    17.183582: ovldiag_open: (ovl_open+0xb2/0x100 <- ovl_open_realfile) result=0xffff888007154e00
             cat-5100    [001] .....    17.188463: ovldiag_open: (ovl_open+0xb2/0x100 <- ovl_open_realfile) result=0xffff88800451b700
              dd-5103    [001] .....    17.189546: ovldiag_open: (ovl_open+0xb2/0x100 <- ovl_open_realfile) result=0xffff888007168900
              dd-5103    [001] .....    17.189576: ovldiag_ensure: (ovl_write_iter+0xaf/0x1b0 <- ovl_ensure_upper_and_switch) result=0x0
              dd-5103    [001] .....    17.189591: ovldiag_write: (ovl_write_iter+0x136/0x1b0 <- backing_file_write_iter) result=0x1000
              dd-5101    [000] .....    17.189714: ovldiag_open: (ovl_open+0xb2/0x100 <- ovl_open_realfile) result=0xffff8880070cef00
              dd-5101    [000] .....    17.189745: ovldiag_ensure: (ovl_write_iter+0xaf/0x1b0 <- ovl_ensure_upper_and_switch) result=0x0
              dd-5101    [000] .....    17.189761: ovldiag_write: (ovl_write_iter+0x136/0x1b0 <- backing_file_write_iter) result=0x1000
             cat-5107    [000] .....    17.192848: ovldiag_open: (ovl_open+0xb2/0x100 <- ovl_open_realfile) result=0xffff888004578f00
              dd-5109    [000] .....    17.194596: ovldiag_open: (ovl_open+0xb2/0x100 <- ovl_open_realfile) result=0xffff888007105c00
              dd-5109    [000] .....    17.194627: ovldiag_ensure: (ovl_write_iter+0xaf/0x1b0 <- ovl_ensure_upper_and_switch) result=0x0
              dd-5109    [000] .....    17.194643: ovldiag_write: (ovl_write_iter+0x136/0x1b0 <- backing_file_write_iter) result=0x1000
             cat-5111    [001] .....    17.195401: ovldiag_open: (ovl_open+0xb2/0x100 <- ovl_open_realfile) result=0xffff88800842be00
             cat-5112    [000] .....    17.195607: ovldiag_open: (ovl_open+0xb2/0x100 <- ovl_open_realfile) result=0xffff88800842a200
             cat-5120    [001] .....    17.200322: ovldiag_open: (ovl_open+0xb2/0x100 <- ovl_open_realfile) result=0xffff888003f6ae00
              dd-5119    [000] .....    17.200497: ovldiag_open: (ovl_open+0xb2/0x100 <- ovl_open_realfile) result=0xffff888004355900
              dd-5119    [000] .....    17.200528: ovldiag_ensure: (ovl_write_iter+0xaf/0x1b0 <- ovl_ensure_upper_and_switch) result=0x0
              dd-5119    [000] .....    17.200544: ovldiag_write: (ovl_write_iter+0x136/0x1b0 <- backing_file_write_iter) result=0x1000
              dd-5123    [000] .....    17.202818: ovldiag_open: (ovl_open+0xb2/0x100 <- ovl_open_realfile) result=0xffff88800cad4e00
              dd-5123    [000] .....    17.202849: ovldiag_ensure: (ovl_write_iter+0xaf/0x1b0 <- ovl_ensure_upper_and_switch) result=0x0
              dd-5123    [000] .....    17.202863: ovldiag_write: (ovl_write_iter+0x136/0x1b0 <- backing_file_write_iter) result=0x1000
              dd-5125    [001] .....    17.203720: ovldiag_open: (ovl_open+0xb2/0x100 <- ovl_open_realfile) result=0xffff88800cbf6500
              dd-5125    [001] .....    17.203748: ovldiag_ensure: (ovl_write_iter+0xaf/0x1b0 <- ovl_ensure_upper_and_switch) result=0x0
              dd-5125    [001] .....    17.203771: ovldiag_write: (ovl_write_iter+0x136/0x1b0 <- backing_file_write_iter) result=0x1000
             cat-5127    [001] .....    17.204754: ovldiag_open: (ovl_open+0xb2/0x100 <- ovl_open_realfile) result=0xffff8880062a2f00
             cat-5128    [000] .....    17.206971: ovldiag_open: (ovl_open+0xb2/0x100 <- ovl_open_realfile) result=0xffff888007377900
             cat-5131    [001] .....    17.207730: ovldiag_open: (ovl_open+0xb2/0x100 <- ovl_open_realfile) result=0xffff888006210e00
              dd-5134    [000] .....    17.208506: ovldiag_open: (ovl_open+0xb2/0x100 <- ovl_open_realfile) result=0xffff88800cae1600
              dd-5134    [000] .....    17.208534: ovldiag_ensure: (ovl_write_iter+0xaf/0x1b0 <- ovl_ensure_upper_and_switch) result=0x0
              dd-5134    [000] .....    17.208549: ovldiag_write: (ovl_write_iter+0x136/0x1b0 <- backing_file_write_iter) result=0x1000
             cat-5137    [001] .....    17.211153: ovldiag_open: (ovl_open+0xb2/0x100 <- ovl_open_realfile) result=0xffff888007171b00
              dd-5141    [000] .....    17.213478: ovldiag_open: (ovl_open+0xb2/0x100 <- ovl_open_realfile) result=0xffff888006210a00
              dd-5141    [000] .....    17.213505: ovldiag_ensure: (ovl_write_iter+0xaf/0x1b0 <- ovl_ensure_upper_and_switch) result=0x0
              dd-5141    [000] .....    17.213521: ovldiag_write: (ovl_write_iter+0x136/0x1b0 <- backing_file_write_iter) result=0x1000
             cat-5144    [001] .....    17.215865: ovldiag_open: (ovl_open+0xb2/0x100 <- ovl_open_realfile) result=0xffff8880047ff700
              dd-5145    [000] .....    17.215931: ovldiag_open: (ovl_open+0xb2/0x100 <- ovl_open_realfile) result=0xffff888007154000
              dd-5145    [000] .....    17.215958: ovldiag_ensure: (ovl_write_iter+0xaf/0x1b0 <- ovl_ensure_upper_and_switch) result=0x0
              dd-5145    [000] .....    17.215974: ovldiag_write: (ovl_write_iter+0x136/0x1b0 <- backing_file_write_iter) result=0x1000
              dd-5148    [000] .....    17.218251: ovldiag_open: (ovl_open+0xb2/0x100 <- ovl_open_realfile) result=0xffff88800618a100
              dd-5148    [000] .....    17.218281: ovldiag_ensure: (ovl_write_iter+0xaf/0x1b0 <- ovl_ensure_upper_and_switch) result=0x0
              dd-5148    [000] .....    17.218296: ovldiag_write: (ovl_write_iter+0x136/0x1b0 <- backing_file_write_iter) result=0x1000
             cat-5150    [001] .....    17.219698: ovldiag_open: (ovl_open+0xb2/0x100 <- ovl_open_realfile) result=0xffff88800842a200
             cat-5151    [000] .....    17.220564: ovldiag_open: (ovl_open+0xb2/0x100 <- ovl_open_realfile) result=0xffff8880070ce000
              dd-5155    [000] .....    17.222089: ovldiag_open: (ovl_open+0xb2/0x100 <- ovl_open_realfile) result=0xffff888004355700
              dd-5155    [000] .....    17.222116: ovldiag_ensure: (ovl_write_iter+0xaf/0x1b0 <- ovl_ensure_upper_and_switch) result=0x0
              dd-5155    [000] .....    17.222130: ovldiag_write: (ovl_write_iter+0x136/0x1b0 <- backing_file_write_iter) result=0x1000
             cat-5156    [001] .....    17.222670: ovldiag_open: (ovl_open+0xb2/0x100 <- ovl_open_realfile) result=0xffff88800717b500
              dd-5162    [001] .....    17.226731: ovldiag_open: (ovl_open+0xb2/0x100 <- ovl_open_realfile) result=0xffff888007168e00
              dd-5162    [001] .....    17.226761: ovldiag_ensure: (ovl_write_iter+0xaf/0x1b0 <- ovl_ensure_upper_and_switch) result=0x0
              dd-5162    [001] .....    17.226777: ovldiag_write: (ovl_write_iter+0x136/0x1b0 <- backing_file_write_iter) result=0x1000
             cat-5161    [001] .....    17.227046: ovldiag_open: (ovl_open+0xb2/0x100 <- ovl_open_realfile) result=0xffff8880047f0700
              dd-5166    [001] .....    17.228705: ovldiag_open: (ovl_open+0xb2/0x100 <- ovl_open_realfile) result=0xffff888006217700
              dd-5166    [001] .....    17.228733: ovldiag_ensure: (ovl_write_iter+0xaf/0x1b0 <- ovl_ensure_upper_and_switch) result=0x0
              dd-5166    [001] .....    17.228749: ovldiag_write: (ovl_write_iter+0x136/0x1b0 <- backing_file_write_iter) result=0x1000
              dd-5170    [000] .....    17.231192: ovldiag_open: (ovl_open+0xb2/0x100 <- ovl_open_realfile) result=0xffff888004445300
              dd-5170    [000] .....    17.231234: ovldiag_ensure: (ovl_write_iter+0xaf/0x1b0 <- ovl_ensure_upper_and_switch) result=0x0
              dd-5170    [000] .....    17.231250: ovldiag_write: (ovl_write_iter+0x136/0x1b0 <- backing_file_write_iter) result=0x1000
             cat-5171    [001] .....    17.232520: ovldiag_open: (ovl_open+0xb2/0x100 <- ovl_open_realfile) result=0xffff88800732bc00
             cat-5168    [001] .....    17.232770: ovldiag_open: (ovl_open+0xb2/0x100 <- ovl_open_realfile) result=0xffff88800732bb00
             cat-5173    [000] .....    17.233755: ovldiag_open: (ovl_open+0xb2/0x100 <- ovl_open_realfile) result=0xffff88800a32f600
              dd-5178    [001] .....    17.236097: ovldiag_open: (ovl_open+0xb2/0x100 <- ovl_open_realfile) result=0xffff888008411600
              dd-5178    [001] .....    17.236127: ovldiag_ensure: (ovl_write_iter+0xaf/0x1b0 <- ovl_ensure_upper_and_switch) result=0x0
              dd-5178    [001] .....    17.236143: ovldiag_write: (ovl_write_iter+0x136/0x1b0 <- backing_file_write_iter) result=0x1000
             cat-5182    [000] .....    17.239407: ovldiag_open: (ovl_open+0xb2/0x100 <- ovl_open_realfile) result=0xffff88800c974700
              dd-5183    [001] .....    17.239673: ovldiag_open: (ovl_open+0xb2/0x100 <- ovl_open_realfile) result=0xffff88800c91d800
              dd-5183    [001] .....    17.239701: ovldiag_ensure: (ovl_write_iter+0xaf/0x1b0 <- ovl_ensure_upper_and_switch) result=0x0
              dd-5183    [001] .....    17.239718: ovldiag_write: (ovl_write_iter+0x136/0x1b0 <- backing_file_write_iter) result=0x1000
              dd-5186    [001] .....    17.241199: ovldiag_open: (ovl_open+0xb2/0x100 <- ovl_open_realfile) result=0xffff888006217100
              dd-5186    [001] .....    17.241239: ovldiag_ensure: (ovl_write_iter+0xaf/0x1b0 <- ovl_ensure_upper_and_switch) result=0x0
              dd-5186    [001] .....    17.241254: ovldiag_write: (ovl_write_iter+0x136/0x1b0 <- backing_file_write_iter) result=0x1000
             cat-5189    [001] .....    17.243570: ovldiag_open: (ovl_open+0xb2/0x100 <- ovl_open_realfile) result=0xffff88800842bc00
              dd-5190    [000] .....    17.244007: ovldiag_open: (ovl_open+0xb2/0x100 <- ovl_open_realfile) result=0xffff8880073c5300
              dd-5190    [000] .....    17.244038: ovldiag_ensure: (ovl_write_iter+0xaf/0x1b0 <- ovl_ensure_upper_and_switch) result=0x0
              dd-5190    [000] .....    17.244054: ovldiag_write: (ovl_write_iter+0x136/0x1b0 <- backing_file_write_iter) result=0x1000
             cat-5192    [001] .....    17.245059: ovldiag_open: (ovl_open+0xb2/0x100 <- ovl_open_realfile) result=0xffff888006217800
             cat-5193    [000] .....    17.246101: ovldiag_open: (ovl_open+0xb2/0x100 <- ovl_open_realfile) result=0xffff88800716a000
             cat-5199    [000] .....    17.249032: ovldiag_open: (ovl_open+0xb2/0x100 <- ovl_open_realfile) result=0xffff88800cae7400
              dd-5200    [001] .....    17.249847: ovldiag_open: (ovl_open+0xb2/0x100 <- ovl_open_realfile) result=0xffff888006217f00
              dd-5200    [001] .....    17.249877: ovldiag_ensure: (ovl_write_iter+0xaf/0x1b0 <- ovl_ensure_upper_and_switch) result=0x0
              dd-5200    [001] .....    17.249893: ovldiag_write: (ovl_write_iter+0x136/0x1b0 <- backing_file_write_iter) result=0x1000
              dd-5205    [000] .....    17.253555: ovldiag_open: (ovl_open+0xb2/0x100 <- ovl_open_realfile) result=0xffff8880070ce200
              dd-5205    [000] .....    17.253583: ovldiag_ensure: (ovl_write_iter+0xaf/0x1b0 <- ovl_ensure_upper_and_switch) result=0x0
              dd-5205    [000] .....    17.253599: ovldiag_write: (ovl_write_iter+0x136/0x1b0 <- backing_file_write_iter) result=0x1000
             cat-5206    [001] .....    17.253977: ovldiag_open: (ovl_open+0xb2/0x100 <- ovl_open_realfile) result=0xffff888008411e00
              dd-5208    [001] .....    17.255202: ovldiag_open: (ovl_open+0xb2/0x100 <- ovl_open_realfile) result=0xffff888004578800
              dd-5208    [001] .....    17.255242: ovldiag_ensure: (ovl_write_iter+0xaf/0x1b0 <- ovl_ensure_upper_and_switch) result=0x0
              dd-5208    [001] .....    17.255258: ovldiag_write: (ovl_write_iter+0x136/0x1b0 <- backing_file_write_iter) result=0x1000
             cat-5209    [000] .....    17.255780: ovldiag_open: (ovl_open+0xb2/0x100 <- ovl_open_realfile) result=0xffff8880070d2000
              dd-5214    [000] .....    17.258748: ovldiag_open: (ovl_open+0xb2/0x100 <- ovl_open_realfile) result=0xffff8880047ff500
              dd-5214    [000] .....    17.258777: ovldiag_ensure: (ovl_write_iter+0xaf/0x1b0 <- ovl_ensure_upper_and_switch) result=0x0
              dd-5214    [000] .....    17.258792: ovldiag_write: (ovl_write_iter+0x136/0x1b0 <- backing_file_write_iter) result=0x1000
             cat-5218    [000] .....    17.260686: ovldiag_open: (ovl_open+0xb2/0x100 <- ovl_open_realfile) result=0xffff88800612b500
             cat-5217    [001] .....    17.261079: ovldiag_open: (ovl_open+0xb2/0x100 <- ovl_open_realfile) result=0xffff88800caada00
              dd-5220    [001] .....    17.262647: ovldiag_open: (ovl_open+0xb2/0x100 <- ovl_open_realfile) result=0xffff88800451b400
              dd-5220    [001] .....    17.262677: ovldiag_ensure: (ovl_write_iter+0xaf/0x1b0 <- ovl_ensure_upper_and_switch) result=0x0
              dd-5220    [001] .....    17.262694: ovldiag_write: (ovl_write_iter+0x136/0x1b0 <- backing_file_write_iter) result=0x1000
             cat-5225    [000] .....    17.265744: ovldiag_open: (ovl_open+0xb2/0x100 <- ovl_open_realfile) result=0xffff88800732a200
             cat-5226    [001] .....    17.266109: ovldiag_open: (ovl_open+0xb2/0x100 <- ovl_open_realfile) result=0xffff88800732cf00
              dd-5227    [000] .....    17.266959: ovldiag_open: (ovl_open+0xb2/0x100 <- ovl_open_realfile) result=0xffff888004578e00
              dd-5227    [000] .....    17.266987: ovldiag_ensure: (ovl_write_iter+0xaf/0x1b0 <- ovl_ensure_upper_and_switch) result=0x0
              dd-5227    [000] .....    17.267002: ovldiag_write: (ovl_write_iter+0x136/0x1b0 <- backing_file_write_iter) result=0x1000
              dd-5232    [001] .....    17.269778: ovldiag_open: (ovl_open+0xb2/0x100 <- ovl_open_realfile) result=0xffff88800723a500
              dd-5232    [001] .....    17.270111: ovldiag_ensure: (ovl_write_iter+0xaf/0x1b0 <- ovl_ensure_upper_and_switch) result=0x0
              dd-5232    [001] .....    17.270128: ovldiag_write: (ovl_write_iter+0x136/0x1b0 <- backing_file_write_iter) result=0x1000
             cat-5236    [001] .....    17.272187: ovldiag_open: (ovl_open+0xb2/0x100 <- ovl_open_realfile) result=0xffff8880062a2200
              dd-5237    [000] .....    17.272952: ovldiag_open: (ovl_open+0xb2/0x100 <- ovl_open_realfile) result=0xffff888006210700
              dd-5237    [000] .....    17.272981: ovldiag_ensure: (ovl_write_iter+0xaf/0x1b0 <- ovl_ensure_upper_and_switch) result=0x0
              dd-5237    [000] .....    17.272996: ovldiag_write: (ovl_write_iter+0x136/0x1b0 <- backing_file_write_iter) result=0x1000
             cat-5235    [000] .....    17.273185: ovldiag_open: (ovl_open+0xb2/0x100 <- ovl_open_realfile) result=0xffff888007377700
             cat-5243    [001] .....    17.276558: ovldiag_open: (ovl_open+0xb2/0x100 <- ovl_open_realfile) result=0xffff8880084c4f00
              dd-5241    [001] .....    17.277026: ovldiag_open: (ovl_open+0xb2/0x100 <- ovl_open_realfile) result=0xffff8880046f4100
              dd-5241    [001] .....    17.277055: ovldiag_ensure: (ovl_write_iter+0xaf/0x1b0 <- ovl_ensure_upper_and_switch) result=0x0
              dd-5241    [001] .....    17.277068: ovldiag_write: (ovl_write_iter+0x136/0x1b0 <- backing_file_write_iter) result=0x1000
             cat-5245    [001] .....    17.279396: ovldiag_open: (ovl_open+0xb2/0x100 <- ovl_open_realfile) result=0xffff888004578400
              dd-5250    [000] .....    17.281409: ovldiag_open: (ovl_open+0xb2/0x100 <- ovl_open_realfile) result=0xffff88800732af00
              dd-5250    [000] .....    17.281436: ovldiag_ensure: (ovl_write_iter+0xaf/0x1b0 <- ovl_ensure_upper_and_switch) result=0x0
              dd-5250    [000] .....    17.281451: ovldiag_write: (ovl_write_iter+0x136/0x1b0 <- backing_file_write_iter) result=0x1000
             cat-5253    [001] .....    17.283241: ovldiag_open: (ovl_open+0xb2/0x100 <- ovl_open_realfile) result=0xffff8880070ceb00
             cat-5254    [000] .....    17.283698: ovldiag_open: (ovl_open+0xb2/0x100 <- ovl_open_realfile) result=0xffff8880047f0200
              dd-5255    [001] .....    17.285955: ovldiag_open: (ovl_open+0xb2/0x100 <- ovl_open_realfile) result=0xffff88800842ac00
              dd-5255    [001] .....    17.285987: ovldiag_ensure: (ovl_write_iter+0xaf/0x1b0 <- ovl_ensure_upper_and_switch) result=0x0
              dd-5255    [001] .....    17.286002: ovldiag_write: (ovl_write_iter+0x136/0x1b0 <- backing_file_write_iter) result=0x1000
              dd-5258    [000] .....    17.286710: ovldiag_open: (ovl_open+0xb2/0x100 <- ovl_open_realfile) result=0xffff8880046d6700
              dd-5258    [000] .....    17.286738: ovldiag_ensure: (ovl_write_iter+0xaf/0x1b0 <- ovl_ensure_upper_and_switch) result=0x0
              dd-5258    [000] .....    17.286754: ovldiag_write: (ovl_write_iter+0x136/0x1b0 <- backing_file_write_iter) result=0x1000
             cat-5259    [000] .....    17.287723: ovldiag_open: (ovl_open+0xb2/0x100 <- ovl_open_realfile) result=0xffff88800723a700
             cat-5262    [001] .....    17.288707: ovldiag_open: (ovl_open+0xb2/0x100 <- ovl_open_realfile) result=0xffff88800842aa00
              dd-5266    [001] .....    17.292285: ovldiag_open: (ovl_open+0xb2/0x100 <- ovl_open_realfile) result=0xffff8880047f6000
              dd-5266    [001] .....    17.292315: ovldiag_ensure: (ovl_write_iter+0xaf/0x1b0 <- ovl_ensure_upper_and_switch) result=0x0
              dd-5266    [001] .....    17.292331: ovldiag_write: (ovl_write_iter+0x136/0x1b0 <- backing_file_write_iter) result=0x1000
             cat-5270    [001] .....    17.293742: ovldiag_open: (ovl_open+0xb2/0x100 <- ovl_open_realfile) result=0xffff8880086dd600
              dd-5271    [000] .....    17.294702: ovldiag_open: (ovl_open+0xb2/0x100 <- ovl_open_realfile) result=0xffff88800842a200
              dd-5271    [000] .....    17.294729: ovldiag_ensure: (ovl_write_iter+0xaf/0x1b0 <- ovl_ensure_upper_and_switch) result=0x0
              dd-5271    [000] .....    17.294745: ovldiag_write: (ovl_write_iter+0x136/0x1b0 <- backing_file_write_iter) result=0x1000
             cat-5274    [000] .....    17.296104: ovldiag_open: (ovl_open+0xb2/0x100 <- ovl_open_realfile) result=0xffff88800702a700
             cat-5278    [000] .....    17.298647: ovldiag_open: (ovl_open+0xb2/0x100 <- ovl_open_realfile) result=0xffff8880070ce900
              dd-5280    [001] .....    17.300273: ovldiag_open: (ovl_open+0xb2/0x100 <- ovl_open_realfile) result=0xffff88800717bf00
              dd-5280    [001] .....    17.300304: ovldiag_ensure: (ovl_write_iter+0xaf/0x1b0 <- ovl_ensure_upper_and_switch) result=0x0
              dd-5280    [001] .....    17.300320: ovldiag_write: (ovl_write_iter+0x136/0x1b0 <- backing_file_write_iter) result=0x1000
             cat-5282    [000] .....    17.301771: ovldiag_open: (ovl_open+0xb2/0x100 <- ovl_open_realfile) result=0xffff88800867dd00
              dd-5285    [000] .....    17.303227: ovldiag_open: (ovl_open+0xb2/0x100 <- ovl_open_realfile) result=0xffff88800842a000
              dd-5285    [000] .....    17.303257: ovldiag_ensure: (ovl_write_iter+0xaf/0x1b0 <- ovl_ensure_upper_and_switch) result=0x0
              dd-5285    [000] .....    17.303273: ovldiag_write: (ovl_write_iter+0x136/0x1b0 <- backing_file_write_iter) result=0x1000
              dd-5290    [000] .....    17.305541: ovldiag_open: (ovl_open+0xb2/0x100 <- ovl_open_realfile) result=0xffff88800c93d900
              dd-5290    [000] .....    17.305571: ovldiag_ensure: (ovl_write_iter+0xaf/0x1b0 <- ovl_ensure_upper_and_switch) result=0x0
              dd-5290    [000] .....    17.305586: ovldiag_write: (ovl_write_iter+0x136/0x1b0 <- backing_file_write_iter) result=0x1000
             cat-5289    [001] .....    17.306419: ovldiag_open: (ovl_open+0xb2/0x100 <- ovl_open_realfile) result=0xffff8880070cf400
             cat-5292    [000] .....    17.307650: ovldiag_open: (ovl_open+0xb2/0x100 <- ovl_open_realfile) result=0xffff88800702a900
              dd-5295    [000] .....    17.309735: ovldiag_open: (ovl_open+0xb2/0x100 <- ovl_open_realfile) result=0xffff88800716ae00
              dd-5295    [000] .....    17.309764: ovldiag_ensure: (ovl_write_iter+0xaf/0x1b0 <- ovl_ensure_upper_and_switch) result=0x0
              dd-5295    [000] .....    17.309781: ovldiag_write: (ovl_write_iter+0x136/0x1b0 <- backing_file_write_iter) result=0x1000
             cat-5299    [001] .....    17.312113: ovldiag_open: (ovl_open+0xb2/0x100 <- ovl_open_realfile) result=0xffff8880073c5500
             cat-5300    [000] .....    17.312563: ovldiag_open: (ovl_open+0xb2/0x100 <- ovl_open_realfile) result=0xffff88800451b000
              dd-5303    [001] .....    17.314735: ovldiag_open: (ovl_open+0xb2/0x100 <- ovl_open_realfile) result=0xffff888003f6ae00
              dd-5303    [001] .....    17.314766: ovldiag_ensure: (ovl_write_iter+0xaf/0x1b0 <- ovl_ensure_upper_and_switch) result=0x0
              dd-5303    [001] .....    17.314782: ovldiag_write: (ovl_write_iter+0x136/0x1b0 <- backing_file_write_iter) result=0x1000
              dd-5305    [000] .....    17.315596: ovldiag_open: (ovl_open+0xb2/0x100 <- ovl_open_realfile) result=0xffff888006327b00
              dd-5305    [000] .....    17.315625: ovldiag_ensure: (ovl_write_iter+0xaf/0x1b0 <- ovl_ensure_upper_and_switch) result=0x0
              dd-5305    [000] .....    17.315641: ovldiag_write: (ovl_write_iter+0x136/0x1b0 <- backing_file_write_iter) result=0x1000
             cat-5307    [001] .....    17.318529: ovldiag_open: (ovl_open+0xb2/0x100 <- ovl_open_realfile) result=0xffff888004490700
              dd-5310    [000] .....    17.318866: ovldiag_open: (ovl_open+0xb2/0x100 <- ovl_open_realfile) result=0xffff88800716fc00
              dd-5310    [000] .....    17.318893: ovldiag_ensure: (ovl_write_iter+0xaf/0x1b0 <- ovl_ensure_upper_and_switch) result=0x0
              dd-5310    [000] .....    17.318908: ovldiag_write: (ovl_write_iter+0x136/0x1b0 <- backing_file_write_iter) result=0x1000
             cat-5311    [001] .....    17.319893: ovldiag_open: (ovl_open+0xb2/0x100 <- ovl_open_realfile) result=0xffff888004530f00
              dd-5316    [000] .....    17.322778: ovldiag_open: (ovl_open+0xb2/0x100 <- ovl_open_realfile) result=0xffff888004697900
              dd-5316    [000] .....    17.322823: ovldiag_ensure: (ovl_write_iter+0xaf/0x1b0 <- ovl_ensure_upper_and_switch) result=0x0
              dd-5316    [000] .....    17.322839: ovldiag_write: (ovl_write_iter+0x136/0x1b0 <- backing_file_write_iter) result=0x1000
             cat-5320    [001] .....    17.324543: ovldiag_open: (ovl_open+0xb2/0x100 <- ovl_open_realfile) result=0xffff88800842aa00
             cat-5319    [000] .....    17.324747: ovldiag_open: (ovl_open+0xb2/0x100 <- ovl_open_realfile) result=0xffff88800716ab00
              dd-5325    [001] .....    17.328030: ovldiag_open: (ovl_open+0xb2/0x100 <- ovl_open_realfile) result=0xffff88800c9bb100
              dd-5325    [001] .....    17.328062: ovldiag_ensure: (ovl_write_iter+0xaf/0x1b0 <- ovl_ensure_upper_and_switch) result=0x0
              dd-5325    [001] .....    17.328078: ovldiag_write: (ovl_write_iter+0x136/0x1b0 <- backing_file_write_iter) result=0x1000
             cat-5326    [000] .....    17.329200: ovldiag_open: (ovl_open+0xb2/0x100 <- ovl_open_realfile) result=0xffff888007105300
             cat-5327    [001] .....    17.329695: ovldiag_open: (ovl_open+0xb2/0x100 <- ovl_open_realfile) result=0xffff888007374000
              dd-5328    [001] .....    17.330892: ovldiag_open: (ovl_open+0xb2/0x100 <- ovl_open_realfile) result=0xffff88800c9bb800
              dd-5328    [001] .....    17.330923: ovldiag_ensure: (ovl_write_iter+0xaf/0x1b0 <- ovl_ensure_upper_and_switch) result=0x0
              dd-5328    [001] .....    17.330939: ovldiag_write: (ovl_write_iter+0x136/0x1b0 <- backing_file_write_iter) result=0x1000
              dd-5331    [000] .....    17.332088: ovldiag_open: (ovl_open+0xb2/0x100 <- ovl_open_realfile) result=0xffff888006318600
              dd-5331    [000] .....    17.332117: ovldiag_ensure: (ovl_write_iter+0xaf/0x1b0 <- ovl_ensure_upper_and_switch) result=0x0
              dd-5331    [000] .....    17.332134: ovldiag_write: (ovl_write_iter+0x136/0x1b0 <- backing_file_write_iter) result=0x1000
             cat-5334    [000] .....    17.334389: ovldiag_open: (ovl_open+0xb2/0x100 <- ovl_open_realfile) result=0xffff88800716fc00
             cat-5337    [001] .....    17.334717: ovldiag_open: (ovl_open+0xb2/0x100 <- ovl_open_realfile) result=0xffff8880045c9700
              dd-5341    [001] .....    17.337357: ovldiag_open: (ovl_open+0xb2/0x100 <- ovl_open_realfile) result=0xffff888004355300
              dd-5341    [001] .....    17.337387: ovldiag_ensure: (ovl_write_iter+0xaf/0x1b0 <- ovl_ensure_upper_and_switch) result=0x0
              dd-5341    [001] .....    17.337404: ovldiag_write: (ovl_write_iter+0x136/0x1b0 <- backing_file_write_iter) result=0x1000
             cat-5344    [000] .....    17.340169: ovldiag_open: (ovl_open+0xb2/0x100 <- ovl_open_realfile) result=0xffff88800dc5e100
             cat-5347    [000] .....    17.342047: ovldiag_open: (ovl_open+0xb2/0x100 <- ovl_open_realfile) result=0xffff8880045f5500
              dd-5349    [001] .....    17.343414: ovldiag_open: (ovl_open+0xb2/0x100 <- ovl_open_realfile) result=0xffff88800a297e00
              dd-5349    [001] .....    17.343445: ovldiag_ensure: (ovl_write_iter+0xaf/0x1b0 <- ovl_ensure_upper_and_switch) result=0x0
              dd-5349    [001] .....    17.343461: ovldiag_write: (ovl_write_iter+0x136/0x1b0 <- backing_file_write_iter) result=0x1000
             cat-5352    [001] .....    17.345103: ovldiag_open: (ovl_open+0xb2/0x100 <- ovl_open_realfile) result=0xffff888004445300
             cat-5355    [001] .....    17.346748: ovldiag_open: (ovl_open+0xb2/0x100 <- ovl_open_realfile) result=0xffff8880047ff300
              dd-5358    [001] .....    17.349724: ovldiag_open: (ovl_open+0xb2/0x100 <- ovl_open_realfile) result=0xffff888007167800
              dd-5358    [001] .....    17.349754: ovldiag_ensure: (ovl_write_iter+0xaf/0x1b0 <- ovl_ensure_upper_and_switch) result=0x0
              dd-5358    [001] .....    17.349771: ovldiag_write: (ovl_write_iter+0x136/0x1b0 <- backing_file_write_iter) result=0x1000
             cat-5361    [000] .....    17.350732: ovldiag_open: (ovl_open+0xb2/0x100 <- ovl_open_realfile) result=0xffff888003cd0800
              dd-5359    [000] .....    17.351621: ovldiag_open: (ovl_open+0xb2/0x100 <- ovl_open_realfile) result=0xffff88800702a900
              dd-5359    [000] .....    17.351651: ovldiag_ensure: (ovl_write_iter+0xaf/0x1b0 <- ovl_ensure_upper_and_switch) result=0x0
              dd-5359    [000] .....    17.351666: ovldiag_write: (ovl_write_iter+0x136/0x1b0 <- backing_file_write_iter) result=0x1000
              dd-5362    [001] .....    17.352327: ovldiag_open: (ovl_open+0xb2/0x100 <- ovl_open_realfile) result=0xffff888004530100
              dd-5362    [001] .....    17.352357: ovldiag_ensure: (ovl_write_iter+0xaf/0x1b0 <- ovl_ensure_upper_and_switch) result=0x0
              dd-5362    [001] .....    17.352374: ovldiag_write: (ovl_write_iter+0x136/0x1b0 <- backing_file_write_iter) result=0x1000
             cat-5365    [000] .....    17.353687: ovldiag_open: (ovl_open+0xb2/0x100 <- ovl_open_realfile) result=0xffff88800ddd4400
             cat-5368    [001] .....    17.354871: ovldiag_open: (ovl_open+0xb2/0x100 <- ovl_open_realfile) result=0xffff88800ded1000
             cat-5373    [000] .....    17.358703: ovldiag_open: (ovl_open+0xb2/0x100 <- ovl_open_realfile) result=0xffff888004445c00
              dd-5372    [000] .....    17.359042: ovldiag_open: (ovl_open+0xb2/0x100 <- ovl_open_realfile) result=0xffff88800717b900
              dd-5372    [000] .....    17.359068: ovldiag_ensure: (ovl_write_iter+0xaf/0x1b0 <- ovl_ensure_upper_and_switch) result=0x0
              dd-5372    [000] .....    17.359080: ovldiag_write: (ovl_write_iter+0x136/0x1b0 <- backing_file_write_iter) result=0x1000
             cat-5379    [000] .....    17.363125: ovldiag_open: (ovl_open+0xb2/0x100 <- ovl_open_realfile) result=0xffff888003cd0700
              dd-5380    [001] .....    17.363474: ovldiag_open: (ovl_open+0xb2/0x100 <- ovl_open_realfile) result=0xffff888007105300
              dd-5380    [001] .....    17.363504: ovldiag_ensure: (ovl_write_iter+0xaf/0x1b0 <- ovl_ensure_upper_and_switch) result=0x0
              dd-5380    [001] .....    17.363521: ovldiag_write: (ovl_write_iter+0x136/0x1b0 <- backing_file_write_iter) result=0x1000
             cat-5384    [001] .....    17.366334: ovldiag_open: (ovl_open+0xb2/0x100 <- ovl_open_realfile) result=0xffff888004530700
              dd-5387    [000] .....    17.366878: ovldiag_open: (ovl_open+0xb2/0x100 <- ovl_open_realfile) result=0xffff8880070ceb00
              dd-5387    [000] .....    17.366908: ovldiag_ensure: (ovl_write_iter+0xaf/0x1b0 <- ovl_ensure_upper_and_switch) result=0x0
              dd-5387    [000] .....    17.366923: ovldiag_write: (ovl_write_iter+0x136/0x1b0 <- backing_file_write_iter) result=0x1000
             cat-5385    [001] .....    17.367368: ovldiag_open: (ovl_open+0xb2/0x100 <- ovl_open_realfile) result=0xffff88800842af00
              dd-5386    [000] .....    17.369080: ovldiag_open: (ovl_open+0xb2/0x100 <- ovl_open_realfile) result=0xffff888003f6ae00
              dd-5386    [000] .....    17.369107: ovldiag_ensure: (ovl_write_iter+0xaf/0x1b0 <- ovl_ensure_upper_and_switch) result=0x0
              dd-5386    [000] .....    17.369123: ovldiag_write: (ovl_write_iter+0x136/0x1b0 <- backing_file_write_iter) result=0x1000
             cat-5389    [000] .....    17.369458: ovldiag_open: (ovl_open+0xb2/0x100 <- ovl_open_realfile) result=0xffff8880047ff100
             cat-5396    [001] .....    17.373243: ovldiag_open: (ovl_open+0xb2/0x100 <- ovl_open_realfile) result=0xffff88800716fc00
              dd-5395    [000] .....    17.375120: ovldiag_open: (ovl_open+0xb2/0x100 <- ovl_open_realfile) result=0xffff8880070ce500
              dd-5395    [000] .....    17.375148: ovldiag_ensure: (ovl_write_iter+0xaf/0x1b0 <- ovl_ensure_upper_and_switch) result=0x0
              dd-5395    [000] .....    17.375163: ovldiag_write: (ovl_write_iter+0x136/0x1b0 <- backing_file_write_iter) result=0x1000
              dd-5401    [001] .....    17.376321: ovldiag_open: (ovl_open+0xb2/0x100 <- ovl_open_realfile) result=0xffff88800842a000
              dd-5401    [001] .....    17.376348: ovldiag_ensure: (ovl_write_iter+0xaf/0x1b0 <- ovl_ensure_upper_and_switch) result=0x0
              dd-5401    [001] .....    17.376364: ovldiag_write: (ovl_write_iter+0x136/0x1b0 <- backing_file_write_iter) result=0x1000
             cat-5404    [001] .....    17.378335: ovldiag_open: (ovl_open+0xb2/0x100 <- ovl_open_realfile) result=0xffff88800732be00
              dd-5406    [000] .....    17.379685: ovldiag_open: (ovl_open+0xb2/0x100 <- ovl_open_realfile) result=0xffff88800deac700
              dd-5406    [000] .....    17.379716: ovldiag_ensure: (ovl_write_iter+0xaf/0x1b0 <- ovl_ensure_upper_and_switch) result=0x0
              dd-5406    [000] .....    17.379732: ovldiag_write: (ovl_write_iter+0x136/0x1b0 <- backing_file_write_iter) result=0x1000
             cat-5408    [000] .....    17.381204: ovldiag_open: (ovl_open+0xb2/0x100 <- ovl_open_realfile) result=0xffff88800732a800
              dd-5411    [000] .....    17.382761: ovldiag_open: (ovl_open+0xb2/0x100 <- ovl_open_realfile) result=0xffff8880047f6600
              dd-5411    [000] .....    17.382791: ovldiag_ensure: (ovl_write_iter+0xaf/0x1b0 <- ovl_ensure_upper_and_switch) result=0x0
             cat-5413    [000] .....    17.383985: ovldiag_open: (ovl_open+0xb2/0x100 <- ovl_open_realfile) result=0xffff88800451b000
              dd-5411    [000] .....    17.384117: ovldiag_write: (ovl_write_iter+0x136/0x1b0 <- backing_file_write_iter) result=0x1000
             cat-5412    [001] .....    17.384206: ovldiag_open: (ovl_open+0xb2/0x100 <- ovl_open_realfile) result=0xffff8880045f5800
             cat-5419    [001] .....    17.388088: ovldiag_open: (ovl_open+0xb2/0x100 <- ovl_open_realfile) result=0xffff8880070ce400
              dd-5421    [000] .....    17.389029: ovldiag_open: (ovl_open+0xb2/0x100 <- ovl_open_realfile) result=0xffff88800842a200
              dd-5421    [000] .....    17.389057: ovldiag_ensure: (ovl_write_iter+0xaf/0x1b0 <- ovl_ensure_upper_and_switch) result=0x0
              dd-5421    [000] .....    17.389072: ovldiag_write: (ovl_write_iter+0x136/0x1b0 <- backing_file_write_iter) result=0x1000
              dd-5423    [001] .....    17.390560: ovldiag_open: (ovl_open+0xb2/0x100 <- ovl_open_realfile) result=0xffff888007167c00
              dd-5423    [001] .....    17.390590: ovldiag_ensure: (ovl_write_iter+0xaf/0x1b0 <- ovl_ensure_upper_and_switch) result=0x0
              dd-5423    [001] .....    17.390607: ovldiag_write: (ovl_write_iter+0x136/0x1b0 <- backing_file_write_iter) result=0x1000
             cat-5427    [000] .....    17.394338: ovldiag_open: (ovl_open+0xb2/0x100 <- ovl_open_realfile) result=0xffff888007021800
             cat-5431    [001] .....    17.396595: ovldiag_open: (ovl_open+0xb2/0x100 <- ovl_open_realfile) result=0xffff8880073c5700
              dd-5432    [000] .....    17.397456: ovldiag_open: (ovl_open+0xb2/0x100 <- ovl_open_realfile) result=0xffff88800842b100
              dd-5432    [000] .....    17.397494: ovldiag_ensure: (ovl_write_iter+0xaf/0x1b0 <- ovl_ensure_upper_and_switch) result=0x0
              dd-5432    [000] .....    17.397509: ovldiag_write: (ovl_write_iter+0x136/0x1b0 <- backing_file_write_iter) result=0x1000
             cat-5434    [000] .....    17.398467: ovldiag_open: (ovl_open+0xb2/0x100 <- ovl_open_realfile) result=0xffff888004697400
              dd-5438    [001] .....    17.401634: ovldiag_open: (ovl_open+0xb2/0x100 <- ovl_open_realfile) result=0xffff88800723a300
              dd-5438    [001] .....    17.401667: ovldiag_ensure: (ovl_write_iter+0xaf/0x1b0 <- ovl_ensure_upper_and_switch) result=0x0
              dd-5438    [001] .....    17.401684: ovldiag_write: (ovl_write_iter+0x136/0x1b0 <- backing_file_write_iter) result=0x1000
             cat-5443    [001] .....    17.403244: ovldiag_open: (ovl_open+0xb2/0x100 <- ovl_open_realfile) result=0xffff88800717b400
              dd-5441    [000] .....    17.404131: ovldiag_open: (ovl_open+0xb2/0x100 <- ovl_open_realfile) result=0xffff888007377900
              dd-5441    [000] .....    17.404168: ovldiag_ensure: (ovl_write_iter+0xaf/0x1b0 <- ovl_ensure_upper_and_switch) result=0x0
              dd-5441    [000] .....    17.404183: ovldiag_write: (ovl_write_iter+0x136/0x1b0 <- backing_file_write_iter) result=0x1000
             cat-5448    [001] .....    17.408025: ovldiag_open: (ovl_open+0xb2/0x100 <- ovl_open_realfile) result=0xffff888004490700
              dd-5447    [000] .....    17.408064: ovldiag_open: (ovl_open+0xb2/0x100 <- ovl_open_realfile) result=0xffff888007168700
              dd-5447    [000] .....    17.408101: ovldiag_ensure: (ovl_write_iter+0xaf/0x1b0 <- ovl_ensure_upper_and_switch) result=0x0
              dd-5447    [000] .....    17.408115: ovldiag_write: (ovl_write_iter+0x136/0x1b0 <- backing_file_write_iter) result=0x1000
             cat-5450    [000] .....    17.408537: ovldiag_open: (ovl_open+0xb2/0x100 <- ovl_open_realfile) result=0xffff888006318100
             cat-5457    [001] .....    17.412247: ovldiag_open: (ovl_open+0xb2/0x100 <- ovl_open_realfile) result=0xffff88800717b300
              dd-5455    [001] .....    17.413272: ovldiag_open: (ovl_open+0xb2/0x100 <- ovl_open_realfile) result=0xffff8880086ddf00
              dd-5455    [001] .....    17.413315: ovldiag_ensure: (ovl_write_iter+0xaf/0x1b0 <- ovl_ensure_upper_and_switch) result=0x0
              dd-5455    [001] .....    17.413331: ovldiag_write: (ovl_write_iter+0x136/0x1b0 <- backing_file_write_iter) result=0x1000
             cat-5457    [001] .....    17.413649: ovldiag_open: (ovl_real_fdget_meta+0x262/0x2f0 <- ovl_open_realfile) result=0xffff8880086ddb00
             cat-5457    [001] .....    17.413667: ovldiag_open: (ovl_real_fdget_meta+0x262/0x2f0 <- ovl_open_realfile) result=0xffff8880086dd600
             cat-5458    [000] .....    17.414194: ovldiag_open: (ovl_open+0xb2/0x100 <- ovl_open_realfile) result=0xffff88800723a800
             cat-5465    [001] .....    17.419304: ovldiag_open: (ovl_open+0xb2/0x100 <- ovl_open_realfile) result=0xffff8880086ddf00
              dd-5462    [001] .....    17.419519: ovldiag_open: (ovl_open+0xb2/0x100 <- ovl_open_realfile) result=0xffff8880086dd100
              dd-5462    [001] .....    17.419554: ovldiag_ensure: (ovl_write_iter+0xaf/0x1b0 <- ovl_ensure_upper_and_switch) result=0x0
              dd-5462    [001] .....    17.419570: ovldiag_write: (ovl_write_iter+0x136/0x1b0 <- backing_file_write_iter) result=0x1000
              dd-5464    [000] .....    17.420110: ovldiag_open: (ovl_open+0xb2/0x100 <- ovl_open_realfile) result=0xffff8880071e9b00
              dd-5464    [000] .....    17.420149: ovldiag_ensure: (ovl_write_iter+0xaf/0x1b0 <- ovl_ensure_upper_and_switch) result=0x0
              dd-5464    [000] .....    17.420165: ovldiag_write: (ovl_write_iter+0x136/0x1b0 <- backing_file_write_iter) result=0x1000
              dd-5469    [000] .....    17.422339: ovldiag_open: (ovl_open+0xb2/0x100 <- ovl_open_realfile) result=0xffff888007171300
              dd-5469    [000] .....    17.422366: ovldiag_ensure: (ovl_write_iter+0xaf/0x1b0 <- ovl_ensure_upper_and_switch) result=0x0
              dd-5469    [000] .....    17.422384: ovldiag_write: (ovl_write_iter+0x136/0x1b0 <- backing_file_write_iter) result=0x1000
             cat-5467    [000] .....    17.422552: ovldiag_open: (ovl_open+0xb2/0x100 <- ovl_open_realfile) result=0xffff88800dc83e00
             cat-5476    [001] .....    17.424696: ovldiag_open: (ovl_open+0xb2/0x100 <- ovl_open_realfile) result=0xffff88800702ad00
              dd-5478    [001] .....    17.426511: ovldiag_open: (ovl_open+0xb2/0x100 <- ovl_open_realfile) result=0xffff888007167800
              dd-5478    [001] .....    17.426538: ovldiag_ensure: (ovl_write_iter+0xaf/0x1b0 <- ovl_ensure_upper_and_switch) result=0x0
              dd-5478    [001] .....    17.426558: ovldiag_write: (ovl_write_iter+0x136/0x1b0 <- backing_file_write_iter) result=0x1000
             cat-5474    [000] .....    17.428164: ovldiag_open: (ovl_open+0xb2/0x100 <- ovl_open_realfile) result=0xffff8880073c5900
             cat-5483    [001] .....    17.429738: ovldiag_open: (ovl_open+0xb2/0x100 <- ovl_open_realfile) result=0xffff88800cb23900
              dd-5486    [000] .....    17.432401: ovldiag_open: (ovl_open+0xb2/0x100 <- ovl_open_realfile) result=0xffff88800cb25000
              dd-5486    [000] .....    17.432437: ovldiag_ensure: (ovl_write_iter+0xaf/0x1b0 <- ovl_ensure_upper_and_switch) result=0x0
              dd-5486    [000] .....    17.432452: ovldiag_write: (ovl_write_iter+0x136/0x1b0 <- backing_file_write_iter) result=0x1000
             cat-5490    [000] .....    17.435053: ovldiag_open: (ovl_open+0xb2/0x100 <- ovl_open_realfile) result=0xffff888006327b00
             cat-5491    [001] .....    17.435170: ovldiag_open: (ovl_open+0xb2/0x100 <- ovl_open_realfile) result=0xffff888007105e00
              dd-5489    [000] .....    17.435198: ovldiag_open: (ovl_open+0xb2/0x100 <- ovl_open_realfile) result=0xffff888006327e00
              dd-5489    [000] .....    17.435245: ovldiag_ensure: (ovl_write_iter+0xaf/0x1b0 <- ovl_ensure_upper_and_switch) result=0x0
              dd-5489    [000] .....    17.435260: ovldiag_write: (ovl_write_iter+0x136/0x1b0 <- backing_file_write_iter) result=0x1000
             cat-5495    [000] .....    17.438021: ovldiag_open: (ovl_open+0xb2/0x100 <- ovl_open_realfile) result=0xffff888004578b00
              dd-5496    [001] .....    17.440102: ovldiag_open: (ovl_open+0xb2/0x100 <- ovl_open_realfile) result=0xffff888007374e00
              dd-5496    [001] .....    17.440143: ovldiag_ensure: (ovl_write_iter+0xaf/0x1b0 <- ovl_ensure_upper_and_switch) result=0x0
              dd-5496    [001] .....    17.440160: ovldiag_write: (ovl_write_iter+0x136/0x1b0 <- backing_file_write_iter) result=0x1000
             cat-5498    [000] .....    17.441993: ovldiag_open: (ovl_open+0xb2/0x100 <- ovl_open_realfile) result=0xffff8880047f0800
              dd-5500    [001] .....    17.442304: ovldiag_open: (ovl_open+0xb2/0x100 <- ovl_open_realfile) result=0xffff888007026e00
              dd-5500    [001] .....    17.442340: ovldiag_ensure: (ovl_write_iter+0xaf/0x1b0 <- ovl_ensure_upper_and_switch) result=0x0
              dd-5500    [001] .....    17.442357: ovldiag_write: (ovl_write_iter+0x136/0x1b0 <- backing_file_write_iter) result=0x1000
              dd-5505    [001] .....    17.446167: ovldiag_open: (ovl_open+0xb2/0x100 <- ovl_open_realfile) result=0xffff888004490900
              dd-5505    [001] .....    17.446448: ovldiag_ensure: (ovl_write_iter+0xaf/0x1b0 <- ovl_ensure_upper_and_switch) result=0x0
              dd-5505    [001] .....    17.446466: ovldiag_write: (ovl_write_iter+0x136/0x1b0 <- backing_file_write_iter) result=0x1000
             cat-5508    [000] .....    17.447301: ovldiag_open: (ovl_open+0xb2/0x100 <- ovl_open_realfile) result=0xffff88800dc83a00
              dd-5511    [000] .....    17.449442: ovldiag_open: (ovl_open+0xb2/0x100 <- ovl_open_realfile) result=0xffff8880070ceb00
              dd-5511    [000] .....    17.449477: ovldiag_ensure: (ovl_write_iter+0xaf/0x1b0 <- ovl_ensure_upper_and_switch) result=0x0
              dd-5511    [000] .....    17.449491: ovldiag_write: (ovl_write_iter+0x136/0x1b0 <- backing_file_write_iter) result=0x1000
             cat-5512    [001] .....    17.450381: ovldiag_open: (ovl_open+0xb2/0x100 <- ovl_open_realfile) result=0xffff888007026800
             cat-5516    [001] .....    17.454038: ovldiag_open: (ovl_open+0xb2/0x100 <- ovl_open_realfile) result=0xffff88800702a900
             cat-5518    [000] .....    17.454178: ovldiag_open: (ovl_open+0xb2/0x100 <- ovl_open_realfile) result=0xffff888004578500
              dd-5519    [001] .....    17.454597: ovldiag_open: (ovl_open+0xb2/0x100 <- ovl_open_realfile) result=0xffff88800dc83b00
              dd-5519    [001] .....    17.454629: ovldiag_ensure: (ovl_write_iter+0xaf/0x1b0 <- ovl_ensure_upper_and_switch) result=0x0
              dd-5519    [001] .....    17.454647: ovldiag_write: (ovl_write_iter+0x136/0x1b0 <- backing_file_write_iter) result=0x1000
              dd-5522    [001] .....    17.459055: ovldiag_open: (ovl_open+0xb2/0x100 <- ovl_open_realfile) result=0xffff8880045f5c00
              dd-5522    [001] .....    17.459096: ovldiag_ensure: (ovl_write_iter+0xaf/0x1b0 <- ovl_ensure_upper_and_switch) result=0x0
              dd-5522    [001] .....    17.459113: ovldiag_write: (ovl_write_iter+0x136/0x1b0 <- backing_file_write_iter) result=0x1000
             cat-5526    [000] .....    17.459122: ovldiag_open: (ovl_open+0xb2/0x100 <- ovl_open_realfile) result=0xffff88800ddf7900
             cat-5529    [001] .....    17.461139: ovldiag_open: (ovl_open+0xb2/0x100 <- ovl_open_realfile) result=0xffff88800842be00
              dd-5527    [001] .....    17.461524: ovldiag_open: (ovl_open+0xb2/0x100 <- ovl_open_realfile) result=0xffff888004578600
              dd-5527    [001] .....    17.461552: ovldiag_ensure: (ovl_write_iter+0xaf/0x1b0 <- ovl_ensure_upper_and_switch) result=0x0
              dd-5527    [001] .....    17.461568: ovldiag_write: (ovl_write_iter+0x136/0x1b0 <- backing_file_write_iter) result=0x1000
              dd-5534    [000] .....    17.464370: ovldiag_open: (ovl_open+0xb2/0x100 <- ovl_open_realfile) result=0xffff888007026800
              dd-5534    [000] .....    17.464402: ovldiag_ensure: (ovl_write_iter+0xaf/0x1b0 <- ovl_ensure_upper_and_switch) result=0x0
              dd-5534    [000] .....    17.464420: ovldiag_write: (ovl_write_iter+0x136/0x1b0 <- backing_file_write_iter) result=0x1000
             cat-5535    [000] .....    17.465423: ovldiag_open: (ovl_open+0xb2/0x100 <- ovl_open_realfile) result=0xffff88800dc83100
             cat-5538    [001] .....    17.466702: ovldiag_open: (ovl_open+0xb2/0x100 <- ovl_open_realfile) result=0xffff88800dc8bf00
              dd-5541    [000] .....    17.468145: ovldiag_open: (ovl_open+0xb2/0x100 <- ovl_open_realfile) result=0xffff88800732a000
              dd-5541    [000] .....    17.468173: ovldiag_ensure: (ovl_write_iter+0xaf/0x1b0 <- ovl_ensure_upper_and_switch) result=0x0
              dd-5541    [000] .....    17.468190: ovldiag_write: (ovl_write_iter+0x136/0x1b0 <- backing_file_write_iter) result=0x1000
             cat-5543    [000] .....    17.471198: ovldiag_open: (ovl_open+0xb2/0x100 <- ovl_open_realfile) result=0xffff888006210900
             cat-5546    [001] .....    17.471861: ovldiag_open: (ovl_open+0xb2/0x100 <- ovl_open_realfile) result=0xffff8880047ff700
              dd-5550    [001] .....    17.474763: ovldiag_open: (ovl_open+0xb2/0x100 <- ovl_open_realfile) result=0xffff88800dc0a400
              dd-5550    [001] .....    17.474791: ovldiag_ensure: (ovl_write_iter+0xaf/0x1b0 <- ovl_ensure_upper_and_switch) result=0x0
              dd-5550    [001] .....    17.474823: ovldiag_write: (ovl_write_iter+0x136/0x1b0 <- backing_file_write_iter) result=0x1000
              dd-5552    [000] .....    17.476627: ovldiag_open: (ovl_open+0xb2/0x100 <- ovl_open_realfile) result=0xffff88800716f000
              dd-5552    [000] .....    17.476656: ovldiag_ensure: (ovl_write_iter+0xaf/0x1b0 <- ovl_ensure_upper_and_switch) result=0x0
              dd-5552    [000] .....    17.476673: ovldiag_write: (ovl_write_iter+0x136/0x1b0 <- backing_file_write_iter) result=0x1000
             cat-5555    [001] .....    17.477727: ovldiag_open: (ovl_open+0xb2/0x100 <- ovl_open_realfile) result=0xffff8880046d6400
             cat-5554    [001] .....    17.477936: ovldiag_open: (ovl_open+0xb2/0x100 <- ovl_open_realfile) result=0xffff88800717b100
              dd-5556    [000] .....    17.478135: ovldiag_open: (ovl_open+0xb2/0x100 <- ovl_open_realfile) result=0xffff8880047ff500
              dd-5556    [000] .....    17.478162: ovldiag_ensure: (ovl_write_iter+0xaf/0x1b0 <- ovl_ensure_upper_and_switch) result=0x0
              dd-5556    [000] .....    17.478177: ovldiag_write: (ovl_write_iter+0x136/0x1b0 <- backing_file_write_iter) result=0x1000
             cat-5563    [000] .....    17.481389: ovldiag_open: (ovl_open+0xb2/0x100 <- ovl_open_realfile) result=0xffff888007168c00
             cat-5561    [001] .....    17.481942: ovldiag_open: (ovl_open+0xb2/0x100 <- ovl_open_realfile) result=0xffff888006318900
              dd-5562    [000] .....    17.485644: ovldiag_open: (ovl_open+0xb2/0x100 <- ovl_open_realfile) result=0xffff8880071e9300
              dd-5562    [000] .....    17.485677: ovldiag_ensure: (ovl_write_iter+0xaf/0x1b0 <- ovl_ensure_upper_and_switch) result=0x0
              dd-5562    [000] .....    17.485731: ovldiag_write: (ovl_write_iter+0x136/0x1b0 <- backing_file_write_iter) result=0x1000
              dd-5571    [000] .....    17.487381: ovldiag_open: (ovl_open+0xb2/0x100 <- ovl_open_realfile) result=0xffff888004530e00
              dd-5571    [000] .....    17.487408: ovldiag_ensure: (ovl_write_iter+0xaf/0x1b0 <- ovl_ensure_upper_and_switch) result=0x0
              dd-5571    [000] .....    17.487422: ovldiag_write: (ovl_write_iter+0x136/0x1b0 <- backing_file_write_iter) result=0x1000
             cat-5573    [001] .....    17.489933: ovldiag_open: (ovl_open+0xb2/0x100 <- ovl_open_realfile) result=0xffff88800627b600
             cat-5577    [001] .....    17.491579: ovldiag_open: (ovl_open+0xb2/0x100 <- ovl_open_realfile) result=0xffff8880086dd200
              dd-5574    [000] .....    17.492229: ovldiag_open: (ovl_open+0xb2/0x100 <- ovl_open_realfile) result=0xffff8880070ce000
              dd-5574    [000] .....    17.492272: ovldiag_ensure: (ovl_write_iter+0xaf/0x1b0 <- ovl_ensure_upper_and_switch) result=0x0
              dd-5574    [000] .....    17.492288: ovldiag_write: (ovl_write_iter+0x136/0x1b0 <- backing_file_write_iter) result=0x1000
             cat-5578    [001] .....    17.493297: ovldiag_open: (ovl_open+0xb2/0x100 <- ovl_open_realfile) result=0xffff88800cb25e00
              dd-5576    [001] .....    17.493625: ovldiag_open: (ovl_open+0xb2/0x100 <- ovl_open_realfile) result=0xffff888008428400
              dd-5576    [001] .....    17.493651: ovldiag_ensure: (ovl_write_iter+0xaf/0x1b0 <- ovl_ensure_upper_and_switch) result=0x0
              dd-5576    [001] .....    17.493668: ovldiag_write: (ovl_write_iter+0x136/0x1b0 <- backing_file_write_iter) result=0x1000
             cat-5577    [000] .....    17.494902: ovldiag_open: (ovl_real_fdget_meta+0x262/0x2f0 <- ovl_open_realfile) result=0xffff8880070d2300
             cat-5577    [000] .....    17.494920: ovldiag_open: (ovl_real_fdget_meta+0x262/0x2f0 <- ovl_open_realfile) result=0xffff8880070d2500
             cat-5579    [000] .....    17.495662: ovldiag_open: (ovl_open+0xb2/0x100 <- ovl_open_realfile) result=0xffff888004578500
              dd-5588    [001] .....    17.501151: ovldiag_open: (ovl_open+0xb2/0x100 <- ovl_open_realfile) result=0xffff88800732a700
              dd-5590    [000] .....    17.501160: ovldiag_open: (ovl_open+0xb2/0x100 <- ovl_open_realfile) result=0xffff88800732b400
              dd-5588    [001] .....    17.501189: ovldiag_ensure: (ovl_write_iter+0xaf/0x1b0 <- ovl_ensure_upper_and_switch) result=0x0
              dd-5590    [000] .....    17.501191: ovldiag_ensure: (ovl_write_iter+0xaf/0x1b0 <- ovl_ensure_upper_and_switch) result=0x0
              dd-5590    [000] .....    17.501201: ovldiag_write: (ovl_write_iter+0x136/0x1b0 <- backing_file_write_iter) result=0x1000
              dd-5588    [001] .....    17.501205: ovldiag_write: (ovl_write_iter+0x136/0x1b0 <- backing_file_write_iter) result=0x1000
             cat-5591    [001] .....    17.501421: ovldiag_open: (ovl_open+0xb2/0x100 <- ovl_open_realfile) result=0xffff888006217a00
             cat-5595    [000] .....    17.503132: ovldiag_open: (ovl_open+0xb2/0x100 <- ovl_open_realfile) result=0xffff888007167900
             cat-5598    [001] .....    17.506228: ovldiag_open: (ovl_open+0xb2/0x100 <- ovl_open_realfile) result=0xffff8880046d6f00
             cat-5600    [000] .....    17.507735: ovldiag_open: (ovl_open+0xb2/0x100 <- ovl_open_realfile) result=0xffff88800a216700
              dd-5602    [001] .....    17.508784: ovldiag_open: (ovl_open+0xb2/0x100 <- ovl_open_realfile) result=0xffff888004355400
              dd-5602    [001] .....    17.508847: ovldiag_ensure: (ovl_write_iter+0xaf/0x1b0 <- ovl_ensure_upper_and_switch) result=0x0
              dd-5602    [001] .....    17.508865: ovldiag_write: (ovl_write_iter+0x136/0x1b0 <- backing_file_write_iter) result=0x1000
              dd-5603    [000] .....    17.511084: ovldiag_open: (ovl_open+0xb2/0x100 <- ovl_open_realfile) result=0xffff88800dc83700
              dd-5603    [000] .....    17.511121: ovldiag_ensure: (ovl_write_iter+0xaf/0x1b0 <- ovl_ensure_upper_and_switch) result=0x0
              dd-5603    [000] .....    17.511136: ovldiag_write: (ovl_write_iter+0x136/0x1b0 <- backing_file_write_iter) result=0x1000
             cat-5607    [001] .....    17.512077: ovldiag_open: (ovl_open+0xb2/0x100 <- ovl_open_realfile) result=0xffff88800dc67300
             cat-5611    [001] .....    17.514587: ovldiag_open: (ovl_open+0xb2/0x100 <- ovl_open_realfile) result=0xffff8880070ce000
              dd-5612    [000] .....    17.514779: ovldiag_open: (ovl_open+0xb2/0x100 <- ovl_open_realfile) result=0xffff8880086dd500
              dd-5612    [000] .....    17.514834: ovldiag_ensure: (ovl_write_iter+0xaf/0x1b0 <- ovl_ensure_upper_and_switch) result=0x0
              dd-5612    [000] .....    17.514850: ovldiag_write: (ovl_write_iter+0x136/0x1b0 <- backing_file_write_iter) result=0x1000
              dd-5614    [000] .....    17.516269: ovldiag_open: (ovl_open+0xb2/0x100 <- ovl_open_realfile) result=0xffff8880047ec600
              dd-5614    [000] .....    17.516295: ovldiag_ensure: (ovl_write_iter+0xaf/0x1b0 <- ovl_ensure_upper_and_switch) result=0x0
              dd-5614    [000] .....    17.516310: ovldiag_write: (ovl_write_iter+0x136/0x1b0 <- backing_file_write_iter) result=0x1000
             cat-5618    [001] .....    17.518337: ovldiag_open: (ovl_open+0xb2/0x100 <- ovl_open_realfile) result=0xffff88800dece900
             cat-5619    [000] .....    17.519369: ovldiag_open: (ovl_open+0xb2/0x100 <- ovl_open_realfile) result=0xffff888007171b00
              dd-5625    [000] .....    17.523150: ovldiag_open: (ovl_open+0xb2/0x100 <- ovl_open_realfile) result=0xffff888006217900
              dd-5625    [000] .....    17.523178: ovldiag_ensure: (ovl_write_iter+0xaf/0x1b0 <- ovl_ensure_upper_and_switch) result=0x0
              dd-5625    [000] .....    17.523193: ovldiag_write: (ovl_write_iter+0x136/0x1b0 <- backing_file_write_iter) result=0x1000
             cat-5626    [001] .....    17.523546: ovldiag_open: (ovl_open+0xb2/0x100 <- ovl_open_realfile) result=0xffff88800dc87600
              dd-5628    [000] .....    17.524539: ovldiag_open: (ovl_open+0xb2/0x100 <- ovl_open_realfile) result=0xffff888004355a00
              dd-5628    [000] .....    17.524565: ovldiag_ensure: (ovl_write_iter+0xaf/0x1b0 <- ovl_ensure_upper_and_switch) result=0x0
              dd-5628    [000] .....    17.524582: ovldiag_write: (ovl_write_iter+0x136/0x1b0 <- backing_file_write_iter) result=0x1000
             cat-5631    [000] .....    17.527096: ovldiag_open: (ovl_open+0xb2/0x100 <- ovl_open_realfile) result=0xffff888007377600
             cat-5634    [000] .....    17.528767: ovldiag_open: (ovl_open+0xb2/0x100 <- ovl_open_realfile) result=0xffff8880070d2f00
              dd-5635    [000] .....    17.529858: ovldiag_open: (ovl_open+0xb2/0x100 <- ovl_open_realfile) result=0xffff888007377e00
              dd-5635    [000] .....    17.529887: ovldiag_ensure: (ovl_write_iter+0xaf/0x1b0 <- ovl_ensure_upper_and_switch) result=0x0
              dd-5635    [000] .....    17.529904: ovldiag_write: (ovl_write_iter+0x136/0x1b0 <- backing_file_write_iter) result=0x1000
             cat-5636    [001] .....    17.529946: ovldiag_open: (ovl_open+0xb2/0x100 <- ovl_open_realfile) result=0xffff88800716ab00
              dd-5638    [000] .....    17.534081: ovldiag_open: (ovl_open+0xb2/0x100 <- ovl_open_realfile) result=0xffff8880061b7a00
              dd-5638    [000] .....    17.534118: ovldiag_ensure: (ovl_write_iter+0xaf/0x1b0 <- ovl_ensure_upper_and_switch) result=0x0
              dd-5638    [000] .....    17.534133: ovldiag_write: (ovl_write_iter+0x136/0x1b0 <- backing_file_write_iter) result=0x1000
             cat-5642    [001] .....    17.534890: ovldiag_open: (ovl_open+0xb2/0x100 <- ovl_open_realfile) result=0xffff8880070cf400
              dd-5647    [001] .....    17.536440: ovldiag_open: (ovl_open+0xb2/0x100 <- ovl_open_realfile) result=0xffff88800ddbc400
              dd-5647    [001] .....    17.536470: ovldiag_ensure: (ovl_write_iter+0xaf/0x1b0 <- ovl_ensure_upper_and_switch) result=0x0
              dd-5647    [001] .....    17.536489: ovldiag_write: (ovl_write_iter+0x136/0x1b0 <- backing_file_write_iter) result=0x1000
              dd-5650    [000] .....    17.538663: ovldiag_open: (ovl_open+0xb2/0x100 <- ovl_open_realfile) result=0xffff888006210300
              dd-5650    [000] .....    17.538691: ovldiag_ensure: (ovl_write_iter+0xaf/0x1b0 <- ovl_ensure_upper_and_switch) result=0x0
              dd-5650    [000] .....    17.538709: ovldiag_write: (ovl_write_iter+0x136/0x1b0 <- backing_file_write_iter) result=0x1000
             cat-5651    [001] .....    17.539651: ovldiag_open: (ovl_open+0xb2/0x100 <- ovl_open_realfile) result=0xffff88800caf3000
             cat-5654    [001] .....    17.541033: ovldiag_open: (ovl_open+0xb2/0x100 <- ovl_open_realfile) result=0xffff888006217b00
              dd-5657    [000] .....    17.543648: ovldiag_open: (ovl_open+0xb2/0x100 <- ovl_open_realfile) result=0xffff888007167c00
              dd-5657    [000] .....    17.543676: ovldiag_ensure: (ovl_write_iter+0xaf/0x1b0 <- ovl_ensure_upper_and_switch) result=0x0
              dd-5657    [000] .....    17.543692: ovldiag_write: (ovl_write_iter+0x136/0x1b0 <- backing_file_write_iter) result=0x1000
             cat-5660    [001] .....    17.545118: ovldiag_open: (ovl_open+0xb2/0x100 <- ovl_open_realfile) result=0xffff88800716a400
             cat-5659    [000] .....    17.545876: ovldiag_open: (ovl_open+0xb2/0x100 <- ovl_open_realfile) result=0xffff88800717b700
              dd-5664    [000] .....    17.547387: ovldiag_open: (ovl_open+0xb2/0x100 <- ovl_open_realfile) result=0xffff8880047ec100
              dd-5664    [000] .....    17.547512: ovldiag_ensure: (ovl_write_iter+0xaf/0x1b0 <- ovl_ensure_upper_and_switch) result=0x0
              dd-5664    [000] .....    17.547528: ovldiag_write: (ovl_write_iter+0x136/0x1b0 <- backing_file_write_iter) result=0x1000
             cat-5665    [000] .....    17.549651: ovldiag_open: (ovl_open+0xb2/0x100 <- ovl_open_realfile) result=0xffff88800a320100
              dd-5668    [001] .....    17.551270: ovldiag_open: (ovl_open+0xb2/0x100 <- ovl_open_realfile) result=0xffff8880062a2e00
              dd-5668    [001] .....    17.551300: ovldiag_ensure: (ovl_write_iter+0xaf/0x1b0 <- ovl_ensure_upper_and_switch) result=0x0
              dd-5668    [001] .....    17.551317: ovldiag_write: (ovl_write_iter+0x136/0x1b0 <- backing_file_write_iter) result=0x1000
              dd-5672    [000] .....    17.551978: ovldiag_open: (ovl_open+0xb2/0x100 <- ovl_open_realfile) result=0xffff888007167100
              dd-5672    [000] .....    17.552006: ovldiag_ensure: (ovl_write_iter+0xaf/0x1b0 <- ovl_ensure_upper_and_switch) result=0x0
              dd-5672    [000] .....    17.552023: ovldiag_write: (ovl_write_iter+0x136/0x1b0 <- backing_file_write_iter) result=0x1000
             cat-5671    [001] .....    17.552914: ovldiag_open: (ovl_open+0xb2/0x100 <- ovl_open_realfile) result=0xffff8880086dd000
             cat-5677    [000] .....    17.555688: ovldiag_open: (ovl_open+0xb2/0x100 <- ovl_open_realfile) result=0xffff88800a320500
              dd-5680    [000] .....    17.557127: ovldiag_open: (ovl_open+0xb2/0x100 <- ovl_open_realfile) result=0xffff888006104f00
              dd-5680    [000] .....    17.557158: ovldiag_ensure: (ovl_write_iter+0xaf/0x1b0 <- ovl_ensure_upper_and_switch) result=0x0
              dd-5680    [000] .....    17.557174: ovldiag_write: (ovl_write_iter+0x136/0x1b0 <- backing_file_write_iter) result=0x1000
             cat-5682    [000] .....    17.559118: ovldiag_open: (ovl_open+0xb2/0x100 <- ovl_open_realfile) result=0xffff8880086ddb00
             cat-5685    [001] .....    17.560888: ovldiag_open: (ovl_open+0xb2/0x100 <- ovl_open_realfile) result=0xffff888004355200
              dd-5686    [000] .....    17.563016: ovldiag_open: (ovl_open+0xb2/0x100 <- ovl_open_realfile) result=0xffff8880047ffd00
              dd-5686    [000] .....    17.563044: ovldiag_ensure: (ovl_write_iter+0xaf/0x1b0 <- ovl_ensure_upper_and_switch) result=0x0
              dd-5686    [000] .....    17.563061: ovldiag_write: (ovl_write_iter+0x136/0x1b0 <- backing_file_write_iter) result=0x1000
             cat-5689    [000] .....    17.564860: ovldiag_open: (ovl_open+0xb2/0x100 <- ovl_open_realfile) result=0xffff88800ca42900
              dd-5692    [001] .....    17.565784: ovldiag_open: (ovl_open+0xb2/0x100 <- ovl_open_realfile) result=0xffff88800ca5b700
              dd-5694    [000] .....    17.566326: ovldiag_open: (ovl_open+0xb2/0x100 <- ovl_open_realfile) result=0xffff888007105100
              dd-5694    [000] .....    17.566353: ovldiag_ensure: (ovl_write_iter+0xaf/0x1b0 <- ovl_ensure_upper_and_switch) result=0x0
              dd-5694    [000] .....    17.566370: ovldiag_write: (ovl_write_iter+0x136/0x1b0 <- backing_file_write_iter) result=0x1000
              dd-5692    [000] .....    17.566644: ovldiag_ensure: (ovl_write_iter+0xaf/0x1b0 <- ovl_ensure_upper_and_switch) result=0x0
              dd-5692    [000] .....    17.566652: ovldiag_write: (ovl_write_iter+0x136/0x1b0 <- backing_file_write_iter) result=0x1000
             cat-5693    [001] .....    17.566715: ovldiag_open: (ovl_open+0xb2/0x100 <- ovl_open_realfile) result=0xffff888006210400
             cat-5698    [000] .....    17.569038: ovldiag_open: (ovl_open+0xb2/0x100 <- ovl_open_realfile) result=0xffff8880045f5c00
              dd-5700    [000] .....    17.571898: ovldiag_open: (ovl_open+0xb2/0x100 <- ovl_open_realfile) result=0xffff888004355600
              dd-5700    [000] .....    17.571929: ovldiag_ensure: (ovl_write_iter+0xaf/0x1b0 <- ovl_ensure_upper_and_switch) result=0x0
              dd-5700    [000] .....    17.571945: ovldiag_write: (ovl_write_iter+0x136/0x1b0 <- backing_file_write_iter) result=0x1000
             cat-5702    [001] .....    17.572752: ovldiag_open: (ovl_open+0xb2/0x100 <- ovl_open_realfile) result=0xffff8880047f6f00
              dd-5708    [000] .....    17.576788: ovldiag_open: (ovl_open+0xb2/0x100 <- ovl_open_realfile) result=0xffff888004530e00
              dd-5708    [000] .....    17.576828: ovldiag_ensure: (ovl_write_iter+0xaf/0x1b0 <- ovl_ensure_upper_and_switch) result=0x0
              dd-5708    [000] .....    17.576843: ovldiag_write: (ovl_write_iter+0x136/0x1b0 <- backing_file_write_iter) result=0x1000
             cat-5710    [001] .....    17.576974: ovldiag_open: (ovl_open+0xb2/0x100 <- ovl_open_realfile) result=0xffff88800716a900
             cat-5713    [001] .....    17.579087: ovldiag_open: (ovl_open+0xb2/0x100 <- ovl_open_realfile) result=0xffff888007154000
              dd-5714    [000] .....    17.581197: ovldiag_open: (ovl_open+0xb2/0x100 <- ovl_open_realfile) result=0xffff88800cb25400
              dd-5714    [000] .....    17.581251: ovldiag_ensure: (ovl_write_iter+0xaf/0x1b0 <- ovl_ensure_upper_and_switch) result=0x0
              dd-5714    [000] .....    17.581266: ovldiag_write: (ovl_write_iter+0x136/0x1b0 <- backing_file_write_iter) result=0x1000
              dd-5715    [001] .....    17.582123: ovldiag_open: (ovl_open+0xb2/0x100 <- ovl_open_realfile) result=0xffff888006217100
              dd-5715    [001] .....    17.582151: ovldiag_ensure: (ovl_write_iter+0xaf/0x1b0 <- ovl_ensure_upper_and_switch) result=0x0
              dd-5715    [001] .....    17.582167: ovldiag_write: (ovl_write_iter+0x136/0x1b0 <- backing_file_write_iter) result=0x1000
             cat-5718    [000] .....    17.582700: ovldiag_open: (ovl_open+0xb2/0x100 <- ovl_open_realfile) result=0xffff888004578200
              dd-5724    [001] .....    17.585989: ovldiag_open: (ovl_open+0xb2/0x100 <- ovl_open_realfile) result=0xffff8880045f5c00
              dd-5724    [001] .....    17.586017: ovldiag_ensure: (ovl_write_iter+0xaf/0x1b0 <- ovl_ensure_upper_and_switch) result=0x0
              dd-5724    [001] .....    17.586035: ovldiag_write: (ovl_write_iter+0x136/0x1b0 <- backing_file_write_iter) result=0x1000
             cat-5723    [001] .....    17.586545: ovldiag_open: (ovl_open+0xb2/0x100 <- ovl_open_realfile) result=0xffff888003f6af00
             cat-5726    [000] .....    17.587325: ovldiag_open: (ovl_open+0xb2/0x100 <- ovl_open_realfile) result=0xffff888004355400
              dd-5730    [001] .....    17.590695: ovldiag_open: (ovl_open+0xb2/0x100 <- ovl_open_realfile) result=0xffff88800dd6a100
              dd-5730    [001] .....    17.590726: ovldiag_ensure: (ovl_write_iter+0xaf/0x1b0 <- ovl_ensure_upper_and_switch) result=0x0
              dd-5730    [001] .....    17.590742: ovldiag_write: (ovl_write_iter+0x136/0x1b0 <- backing_file_write_iter) result=0x1000
             cat-5733    [000] .....    17.592108: ovldiag_open: (ovl_open+0xb2/0x100 <- ovl_open_realfile) result=0xffff88800c9aec00
             cat-5735    [001] .....    17.592702: ovldiag_open: (ovl_open+0xb2/0x100 <- ovl_open_realfile) result=0xffff88800ddd6b00
              dd-5740    [000] .....    17.595942: ovldiag_open: (ovl_open+0xb2/0x100 <- ovl_open_realfile) result=0xffff88800716a800
              dd-5740    [000] .....    17.595969: ovldiag_ensure: (ovl_write_iter+0xaf/0x1b0 <- ovl_ensure_upper_and_switch) result=0x0
              dd-5740    [000] .....    17.595985: ovldiag_write: (ovl_write_iter+0x136/0x1b0 <- backing_file_write_iter) result=0x1000
              dd-5741    [001] .....    17.596713: ovldiag_open: (ovl_open+0xb2/0x100 <- ovl_open_realfile) result=0xffff88800dea0900
              dd-5741    [001] .....    17.596744: ovldiag_ensure: (ovl_write_iter+0xaf/0x1b0 <- ovl_ensure_upper_and_switch) result=0x0
              dd-5741    [001] .....    17.596760: ovldiag_write: (ovl_write_iter+0x136/0x1b0 <- backing_file_write_iter) result=0x1000
             cat-5742    [000] .....    17.598135: ovldiag_open: (ovl_open+0xb2/0x100 <- ovl_open_realfile) result=0xffff8880073c5f00
             cat-5744    [001] .....    17.598205: ovldiag_open: (ovl_open+0xb2/0x100 <- ovl_open_realfile) result=0xffff88800cb25f00
             cat-5749    [000] .....    17.601626: ovldiag_open: (ovl_open+0xb2/0x100 <- ovl_open_realfile) result=0xffff88800842a300
             cat-5753    [001] .....    17.603112: ovldiag_open: (ovl_open+0xb2/0x100 <- ovl_open_realfile) result=0xffff88800cb25200
              dd-5750    [001] .....    17.603444: ovldiag_open: (ovl_open+0xb2/0x100 <- ovl_open_realfile) result=0xffff8880047f6a00
              dd-5750    [001] .....    17.603470: ovldiag_ensure: (ovl_write_iter+0xaf/0x1b0 <- ovl_ensure_upper_and_switch) result=0x0
              dd-5750    [001] .....    17.603487: ovldiag_write: (ovl_write_iter+0x136/0x1b0 <- backing_file_write_iter) result=0x1000
              dd-5757    [001] .....    17.606465: ovldiag_open: (ovl_open+0xb2/0x100 <- ovl_open_realfile) result=0xffff88800ca44400
              dd-5757    [001] .....    17.606495: ovldiag_ensure: (ovl_write_iter+0xaf/0x1b0 <- ovl_ensure_upper_and_switch) result=0x0
              dd-5757    [001] .....    17.606511: ovldiag_write: (ovl_write_iter+0x136/0x1b0 <- backing_file_write_iter) result=0x1000
             cat-5760    [001] .....    17.608649: ovldiag_open: (ovl_open+0xb2/0x100 <- ovl_open_realfile) result=0xffff88800decc000
              dd-5761    [000] .....    17.609168: ovldiag_open: (ovl_open+0xb2/0x100 <- ovl_open_realfile) result=0xffff888008411600
              dd-5761    [000] .....    17.609196: ovldiag_ensure: (ovl_write_iter+0xaf/0x1b0 <- ovl_ensure_upper_and_switch) result=0x0
              dd-5761    [000] .....    17.609212: ovldiag_write: (ovl_write_iter+0x136/0x1b0 <- backing_file_write_iter) result=0x1000
             cat-5763    [000] .....    17.610496: ovldiag_open: (ovl_open+0xb2/0x100 <- ovl_open_realfile) result=0xffff88800ddc7c00
              dd-5765    [001] .....    17.612169: ovldiag_open: (ovl_open+0xb2/0x100 <- ovl_open_realfile) result=0xffff88800716a800
              dd-5765    [001] .....    17.612199: ovldiag_ensure: (ovl_write_iter+0xaf/0x1b0 <- ovl_ensure_upper_and_switch) result=0x0
              dd-5765    [001] .....    17.612230: ovldiag_write: (ovl_write_iter+0x136/0x1b0 <- backing_file_write_iter) result=0x1000
             cat-5769    [000] .....    17.613859: ovldiag_open: (ovl_open+0xb2/0x100 <- ovl_open_realfile) result=0xffff888007168700
             cat-5771    [001] .....    17.614621: ovldiag_open: (ovl_open+0xb2/0x100 <- ovl_open_realfile) result=0xffff88800873e700
              dd-5775    [000] .....    17.618508: ovldiag_open: (ovl_open+0xb2/0x100 <- ovl_open_realfile) result=0xffff888008411d00
              dd-5775    [000] .....    17.618541: ovldiag_ensure: (ovl_write_iter+0xaf/0x1b0 <- ovl_ensure_upper_and_switch) result=0x0
              dd-5775    [000] .....    17.618558: ovldiag_write: (ovl_write_iter+0x136/0x1b0 <- backing_file_write_iter) result=0x1000
              dd-5778    [001] .....    17.619881: ovldiag_open: (ovl_open+0xb2/0x100 <- ovl_open_realfile) result=0xffff88800cb25500
              dd-5778    [001] .....    17.619909: ovldiag_ensure: (ovl_write_iter+0xaf/0x1b0 <- ovl_ensure_upper_and_switch) result=0x0
              dd-5778    [001] .....    17.619926: ovldiag_write: (ovl_write_iter+0x136/0x1b0 <- backing_file_write_iter) result=0x1000
             cat-5781    [001] .....    17.622643: ovldiag_open: (ovl_open+0xb2/0x100 <- ovl_open_realfile) result=0xffff888006210900
              dd-5782    [000] .....    17.622781: ovldiag_open: (ovl_open+0xb2/0x100 <- ovl_open_realfile) result=0xffff88800dc83e00
              dd-5782    [000] .....    17.622865: ovldiag_ensure: (ovl_write_iter+0xaf/0x1b0 <- ovl_ensure_upper_and_switch) result=0x0
              dd-5782    [000] .....    17.622881: ovldiag_write: (ovl_write_iter+0x136/0x1b0 <- backing_file_write_iter) result=0x1000
             cat-5780    [001] .....    17.623277: ovldiag_open: (ovl_open+0xb2/0x100 <- ovl_open_realfile) result=0xffff888007377700
             cat-5785    [000] .....    17.625046: ovldiag_open: (ovl_open+0xb2/0x100 <- ovl_open_realfile) result=0xffff8880047ff300
              dd-5789    [001] .....    17.627181: ovldiag_open: (ovl_open+0xb2/0x100 <- ovl_open_realfile) result=0xffff88800702a300
              dd-5789    [001] .....    17.627211: ovldiag_ensure: (ovl_write_iter+0xaf/0x1b0 <- ovl_ensure_upper_and_switch) result=0x0
              dd-5789    [001] .....    17.627240: ovldiag_write: (ovl_write_iter+0x136/0x1b0 <- backing_file_write_iter) result=0x1000
             cat-5790    [000] .....    17.628720: ovldiag_open: (ovl_open+0xb2/0x100 <- ovl_open_realfile) result=0xffff88800de16600
              dd-5796    [000] .....    17.631764: ovldiag_open: (ovl_open+0xb2/0x100 <- ovl_open_realfile) result=0xffff88800de8a700
              dd-5796    [000] .....    17.631790: ovldiag_ensure: (ovl_write_iter+0xaf/0x1b0 <- ovl_ensure_upper_and_switch) result=0x0
              dd-5796    [000] .....    17.631859: ovldiag_write: (ovl_write_iter+0x136/0x1b0 <- backing_file_write_iter) result=0x1000
              dd-5797    [000] .....    17.632903: ovldiag_open: (ovl_open+0xb2/0x100 <- ovl_open_realfile) result=0xffff88800ddc7e00
              dd-5797    [000] .....    17.632928: ovldiag_ensure: (ovl_write_iter+0xaf/0x1b0 <- ovl_ensure_upper_and_switch) result=0x0
              dd-5797    [000] .....    17.632941: ovldiag_write: (ovl_write_iter+0x136/0x1b0 <- backing_file_write_iter) result=0x1000
             cat-5800    [001] .....    17.634312: ovldiag_open: (ovl_open+0xb2/0x100 <- ovl_open_realfile) result=0xffff88800716a100
              dd-5801    [000] .....    17.635311: ovldiag_open: (ovl_open+0xb2/0x100 <- ovl_open_realfile) result=0xffff8880062a2500
              dd-5801    [000] .....    17.635341: ovldiag_ensure: (ovl_write_iter+0xaf/0x1b0 <- ovl_ensure_upper_and_switch) result=0x0
              dd-5801    [000] .....    17.635355: ovldiag_write: (ovl_write_iter+0x136/0x1b0 <- backing_file_write_iter) result=0x1000
             cat-5804    [000] .....    17.637664: ovldiag_open: (ovl_open+0xb2/0x100 <- ovl_open_realfile) result=0xffff88800cb25f00
             cat-5807    [001] .....    17.638264: ovldiag_open: (ovl_open+0xb2/0x100 <- ovl_open_realfile) result=0xffff888004530e00
             cat-5806    [000] .....    17.638645: ovldiag_open: (ovl_open+0xb2/0x100 <- ovl_open_realfile) result=0xffff8880047ff100
              dd-5811    [001] .....    17.640549: ovldiag_open: (ovl_open+0xb2/0x100 <- ovl_open_realfile) result=0xffff888004355100
              dd-5811    [001] .....    17.640577: ovldiag_ensure: (ovl_write_iter+0xaf/0x1b0 <- ovl_ensure_upper_and_switch) result=0x0
              dd-5811    [001] .....    17.640594: ovldiag_write: (ovl_write_iter+0x136/0x1b0 <- backing_file_write_iter) result=0x1000
             cat-5814    [001] .....    17.643428: ovldiag_open: (ovl_open+0xb2/0x100 <- ovl_open_realfile) result=0xffff88800cb25400
              dd-5818    [001] .....    17.645732: ovldiag_open: (ovl_open+0xb2/0x100 <- ovl_open_realfile) result=0xffff8880047f6600
              dd-5818    [001] .....    17.645762: ovldiag_ensure: (ovl_write_iter+0xaf/0x1b0 <- ovl_ensure_upper_and_switch) result=0x0
              dd-5818    [001] .....    17.645778: ovldiag_write: (ovl_write_iter+0x136/0x1b0 <- backing_file_write_iter) result=0x1000
              dd-5819    [000] .....    17.647416: ovldiag_open: (ovl_open+0xb2/0x100 <- ovl_open_realfile) result=0xffff88800717b700
              dd-5819    [000] .....    17.647446: ovldiag_ensure: (ovl_write_iter+0xaf/0x1b0 <- ovl_ensure_upper_and_switch) result=0x0
              dd-5819    [000] .....    17.647463: ovldiag_write: (ovl_write_iter+0x136/0x1b0 <- backing_file_write_iter) result=0x1000
             cat-5822    [001] .....    17.648240: ovldiag_open: (ovl_open+0xb2/0x100 <- ovl_open_realfile) result=0xffff88800dc89e00
              dd-5825    [001] .....    17.649591: ovldiag_open: (ovl_open+0xb2/0x100 <- ovl_open_realfile) result=0xffff888007154900
              dd-5825    [001] .....    17.649622: ovldiag_ensure: (ovl_write_iter+0xaf/0x1b0 <- ovl_ensure_upper_and_switch) result=0x0
              dd-5825    [001] .....    17.649638: ovldiag_write: (ovl_write_iter+0x136/0x1b0 <- backing_file_write_iter) result=0x1000
             cat-5828    [000] .....    17.652039: ovldiag_open: (ovl_open+0xb2/0x100 <- ovl_open_realfile) result=0xffff8880070cf400
             cat-5829    [001] .....    17.652141: ovldiag_open: (ovl_open+0xb2/0x100 <- ovl_open_realfile) result=0xffff88800430c200
             cat-5830    [000] .....    17.653392: ovldiag_open: (ovl_open+0xb2/0x100 <- ovl_open_realfile) result=0xffff8880070d2f00
              dd-5834    [001] .....    17.656177: ovldiag_open: (ovl_open+0xb2/0x100 <- ovl_open_realfile) result=0xffff888007167100
              dd-5834    [001] .....    17.656207: ovldiag_ensure: (ovl_write_iter+0xaf/0x1b0 <- ovl_ensure_upper_and_switch) result=0x0
              dd-5834    [001] .....    17.656236: ovldiag_write: (ovl_write_iter+0x136/0x1b0 <- backing_file_write_iter) result=0x1000
             cat-5839    [000] .....    17.658065: ovldiag_open: (ovl_open+0xb2/0x100 <- ovl_open_realfile) result=0xffff8880086dd000
              dd-5841    [001] .....    17.660262: ovldiag_open: (ovl_open+0xb2/0x100 <- ovl_open_realfile) result=0xffff88800dcd0800
              dd-5841    [001] .....    17.660290: ovldiag_ensure: (ovl_write_iter+0xaf/0x1b0 <- ovl_ensure_upper_and_switch) result=0x0
              dd-5841    [001] .....    17.660306: ovldiag_write: (ovl_write_iter+0x136/0x1b0 <- backing_file_write_iter) result=0x1000
              dd-5842    [000] .....    17.661971: ovldiag_open: (ovl_open+0xb2/0x100 <- ovl_open_realfile) result=0xffff8880086dd100
              dd-5842    [000] .....    17.662012: ovldiag_ensure: (ovl_write_iter+0xaf/0x1b0 <- ovl_ensure_upper_and_switch) result=0x0
              dd-5842    [000] .....    17.662028: ovldiag_write: (ovl_write_iter+0x136/0x1b0 <- backing_file_write_iter) result=0x1000
              dd-5845    [000] .....    17.663068: ovldiag_open: (ovl_open+0xb2/0x100 <- ovl_open_realfile) result=0xffff888004613e00
              dd-5845    [000] .....    17.663094: ovldiag_ensure: (ovl_write_iter+0xaf/0x1b0 <- ovl_ensure_upper_and_switch) result=0x0
              dd-5845    [000] .....    17.663106: ovldiag_write: (ovl_write_iter+0x136/0x1b0 <- backing_file_write_iter) result=0x1000
             cat-5846    [001] .....    17.663400: ovldiag_open: (ovl_open+0xb2/0x100 <- ovl_open_realfile) result=0xffff88800716af00
             cat-5847    [000] .....    17.664151: ovldiag_open: (ovl_open+0xb2/0x100 <- ovl_open_realfile) result=0xffff8880073c5800
             cat-5851    [001] .....    17.665064: ovldiag_open: (ovl_open+0xb2/0x100 <- ovl_open_realfile) result=0xffff888004578800
             cat-5854    [001] .....    17.668675: ovldiag_open: (ovl_open+0xb2/0x100 <- ovl_open_realfile) result=0xffff88800cb25e00
              dd-5859    [000] .....    17.671295: ovldiag_open: (ovl_open+0xb2/0x100 <- ovl_open_realfile) result=0xffff88800702ab00
              dd-5859    [000] .....    17.671326: ovldiag_ensure: (ovl_write_iter+0xaf/0x1b0 <- ovl_ensure_upper_and_switch) result=0x0
              dd-5859    [000] .....    17.671343: ovldiag_write: (ovl_write_iter+0x136/0x1b0 <- backing_file_write_iter) result=0x1000
              dd-5862    [001] .....    17.673415: ovldiag_open: (ovl_open+0xb2/0x100 <- ovl_open_realfile) result=0xffff88800430cb00
              dd-5862    [001] .....    17.673445: ovldiag_ensure: (ovl_write_iter+0xaf/0x1b0 <- ovl_ensure_upper_and_switch) result=0x0
              dd-5862    [001] .....    17.673463: ovldiag_write: (ovl_write_iter+0x136/0x1b0 <- backing_file_write_iter) result=0x1000
             cat-5864    [000] .....    17.675118: ovldiag_open: (ovl_open+0xb2/0x100 <- ovl_open_realfile) result=0xffff88800723a600
             cat-5865    [001] .....    17.675717: ovldiag_open: (ovl_open+0xb2/0x100 <- ovl_open_realfile) result=0xffff8880086dde00
              dd-5869    [001] .....    17.677794: ovldiag_open: (ovl_open+0xb2/0x100 <- ovl_open_realfile) result=0xffff888006217800
              dd-5869    [001] .....    17.677858: ovldiag_ensure: (ovl_write_iter+0xaf/0x1b0 <- ovl_ensure_upper_and_switch) result=0x0
              dd-5869    [001] .....    17.677875: ovldiag_write: (ovl_write_iter+0x136/0x1b0 <- backing_file_write_iter) result=0x1000
              dd-5868    [001] .....    17.680419: ovldiag_open: (ovl_open+0xb2/0x100 <- ovl_open_realfile) result=0xffff888007105f00
              dd-5868    [001] .....    17.680450: ovldiag_ensure: (ovl_write_iter+0xaf/0x1b0 <- ovl_ensure_upper_and_switch) result=0x0
              dd-5868    [001] .....    17.680467: ovldiag_write: (ovl_write_iter+0x136/0x1b0 <- backing_file_write_iter) result=0x1000
             cat-5870    [001] .....    17.680828: ovldiag_open: (ovl_open+0xb2/0x100 <- ovl_open_realfile) result=0xffff888004613e00
             cat-5874    [000] .....    17.681525: ovldiag_open: (ovl_open+0xb2/0x100 <- ovl_open_realfile) result=0xffff88800717b200
              dd-5879    [000] .....    17.684736: ovldiag_open: (ovl_open+0xb2/0x100 <- ovl_open_realfile) result=0xffff88800716ab00
              dd-5879    [000] .....    17.684766: ovldiag_ensure: (ovl_write_iter+0xaf/0x1b0 <- ovl_ensure_upper_and_switch) result=0x0
              dd-5879    [000] .....    17.684782: ovldiag_write: (ovl_write_iter+0x136/0x1b0 <- backing_file_write_iter) result=0x1000
             cat-5882    [001] .....    17.686240: ovldiag_open: (ovl_open+0xb2/0x100 <- ovl_open_realfile) result=0xffff888006210900
              dd-5883    [001] .....    17.687267: ovldiag_open: (ovl_open+0xb2/0x100 <- ovl_open_realfile) result=0xffff888004578d00
              dd-5883    [001] .....    17.687297: ovldiag_ensure: (ovl_write_iter+0xaf/0x1b0 <- ovl_ensure_upper_and_switch) result=0x0
              dd-5883    [001] .....    17.687314: ovldiag_write: (ovl_write_iter+0x136/0x1b0 <- backing_file_write_iter) result=0x1000
             cat-5884    [000] .....    17.687470: ovldiag_open: (ovl_open+0xb2/0x100 <- ovl_open_realfile) result=0xffff88800732cc00
              dd-5889    [001] .....    17.691109: ovldiag_open: (ovl_open+0xb2/0x100 <- ovl_open_realfile) result=0xffff8880071e8700
              dd-5889    [001] .....    17.691137: ovldiag_ensure: (ovl_write_iter+0xaf/0x1b0 <- ovl_ensure_upper_and_switch) result=0x0
              dd-5889    [001] .....    17.691153: ovldiag_write: (ovl_write_iter+0x136/0x1b0 <- backing_file_write_iter) result=0x1000
             cat-5890    [000] .....    17.692146: ovldiag_open: (ovl_open+0xb2/0x100 <- ovl_open_realfile) result=0xffff8880086ddc00
             cat-5892    [001] .....    17.693412: ovldiag_open: (ovl_open+0xb2/0x100 <- ovl_open_realfile) result=0xffff88800dc83000
              dd-5896    [001] .....    17.694764: ovldiag_open: (ovl_open+0xb2/0x100 <- ovl_open_realfile) result=0xffff88800dd7a500
              dd-5896    [001] .....    17.694795: ovldiag_ensure: (ovl_write_iter+0xaf/0x1b0 <- ovl_ensure_upper_and_switch) result=0x0
              dd-5896    [001] .....    17.694892: ovldiag_write: (ovl_write_iter+0x136/0x1b0 <- backing_file_write_iter) result=0x1000
             cat-5899    [001] .....    17.698112: ovldiag_open: (ovl_open+0xb2/0x100 <- ovl_open_realfile) result=0xffff8880046d6700
              dd-5901    [000] .....    17.698612: ovldiag_open: (ovl_open+0xb2/0x100 <- ovl_open_realfile) result=0xffff88800cb25100
              dd-5901    [000] .....    17.698639: ovldiag_ensure: (ovl_write_iter+0xaf/0x1b0 <- ovl_ensure_upper_and_switch) result=0x0
              dd-5901    [000] .....    17.698668: ovldiag_write: (ovl_write_iter+0x136/0x1b0 <- backing_file_write_iter) result=0x1000
             cat-5902    [000] .....    17.698755: ovldiag_open: (ovl_open+0xb2/0x100 <- ovl_open_realfile) result=0xffff88800cb25200
              dd-5907    [001] .....    17.701989: ovldiag_open: (ovl_open+0xb2/0x100 <- ovl_open_realfile) result=0xffff88800dde6d00
              dd-5907    [001] .....    17.702020: ovldiag_ensure: (ovl_write_iter+0xaf/0x1b0 <- ovl_ensure_upper_and_switch) result=0x0
              dd-5907    [001] .....    17.702037: ovldiag_write: (ovl_write_iter+0x136/0x1b0 <- backing_file_write_iter) result=0x1000
             cat-5908    [000] .....    17.702368: ovldiag_open: (ovl_open+0xb2/0x100 <- ovl_open_realfile) result=0xffff88800716ab00
              dd-5911    [001] .....    17.704430: ovldiag_open: (ovl_open+0xb2/0x100 <- ovl_open_realfile) result=0xffff88800dc83100
              dd-5911    [001] .....    17.704460: ovldiag_ensure: (ovl_write_iter+0xaf/0x1b0 <- ovl_ensure_upper_and_switch) result=0x0
              dd-5911    [001] .....    17.704477: ovldiag_write: (ovl_write_iter+0x136/0x1b0 <- backing_file_write_iter) result=0x1000
             cat-5913    [001] .....    17.705649: ovldiag_open: (ovl_open+0xb2/0x100 <- ovl_open_realfile) result=0xffff888003f6af00
             cat-5916    [001] .....    17.707445: ovldiag_open: (ovl_open+0xb2/0x100 <- ovl_open_realfile) result=0xffff8880070ce000
              dd-5917    [000] .....    17.708522: ovldiag_open: (ovl_open+0xb2/0x100 <- ovl_open_realfile) result=0xffff888004355300
              dd-5917    [000] .....    17.708552: ovldiag_ensure: (ovl_write_iter+0xaf/0x1b0 <- ovl_ensure_upper_and_switch) result=0x0
              dd-5917    [000] .....    17.708569: ovldiag_write: (ovl_write_iter+0x136/0x1b0 <- backing_file_write_iter) result=0x1000
             cat-5923    [000] .....    17.711908: ovldiag_open: (ovl_open+0xb2/0x100 <- ovl_open_realfile) result=0xffff88800de9e800
              dd-5924    [001] .....    17.712160: ovldiag_open: (ovl_open+0xb2/0x100 <- ovl_open_realfile) result=0xffff888004578200
              dd-5924    [001] .....    17.712188: ovldiag_ensure: (ovl_write_iter+0xaf/0x1b0 <- ovl_ensure_upper_and_switch) result=0x0
              dd-5924    [001] .....    17.712204: ovldiag_write: (ovl_write_iter+0x136/0x1b0 <- backing_file_write_iter) result=0x1000
              dd-5928    [001] .....    17.714617: ovldiag_open: (ovl_open+0xb2/0x100 <- ovl_open_realfile) result=0xffff888004355200
              dd-5928    [001] .....    17.714646: ovldiag_ensure: (ovl_write_iter+0xaf/0x1b0 <- ovl_ensure_upper_and_switch) result=0x0
              dd-5928    [001] .....    17.714663: ovldiag_write: (ovl_write_iter+0x136/0x1b0 <- backing_file_write_iter) result=0x1000
             cat-5931    [001] .....    17.716283: ovldiag_open: (ovl_open+0xb2/0x100 <- ovl_open_realfile) result=0xffff88800717be00
             cat-5930    [000] .....    17.717086: ovldiag_open: (ovl_open+0xb2/0x100 <- ovl_open_realfile) result=0xffff8880086dde00
              dd-5933    [000] .....    17.718309: ovldiag_open: (ovl_open+0xb2/0x100 <- ovl_open_realfile) result=0xffff88800842a000
              dd-5933    [000] .....    17.718340: ovldiag_ensure: (ovl_write_iter+0xaf/0x1b0 <- ovl_ensure_upper_and_switch) result=0x0
              dd-5933    [000] .....    17.718356: ovldiag_write: (ovl_write_iter+0x136/0x1b0 <- backing_file_write_iter) result=0x1000
             cat-5935    [001] .....    17.719728: ovldiag_open: (ovl_open+0xb2/0x100 <- ovl_open_realfile) result=0xffff888007021500
             cat-5937    [000] .....    17.721045: ovldiag_open: (ovl_open+0xb2/0x100 <- ovl_open_realfile) result=0xffff888004578d00
              dd-5941    [000] .....    17.724604: ovldiag_open: (ovl_open+0xb2/0x100 <- ovl_open_realfile) result=0xffff88800dc83900
              dd-5941    [000] .....    17.724635: ovldiag_ensure: (ovl_write_iter+0xaf/0x1b0 <- ovl_ensure_upper_and_switch) result=0x0
              dd-5941    [000] .....    17.724650: ovldiag_write: (ovl_write_iter+0x136/0x1b0 <- backing_file_write_iter) result=0x1000
              dd-5944    [001] .....    17.724764: ovldiag_open: (ovl_open+0xb2/0x100 <- ovl_open_realfile) result=0xffff88800430c100
              dd-5944    [001] .....    17.724792: ovldiag_ensure: (ovl_write_iter+0xaf/0x1b0 <- ovl_ensure_upper_and_switch) result=0x0
              dd-5944    [001] .....    17.724825: ovldiag_write: (ovl_write_iter+0x136/0x1b0 <- backing_file_write_iter) result=0x1000
              dd-5948    [001] .n...    17.727816: ovldiag_open: (ovl_open+0xb2/0x100 <- ovl_open_realfile) result=0xffff888007167500
              dd-5948    [001] .....    17.727855: ovldiag_ensure: (ovl_write_iter+0xaf/0x1b0 <- ovl_ensure_upper_and_switch) result=0x0
              dd-5948    [001] .....    17.727871: ovldiag_write: (ovl_write_iter+0x136/0x1b0 <- backing_file_write_iter) result=0x1000
             cat-5949    [000] .....    17.728091: ovldiag_open: (ovl_open+0xb2/0x100 <- ovl_open_realfile) result=0xffff888006217a00
             cat-5951    [000] .....    17.729751: ovldiag_open: (ovl_open+0xb2/0x100 <- ovl_open_realfile) result=0xffff88800702ad00
              dd-5953    [000] .....    17.731318: ovldiag_open: (ovl_open+0xb2/0x100 <- ovl_open_realfile) result=0xffff888006217600
              dd-5953    [000] .....    17.731345: ovldiag_ensure: (ovl_write_iter+0xaf/0x1b0 <- ovl_ensure_upper_and_switch) result=0x0
              dd-5953    [000] .....    17.731360: ovldiag_write: (ovl_write_iter+0x136/0x1b0 <- backing_file_write_iter) result=0x1000
             cat-5955    [001] .....    17.732362: ovldiag_open: (ovl_open+0xb2/0x100 <- ovl_open_realfile) result=0xffff888004445000
             cat-5961    [001] .....    17.735899: ovldiag_open: (ovl_open+0xb2/0x100 <- ovl_open_realfile) result=0xffff88800a347600
              dd-5963    [001] .....    17.737660: ovldiag_open: (ovl_open+0xb2/0x100 <- ovl_open_realfile) result=0xffff88800614c400
              dd-5963    [001] .....    17.737690: ovldiag_ensure: (ovl_write_iter+0xaf/0x1b0 <- ovl_ensure_upper_and_switch) result=0x0
              dd-5963    [001] .....    17.737707: ovldiag_write: (ovl_write_iter+0x136/0x1b0 <- backing_file_write_iter) result=0x1000
              dd-5964    [000] .....    17.739720: ovldiag_open: (ovl_open+0xb2/0x100 <- ovl_open_realfile) result=0xffff88800842b300
              dd-5964    [000] .....    17.739748: ovldiag_ensure: (ovl_write_iter+0xaf/0x1b0 <- ovl_ensure_upper_and_switch) result=0x0
              dd-5964    [000] .....    17.739763: ovldiag_write: (ovl_write_iter+0x136/0x1b0 <- backing_file_write_iter) result=0x1000
             cat-5967    [001] .....    17.740061: ovldiag_open: (ovl_open+0xb2/0x100 <- ovl_open_realfile) result=0xffff88800614e600
              dd-5969    [000] .....    17.741353: ovldiag_open: (ovl_open+0xb2/0x100 <- ovl_open_realfile) result=0xffff888007021200
              dd-5969    [000] .....    17.741380: ovldiag_ensure: (ovl_write_iter+0xaf/0x1b0 <- ovl_ensure_upper_and_switch) result=0x0
              dd-5969    [000] .....    17.741396: ovldiag_write: (ovl_write_iter+0x136/0x1b0 <- backing_file_write_iter) result=0x1000
             cat-5972    [000] .....    17.742532: ovldiag_open: (ovl_open+0xb2/0x100 <- ovl_open_realfile) result=0xffff888007105f00
             cat-5971    [001] .....    17.743587: ovldiag_open: (ovl_open+0xb2/0x100 <- ovl_open_realfile) result=0xffff8880045a0500
             cat-5977    [000] .....    17.746338: ovldiag_open: (ovl_open+0xb2/0x100 <- ovl_open_realfile) result=0xffff888004697f00
              dd-5978    [000] .....    17.747581: ovldiag_open: (ovl_open+0xb2/0x100 <- ovl_open_realfile) result=0xffff8880086ddb00
              dd-5978    [000] .....    17.747607: ovldiag_ensure: (ovl_write_iter+0xaf/0x1b0 <- ovl_ensure_upper_and_switch) result=0x0
              dd-5978    [000] .....    17.747624: ovldiag_write: (ovl_write_iter+0x136/0x1b0 <- backing_file_write_iter) result=0x1000
              dd-5984    [000] .....    17.750664: ovldiag_open: (ovl_open+0xb2/0x100 <- ovl_open_realfile) result=0xffff888004530800
              dd-5984    [000] .....    17.750694: ovldiag_ensure: (ovl_write_iter+0xaf/0x1b0 <- ovl_ensure_upper_and_switch) result=0x0
              dd-5984    [000] .....    17.750709: ovldiag_write: (ovl_write_iter+0x136/0x1b0 <- backing_file_write_iter) result=0x1000
             cat-5985    [001] .....    17.751013: ovldiag_open: (ovl_open+0xb2/0x100 <- ovl_open_realfile) result=0xffff888006197400
             cat-5988    [000] .....    17.753652: ovldiag_open: (ovl_open+0xb2/0x100 <- ovl_open_realfile) result=0xffff88800de18d00
             cat-5990    [000] .....    17.755131: ovldiag_open: (ovl_open+0xb2/0x100 <- ovl_open_realfile) result=0xffff888004445f00
              dd-5991    [000] .....    17.756162: ovldiag_open: (ovl_open+0xb2/0x100 <- ovl_open_realfile) result=0xffff88800de18400
              dd-5991    [000] .....    17.756189: ovldiag_ensure: (ovl_write_iter+0xaf/0x1b0 <- ovl_ensure_upper_and_switch) result=0x0
              dd-5991    [000] .....    17.756203: ovldiag_write: (ovl_write_iter+0x136/0x1b0 <- backing_file_write_iter) result=0x1000
              dd-5992    [001] .....    17.756460: ovldiag_open: (ovl_open+0xb2/0x100 <- ovl_open_realfile) result=0xffff88800c86f000
              dd-5992    [001] .....    17.756488: ovldiag_ensure: (ovl_write_iter+0xaf/0x1b0 <- ovl_ensure_upper_and_switch) result=0x0
              dd-5992    [001] .....    17.756505: ovldiag_write: (ovl_write_iter+0x136/0x1b0 <- backing_file_write_iter) result=0x1000
             cat-5995    [000] .....    17.757722: ovldiag_open: (ovl_open+0xb2/0x100 <- ovl_open_realfile) result=0xffff88800842b300
             cat-6001    [000] .....    17.762003: ovldiag_open: (ovl_open+0xb2/0x100 <- ovl_open_realfile) result=0xffff8880073c5c00
              dd-6002    [001] .....    17.763247: ovldiag_open: (ovl_open+0xb2/0x100 <- ovl_open_realfile) result=0xffff88800de8c500
              dd-6002    [001] .....    17.763275: ovldiag_ensure: (ovl_write_iter+0xaf/0x1b0 <- ovl_ensure_upper_and_switch) result=0x0
              dd-6002    [001] .....    17.763292: ovldiag_write: (ovl_write_iter+0x136/0x1b0 <- backing_file_write_iter) result=0x1000
              dd-6004    [000] .....    17.763390: ovldiag_open: (ovl_open+0xb2/0x100 <- ovl_open_realfile) result=0xffff88800430c000
              dd-6004    [000] .....    17.763417: ovldiag_ensure: (ovl_write_iter+0xaf/0x1b0 <- ovl_ensure_upper_and_switch) result=0x0
              dd-6004    [000] .....    17.763432: ovldiag_write: (ovl_write_iter+0x136/0x1b0 <- backing_file_write_iter) result=0x1000
             cat-6009    [001] .....    17.766949: ovldiag_open: (ovl_open+0xb2/0x100 <- ovl_open_realfile) result=0xffff88800de8c700
             cat-6010    [000] .....    17.767067: ovldiag_open: (ovl_open+0xb2/0x100 <- ovl_open_realfile) result=0xffff88800430c200
             cat-6013    [000] .....    17.768726: ovldiag_open: (ovl_open+0xb2/0x100 <- ovl_open_realfile) result=0xffff88800dc83000
              dd-6015    [000] .....    17.770614: ovldiag_open: (ovl_open+0xb2/0x100 <- ovl_open_realfile) result=0xffff8880045c9600
              dd-6015    [000] .....    17.770641: ovldiag_ensure: (ovl_write_iter+0xaf/0x1b0 <- ovl_ensure_upper_and_switch) result=0x0
              dd-6015    [000] .....    17.770657: ovldiag_write: (ovl_write_iter+0x136/0x1b0 <- backing_file_write_iter) result=0x1000
              dd-6016    [001] .....    17.771727: ovldiag_open: (ovl_open+0xb2/0x100 <- ovl_open_realfile) result=0xffff888006210400
              dd-6016    [001] .....    17.771757: ovldiag_ensure: (ovl_write_iter+0xaf/0x1b0 <- ovl_ensure_upper_and_switch) result=0x0
              dd-6016    [001] .....    17.771774: ovldiag_write: (ovl_write_iter+0x136/0x1b0 <- backing_file_write_iter) result=0x1000
             cat-6021    [001] .....    17.774236: ovldiag_open: (ovl_open+0xb2/0x100 <- ovl_open_realfile) result=0xffff8880086ddf00
             cat-6025    [001] .....    17.776795: ovldiag_open: (ovl_open+0xb2/0x100 <- ovl_open_realfile) result=0xffff888008411600
              dd-6024    [001] .....    17.777204: ovldiag_open: (ovl_open+0xb2/0x100 <- ovl_open_realfile) result=0xffff88800717bd00
              dd-6024    [001] .....    17.777242: ovldiag_ensure: (ovl_write_iter+0xaf/0x1b0 <- ovl_ensure_upper_and_switch) result=0x0
              dd-6024    [001] .....    17.777258: ovldiag_write: (ovl_write_iter+0x136/0x1b0 <- backing_file_write_iter) result=0x1000
             cat-6027    [000] .....    17.778329: ovldiag_open: (ovl_open+0xb2/0x100 <- ovl_open_realfile) result=0xffff888006210900
              dd-6028    [001] .....    17.779492: ovldiag_open: (ovl_open+0xb2/0x100 <- ovl_open_realfile) result=0xffff8880063bf000
              dd-6028    [001] .....    17.779521: ovldiag_ensure: (ovl_write_iter+0xaf/0x1b0 <- ovl_ensure_upper_and_switch) result=0x0
              dd-6028    [001] .....    17.779537: ovldiag_write: (ovl_write_iter+0x136/0x1b0 <- backing_file_write_iter) result=0x1000
             cat-6034    [000] .....    17.782160: ovldiag_open: (ovl_open+0xb2/0x100 <- ovl_open_realfile) result=0xffff888004578000
             cat-6036    [000] .....    17.783783: ovldiag_open: (ovl_open+0xb2/0x100 <- ovl_open_realfile) result=0xffff888004490900
              dd-6040    [000] .....    17.785942: ovldiag_open: (ovl_open+0xb2/0x100 <- ovl_open_realfile) result=0xffff888004578f00
              dd-6040    [000] .....    17.785973: ovldiag_ensure: (ovl_write_iter+0xaf/0x1b0 <- ovl_ensure_upper_and_switch) result=0x0
              dd-6040    [000] .....    17.785988: ovldiag_write: (ovl_write_iter+0x136/0x1b0 <- backing_file_write_iter) result=0x1000
              dd-6038    [001] .....    17.786411: ovldiag_open: (ovl_open+0xb2/0x100 <- ovl_open_realfile) result=0xffff888006210900
              dd-6038    [001] .....    17.786439: ovldiag_ensure: (ovl_write_iter+0xaf/0x1b0 <- ovl_ensure_upper_and_switch) result=0x0
              dd-6038    [001] .....    17.786455: ovldiag_write: (ovl_write_iter+0x136/0x1b0 <- backing_file_write_iter) result=0x1000
             cat-6044    [000] .....    17.788675: ovldiag_open: (ovl_open+0xb2/0x100 <- ovl_open_realfile) result=0xffff88800cbcd600
             cat-6046    [001] .....    17.789503: ovldiag_open: (ovl_open+0xb2/0x100 <- ovl_open_realfile) result=0xffff888004578000
             cat-6052    [001] .....    17.793567: ovldiag_open: (ovl_open+0xb2/0x100 <- ovl_open_realfile) result=0xffff88800716a400
              dd-6049    [001] .....    17.794133: ovldiag_open: (ovl_open+0xb2/0x100 <- ovl_open_realfile) result=0xffff888006217b00
              dd-6049    [001] .....    17.794162: ovldiag_ensure: (ovl_write_iter+0xaf/0x1b0 <- ovl_ensure_upper_and_switch) result=0x0
             cat-6054    [000] .....    17.794176: ovldiag_open: (ovl_open+0xb2/0x100 <- ovl_open_realfile) result=0xffff88800ddff900
              dd-6049    [001] .....    17.794179: ovldiag_write: (ovl_write_iter+0x136/0x1b0 <- backing_file_write_iter) result=0x1000
              dd-6053    [000] .....    17.796513: ovldiag_open: (ovl_open+0xb2/0x100 <- ovl_open_realfile) result=0xffff888006210b00
              dd-6053    [000] .....    17.796544: ovldiag_ensure: (ovl_write_iter+0xaf/0x1b0 <- ovl_ensure_upper_and_switch) result=0x0
              dd-6053    [000] .....    17.796560: ovldiag_write: (ovl_write_iter+0x136/0x1b0 <- backing_file_write_iter) result=0x1000
             cat-6062    [001] .....    17.799722: ovldiag_open: (ovl_open+0xb2/0x100 <- ovl_open_realfile) result=0xffff88800732ce00
              dd-6063    [000] .....    17.799881: ovldiag_open: (ovl_open+0xb2/0x100 <- ovl_open_realfile) result=0xffff88800716a000
              dd-6063    [000] .....    17.799909: ovldiag_ensure: (ovl_write_iter+0xaf/0x1b0 <- ovl_ensure_upper_and_switch) result=0x0
              dd-6063    [000] .....    17.799925: ovldiag_write: (ovl_write_iter+0x136/0x1b0 <- backing_file_write_iter) result=0x1000
             cat-6061    [001] .....    17.800428: ovldiag_open: (ovl_open+0xb2/0x100 <- ovl_open_realfile) result=0xffff88800842bc00
              dd-6066    [000] .....    17.803186: ovldiag_open: (ovl_open+0xb2/0x100 <- ovl_open_realfile) result=0xffff888004578b00
              dd-6066    [000] .....    17.803228: ovldiag_ensure: (ovl_write_iter+0xaf/0x1b0 <- ovl_ensure_upper_and_switch) result=0x0
              dd-6066    [000] .....    17.803244: ovldiag_write: (ovl_write_iter+0x136/0x1b0 <- backing_file_write_iter) result=0x1000
             cat-6070    [001] .....    17.805209: ovldiag_open: (ovl_open+0xb2/0x100 <- ovl_open_realfile) result=0xffff88800717be00
             cat-6072    [000] .....    17.805998: ovldiag_open: (ovl_open+0xb2/0x100 <- ovl_open_realfile) result=0xffff888007167500
              dd-6077    [001] .....    17.809009: ovldiag_open: (ovl_open+0xb2/0x100 <- ovl_open_realfile) result=0xffff88800dcf6100
              dd-6077    [001] .....    17.809039: ovldiag_ensure: (ovl_write_iter+0xaf/0x1b0 <- ovl_ensure_upper_and_switch) result=0x0
              dd-6077    [001] .....    17.809056: ovldiag_write: (ovl_write_iter+0x136/0x1b0 <- backing_file_write_iter) result=0x1000
              dd-6078    [000] .....    17.809695: ovldiag_open: (ovl_open+0xb2/0x100 <- ovl_open_realfile) result=0xffff8880061dd600
              dd-6078    [000] .....    17.809721: ovldiag_ensure: (ovl_write_iter+0xaf/0x1b0 <- ovl_ensure_upper_and_switch) result=0x0
              dd-6078    [000] .....    17.809737: ovldiag_write: (ovl_write_iter+0x136/0x1b0 <- backing_file_write_iter) result=0x1000
             cat-6080    [001] .....    17.811698: ovldiag_open: (ovl_open+0xb2/0x100 <- ovl_open_realfile) result=0xffff8880047f6100
             cat-6082    [000] .....    17.811735: ovldiag_open: (ovl_open+0xb2/0x100 <- ovl_open_realfile) result=0xffff88800842a100
             cat-6085    [000] .....    17.814432: ovldiag_open: (ovl_open+0xb2/0x100 <- ovl_open_realfile) result=0xffff888007167700
              dd-6086    [001] .....    17.814943: ovldiag_open: (ovl_open+0xb2/0x100 <- ovl_open_realfile) result=0xffff8880070ce200
              dd-6086    [001] .....    17.814971: ovldiag_ensure: (ovl_write_iter+0xaf/0x1b0 <- ovl_ensure_upper_and_switch) result=0x0
              dd-6086    [001] .....    17.814989: ovldiag_write: (ovl_write_iter+0x136/0x1b0 <- backing_file_write_iter) result=0x1000
             cat-6090    [000] .....    17.817930: ovldiag_open: (ovl_open+0xb2/0x100 <- ovl_open_realfile) result=0xffff888007377200
              dd-6092    [001] .....    17.818628: ovldiag_open: (ovl_open+0xb2/0x100 <- ovl_open_realfile) result=0xffff888003f6af00
              dd-6092    [001] .....    17.818656: ovldiag_ensure: (ovl_write_iter+0xaf/0x1b0 <- ovl_ensure_upper_and_switch) result=0x0
              dd-6092    [001] .....    17.818673: ovldiag_write: (ovl_write_iter+0x136/0x1b0 <- backing_file_write_iter) result=0x1000
              dd-6097    [001] .....    17.821619: ovldiag_open: (ovl_open+0xb2/0x100 <- ovl_open_realfile) result=0xffff888006210400
              dd-6097    [001] .....    17.821659: ovldiag_ensure: (ovl_write_iter+0xaf/0x1b0 <- ovl_ensure_upper_and_switch) result=0x0
              dd-6097    [001] .....    17.821676: ovldiag_write: (ovl_write_iter+0x136/0x1b0 <- backing_file_write_iter) result=0x1000
             cat-6098    [000] .....    17.822199: ovldiag_open: (ovl_open+0xb2/0x100 <- ovl_open_realfile) result=0xffff888007377700
             cat-6102    [000] .....    17.823647: ovldiag_open: (ovl_open+0xb2/0x100 <- ovl_open_realfile) result=0xffff88800c9f7600
              dd-6100    [001] .....    17.823737: ovldiag_open: (ovl_open+0xb2/0x100 <- ovl_open_realfile) result=0xffff88800618fa00
              dd-6100    [001] .....    17.823765: ovldiag_ensure: (ovl_write_iter+0xaf/0x1b0 <- ovl_ensure_upper_and_switch) result=0x0
              dd-6100    [001] .....    17.823781: ovldiag_write: (ovl_write_iter+0x136/0x1b0 <- backing_file_write_iter) result=0x1000
             cat-6105    [000] .....    17.827425: ovldiag_open: (ovl_open+0xb2/0x100 <- ovl_open_realfile) result=0xffff88800732a100
              dd-6108    [001] .....    17.827988: ovldiag_open: (ovl_open+0xb2/0x100 <- ovl_open_realfile) result=0xffff8880070ce600
              dd-6108    [001] .....    17.828020: ovldiag_ensure: (ovl_write_iter+0xaf/0x1b0 <- ovl_ensure_upper_and_switch) result=0x0
              dd-6108    [001] .....    17.828036: ovldiag_write: (ovl_write_iter+0x136/0x1b0 <- backing_file_write_iter) result=0x1000
             cat-6107    [000] .....    17.828622: ovldiag_open: (ovl_open+0xb2/0x100 <- ovl_open_realfile) result=0xffff888004530400
              dd-6114    [001] .....    17.832552: ovldiag_open: (ovl_open+0xb2/0x100 <- ovl_open_realfile) result=0xffff888006217700
              dd-6114    [001] .....    17.832580: ovldiag_ensure: (ovl_write_iter+0xaf/0x1b0 <- ovl_ensure_upper_and_switch) result=0x0
              dd-6114    [001] .....    17.832596: ovldiag_write: (ovl_write_iter+0x136/0x1b0 <- backing_file_write_iter) result=0x1000
             cat-6116    [000] .....    17.833576: ovldiag_open: (ovl_open+0xb2/0x100 <- ovl_open_realfile) result=0xffff88800dc17a00
              dd-6120    [001] .....    17.836499: ovldiag_open: (ovl_open+0xb2/0x100 <- ovl_open_realfile) result=0xffff88800cb25500
              dd-6120    [001] .....    17.836527: ovldiag_ensure: (ovl_write_iter+0xaf/0x1b0 <- ovl_ensure_upper_and_switch) result=0x0
              dd-6120    [001] .....    17.836544: ovldiag_write: (ovl_write_iter+0x136/0x1b0 <- backing_file_write_iter) result=0x1000
             cat-6119    [000] .....    17.837243: ovldiag_open: (ovl_open+0xb2/0x100 <- ovl_open_realfile) result=0xffff88800717be00
              dd-6125    [001] .....    17.839407: ovldiag_open: (ovl_open+0xb2/0x100 <- ovl_open_realfile) result=0xffff88800732bb00
              dd-6125    [001] .....    17.839434: ovldiag_ensure: (ovl_write_iter+0xaf/0x1b0 <- ovl_ensure_upper_and_switch) result=0x0
              dd-6125    [001] .....    17.839450: ovldiag_write: (ovl_write_iter+0x136/0x1b0 <- backing_file_write_iter) result=0x1000
             cat-6123    [001] .....    17.840073: ovldiag_open: (ovl_open+0xb2/0x100 <- ovl_open_realfile) result=0xffff888007168700
             cat-6126    [000] .....    17.840168: ovldiag_open: (ovl_open+0xb2/0x100 <- ovl_open_realfile) result=0xffff88800842a300
              dd-6130    [001] .....    17.842374: ovldiag_open: (ovl_open+0xb2/0x100 <- ovl_open_realfile) result=0xffff8880045f5300
              dd-6130    [001] .....    17.842404: ovldiag_ensure: (ovl_write_iter+0xaf/0x1b0 <- ovl_ensure_upper_and_switch) result=0x0
              dd-6130    [001] .....    17.842420: ovldiag_write: (ovl_write_iter+0x136/0x1b0 <- backing_file_write_iter) result=0x1000
             cat-6134    [001] .....    17.845008: ovldiag_open: (ovl_open+0xb2/0x100 <- ovl_open_realfile) result=0xffff8880047f6600
              dd-6135    [000] .....    17.845830: ovldiag_open: (ovl_open+0xb2/0x100 <- ovl_open_realfile) result=0xffff88800cac8100
              dd-6135    [000] .....    17.845857: ovldiag_ensure: (ovl_write_iter+0xaf/0x1b0 <- ovl_ensure_upper_and_switch) result=0x0
              dd-6135    [000] .....    17.845873: ovldiag_write: (ovl_write_iter+0x136/0x1b0 <- backing_file_write_iter) result=0x1000
             cat-6140    [000] .....    17.848978: ovldiag_open: (ovl_open+0xb2/0x100 <- ovl_open_realfile) result=0xffff88800842b300
              dd-6141    [001] .....    17.849173: ovldiag_open: (ovl_open+0xb2/0x100 <- ovl_open_realfile) result=0xffff888004578500
              dd-6141    [001] .....    17.849203: ovldiag_ensure: (ovl_write_iter+0xaf/0x1b0 <- ovl_ensure_upper_and_switch) result=0x0
              dd-6141    [001] .....    17.849229: ovldiag_write: (ovl_write_iter+0x136/0x1b0 <- backing_file_write_iter) result=0x1000
             cat-6144    [001] .....    17.851584: ovldiag_open: (ovl_open+0xb2/0x100 <- ovl_open_realfile) result=0xffff888007377800
              dd-6146    [000] .....    17.852724: ovldiag_open: (ovl_open+0xb2/0x100 <- ovl_open_realfile) result=0xffff888007167900
              dd-6146    [000] .....    17.852751: ovldiag_ensure: (ovl_write_iter+0xaf/0x1b0 <- ovl_ensure_upper_and_switch) result=0x0
              dd-6146    [000] .....    17.852766: ovldiag_write: (ovl_write_iter+0x136/0x1b0 <- backing_file_write_iter) result=0x1000
             cat-6149    [000] .....    17.854141: ovldiag_open: (ovl_open+0xb2/0x100 <- ovl_open_realfile) result=0xffff88800842a300
             cat-6150    [001] .....    17.854505: ovldiag_open: (ovl_open+0xb2/0x100 <- ovl_open_realfile) result=0xffff888007021900
              dd-6152    [001] .....    17.856790: ovldiag_open: (ovl_open+0xb2/0x100 <- ovl_open_realfile) result=0xffff888007377f00
              dd-6152    [001] .....    17.856833: ovldiag_ensure: (ovl_write_iter+0xaf/0x1b0 <- ovl_ensure_upper_and_switch) result=0x0
              dd-6152    [001] .....    17.856850: ovldiag_write: (ovl_write_iter+0x136/0x1b0 <- backing_file_write_iter) result=0x1000
              dd-6157    [001] .....    17.859144: ovldiag_open: (ovl_open+0xb2/0x100 <- ovl_open_realfile) result=0xffff888004490700
              dd-6157    [001] .....    17.859174: ovldiag_ensure: (ovl_write_iter+0xaf/0x1b0 <- ovl_ensure_upper_and_switch) result=0x0
              dd-6157    [001] .....    17.859189: ovldiag_write: (ovl_write_iter+0x136/0x1b0 <- backing_file_write_iter) result=0x1000
             cat-6156    [000] .....    17.859874: ovldiag_open: (ovl_open+0xb2/0x100 <- ovl_open_realfile) result=0xffff888003715100
              dd-6162    [001] .....    17.862342: ovldiag_open: (ovl_open+0xb2/0x100 <- ovl_open_realfile) result=0xffff88800716ae00
              dd-6162    [001] .....    17.862370: ovldiag_ensure: (ovl_write_iter+0xaf/0x1b0 <- ovl_ensure_upper_and_switch) result=0x0
              dd-6162    [001] .....    17.862386: ovldiag_write: (ovl_write_iter+0x136/0x1b0 <- backing_file_write_iter) result=0x1000
             cat-6165    [000] .....    17.864475: ovldiag_open: (ovl_open+0xb2/0x100 <- ovl_open_realfile) result=0xffff8880047f6800
             cat-6166    [001] .....    17.864695: ovldiag_open: (ovl_open+0xb2/0x100 <- ovl_open_realfile) result=0xffff88800716a400
              dd-6169    [000] .....    17.867498: ovldiag_open: (ovl_open+0xb2/0x100 <- ovl_open_realfile) result=0xffff88800732a000
              dd-6169    [000] .....    17.867529: ovldiag_ensure: (ovl_write_iter+0xaf/0x1b0 <- ovl_ensure_upper_and_switch) result=0x0
              dd-6169    [000] .....    17.867545: ovldiag_write: (ovl_write_iter+0x136/0x1b0 <- backing_file_write_iter) result=0x1000
             cat-6172    [001] .....    17.868523: ovldiag_open: (ovl_open+0xb2/0x100 <- ovl_open_realfile) result=0xffff888004613d00
             cat-6175    [000] .....    17.870624: ovldiag_open: (ovl_open+0xb2/0x100 <- ovl_open_realfile) result=0xffff88800cb25c00
              dd-6178    [001] .....    17.872033: ovldiag_open: (ovl_open+0xb2/0x100 <- ovl_open_realfile) result=0xffff88800842ad00
              dd-6178    [001] .....    17.872065: ovldiag_ensure: (ovl_write_iter+0xaf/0x1b0 <- ovl_ensure_upper_and_switch) result=0x0
              dd-6178    [001] .....    17.872081: ovldiag_write: (ovl_write_iter+0x136/0x1b0 <- backing_file_write_iter) result=0x1000
              dd-6181    [000] .....    17.874530: ovldiag_open: (ovl_open+0xb2/0x100 <- ovl_open_realfile) result=0xffff88800dc83000
              dd-6181    [000] .....    17.874557: ovldiag_ensure: (ovl_write_iter+0xaf/0x1b0 <- ovl_ensure_upper_and_switch) result=0x0
              dd-6181    [000] .....    17.874573: ovldiag_write: (ovl_write_iter+0x136/0x1b0 <- backing_file_write_iter) result=0x1000
             cat-6182    [001] .....    17.874736: ovldiag_open: (ovl_open+0xb2/0x100 <- ovl_open_realfile) result=0xffff88800ddbb100
              dd-6184    [001] .....    17.876127: ovldiag_open: (ovl_open+0xb2/0x100 <- ovl_open_realfile) result=0xffff8880073c5300
              dd-6184    [001] .....    17.876154: ovldiag_ensure: (ovl_write_iter+0xaf/0x1b0 <- ovl_ensure_upper_and_switch) result=0x0
              dd-6184    [001] .....    17.876171: ovldiag_write: (ovl_write_iter+0x136/0x1b0 <- backing_file_write_iter) result=0x1000
             cat-6185    [000] .....    17.876832: ovldiag_open: (ovl_open+0xb2/0x100 <- ovl_open_realfile) result=0xffff88800702ae00
             cat-6192    [000] .....    17.880474: ovldiag_open: (ovl_open+0xb2/0x100 <- ovl_open_realfile) result=0xffff88800620d000
             cat-6190    [001] .....    17.880876: ovldiag_open: (ovl_open+0xb2/0x100 <- ovl_open_realfile) result=0xffff8880061dde00
              dd-6195    [001] .....    17.882462: ovldiag_open: (ovl_open+0xb2/0x100 <- ovl_open_realfile) result=0xffff8880047f6100
              dd-6195    [001] .....    17.882492: ovldiag_ensure: (ovl_write_iter+0xaf/0x1b0 <- ovl_ensure_upper_and_switch) result=0x0
              dd-6195    [001] .....    17.882508: ovldiag_write: (ovl_write_iter+0x136/0x1b0 <- backing_file_write_iter) result=0x1000
              dd-6199    [000] .....    17.885645: ovldiag_open: (ovl_open+0xb2/0x100 <- ovl_open_realfile) result=0xffff8880073c5900
              dd-6199    [000] .....    17.885673: ovldiag_ensure: (ovl_write_iter+0xaf/0x1b0 <- ovl_ensure_upper_and_switch) result=0x0
              dd-6199    [000] .....    17.885688: ovldiag_write: (ovl_write_iter+0x136/0x1b0 <- backing_file_write_iter) result=0x1000
             cat-6200    [001] .....    17.885888: ovldiag_open: (ovl_open+0xb2/0x100 <- ovl_open_realfile) result=0xffff8880046d6300
             cat-6202    [001] .....    17.887212: ovldiag_open: (ovl_open+0xb2/0x100 <- ovl_open_realfile) result=0xffff8880071e9f00
              dd-6205    [001] .....    17.889719: ovldiag_open: (ovl_open+0xb2/0x100 <- ovl_open_realfile) result=0xffff88800717b000
              dd-6205    [001] .....    17.889750: ovldiag_ensure: (ovl_write_iter+0xaf/0x1b0 <- ovl_ensure_upper_and_switch) result=0x0
              dd-6205    [001] .....    17.889780: ovldiag_write: (ovl_write_iter+0x136/0x1b0 <- backing_file_write_iter) result=0x1000
              dd-6207    [001] .....    17.891029: ovldiag_open: (ovl_open+0xb2/0x100 <- ovl_open_realfile) result=0xffff888007105e00
              dd-6207    [001] .....    17.891055: ovldiag_ensure: (ovl_write_iter+0xaf/0x1b0 <- ovl_ensure_upper_and_switch) result=0x0
              dd-6207    [001] .....    17.891071: ovldiag_write: (ovl_write_iter+0x136/0x1b0 <- backing_file_write_iter) result=0x1000
             cat-6208    [000] .....    17.891134: ovldiag_open: (ovl_open+0xb2/0x100 <- ovl_open_realfile) result=0xffff88800ca65600
             cat-6213    [001] .....    17.893914: ovldiag_open: (ovl_open+0xb2/0x100 <- ovl_open_realfile) result=0xffff88800dc36a00
             cat-6216    [000] .....    17.896333: ovldiag_open: (ovl_open+0xb2/0x100 <- ovl_open_realfile) result=0xffff88800716fc00
              dd-6217    [000] .....    17.897249: ovldiag_open: (ovl_open+0xb2/0x100 <- ovl_open_realfile) result=0xffff8880061ef000
              dd-6217    [000] .....    17.897279: ovldiag_ensure: (ovl_write_iter+0xaf/0x1b0 <- ovl_ensure_upper_and_switch) result=0x0
              dd-6217    [000] .....    17.897296: ovldiag_write: (ovl_write_iter+0x136/0x1b0 <- backing_file_write_iter) result=0x1000
              dd-6221    [000] .....    17.898772: ovldiag_open: (ovl_open+0xb2/0x100 <- ovl_open_realfile) result=0xffff8880047f6500
              dd-6221    [000] .....    17.898835: ovldiag_ensure: (ovl_write_iter+0xaf/0x1b0 <- ovl_ensure_upper_and_switch) result=0x0
              dd-6221    [000] .....    17.898851: ovldiag_write: (ovl_write_iter+0x136/0x1b0 <- backing_file_write_iter) result=0x1000
             cat-6224    [001] .....    17.900863: ovldiag_open: (ovl_open+0xb2/0x100 <- ovl_open_realfile) result=0xffff88800732b300
             cat-6225    [000] .....    17.901384: ovldiag_open: (ovl_open+0xb2/0x100 <- ovl_open_realfile) result=0xffff88800c8ffb00
             cat-6228    [000] .....    17.904353: ovldiag_open: (ovl_open+0xb2/0x100 <- ovl_open_realfile) result=0xffff88800c99fb00
              dd-6231    [001] .....    17.904744: ovldiag_open: (ovl_open+0xb2/0x100 <- ovl_open_realfile) result=0xffff88800618db00
              dd-6231    [001] .....    17.904775: ovldiag_ensure: (ovl_write_iter+0xaf/0x1b0 <- ovl_ensure_upper_and_switch) result=0x0
              dd-6231    [001] .....    17.904792: ovldiag_write: (ovl_write_iter+0x136/0x1b0 <- backing_file_write_iter) result=0x1000
              dd-6232    [000] .....    17.907338: ovldiag_open: (ovl_open+0xb2/0x100 <- ovl_open_realfile) result=0xffff88800dc83d00
              dd-6232    [000] .....    17.907368: ovldiag_ensure: (ovl_write_iter+0xaf/0x1b0 <- ovl_ensure_upper_and_switch) result=0x0
              dd-6232    [000] .....    17.907383: ovldiag_write: (ovl_write_iter+0x136/0x1b0 <- backing_file_write_iter) result=0x1000
             cat-6235    [001] .....    17.907763: ovldiag_open: (ovl_open+0xb2/0x100 <- ovl_open_realfile) result=0xffff8880070d2600
              dd-6239    [000] .....    17.910070: ovldiag_open: (ovl_open+0xb2/0x100 <- ovl_open_realfile) result=0xffff888007105f00
              dd-6239    [000] .....    17.910099: ovldiag_ensure: (ovl_write_iter+0xaf/0x1b0 <- ovl_ensure_upper_and_switch) result=0x0
              dd-6239    [000] .....    17.910115: ovldiag_write: (ovl_write_iter+0x136/0x1b0 <- backing_file_write_iter) result=0x1000
             cat-6240    [001] .....    17.911145: ovldiag_open: (ovl_open+0xb2/0x100 <- ovl_open_realfile) result=0xffff888007377e00
              dd-6241    [000] .....    17.912352: ovldiag_open: (ovl_open+0xb2/0x100 <- ovl_open_realfile) result=0xffff88800dc9c600
              dd-6241    [000] .....    17.912382: ovldiag_ensure: (ovl_write_iter+0xaf/0x1b0 <- ovl_ensure_upper_and_switch) result=0x0
              dd-6241    [000] .....    17.912398: ovldiag_write: (ovl_write_iter+0x136/0x1b0 <- backing_file_write_iter) result=0x1000
             cat-6245    [000] .....    17.913640: ovldiag_open: (ovl_open+0xb2/0x100 <- ovl_open_realfile) result=0xffff88800dc63f00
             cat-6249    [001] .....    17.915959: ovldiag_open: (ovl_open+0xb2/0x100 <- ovl_open_realfile) result=0xffff888008712500
              dd-6252    [001] .n...    17.918818: ovldiag_open: (ovl_open+0xb2/0x100 <- ovl_open_realfile) result=0xffff888004578f00
             cat-6254    [001] .....    17.919686: ovldiag_open: (ovl_open+0xb2/0x100 <- ovl_open_realfile) result=0xffff888007377800
              dd-6252    [001] .....    17.919894: ovldiag_ensure: (ovl_write_iter+0xaf/0x1b0 <- ovl_ensure_upper_and_switch) result=0x0
              dd-6252    [001] .....    17.919908: ovldiag_write: (ovl_write_iter+0x136/0x1b0 <- backing_file_write_iter) result=0x1000
              dd-6255    [000] .....    17.920014: ovldiag_open: (ovl_open+0xb2/0x100 <- ovl_open_realfile) result=0xffff888004530c00
              dd-6255    [000] .....    17.920045: ovldiag_ensure: (ovl_write_iter+0xaf/0x1b0 <- ovl_ensure_upper_and_switch) result=0x0
              dd-6255    [000] .....    17.920063: ovldiag_write: (ovl_write_iter+0x136/0x1b0 <- backing_file_write_iter) result=0x1000
             cat-6259    [000] .....    17.923138: ovldiag_open: (ovl_open+0xb2/0x100 <- ovl_open_realfile) result=0xffff888006210e00
             cat-6261    [001] .....    17.923686: ovldiag_open: (ovl_open+0xb2/0x100 <- ovl_open_realfile) result=0xffff888006217400
              dd-6260    [000] .....    17.923879: ovldiag_open: (ovl_open+0xb2/0x100 <- ovl_open_realfile) result=0xffff8880070d2600
              dd-6260    [000] .....    17.923908: ovldiag_ensure: (ovl_write_iter+0xaf/0x1b0 <- ovl_ensure_upper_and_switch) result=0x0
              dd-6260    [000] .....    17.923923: ovldiag_write: (ovl_write_iter+0x136/0x1b0 <- backing_file_write_iter) result=0x1000
             cat-6265    [000] .....    17.927584: ovldiag_open: (ovl_open+0xb2/0x100 <- ovl_open_realfile) result=0xffff88800716ad00
              dd-6267    [001] .....    17.927891: ovldiag_open: (ovl_open+0xb2/0x100 <- ovl_open_realfile) result=0xffff888007105200
              dd-6267    [001] .....    17.927919: ovldiag_ensure: (ovl_write_iter+0xaf/0x1b0 <- ovl_ensure_upper_and_switch) result=0x0
              dd-6267    [001] .....    17.927936: ovldiag_write: (ovl_write_iter+0x136/0x1b0 <- backing_file_write_iter) result=0x1000
              dd-6273    [000] .....    17.932744: ovldiag_open: (ovl_open+0xb2/0x100 <- ovl_open_realfile) result=0xffff88800842b200
              dd-6273    [000] .....    17.932771: ovldiag_ensure: (ovl_write_iter+0xaf/0x1b0 <- ovl_ensure_upper_and_switch) result=0x0
              dd-6273    [000] .....    17.932787: ovldiag_write: (ovl_write_iter+0x136/0x1b0 <- backing_file_write_iter) result=0x1000
              dd-6274    [001] .....    17.933134: ovldiag_open: (ovl_open+0xb2/0x100 <- ovl_open_realfile) result=0xffff88800716af00
              dd-6274    [001] .....    17.933162: ovldiag_ensure: (ovl_write_iter+0xaf/0x1b0 <- ovl_ensure_upper_and_switch) result=0x0
              dd-6274    [001] .....    17.933179: ovldiag_write: (ovl_write_iter+0x136/0x1b0 <- backing_file_write_iter) result=0x1000
             cat-6276    [000] .....    17.934693: ovldiag_open: (ovl_open+0xb2/0x100 <- ovl_open_realfile) result=0xffff88800cb25e00
             cat-6278    [001] .....    17.936073: ovldiag_open: (ovl_open+0xb2/0x100 <- ovl_open_realfile) result=0xffff88800717b400
             cat-6279    [001] .....    17.936467: ovldiag_open: (ovl_open+0xb2/0x100 <- ovl_open_realfile) result=0xffff88800842a300
             cat-6283    [000] .....    17.938705: ovldiag_open: (ovl_open+0xb2/0x100 <- ovl_open_realfile) result=0xffff8880073a7f00
              dd-6284    [001] .....    17.941128: ovldiag_open: (ovl_open+0xb2/0x100 <- ovl_open_realfile) result=0xffff88800716ac00
              dd-6284    [001] .....    17.941157: ovldiag_ensure: (ovl_write_iter+0xaf/0x1b0 <- ovl_ensure_upper_and_switch) result=0x0
              dd-6284    [001] .....    17.941173: ovldiag_write: (ovl_write_iter+0x136/0x1b0 <- backing_file_write_iter) result=0x1000
              dd-6289    [000] .....    17.942716: ovldiag_open: (ovl_open+0xb2/0x100 <- ovl_open_realfile) result=0xffff88800842af00
              dd-6289    [000] .....    17.942744: ovldiag_ensure: (ovl_write_iter+0xaf/0x1b0 <- ovl_ensure_upper_and_switch) result=0x0
              dd-6289    [000] .....    17.942760: ovldiag_write: (ovl_write_iter+0x136/0x1b0 <- backing_file_write_iter) result=0x1000
              dd-6293    [000] .....    17.945500: ovldiag_open: (ovl_open+0xb2/0x100 <- ovl_open_realfile) result=0xffff88800842b200
              dd-6293    [000] .....    17.945530: ovldiag_ensure: (ovl_write_iter+0xaf/0x1b0 <- ovl_ensure_upper_and_switch) result=0x0
              dd-6293    [000] .....    17.945546: ovldiag_write: (ovl_write_iter+0x136/0x1b0 <- backing_file_write_iter) result=0x1000
              dd-6294    [001] .....    17.945985: ovldiag_open: (ovl_open+0xb2/0x100 <- ovl_open_realfile) result=0xffff88800de2a000
              dd-6294    [001] .....    17.946016: ovldiag_ensure: (ovl_write_iter+0xaf/0x1b0 <- ovl_ensure_upper_and_switch) result=0x0
              dd-6294    [001] .....    17.946033: ovldiag_write: (ovl_write_iter+0x136/0x1b0 <- backing_file_write_iter) result=0x1000
             cat-6297    [001] .....    17.947471: ovldiag_open: (ovl_open+0xb2/0x100 <- ovl_open_realfile) result=0xffff8880047f6200
             cat-6298    [000] .....    17.947828: ovldiag_open: (ovl_open+0xb2/0x100 <- ovl_open_realfile) result=0xffff8880046d6900
             cat-6299    [001] .....    17.950195: ovldiag_open: (ovl_open+0xb2/0x100 <- ovl_open_realfile) result=0xffff8880062a2f00
             cat-6302    [000] .....    17.950678: ovldiag_open: (ovl_open+0xb2/0x100 <- ovl_open_realfile) result=0xffff88800cb25200
              dd-6309    [001] .....    17.954997: ovldiag_open: (ovl_open+0xb2/0x100 <- ovl_open_realfile) result=0xffff888004445f00
              dd-6309    [001] .....    17.955027: ovldiag_ensure: (ovl_write_iter+0xaf/0x1b0 <- ovl_ensure_upper_and_switch) result=0x0
              dd-6309    [001] .....    17.955045: ovldiag_write: (ovl_write_iter+0x136/0x1b0 <- backing_file_write_iter) result=0x1000
              dd-6310    [000] .....    17.955950: ovldiag_open: (ovl_open+0xb2/0x100 <- ovl_open_realfile) result=0xffff8880086dd100
              dd-6310    [000] .....    17.955978: ovldiag_ensure: (ovl_write_iter+0xaf/0x1b0 <- ovl_ensure_upper_and_switch) result=0x0
              dd-6310    [000] .....    17.955994: ovldiag_write: (ovl_write_iter+0x136/0x1b0 <- backing_file_write_iter) result=0x1000
              dd-6313    [000] .....    17.957942: ovldiag_open: (ovl_open+0xb2/0x100 <- ovl_open_realfile) result=0xffff88800842ad00
              dd-6313    [000] .....    17.957968: ovldiag_ensure: (ovl_write_iter+0xaf/0x1b0 <- ovl_ensure_upper_and_switch) result=0x0
              dd-6313    [000] .....    17.957984: ovldiag_write: (ovl_write_iter+0x136/0x1b0 <- backing_file_write_iter) result=0x1000
             cat-6314    [001] .....    17.959067: ovldiag_open: (ovl_open+0xb2/0x100 <- ovl_open_realfile) result=0xffff88800716a800
             cat-6316    [000] .....    17.960781: ovldiag_open: (ovl_open+0xb2/0x100 <- ovl_open_realfile) result=0xffff888007167500
              dd-6319    [000] .....    17.961719: ovldiag_open: (ovl_open+0xb2/0x100 <- ovl_open_realfile) result=0xffff88800de6fa00
              dd-6319    [000] .....    17.961746: ovldiag_ensure: (ovl_write_iter+0xaf/0x1b0 <- ovl_ensure_upper_and_switch) result=0x0
              dd-6319    [000] .....    17.961761: ovldiag_write: (ovl_write_iter+0x136/0x1b0 <- backing_file_write_iter) result=0x1000
             cat-6320    [000] .....    17.962688: ovldiag_open: (ovl_open+0xb2/0x100 <- ovl_open_realfile) result=0xffff88800cb25400
             cat-6318    [001] .....    17.962901: ovldiag_open: (ovl_open+0xb2/0x100 <- ovl_open_realfile) result=0xffff88800716a600
              dd-6329    [001] .....    17.968155: ovldiag_open: (ovl_open+0xb2/0x100 <- ovl_open_realfile) result=0xffff888007154200
              dd-6329    [001] .....    17.968183: ovldiag_ensure: (ovl_write_iter+0xaf/0x1b0 <- ovl_ensure_upper_and_switch) result=0x0
              dd-6329    [001] .....    17.968200: ovldiag_write: (ovl_write_iter+0x136/0x1b0 <- backing_file_write_iter) result=0x1000
              dd-6330    [000] .....    17.968744: ovldiag_open: (ovl_open+0xb2/0x100 <- ovl_open_realfile) result=0xffff888007377100
              dd-6330    [000] .....    17.968770: ovldiag_ensure: (ovl_write_iter+0xaf/0x1b0 <- ovl_ensure_upper_and_switch) result=0x0
              dd-6330    [000] .....    17.968786: ovldiag_write: (ovl_write_iter+0x136/0x1b0 <- backing_file_write_iter) result=0x1000
             cat-6332    [001] .....    17.969628: ovldiag_open: (ovl_open+0xb2/0x100 <- ovl_open_realfile) result=0xffff888006217000
              dd-6334    [000] .....    17.971094: ovldiag_open: (ovl_open+0xb2/0x100 <- ovl_open_realfile) result=0xffff88800842a300
              dd-6334    [000] .....    17.971124: ovldiag_ensure: (ovl_write_iter+0xaf/0x1b0 <- ovl_ensure_upper_and_switch) result=0x0
              dd-6334    [000] .....    17.971139: ovldiag_write: (ovl_write_iter+0x136/0x1b0 <- backing_file_write_iter) result=0x1000
             cat-6337    [000] .....    17.973427: ovldiag_open: (ovl_open+0xb2/0x100 <- ovl_open_realfile) result=0xffff8880047ec700
             cat-6340    [000] .....    17.974741: ovldiag_open: (ovl_open+0xb2/0x100 <- ovl_open_realfile) result=0xffff888007167500
             cat-6339    [001] .....    17.975391: ovldiag_open: (ovl_open+0xb2/0x100 <- ovl_open_realfile) result=0xffff888006268100
              dd-6344    [000] .....    17.977527: ovldiag_open: (ovl_open+0xb2/0x100 <- ovl_open_realfile) result=0xffff8880070cea00
              dd-6344    [000] .....    17.977558: ovldiag_ensure: (ovl_write_iter+0xaf/0x1b0 <- ovl_ensure_upper_and_switch) result=0x0
              dd-6344    [000] .....    17.977574: ovldiag_write: (ovl_write_iter+0x136/0x1b0 <- backing_file_write_iter) result=0x1000
             cat-6349    [000] .....    17.980507: ovldiag_open: (ovl_open+0xb2/0x100 <- ovl_open_realfile) result=0xffff88800c920000
              dd-6350    [001] .....    17.981245: ovldiag_open: (ovl_open+0xb2/0x100 <- ovl_open_realfile) result=0xffff888007026800
              dd-6350    [001] .....    17.981275: ovldiag_ensure: (ovl_write_iter+0xaf/0x1b0 <- ovl_ensure_upper_and_switch) result=0x0
              dd-6350    [001] .....    17.981291: ovldiag_write: (ovl_write_iter+0x136/0x1b0 <- backing_file_write_iter) result=0x1000
              dd-6352    [001] .....    17.983270: ovldiag_open: (ovl_open+0xb2/0x100 <- ovl_open_realfile) result=0xffff88800451b000
              dd-6352    [001] .....    17.983300: ovldiag_ensure: (ovl_write_iter+0xaf/0x1b0 <- ovl_ensure_upper_and_switch) result=0x0
              dd-6352    [001] .....    17.983316: ovldiag_write: (ovl_write_iter+0x136/0x1b0 <- backing_file_write_iter) result=0x1000
             cat-6356    [001] .....    17.984742: ovldiag_open: (ovl_open+0xb2/0x100 <- ovl_open_realfile) result=0xffff888007167d00
              dd-6355    [000] .....    17.984876: ovldiag_open: (ovl_open+0xb2/0x100 <- ovl_open_realfile) result=0xffff8880047f6f00
              dd-6355    [000] .....    17.984904: ovldiag_ensure: (ovl_write_iter+0xaf/0x1b0 <- ovl_ensure_upper_and_switch) result=0x0
              dd-6355    [000] .....    17.984920: ovldiag_write: (ovl_write_iter+0x136/0x1b0 <- backing_file_write_iter) result=0x1000
             cat-6360    [000] .....    17.987128: ovldiag_open: (ovl_open+0xb2/0x100 <- ovl_open_realfile) result=0xffff88800c9cf600
             cat-6359    [001] .....    17.987862: ovldiag_open: (ovl_open+0xb2/0x100 <- ovl_open_realfile) result=0xffff888006127b00
             cat-6367    [000] .....    17.991664: ovldiag_open: (ovl_open+0xb2/0x100 <- ovl_open_realfile) result=0xffff88800702a400
              dd-6366    [000] .....    17.992118: ovldiag_open: (ovl_open+0xb2/0x100 <- ovl_open_realfile) result=0xffff888006210600
              dd-6366    [000] .....    17.992147: ovldiag_ensure: (ovl_write_iter+0xaf/0x1b0 <- ovl_ensure_upper_and_switch) result=0x0
              dd-6366    [000] .....    17.992163: ovldiag_write: (ovl_write_iter+0x136/0x1b0 <- backing_file_write_iter) result=0x1000
              dd-6371    [000] .....    17.994510: ovldiag_open: (ovl_open+0xb2/0x100 <- ovl_open_realfile) result=0xffff8880045c9000
              dd-6371    [000] .....    17.994536: ovldiag_ensure: (ovl_write_iter+0xaf/0x1b0 <- ovl_ensure_upper_and_switch) result=0x0
              dd-6371    [000] .....    17.994552: ovldiag_write: (ovl_write_iter+0x136/0x1b0 <- backing_file_write_iter) result=0x1000
             cat-6374    [000] .....    17.996012: ovldiag_open: (ovl_open+0xb2/0x100 <- ovl_open_realfile) result=0xffff888007171d00
             cat-6376    [001] .....    17.997294: ovldiag_open: (ovl_open+0xb2/0x100 <- ovl_open_realfile) result=0xffff8880045f5800
              dd-6375    [000] .....    17.998480: ovldiag_open: (ovl_open+0xb2/0x100 <- ovl_open_realfile) result=0xffff88800716f000
              dd-6375    [000] .....    17.998510: ovldiag_ensure: (ovl_write_iter+0xaf/0x1b0 <- ovl_ensure_upper_and_switch) result=0x0
              dd-6375    [000] .....    17.998527: ovldiag_write: (ovl_write_iter+0x136/0x1b0 <- backing_file_write_iter) result=0x1000
             cat-6378    [001] .....    17.998747: ovldiag_open: (ovl_open+0xb2/0x100 <- ovl_open_realfile) result=0xffff88800842a000
              dd-6381    [000] .....    18.000979: ovldiag_open: (ovl_open+0xb2/0x100 <- ovl_open_realfile) result=0xffff888004530f00
              dd-6381    [000] .....    18.001010: ovldiag_ensure: (ovl_write_iter+0xaf/0x1b0 <- ovl_ensure_upper_and_switch) result=0x0
              dd-6381    [000] .....    18.001026: ovldiag_write: (ovl_write_iter+0x136/0x1b0 <- backing_file_write_iter) result=0x1000
             cat-6384    [001] .....    18.001701: ovldiag_open: (ovl_open+0xb2/0x100 <- ovl_open_realfile) result=0xffff888006268600
              dd-6388    [000] .....    18.004520: ovldiag_open: (ovl_open+0xb2/0x100 <- ovl_open_realfile) result=0xffff8880047f0800
              dd-6388    [000] .....    18.004548: ovldiag_ensure: (ovl_write_iter+0xaf/0x1b0 <- ovl_ensure_upper_and_switch) result=0x0
              dd-6388    [000] .....    18.004564: ovldiag_write: (ovl_write_iter+0x136/0x1b0 <- backing_file_write_iter) result=0x1000
              dd-6392    [001] .....    18.007210: ovldiag_open: (ovl_open+0xb2/0x100 <- ovl_open_realfile) result=0xffff8880047f6600
              dd-6392    [001] .....    18.007251: ovldiag_ensure: (ovl_write_iter+0xaf/0x1b0 <- ovl_ensure_upper_and_switch) result=0x0
              dd-6392    [001] .....    18.007268: ovldiag_write: (ovl_write_iter+0x136/0x1b0 <- backing_file_write_iter) result=0x1000
             cat-6394    [001] .....    18.009448: ovldiag_open: (ovl_open+0xb2/0x100 <- ovl_open_realfile) result=0xffff8880086ddb00
              dd-6396    [000] .....    18.010996: ovldiag_open: (ovl_open+0xb2/0x100 <- ovl_open_realfile) result=0xffff88800732a400
              dd-6396    [000] .....    18.011027: ovldiag_ensure: (ovl_write_iter+0xaf/0x1b0 <- ovl_ensure_upper_and_switch) result=0x0
              dd-6396    [000] .....    18.011043: ovldiag_write: (ovl_write_iter+0x136/0x1b0 <- backing_file_write_iter) result=0x1000
             cat-6397    [001] .....    18.011167: ovldiag_open: (ovl_open+0xb2/0x100 <- ovl_open_realfile) result=0xffff888006268d00
             cat-6402    [000] .....    18.014261: ovldiag_open: (ovl_open+0xb2/0x100 <- ovl_open_realfile) result=0xffff888007026800
             cat-6400    [001] .....    18.014558: ovldiag_open: (ovl_open+0xb2/0x100 <- ovl_open_realfile) result=0xffff888008411d00
              dd-6404    [000] .....    18.015759: ovldiag_open: (ovl_open+0xb2/0x100 <- ovl_open_realfile) result=0xffff88800dca8600
              dd-6404    [000] .....    18.015789: ovldiag_ensure: (ovl_write_iter+0xaf/0x1b0 <- ovl_ensure_upper_and_switch) result=0x0
              dd-6404    [000] .....    18.016172: ovldiag_write: (ovl_write_iter+0x136/0x1b0 <- backing_file_write_iter) result=0x1000
              dd-6406    [000] .....    18.017133: ovldiag_open: (ovl_open+0xb2/0x100 <- ovl_open_realfile) result=0xffff88800cbd5300
              dd-6406    [000] .....    18.017158: ovldiag_ensure: (ovl_write_iter+0xaf/0x1b0 <- ovl_ensure_upper_and_switch) result=0x0
              dd-6406    [000] .....    18.017172: ovldiag_write: (ovl_write_iter+0x136/0x1b0 <- backing_file_write_iter) result=0x1000
             cat-6411    [001] .....    18.020505: ovldiag_open: (ovl_open+0xb2/0x100 <- ovl_open_realfile) result=0xffff88800869c500
              dd-6412    [001] .....    18.021561: ovldiag_open: (ovl_open+0xb2/0x100 <- ovl_open_realfile) result=0xffff8880070ce900
              dd-6412    [001] .....    18.021588: ovldiag_ensure: (ovl_write_iter+0xaf/0x1b0 <- ovl_ensure_upper_and_switch) result=0x0
              dd-6412    [001] .....    18.021605: ovldiag_write: (ovl_write_iter+0x136/0x1b0 <- backing_file_write_iter) result=0x1000
              dd-6417    [000] .....    18.023821: ovldiag_open: (ovl_open+0xb2/0x100 <- ovl_open_realfile) result=0xffff888007154500
              dd-6417    [000] .....    18.023849: ovldiag_ensure: (ovl_write_iter+0xaf/0x1b0 <- ovl_ensure_upper_and_switch) result=0x0
              dd-6417    [000] .....    18.023865: ovldiag_write: (ovl_write_iter+0x136/0x1b0 <- backing_file_write_iter) result=0x1000
             cat-6418    [000] .....    18.024923: ovldiag_open: (ovl_open+0xb2/0x100 <- ovl_open_realfile) result=0xffff8880047fae00
             cat-6421    [000] .....    18.026251: ovldiag_open: (ovl_open+0xb2/0x100 <- ovl_open_realfile) result=0xffff88800732ca00
             cat-6422    [001] .....    18.028417: ovldiag_open: (ovl_open+0xb2/0x100 <- ovl_open_realfile) result=0xffff888007167c00
              dd-6426    [000] .....    18.030244: ovldiag_open: (ovl_open+0xb2/0x100 <- ovl_open_realfile) result=0xffff888004247100
              dd-6426    [000] .....    18.030272: ovldiag_ensure: (ovl_write_iter+0xaf/0x1b0 <- ovl_ensure_upper_and_switch) result=0x0
              dd-6426    [000] .....    18.030288: ovldiag_write: (ovl_write_iter+0x136/0x1b0 <- backing_file_write_iter) result=0x1000
             cat-6429    [000] .....    18.032455: ovldiag_open: (ovl_open+0xb2/0x100 <- ovl_open_realfile) result=0xffff88800451bf00
              dd-6431    [000] .....    18.033179: ovldiag_open: (ovl_open+0xb2/0x100 <- ovl_open_realfile) result=0xffff888004355300
              dd-6431    [000] .....    18.033208: ovldiag_ensure: (ovl_write_iter+0xaf/0x1b0 <- ovl_ensure_upper_and_switch) result=0x0
              dd-6431    [000] .....    18.033238: ovldiag_write: (ovl_write_iter+0x136/0x1b0 <- backing_file_write_iter) result=0x1000
             cat-6433    [001] .....    18.033891: ovldiag_open: (ovl_open+0xb2/0x100 <- ovl_open_realfile) result=0xffff88800732b800
              dd-6434    [001] .....    18.035131: ovldiag_open: (ovl_open+0xb2/0x100 <- ovl_open_realfile) result=0xffff888006210400
              dd-6434    [001] .....    18.035158: ovldiag_ensure: (ovl_write_iter+0xaf/0x1b0 <- ovl_ensure_upper_and_switch) result=0x0
              dd-6434    [001] .....    18.035174: ovldiag_write: (ovl_write_iter+0x136/0x1b0 <- backing_file_write_iter) result=0x1000
             cat-6439    [000] .....    18.037608: ovldiag_open: (ovl_open+0xb2/0x100 <- ovl_open_realfile) result=0xffff8880086dd600
              dd-6441    [001] .....    18.040214: ovldiag_open: (ovl_open+0xb2/0x100 <- ovl_open_realfile) result=0xffff888004578b00
              dd-6441    [001] .....    18.040254: ovldiag_ensure: (ovl_write_iter+0xaf/0x1b0 <- ovl_ensure_upper_and_switch) result=0x0
              dd-6441    [001] .....    18.040270: ovldiag_write: (ovl_write_iter+0x136/0x1b0 <- backing_file_write_iter) result=0x1000
             cat-6442    [001] .....    18.040414: ovldiag_open: (ovl_open+0xb2/0x100 <- ovl_open_realfile) result=0xffff888004578800
             cat-6447    [000] .....    18.042965: ovldiag_open: (ovl_open+0xb2/0x100 <- ovl_open_realfile) result=0xffff88800cbaef00
              dd-6448    [000] .....    18.044037: ovldiag_open: (ovl_open+0xb2/0x100 <- ovl_open_realfile) result=0xffff88800cbaa400
              dd-6448    [000] .....    18.044065: ovldiag_ensure: (ovl_write_iter+0xaf/0x1b0 <- ovl_ensure_upper_and_switch) result=0x0
              dd-6448    [000] .....    18.044079: ovldiag_write: (ovl_write_iter+0x136/0x1b0 <- backing_file_write_iter) result=0x1000
             cat-6454    [000] .....    18.047121: ovldiag_open: (ovl_open+0xb2/0x100 <- ovl_open_realfile) result=0xffff88800cbae200
             cat-6455    [001] .....    18.047287: ovldiag_open: (ovl_open+0xb2/0x100 <- ovl_open_realfile) result=0xffff88800cac8200
              dd-6458    [001] .....    18.049024: ovldiag_open: (ovl_open+0xb2/0x100 <- ovl_open_realfile) result=0xffff888006210b00
              dd-6458    [001] .....    18.049055: ovldiag_ensure: (ovl_write_iter+0xaf/0x1b0 <- ovl_ensure_upper_and_switch) result=0x0
              dd-6458    [001] .....    18.049072: ovldiag_write: (ovl_write_iter+0x136/0x1b0 <- backing_file_write_iter) result=0x1000
              dd-6453    [000] .....    18.049097: ovldiag_open: (ovl_open+0xb2/0x100 <- ovl_open_realfile) result=0xffff8880086f3700
              dd-6453    [000] .....    18.049128: ovldiag_ensure: (ovl_write_iter+0xaf/0x1b0 <- ovl_ensure_upper_and_switch) result=0x0
              dd-6453    [000] .....    18.049144: ovldiag_write: (ovl_write_iter+0x136/0x1b0 <- backing_file_write_iter) result=0x1000
             cat-6459    [000] .....    18.051577: ovldiag_open: (ovl_open+0xb2/0x100 <- ovl_open_realfile) result=0xffff88800dc83d00
             cat-6464    [001] .....    18.052309: ovldiag_open: (ovl_open+0xb2/0x100 <- ovl_open_realfile) result=0xffff888006217500
              dd-6466    [001] .....    18.055579: ovldiag_open: (ovl_open+0xb2/0x100 <- ovl_open_realfile) result=0xffff88800cbaac00
              dd-6466    [001] .....    18.055611: ovldiag_ensure: (ovl_write_iter+0xaf/0x1b0 <- ovl_ensure_upper_and_switch) result=0x0
              dd-6466    [001] .....    18.055629: ovldiag_write: (ovl_write_iter+0x136/0x1b0 <- backing_file_write_iter) result=0x1000
              dd-6469    [000] .....    18.057462: ovldiag_open: (ovl_open+0xb2/0x100 <- ovl_open_realfile) result=0xffff888007105300
              dd-6469    [000] .....    18.057489: ovldiag_ensure: (ovl_write_iter+0xaf/0x1b0 <- ovl_ensure_upper_and_switch) result=0x0
              dd-6469    [000] .....    18.057506: ovldiag_write: (ovl_write_iter+0x136/0x1b0 <- backing_file_write_iter) result=0x1000
             cat-6473    [001] .....    18.058927: ovldiag_open: (ovl_open+0xb2/0x100 <- ovl_open_realfile) result=0xffff888004578e00
             cat-6475    [001] .....    18.060298: ovldiag_open: (ovl_open+0xb2/0x100 <- ovl_open_realfile) result=0xffff8880062a2e00
              dd-6478    [001] .....    18.062047: ovldiag_open: (ovl_open+0xb2/0x100 <- ovl_open_realfile) result=0xffff888004445900
              dd-6478    [001] .....    18.062075: ovldiag_ensure: (ovl_write_iter+0xaf/0x1b0 <- ovl_ensure_upper_and_switch) result=0x0
              dd-6478    [001] .....    18.062091: ovldiag_write: (ovl_write_iter+0x136/0x1b0 <- backing_file_write_iter) result=0x1000
             cat-6480    [000] .....    18.063736: ovldiag_open: (ovl_open+0xb2/0x100 <- ovl_open_realfile) result=0xffff888006318500
             cat-6481    [001] .....    18.064964: ovldiag_open: (ovl_open+0xb2/0x100 <- ovl_open_realfile) result=0xffff88800430c100
              dd-6484    [000] .....    18.067297: ovldiag_open: (ovl_open+0xb2/0x100 <- ovl_open_realfile) result=0xffff88800702af00
              dd-6484    [000] .....    18.067328: ovldiag_ensure: (ovl_write_iter+0xaf/0x1b0 <- ovl_ensure_upper_and_switch) result=0x0
              dd-6484    [000] .....    18.067343: ovldiag_write: (ovl_write_iter+0x136/0x1b0 <- backing_file_write_iter) result=0x1000
             cat-6488    [001] .....    18.069258: ovldiag_open: (ovl_open+0xb2/0x100 <- ovl_open_realfile) result=0xffff88800cbaed00
              dd-6489    [001] .....    18.070144: ovldiag_open: (ovl_open+0xb2/0x100 <- ovl_open_realfile) result=0xffff88800dc83c00
              dd-6489    [001] .....    18.070171: ovldiag_ensure: (ovl_write_iter+0xaf/0x1b0 <- ovl_ensure_upper_and_switch) result=0x0
              dd-6489    [001] .....    18.070185: ovldiag_write: (ovl_write_iter+0x136/0x1b0 <- backing_file_write_iter) result=0x1000
              dd-6492    [001] .....    18.071702: ovldiag_open: (ovl_open+0xb2/0x100 <- ovl_open_realfile) result=0xffff8880086dd500
              dd-6492    [001] .....    18.071732: ovldiag_ensure: (ovl_write_iter+0xaf/0x1b0 <- ovl_ensure_upper_and_switch) result=0x0
              dd-6492    [001] .....    18.071747: ovldiag_write: (ovl_write_iter+0x136/0x1b0 <- backing_file_write_iter) result=0x1000
             cat-6494    [000] .....    18.072862: ovldiag_open: (ovl_open+0xb2/0x100 <- ovl_open_realfile) result=0xffff8880047ff700
             cat-6498    [000] .....    18.074706: ovldiag_open: (ovl_open+0xb2/0x100 <- ovl_open_realfile) result=0xffff8880070ce900
              dd-6500    [000] .....    18.076288: ovldiag_open: (ovl_open+0xb2/0x100 <- ovl_open_realfile) result=0xffff88800cb25f00
              dd-6500    [000] .....    18.076316: ovldiag_ensure: (ovl_write_iter+0xaf/0x1b0 <- ovl_ensure_upper_and_switch) result=0x0
              dd-6500    [000] .....    18.076332: ovldiag_write: (ovl_write_iter+0x136/0x1b0 <- backing_file_write_iter) result=0x1000
             cat-6502    [000] .....    18.077286: ovldiag_open: (ovl_open+0xb2/0x100 <- ovl_open_realfile) result=0xffff88800dc83b00
             cat-6506    [001] .....    18.079384: ovldiag_open: (ovl_open+0xb2/0x100 <- ovl_open_realfile) result=0xffff88800842a100
              dd-6508    [000] .....    18.081534: ovldiag_open: (ovl_open+0xb2/0x100 <- ovl_open_realfile) result=0xffff8880086ddd00
              dd-6508    [000] .....    18.081565: ovldiag_ensure: (ovl_write_iter+0xaf/0x1b0 <- ovl_ensure_upper_and_switch) result=0x0
              dd-6508    [000] .....    18.081581: ovldiag_write: (ovl_write_iter+0x136/0x1b0 <- backing_file_write_iter) result=0x1000
              dd-6512    [000] .....    18.083736: ovldiag_open: (ovl_open+0xb2/0x100 <- ovl_open_realfile) result=0xffff888006107b00
              dd-6512    [000] .....    18.083766: ovldiag_ensure: (ovl_write_iter+0xaf/0x1b0 <- ovl_ensure_upper_and_switch) result=0x0
              dd-6512    [000] .....    18.083781: ovldiag_write: (ovl_write_iter+0x136/0x1b0 <- backing_file_write_iter) result=0x1000
             cat-6513    [001] .....    18.084122: ovldiag_open: (ovl_open+0xb2/0x100 <- ovl_open_realfile) result=0xffff888004697900
             cat-6516    [000] .....    18.086175: ovldiag_open: (ovl_open+0xb2/0x100 <- ovl_open_realfile) result=0xffff888006327b00
              dd-6517    [000] .....    18.087208: ovldiag_open: (ovl_open+0xb2/0x100 <- ovl_open_realfile) result=0xffff8880070d2000
              dd-6517    [000] .....    18.087246: ovldiag_ensure: (ovl_write_iter+0xaf/0x1b0 <- ovl_ensure_upper_and_switch) result=0x0
              dd-6517    [000] .....    18.087262: ovldiag_write: (ovl_write_iter+0x136/0x1b0 <- backing_file_write_iter) result=0x1000
             cat-6521    [001] .....    18.088966: ovldiag_open: (ovl_open+0xb2/0x100 <- ovl_open_realfile) result=0xffff888003cd0800
              dd-6522    [000] .....    18.090168: ovldiag_open: (ovl_open+0xb2/0x100 <- ovl_open_realfile) result=0xffff8880047f6500
              dd-6522    [000] .....    18.090196: ovldiag_ensure: (ovl_write_iter+0xaf/0x1b0 <- ovl_ensure_upper_and_switch) result=0x0
              dd-6522    [000] .....    18.090211: ovldiag_write: (ovl_write_iter+0x136/0x1b0 <- backing_file_write_iter) result=0x1000
             cat-6523    [001] .....    18.091616: ovldiag_open: (ovl_open+0xb2/0x100 <- ovl_open_realfile) result=0xffff88800716a900
             cat-6530    [000] .....    18.095345: ovldiag_open: (ovl_open+0xb2/0x100 <- ovl_open_realfile) result=0xffff888007154200
              dd-6531    [001] .....    18.095687: ovldiag_open: (ovl_open+0xb2/0x100 <- ovl_open_realfile) result=0xffff88800732b400
              dd-6531    [001] .....    18.095717: ovldiag_ensure: (ovl_write_iter+0xaf/0x1b0 <- ovl_ensure_upper_and_switch) result=0x0
              dd-6531    [001] .....    18.095734: ovldiag_write: (ovl_write_iter+0x136/0x1b0 <- backing_file_write_iter) result=0x1000
              dd-6533    [001] .....    18.096976: ovldiag_open: (ovl_open+0xb2/0x100 <- ovl_open_realfile) result=0xffff8880047ff100
              dd-6533    [001] .....    18.097004: ovldiag_ensure: (ovl_write_iter+0xaf/0x1b0 <- ovl_ensure_upper_and_switch) result=0x0
              dd-6533    [001] .....    18.097019: ovldiag_write: (ovl_write_iter+0x136/0x1b0 <- backing_file_write_iter) result=0x1000
             cat-6537    [000] .....    18.099099: ovldiag_open: (ovl_open+0xb2/0x100 <- ovl_open_realfile) result=0xffff8880047f0f00
              dd-6539    [001] .....    18.101729: ovldiag_open: (ovl_open+0xb2/0x100 <- ovl_open_realfile) result=0xffff8880086ddc00
              dd-6539    [001] .....    18.101759: ovldiag_ensure: (ovl_write_iter+0xaf/0x1b0 <- ovl_ensure_upper_and_switch) result=0x0
              dd-6539    [001] .....    18.101775: ovldiag_write: (ovl_write_iter+0x136/0x1b0 <- backing_file_write_iter) result=0x1000
             cat-6540    [001] .....    18.101910: ovldiag_open: (ovl_open+0xb2/0x100 <- ovl_open_realfile) result=0xffff8880086ddc00
              dd-6545    [000] .....    18.104134: ovldiag_open: (ovl_open+0xb2/0x100 <- ovl_open_realfile) result=0xffff88800842a100
              dd-6545    [000] .....    18.104164: ovldiag_ensure: (ovl_write_iter+0xaf/0x1b0 <- ovl_ensure_upper_and_switch) result=0x0
              dd-6545    [000] .....    18.104179: ovldiag_write: (ovl_write_iter+0x136/0x1b0 <- backing_file_write_iter) result=0x1000
             cat-6542    [000] .....    18.104330: ovldiag_open: (ovl_open+0xb2/0x100 <- ovl_open_realfile) result=0xffff888004613d00
             cat-6548    [001] .....    18.105773: ovldiag_open: (ovl_open+0xb2/0x100 <- ovl_open_realfile) result=0xffff88800de10700
             cat-6552    [001] .....    18.109064: ovldiag_open: (ovl_open+0xb2/0x100 <- ovl_open_realfile) result=0xffff88800c987100
              dd-6555    [000] .....    18.110716: ovldiag_open: (ovl_open+0xb2/0x100 <- ovl_open_realfile) result=0xffff8880047f6800
              dd-6555    [000] .....    18.110747: ovldiag_ensure: (ovl_write_iter+0xaf/0x1b0 <- ovl_ensure_upper_and_switch) result=0x0
              dd-6555    [000] .....    18.110762: ovldiag_write: (ovl_write_iter+0x136/0x1b0 <- backing_file_write_iter) result=0x1000
              dd-6556    [001] .....    18.110895: ovldiag_open: (ovl_open+0xb2/0x100 <- ovl_open_realfile) result=0xffff888006228200
              dd-6556    [001] .....    18.110922: ovldiag_ensure: (ovl_write_iter+0xaf/0x1b0 <- ovl_ensure_upper_and_switch) result=0x0
              dd-6556    [001] .....    18.110939: ovldiag_write: (ovl_write_iter+0x136/0x1b0 <- backing_file_write_iter) result=0x1000
             cat-6558    [000] .....    18.113150: ovldiag_open: (ovl_open+0xb2/0x100 <- ovl_open_realfile) result=0xffff888003f6ae00
              dd-6562    [001] .....    18.115337: ovldiag_open: (ovl_open+0xb2/0x100 <- ovl_open_realfile) result=0xffff888007105200
              dd-6562    [001] .....    18.115365: ovldiag_ensure: (ovl_write_iter+0xaf/0x1b0 <- ovl_ensure_upper_and_switch) result=0x0
              dd-6562    [001] .....    18.115381: ovldiag_write: (ovl_write_iter+0x136/0x1b0 <- backing_file_write_iter) result=0x1000
             cat-6563    [000] .....    18.115646: ovldiag_open: (ovl_open+0xb2/0x100 <- ovl_open_realfile) result=0xffff88800702a500
             cat-6565    [001] .....    18.116898: ovldiag_open: (ovl_open+0xb2/0x100 <- ovl_open_realfile) result=0xffff888006210a00
              dd-6568    [001] .....    18.118427: ovldiag_open: (ovl_open+0xb2/0x100 <- ovl_open_realfile) result=0xffff888003f6ae00
              dd-6568    [001] .....    18.118453: ovldiag_ensure: (ovl_write_iter+0xaf/0x1b0 <- ovl_ensure_upper_and_switch) result=0x0
              dd-6568    [001] .....    18.118469: ovldiag_write: (ovl_write_iter+0x136/0x1b0 <- backing_file_write_iter) result=0x1000
             cat-6571    [001] .....    18.120725: ovldiag_open: (ovl_open+0xb2/0x100 <- ovl_open_realfile) result=0xffff888004530a00
             cat-6575    [001] .....    18.123843: ovldiag_open: (ovl_open+0xb2/0x100 <- ovl_open_realfile) result=0xffff88800dc83b00
              dd-6578    [000] .....    18.125607: ovldiag_open: (ovl_open+0xb2/0x100 <- ovl_open_realfile) result=0xffff888004445700
              dd-6578    [000] .....    18.125637: ovldiag_ensure: (ovl_write_iter+0xaf/0x1b0 <- ovl_ensure_upper_and_switch) result=0x0
              dd-6578    [000] .....    18.125653: ovldiag_write: (ovl_write_iter+0x136/0x1b0 <- backing_file_write_iter) result=0x1000
              dd-6577    [001] .....    18.125931: ovldiag_open: (ovl_open+0xb2/0x100 <- ovl_open_realfile) result=0xffff888004530800
              dd-6577    [001] .....    18.125962: ovldiag_ensure: (ovl_write_iter+0xaf/0x1b0 <- ovl_ensure_upper_and_switch) result=0x0
              dd-6577    [001] .....    18.125980: ovldiag_write: (ovl_write_iter+0x136/0x1b0 <- backing_file_write_iter) result=0x1000
             cat-6581    [000] .....    18.127254: ovldiag_open: (ovl_open+0xb2/0x100 <- ovl_open_realfile) result=0xffff8880047f6200
             cat-6584    [001] .....    18.129696: ovldiag_open: (ovl_open+0xb2/0x100 <- ovl_open_realfile) result=0xffff88800cb9d100
              dd-6586    [000] .....    18.131166: ovldiag_open: (ovl_open+0xb2/0x100 <- ovl_open_realfile) result=0xffff888006254f00
              dd-6586    [000] .....    18.131197: ovldiag_ensure: (ovl_write_iter+0xaf/0x1b0 <- ovl_ensure_upper_and_switch) result=0x0
              dd-6586    [000] .....    18.131213: ovldiag_write: (ovl_write_iter+0x136/0x1b0 <- backing_file_write_iter) result=0x1000
             cat-6588    [001] .....    18.131463: ovldiag_open: (ovl_open+0xb2/0x100 <- ovl_open_realfile) result=0xffff88800842be00
              dd-6592    [001] .....    18.133787: ovldiag_open: (ovl_open+0xb2/0x100 <- ovl_open_realfile) result=0xffff8880047f6a00
              dd-6592    [001] .....    18.133858: ovldiag_ensure: (ovl_write_iter+0xaf/0x1b0 <- ovl_ensure_upper_and_switch) result=0x0
              dd-6592    [001] .....    18.133876: ovldiag_write: (ovl_write_iter+0x136/0x1b0 <- backing_file_write_iter) result=0x1000
             cat-6596    [001] .....    18.136922: ovldiag_open: (ovl_open+0xb2/0x100 <- ovl_open_realfile) result=0xffff88800732af00
             cat-6597    [000] .....    18.137455: ovldiag_open: (ovl_open+0xb2/0x100 <- ovl_open_realfile) result=0xffff888006254c00
              dd-6600    [001] .....    18.139638: ovldiag_open: (ovl_open+0xb2/0x100 <- ovl_open_realfile) result=0xffff8880086dda00
              dd-6600    [001] .....    18.139670: ovldiag_ensure: (ovl_write_iter+0xaf/0x1b0 <- ovl_ensure_upper_and_switch) result=0x0
              dd-6600    [001] .....    18.139687: ovldiag_write: (ovl_write_iter+0x136/0x1b0 <- backing_file_write_iter) result=0x1000
              dd-6603    [001] .....    18.141840: ovldiag_open: (ovl_open+0xb2/0x100 <- ovl_open_realfile) result=0xffff88800dc80200
              dd-6603    [001] .....    18.141870: ovldiag_ensure: (ovl_write_iter+0xaf/0x1b0 <- ovl_ensure_upper_and_switch) result=0x0
              dd-6603    [001] .....    18.141886: ovldiag_write: (ovl_write_iter+0x136/0x1b0 <- backing_file_write_iter) result=0x1000
             cat-6606    [000] .....    18.142156: ovldiag_open: (ovl_open+0xb2/0x100 <- ovl_open_realfile) result=0xffff888007026800
             cat-6605    [001] .....    18.143628: ovldiag_open: (ovl_open+0xb2/0x100 <- ovl_open_realfile) result=0xffff88800a30cc00
              dd-6611    [000] .....    18.145968: ovldiag_open: (ovl_open+0xb2/0x100 <- ovl_open_realfile) result=0xffff88800cacce00
              dd-6611    [000] .....    18.145999: ovldiag_ensure: (ovl_write_iter+0xaf/0x1b0 <- ovl_ensure_upper_and_switch) result=0x0
              dd-6611    [000] .....    18.146014: ovldiag_write: (ovl_write_iter+0x136/0x1b0 <- backing_file_write_iter) result=0x1000
              dd-6613    [000] .....    18.147742: ovldiag_open: (ovl_open+0xb2/0x100 <- ovl_open_realfile) result=0xffff88800c86c800
              dd-6613    [000] .....    18.147772: ovldiag_ensure: (ovl_write_iter+0xaf/0x1b0 <- ovl_ensure_upper_and_switch) result=0x0
              dd-6613    [000] .....    18.147788: ovldiag_write: (ovl_write_iter+0x136/0x1b0 <- backing_file_write_iter) result=0x1000
             cat-6616    [001] .....    18.149155: ovldiag_open: (ovl_open+0xb2/0x100 <- ovl_open_realfile) result=0xffff88800842a000
             cat-6615    [000] .....    18.149268: ovldiag_open: (ovl_open+0xb2/0x100 <- ovl_open_realfile) result=0xffff888004578000
             cat-6621    [000] .....    18.152784: ovldiag_open: (ovl_open+0xb2/0x100 <- ovl_open_realfile) result=0xffff8880070ceb00
              dd-6625    [001] .....    18.154483: ovldiag_open: (ovl_open+0xb2/0x100 <- ovl_open_realfile) result=0xffff88800cb25200
              dd-6625    [001] .....    18.154511: ovldiag_ensure: (ovl_write_iter+0xaf/0x1b0 <- ovl_ensure_upper_and_switch) result=0x0
              dd-6625    [001] .....    18.154527: ovldiag_write: (ovl_write_iter+0x136/0x1b0 <- backing_file_write_iter) result=0x1000
             cat-6624    [000] .....    18.154715: ovldiag_open: (ovl_open+0xb2/0x100 <- ovl_open_realfile) result=0xffff88800702a200
              dd-6629    [001] .....    18.156854: ovldiag_open: (ovl_open+0xb2/0x100 <- ovl_open_realfile) result=0xffff8880047ffd00
              dd-6629    [001] .....    18.156883: ovldiag_ensure: (ovl_write_iter+0xaf/0x1b0 <- ovl_ensure_upper_and_switch) result=0x0
              dd-6629    [001] .....    18.156900: ovldiag_write: (ovl_write_iter+0x136/0x1b0 <- backing_file_write_iter) result=0x1000
             cat-6633    [001] .....    18.159424: ovldiag_open: (ovl_open+0xb2/0x100 <- ovl_open_realfile) result=0xffff8880047f6600
             cat-6632    [000] .....    18.159691: ovldiag_open: (ovl_open+0xb2/0x100 <- ovl_open_realfile) result=0xffff888004445300
              dd-6635    [001] .....    18.161835: ovldiag_open: (ovl_open+0xb2/0x100 <- ovl_open_realfile) result=0xffff88800716ab00
              dd-6635    [001] .....    18.161865: ovldiag_ensure: (ovl_write_iter+0xaf/0x1b0 <- ovl_ensure_upper_and_switch) result=0x0
              dd-6635    [001] .....    18.161881: ovldiag_write: (ovl_write_iter+0x136/0x1b0 <- backing_file_write_iter) result=0x1000
              dd-6640    [000] .....    18.164559: ovldiag_open: (ovl_open+0xb2/0x100 <- ovl_open_realfile) result=0xffff8880047f6f00
              dd-6640    [000] .....    18.164587: ovldiag_ensure: (ovl_write_iter+0xaf/0x1b0 <- ovl_ensure_upper_and_switch) result=0x0
             cat-6641    [001] .....    18.164590: ovldiag_open: (ovl_open+0xb2/0x100 <- ovl_open_realfile) result=0xffff88800732b400
              dd-6640    [000] .....    18.164604: ovldiag_write: (ovl_write_iter+0x136/0x1b0 <- backing_file_write_iter) result=0x1000
             cat-6644    [001] .....    18.166738: ovldiag_open: (ovl_open+0xb2/0x100 <- ovl_open_realfile) result=0xffff8880047ec600
              dd-6645    [000] .....    18.167254: ovldiag_open: (ovl_open+0xb2/0x100 <- ovl_open_realfile) result=0xffff88800717bb00
              dd-6645    [000] .....    18.167281: ovldiag_ensure: (ovl_write_iter+0xaf/0x1b0 <- ovl_ensure_upper_and_switch) result=0x0
              dd-6645    [000] .....    18.167297: ovldiag_write: (ovl_write_iter+0x136/0x1b0 <- backing_file_write_iter) result=0x1000
              dd-6649    [001] .....    18.169749: ovldiag_open: (ovl_open+0xb2/0x100 <- ovl_open_realfile) result=0xffff888008411600
              dd-6649    [001] .....    18.169779: ovldiag_ensure: (ovl_write_iter+0xaf/0x1b0 <- ovl_ensure_upper_and_switch) result=0x0
              dd-6649    [001] .....    18.169795: ovldiag_write: (ovl_write_iter+0x136/0x1b0 <- backing_file_write_iter) result=0x1000
             cat-6651    [001] .....    18.171916: ovldiag_open: (ovl_open+0xb2/0x100 <- ovl_open_realfile) result=0xffff8880045c9400
             cat-6650    [000] .....    18.172261: ovldiag_open: (ovl_open+0xb2/0x100 <- ovl_open_realfile) result=0xffff88800717b900
              dd-6657    [001] .....    18.175368: ovldiag_open: (ovl_open+0xb2/0x100 <- ovl_open_realfile) result=0xffff88800451b700
              dd-6657    [001] .....    18.175396: ovldiag_ensure: (ovl_write_iter+0xaf/0x1b0 <- ovl_ensure_upper_and_switch) result=0x0
              dd-6657    [001] .....    18.175413: ovldiag_write: (ovl_write_iter+0x136/0x1b0 <- backing_file_write_iter) result=0x1000
             cat-6659    [000] .....    18.176368: ovldiag_open: (ovl_open+0xb2/0x100 <- ovl_open_realfile) result=0xffff88800c9bee00
             cat-6662    [000] .....    18.177937: ovldiag_open: (ovl_open+0xb2/0x100 <- ovl_open_realfile) result=0xffff88800842bf00
              dd-6665    [001] .....    18.179854: ovldiag_open: (ovl_open+0xb2/0x100 <- ovl_open_realfile) result=0xffff888004613e00
              dd-6665    [001] .....    18.179882: ovldiag_ensure: (ovl_write_iter+0xaf/0x1b0 <- ovl_ensure_upper_and_switch) result=0x0
              dd-6665    [001] .....    18.179897: ovldiag_write: (ovl_write_iter+0x136/0x1b0 <- backing_file_write_iter) result=0x1000
              dd-6663    [000] .....    18.180200: ovldiag_open: (ovl_open+0xb2/0x100 <- ovl_open_realfile) result=0xffff8880086dd100
              dd-6663    [000] .....    18.180242: ovldiag_ensure: (ovl_write_iter+0xaf/0x1b0 <- ovl_ensure_upper_and_switch) result=0x0
              dd-6663    [000] .....    18.180258: ovldiag_write: (ovl_write_iter+0x136/0x1b0 <- backing_file_write_iter) result=0x1000
             cat-6671    [000] .....    18.183323: ovldiag_open: (ovl_open+0xb2/0x100 <- ovl_open_realfile) result=0xffff888007377200
              dd-6672    [001] .....    18.183766: ovldiag_open: (ovl_open+0xb2/0x100 <- ovl_open_realfile) result=0xffff88800dc83300
              dd-6672    [001] .....    18.183796: ovldiag_ensure: (ovl_write_iter+0xaf/0x1b0 <- ovl_ensure_upper_and_switch) result=0x0
              dd-6672    [001] .....    18.183839: ovldiag_write: (ovl_write_iter+0x136/0x1b0 <- backing_file_write_iter) result=0x1000
             cat-6670    [001] .....    18.184036: ovldiag_open: (ovl_open+0xb2/0x100 <- ovl_open_realfile) result=0xffff888007105200
             cat-6679    [000] .....    18.187926: ovldiag_open: (ovl_open+0xb2/0x100 <- ovl_open_realfile) result=0xffff88800dcf0400
             cat-6678    [001] .....    18.188381: ovldiag_open: (ovl_open+0xb2/0x100 <- ovl_open_realfile) result=0xffff88800ca5b100
              dd-6682    [001] .....    18.189639: ovldiag_open: (ovl_open+0xb2/0x100 <- ovl_open_realfile) result=0xffff88800cb25f00
              dd-6682    [001] .....    18.189669: ovldiag_ensure: (ovl_write_iter+0xaf/0x1b0 <- ovl_ensure_upper_and_switch) result=0x0
              dd-6682    [001] .....    18.189684: ovldiag_write: (ovl_write_iter+0x136/0x1b0 <- backing_file_write_iter) result=0x1000
             cat-6686    [000] .....    18.193071: ovldiag_open: (ovl_open+0xb2/0x100 <- ovl_open_realfile) result=0xffff888004445c00
              dd-6687    [001] .....    18.193435: ovldiag_open: (ovl_open+0xb2/0x100 <- ovl_open_realfile) result=0xffff8880086dd600
              dd-6687    [001] .....    18.193466: ovldiag_ensure: (ovl_write_iter+0xaf/0x1b0 <- ovl_ensure_upper_and_switch) result=0x0
              dd-6687    [001] .....    18.193483: ovldiag_write: (ovl_write_iter+0x136/0x1b0 <- backing_file_write_iter) result=0x1000
              dd-6690    [001] .....    18.195501: ovldiag_open: (ovl_open+0xb2/0x100 <- ovl_open_realfile) result=0xffff8880045c9500
              dd-6690    [001] .....    18.195531: ovldiag_ensure: (ovl_write_iter+0xaf/0x1b0 <- ovl_ensure_upper_and_switch) result=0x0
              dd-6690    [001] .....    18.195547: ovldiag_write: (ovl_write_iter+0x136/0x1b0 <- backing_file_write_iter) result=0x1000
             cat-6691    [000] .....    18.196001: ovldiag_open: (ovl_open+0xb2/0x100 <- ovl_open_realfile) result=0xffff88800dd81a00
              dd-6695    [001] .....    18.199611: ovldiag_open: (ovl_open+0xb2/0x100 <- ovl_open_realfile) result=0xffff888004530d00
              dd-6695    [001] .....    18.199639: ovldiag_ensure: (ovl_write_iter+0xaf/0x1b0 <- ovl_ensure_upper_and_switch) result=0x0
              dd-6695    [001] .....    18.199656: ovldiag_write: (ovl_write_iter+0x136/0x1b0 <- backing_file_write_iter) result=0x1000
             cat-6697    [000] .....    18.199711: ovldiag_open: (ovl_open+0xb2/0x100 <- ovl_open_realfile) result=0xffff888006210700
             cat-6696    [001] .....    18.200350: ovldiag_open: (ovl_open+0xb2/0x100 <- ovl_open_realfile) result=0xffff888007167900
              dd-6702    [001] .....    18.202891: ovldiag_open: (ovl_open+0xb2/0x100 <- ovl_open_realfile) result=0xffff88800dc52900
              dd-6702    [001] .....    18.202918: ovldiag_ensure: (ovl_write_iter+0xaf/0x1b0 <- ovl_ensure_upper_and_switch) result=0x0
              dd-6702    [001] .....    18.202934: ovldiag_write: (ovl_write_iter+0x136/0x1b0 <- backing_file_write_iter) result=0x1000
             cat-6704    [001] .....    18.204270: ovldiag_open: (ovl_open+0xb2/0x100 <- ovl_open_realfile) result=0xffff88800cb25e00
              dd-6708    [001] .....    18.206173: ovldiag_open: (ovl_open+0xb2/0x100 <- ovl_open_realfile) result=0xffff88800ca43800
              dd-6708    [001] .....    18.206201: ovldiag_ensure: (ovl_write_iter+0xaf/0x1b0 <- ovl_ensure_upper_and_switch) result=0x0
              dd-6708    [001] .....    18.206217: ovldiag_write: (ovl_write_iter+0x136/0x1b0 <- backing_file_write_iter) result=0x1000
             cat-6709    [001] .....    18.208056: ovldiag_open: (ovl_open+0xb2/0x100 <- ovl_open_realfile) result=0xffff88800430c200
              dd-6713    [001] .....    18.209628: ovldiag_open: (ovl_open+0xb2/0x100 <- ovl_open_realfile) result=0xffff8880070ce000
              dd-6713    [001] .....    18.209657: ovldiag_ensure: (ovl_write_iter+0xaf/0x1b0 <- ovl_ensure_upper_and_switch) result=0x0
              dd-6713    [001] .....    18.209673: ovldiag_write: (ovl_write_iter+0x136/0x1b0 <- backing_file_write_iter) result=0x1000
             cat-6714    [000] .....    18.210056: ovldiag_open: (ovl_open+0xb2/0x100 <- ovl_open_realfile) result=0xffff88800716fc00
             cat-6718    [000] .....    18.213782: ovldiag_open: (ovl_open+0xb2/0x100 <- ovl_open_realfile) result=0xffff888008411600
              dd-6720    [001] .....    18.214470: ovldiag_open: (ovl_open+0xb2/0x100 <- ovl_open_realfile) result=0xffff888006210700
              dd-6720    [001] .....    18.214500: ovldiag_ensure: (ovl_write_iter+0xaf/0x1b0 <- ovl_ensure_upper_and_switch) result=0x0
              dd-6720    [001] .....    18.214516: ovldiag_write: (ovl_write_iter+0x136/0x1b0 <- backing_file_write_iter) result=0x1000
             cat-6722    [001] .....    18.215536: ovldiag_open: (ovl_open+0xb2/0x100 <- ovl_open_realfile) result=0xffff88800867a600
              dd-6726    [001] .....    18.218627: ovldiag_open: (ovl_open+0xb2/0x100 <- ovl_open_realfile) result=0xffff888007021500
              dd-6726    [001] .....    18.218654: ovldiag_ensure: (ovl_write_iter+0xaf/0x1b0 <- ovl_ensure_upper_and_switch) result=0x0
              dd-6726    [001] .....    18.218671: ovldiag_write: (ovl_write_iter+0x136/0x1b0 <- backing_file_write_iter) result=0x1000
              dd-6728    [000] .....    18.219967: ovldiag_open: (ovl_open+0xb2/0x100 <- ovl_open_realfile) result=0xffff88800716a700
              dd-6728    [000] .....    18.219997: ovldiag_ensure: (ovl_write_iter+0xaf/0x1b0 <- ovl_ensure_upper_and_switch) result=0x0
              dd-6728    [000] .....    18.220013: ovldiag_write: (ovl_write_iter+0x136/0x1b0 <- backing_file_write_iter) result=0x1000
             cat-6731    [001] .....    18.220663: ovldiag_open: (ovl_open+0xb2/0x100 <- ovl_open_realfile) result=0xffff888006217f00
             cat-6729    [000] .....    18.220995: ovldiag_open: (ovl_open+0xb2/0x100 <- ovl_open_realfile) result=0xffff888006210f00
             cat-6737    [001] .....    18.224796: ovldiag_open: (ovl_open+0xb2/0x100 <- ovl_open_realfile) result=0xffff8880047f6600
              dd-6738    [000] .....    18.225750: ovldiag_open: (ovl_open+0xb2/0x100 <- ovl_open_realfile) result=0xffff888007154000
              dd-6738    [000] .....    18.225779: ovldiag_ensure: (ovl_write_iter+0xaf/0x1b0 <- ovl_ensure_upper_and_switch) result=0x0
              dd-6738    [000] .....    18.225795: ovldiag_write: (ovl_write_iter+0x136/0x1b0 <- backing_file_write_iter) result=0x1000
             cat-6741    [001] .....    18.227355: ovldiag_open: (ovl_open+0xb2/0x100 <- ovl_open_realfile) result=0xffff8880073c5f00
              dd-6743    [000] .....    18.228853: ovldiag_open: (ovl_open+0xb2/0x100 <- ovl_open_realfile) result=0xffff88800ddf8600
              dd-6743    [000] .....    18.228884: ovldiag_ensure: (ovl_write_iter+0xaf/0x1b0 <- ovl_ensure_upper_and_switch) result=0x0
              dd-6743    [000] .....    18.228899: ovldiag_write: (ovl_write_iter+0x136/0x1b0 <- backing_file_write_iter) result=0x1000
             cat-6745    [000] .....    18.230076: ovldiag_open: (ovl_open+0xb2/0x100 <- ovl_open_realfile) result=0xffff888007154500
              dd-6749    [001] .....    18.232730: ovldiag_open: (ovl_open+0xb2/0x100 <- ovl_open_realfile) result=0xffff888004530900
              dd-6749    [001] .....    18.232758: ovldiag_ensure: (ovl_write_iter+0xaf/0x1b0 <- ovl_ensure_upper_and_switch) result=0x0
              dd-6749    [001] .....    18.232775: ovldiag_write: (ovl_write_iter+0x136/0x1b0 <- backing_file_write_iter) result=0x1000
             cat-6751    [000] .....    18.233205: ovldiag_open: (ovl_open+0xb2/0x100 <- ovl_open_realfile) result=0xffff88800717b500
              dd-6753    [001] .....    18.235672: ovldiag_open: (ovl_open+0xb2/0x100 <- ovl_open_realfile) result=0xffff888007168300
              dd-6753    [001] .....    18.235702: ovldiag_ensure: (ovl_write_iter+0xaf/0x1b0 <- ovl_ensure_upper_and_switch) result=0x0
              dd-6753    [001] .....    18.235720: ovldiag_write: (ovl_write_iter+0x136/0x1b0 <- backing_file_write_iter) result=0x1000
             cat-6755    [000] .....    18.236974: ovldiag_open: (ovl_open+0xb2/0x100 <- ovl_open_realfile) result=0xffff888006210800
             cat-6759    [001] .....    18.239271: ovldiag_open: (ovl_open+0xb2/0x100 <- ovl_open_realfile) result=0xffff88800cb25900
              dd-6760    [001] .....    18.239484: ovldiag_open: (ovl_open+0xb2/0x100 <- ovl_open_realfile) result=0xffff88800430c200
              dd-6760    [001] .....    18.239511: ovldiag_ensure: (ovl_write_iter+0xaf/0x1b0 <- ovl_ensure_upper_and_switch) result=0x0
              dd-6760    [001] .....    18.239522: ovldiag_write: (ovl_write_iter+0x136/0x1b0 <- backing_file_write_iter) result=0x1000
             cat-6764    [000] .....    18.242192: ovldiag_open: (ovl_open+0xb2/0x100 <- ovl_open_realfile) result=0xffff888007167700
              dd-6765    [001] .....    18.242413: ovldiag_open: (ovl_open+0xb2/0x100 <- ovl_open_realfile) result=0xffff88800716a300
              dd-6765    [001] .....    18.242440: ovldiag_ensure: (ovl_write_iter+0xaf/0x1b0 <- ovl_ensure_upper_and_switch) result=0x0
              dd-6765    [001] .....    18.242456: ovldiag_write: (ovl_write_iter+0x136/0x1b0 <- backing_file_write_iter) result=0x1000
             cat-6769    [001] .....    18.245355: ovldiag_open: (ovl_open+0xb2/0x100 <- ovl_open_realfile) result=0xffff88800702a300
              dd-6771    [000] .....    18.245872: ovldiag_open: (ovl_open+0xb2/0x100 <- ovl_open_realfile) result=0xffff888004445700
              dd-6771    [000] .....    18.245901: ovldiag_ensure: (ovl_write_iter+0xaf/0x1b0 <- ovl_ensure_upper_and_switch) result=0x0
              dd-6771    [000] .....    18.245918: ovldiag_write: (ovl_write_iter+0x136/0x1b0 <- backing_file_write_iter) result=0x1000
             cat-6772    [000] .....    18.247321: ovldiag_open: (ovl_open+0xb2/0x100 <- ovl_open_realfile) result=0xffff888006318500
              dd-6775    [001] .....    18.248983: ovldiag_open: (ovl_open+0xb2/0x100 <- ovl_open_realfile) result=0xffff888006217300
              dd-6775    [001] .....    18.249014: ovldiag_ensure: (ovl_write_iter+0xaf/0x1b0 <- ovl_ensure_upper_and_switch) result=0x0
              dd-6775    [001] .....    18.249030: ovldiag_write: (ovl_write_iter+0x136/0x1b0 <- backing_file_write_iter) result=0x1000
             cat-6780    [001] .....    18.251773: ovldiag_open: (ovl_open+0xb2/0x100 <- ovl_open_realfile) result=0xffff88800732b400
              dd-6781    [000] .....    18.252071: ovldiag_open: (ovl_open+0xb2/0x100 <- ovl_open_realfile) result=0xffff888006217800
              dd-6781    [000] .....    18.252097: ovldiag_ensure: (ovl_write_iter+0xaf/0x1b0 <- ovl_ensure_upper_and_switch) result=0x0
              dd-6781    [000] .....    18.252113: ovldiag_write: (ovl_write_iter+0x136/0x1b0 <- backing_file_write_iter) result=0x1000
             cat-6784    [001] .....    18.254988: ovldiag_open: (ovl_open+0xb2/0x100 <- ovl_open_realfile) result=0xffff88800732b800
              dd-6787    [001] .....    18.257505: ovldiag_open: (ovl_open+0xb2/0x100 <- ovl_open_realfile) result=0xffff88800723ae00
              dd-6787    [001] .....    18.257536: ovldiag_ensure: (ovl_write_iter+0xaf/0x1b0 <- ovl_ensure_upper_and_switch) result=0x0
              dd-6787    [001] .....    18.257551: ovldiag_write: (ovl_write_iter+0x136/0x1b0 <- backing_file_write_iter) result=0x1000
             cat-6790    [001] .....    18.258906: ovldiag_open: (ovl_open+0xb2/0x100 <- ovl_open_realfile) result=0xffff888007105b00
              dd-6792    [000] .....    18.260107: ovldiag_open: (ovl_open+0xb2/0x100 <- ovl_open_realfile) result=0xffff888003f6ae00
              dd-6792    [000] .....    18.260135: ovldiag_ensure: (ovl_write_iter+0xaf/0x1b0 <- ovl_ensure_upper_and_switch) result=0x0
              dd-6792    [000] .....    18.260150: ovldiag_write: (ovl_write_iter+0x136/0x1b0 <- backing_file_write_iter) result=0x1000
             cat-6793    [000] .....    18.260916: ovldiag_open: (ovl_open+0xb2/0x100 <- ovl_open_realfile) result=0xffff8880086dd100
             cat-6799    [000] .....    18.263028: ovldiag_open: (ovl_open+0xb2/0x100 <- ovl_open_realfile) result=0xffff8880061e6300
             cat-6801    [000] .....    18.264492: ovldiag_open: (ovl_open+0xb2/0x100 <- ovl_open_realfile) result=0xffff88800732a200
              dd-6796    [001] .....    18.264536: ovldiag_open: (ovl_open+0xb2/0x100 <- ovl_open_realfile) result=0xffff88800dd15400
              dd-6796    [001] .....    18.264564: ovldiag_ensure: (ovl_write_iter+0xaf/0x1b0 <- ovl_ensure_upper_and_switch) result=0x0
              dd-6796    [001] .....    18.264580: ovldiag_write: (ovl_write_iter+0x136/0x1b0 <- backing_file_write_iter) result=0x1000
              dd-6802    [001] .....    18.267642: ovldiag_open: (ovl_open+0xb2/0x100 <- ovl_open_realfile) result=0xffff8880062a2f00
              dd-6802    [001] .....    18.267676: ovldiag_ensure: (ovl_write_iter+0xaf/0x1b0 <- ovl_ensure_upper_and_switch) result=0x0
              dd-6802    [001] .....    18.267693: ovldiag_write: (ovl_write_iter+0x136/0x1b0 <- backing_file_write_iter) result=0x1000
              dd-6809    [000] .....    18.270843: ovldiag_open: (ovl_open+0xb2/0x100 <- ovl_open_realfile) result=0xffff8880070ce200
              dd-6809    [000] .....    18.270873: ovldiag_ensure: (ovl_write_iter+0xaf/0x1b0 <- ovl_ensure_upper_and_switch) result=0x0
              dd-6809    [000] .....    18.270889: ovldiag_write: (ovl_write_iter+0x136/0x1b0 <- backing_file_write_iter) result=0x1000
             cat-6810    [001] .....    18.271039: ovldiag_open: (ovl_open+0xb2/0x100 <- ovl_open_realfile) result=0xffff8880047ec600
              dd-6814    [001] .....    18.274323: ovldiag_open: (ovl_open+0xb2/0x100 <- ovl_open_realfile) result=0xffff8880045f5800
              dd-6814    [001] .....    18.274353: ovldiag_ensure: (ovl_write_iter+0xaf/0x1b0 <- ovl_ensure_upper_and_switch) result=0x0
              dd-6814    [001] .....    18.274370: ovldiag_write: (ovl_write_iter+0x136/0x1b0 <- backing_file_write_iter) result=0x1000
             cat-6815    [000] .....    18.274796: ovldiag_open: (ovl_open+0xb2/0x100 <- ovl_open_realfile) result=0xffff8880045c9400
             cat-6816    [001] .....    18.275754: ovldiag_open: (ovl_open+0xb2/0x100 <- ovl_open_realfile) result=0xffff88800732ce00
              dd-6822    [001] .....    18.278569: ovldiag_open: (ovl_open+0xb2/0x100 <- ovl_open_realfile) result=0xffff888004530a00
              dd-6822    [001] .....    18.278596: ovldiag_ensure: (ovl_write_iter+0xaf/0x1b0 <- ovl_ensure_upper_and_switch) result=0x0
              dd-6822    [001] .....    18.278613: ovldiag_write: (ovl_write_iter+0x136/0x1b0 <- backing_file_write_iter) result=0x1000
             cat-6820    [001] .....    18.279323: ovldiag_open: (ovl_open+0xb2/0x100 <- ovl_open_realfile) result=0xffff8880047f6100
             cat-6825    [000] .....    18.280568: ovldiag_open: (ovl_open+0xb2/0x100 <- ovl_open_realfile) result=0xffff888004355200
              dd-6826    [001] .....    18.281767: ovldiag_open: (ovl_open+0xb2/0x100 <- ovl_open_realfile) result=0xffff88800716a400
              dd-6830    [000] .....    18.284695: ovldiag_open: (ovl_open+0xb2/0x100 <- ovl_open_realfile) result=0xffff888006210300
              dd-6830    [000] .....    18.284725: ovldiag_ensure: (ovl_write_iter+0xaf/0x1b0 <- ovl_ensure_upper_and_switch) result=0x0
              dd-6830    [000] .....    18.284741: ovldiag_write: (ovl_write_iter+0x136/0x1b0 <- backing_file_write_iter) result=0x1000
              dd-6826    [001] .....    18.284949: ovldiag_ensure: (ovl_write_iter+0xaf/0x1b0 <- ovl_ensure_upper_and_switch) result=0x0
              dd-6826    [001] .....    18.284968: ovldiag_write: (ovl_write_iter+0x136/0x1b0 <- backing_file_write_iter) result=0x1000
             cat-6831    [000] .....    18.285422: ovldiag_open: (ovl_open+0xb2/0x100 <- ovl_open_realfile) result=0xffff8880047f0f00
              dd-6836    [001] .....    18.288544: ovldiag_open: (ovl_open+0xb2/0x100 <- ovl_open_realfile) result=0xffff888007168e00
              dd-6836    [001] .....    18.288575: ovldiag_ensure: (ovl_write_iter+0xaf/0x1b0 <- ovl_ensure_upper_and_switch) result=0x0
              dd-6836    [001] .....    18.288590: ovldiag_write: (ovl_write_iter+0x136/0x1b0 <- backing_file_write_iter) result=0x1000
             cat-6838    [000] .....    18.289119: ovldiag_open: (ovl_open+0xb2/0x100 <- ovl_open_realfile) result=0xffff888003f6ae00
             cat-6841    [000] .....    18.290470: ovldiag_open: (ovl_open+0xb2/0x100 <- ovl_open_realfile) result=0xffff888004578d00
              dd-6843    [001] .....    18.292993: ovldiag_open: (ovl_open+0xb2/0x100 <- ovl_open_realfile) result=0xffff888007168f00
              dd-6843    [001] .....    18.293024: ovldiag_ensure: (ovl_write_iter+0xaf/0x1b0 <- ovl_ensure_upper_and_switch) result=0x0
              dd-6843    [001] .....    18.293040: ovldiag_write: (ovl_write_iter+0x136/0x1b0 <- backing_file_write_iter) result=0x1000
             cat-6845    [000] .....    18.293982: ovldiag_open: (ovl_open+0xb2/0x100 <- ovl_open_realfile) result=0xffff888007021800
             cat-6849    [000] .....    18.295295: ovldiag_open: (ovl_open+0xb2/0x100 <- ovl_open_realfile) result=0xffff888004445e00
              dd-6853    [001] .n...    18.298823: ovldiag_open: (ovl_open+0xb2/0x100 <- ovl_open_realfile) result=0xffff888006217b00
             cat-6854    [000] .....    18.299019: ovldiag_open: (ovl_open+0xb2/0x100 <- ovl_open_realfile) result=0xffff888004578e00
              dd-6855    [001] .....    18.299992: ovldiag_open: (ovl_open+0xb2/0x100 <- ovl_open_realfile) result=0xffff88800a326300
              dd-6855    [001] .....    18.300020: ovldiag_ensure: (ovl_write_iter+0xaf/0x1b0 <- ovl_ensure_upper_and_switch) result=0x0
              dd-6855    [001] .....    18.300036: ovldiag_write: (ovl_write_iter+0x136/0x1b0 <- backing_file_write_iter) result=0x1000
              dd-6853    [001] .....    18.300157: ovldiag_ensure: (ovl_write_iter+0xaf/0x1b0 <- ovl_ensure_upper_and_switch) result=0x0
              dd-6853    [001] .....    18.300162: ovldiag_write: (ovl_write_iter+0x136/0x1b0 <- backing_file_write_iter) result=0x1000
              dd-6861    [000] .....    18.302995: ovldiag_open: (ovl_open+0xb2/0x100 <- ovl_open_realfile) result=0xffff8880070cef00
              dd-6861    [000] .....    18.303025: ovldiag_ensure: (ovl_write_iter+0xaf/0x1b0 <- ovl_ensure_upper_and_switch) result=0x0
              dd-6861    [000] .....    18.303040: ovldiag_write: (ovl_write_iter+0x136/0x1b0 <- backing_file_write_iter) result=0x1000
             cat-6860    [001] .....    18.303100: ovldiag_open: (ovl_open+0xb2/0x100 <- ovl_open_realfile) result=0xffff888007377700
             cat-6865    [001] .....    18.304757: ovldiag_open: (ovl_open+0xb2/0x100 <- ovl_open_realfile) result=0xffff888006210600
             cat-6864    [001] .....    18.305722: ovldiag_open: (ovl_open+0xb2/0x100 <- ovl_open_realfile) result=0xffff88800451b400
             cat-6869    [000] .....    18.308831: ovldiag_open: (ovl_open+0xb2/0x100 <- ovl_open_realfile) result=0xffff888007154600
              dd-6871    [001] .....    18.310167: ovldiag_open: (ovl_open+0xb2/0x100 <- ovl_open_realfile) result=0xffff88800ddf1600
              dd-6871    [001] .....    18.310195: ovldiag_ensure: (ovl_write_iter+0xaf/0x1b0 <- ovl_ensure_upper_and_switch) result=0x0
              dd-6871    [001] .....    18.310212: ovldiag_write: (ovl_write_iter+0x136/0x1b0 <- backing_file_write_iter) result=0x1000
              dd-6876    [000] .....    18.312959: ovldiag_open: (ovl_open+0xb2/0x100 <- ovl_open_realfile) result=0xffff88800caf4000
              dd-6876    [000] .....    18.312989: ovldiag_ensure: (ovl_write_iter+0xaf/0x1b0 <- ovl_ensure_upper_and_switch) result=0x0
              dd-6876    [000] .....    18.313004: ovldiag_write: (ovl_write_iter+0x136/0x1b0 <- backing_file_write_iter) result=0x1000
              dd-6877    [001] .....    18.313753: ovldiag_open: (ovl_open+0xb2/0x100 <- ovl_open_realfile) result=0xffff888007377300
              dd-6877    [001] .....    18.313781: ovldiag_ensure: (ovl_write_iter+0xaf/0x1b0 <- ovl_ensure_upper_and_switch) result=0x0
              dd-6877    [001] .N...    18.313838: ovldiag_write: (ovl_write_iter+0x136/0x1b0 <- backing_file_write_iter) result=0x1000
             cat-6880    [001] .....    18.315530: ovldiag_open: (ovl_open+0xb2/0x100 <- ovl_open_realfile) result=0xffff88800842ac00
              dd-6882    [000] .....    18.316414: ovldiag_open: (ovl_open+0xb2/0x100 <- ovl_open_realfile) result=0xffff888006210800
              dd-6882    [000] .....    18.316440: ovldiag_ensure: (ovl_write_iter+0xaf/0x1b0 <- ovl_ensure_upper_and_switch) result=0x0
              dd-6882    [000] .....    18.316456: ovldiag_write: (ovl_write_iter+0x136/0x1b0 <- backing_file_write_iter) result=0x1000
             cat-6881    [001] .....    18.316565: ovldiag_open: (ovl_open+0xb2/0x100 <- ovl_open_realfile) result=0xffff888003cd0700
             cat-6883    [000] .....    18.317671: ovldiag_open: (ovl_open+0xb2/0x100 <- ovl_open_realfile) result=0xffff88800732b800
             cat-6888    [000] .....    18.320915: ovldiag_open: (ovl_open+0xb2/0x100 <- ovl_open_realfile) result=0xffff88800716a400
              dd-6893    [000] .....    18.323897: ovldiag_open: (ovl_open+0xb2/0x100 <- ovl_open_realfile) result=0xffff88800dc83a00
              dd-6893    [000] .....    18.323924: ovldiag_ensure: (ovl_write_iter+0xaf/0x1b0 <- ovl_ensure_upper_and_switch) result=0x0
              dd-6893    [000] .....    18.323940: ovldiag_write: (ovl_write_iter+0x136/0x1b0 <- backing_file_write_iter) result=0x1000
              dd-6896    [000] .....    18.325447: ovldiag_open: (ovl_open+0xb2/0x100 <- ovl_open_realfile) result=0xffff88800cb6ba00
              dd-6896    [000] .....    18.325477: ovldiag_ensure: (ovl_write_iter+0xaf/0x1b0 <- ovl_ensure_upper_and_switch) result=0x0
              dd-6896    [000] .....    18.325492: ovldiag_write: (ovl_write_iter+0x136/0x1b0 <- backing_file_write_iter) result=0x1000
              dd-6897    [001] .....    18.326492: ovldiag_open: (ovl_open+0xb2/0x100 <- ovl_open_realfile) result=0xffff888004355900
              dd-6897    [001] .....    18.326523: ovldiag_ensure: (ovl_write_iter+0xaf/0x1b0 <- ovl_ensure_upper_and_switch) result=0x0
              dd-6897    [001] .....    18.326539: ovldiag_write: (ovl_write_iter+0x136/0x1b0 <- backing_file_write_iter) result=0x1000
             cat-6900    [001] .....    18.327797: ovldiag_open: (ovl_open+0xb2/0x100 <- ovl_open_realfile) result=0xffff88800732ce00
             cat-6901    [000] .....    18.328237: ovldiag_open: (ovl_open+0xb2/0x100 <- ovl_open_realfile) result=0xffff88800702a900
             cat-6903    [000] .....    18.330694: ovldiag_open: (ovl_open+0xb2/0x100 <- ovl_open_realfile) result=0xffff8880045c9500
             cat-6905    [001] .....    18.332640: ovldiag_open: (ovl_open+0xb2/0x100 <- ovl_open_realfile) result=0xffff88800723af00
              dd-6909    [000] .....    18.333908: ovldiag_open: (ovl_open+0xb2/0x100 <- ovl_open_realfile) result=0xffff8880086ddb00
              dd-6909    [000] .....    18.333939: ovldiag_ensure: (ovl_write_iter+0xaf/0x1b0 <- ovl_ensure_upper_and_switch) result=0x0
              dd-6909    [000] .....    18.333955: ovldiag_write: (ovl_write_iter+0x136/0x1b0 <- backing_file_write_iter) result=0x1000
              dd-6914    [001] .....    18.336703: ovldiag_open: (ovl_open+0xb2/0x100 <- ovl_open_realfile) result=0xffff88800842bb00
              dd-6914    [001] .....    18.336734: ovldiag_ensure: (ovl_write_iter+0xaf/0x1b0 <- ovl_ensure_upper_and_switch) result=0x0
              dd-6914    [001] .....    18.336750: ovldiag_write: (ovl_write_iter+0x136/0x1b0 <- backing_file_write_iter) result=0x1000
              dd-6915    [000] .....    18.337891: ovldiag_open: (ovl_open+0xb2/0x100 <- ovl_open_realfile) result=0xffff88800cb25400
              dd-6915    [000] .....    18.337919: ovldiag_ensure: (ovl_write_iter+0xaf/0x1b0 <- ovl_ensure_upper_and_switch) result=0x0
              dd-6915    [000] .....    18.337935: ovldiag_write: (ovl_write_iter+0x136/0x1b0 <- backing_file_write_iter) result=0x1000
             cat-6917    [001] .....    18.339393: ovldiag_open: (ovl_open+0xb2/0x100 <- ovl_open_realfile) result=0xffff88800dc83a00
             cat-6919    [000] .....    18.340206: ovldiag_open: (ovl_open+0xb2/0x100 <- ovl_open_realfile) result=0xffff888006210300
              dd-6920    [000] .....    18.341164: ovldiag_open: (ovl_open+0xb2/0x100 <- ovl_open_realfile) result=0xffff88800cb25500
              dd-6920    [000] .....    18.341194: ovldiag_ensure: (ovl_write_iter+0xaf/0x1b0 <- ovl_ensure_upper_and_switch) result=0x0
              dd-6920    [000] .....    18.341208: ovldiag_write: (ovl_write_iter+0x136/0x1b0 <- backing_file_write_iter) result=0x1000
             cat-6924    [000] .....    18.342958: ovldiag_open: (ovl_open+0xb2/0x100 <- ovl_open_realfile) result=0xffff88800842b400
             cat-6925    [001] .....    18.343699: ovldiag_open: (ovl_open+0xb2/0x100 <- ovl_open_realfile) result=0xffff88800716a000
              dd-6931    [000] .....    18.346755: ovldiag_open: (ovl_open+0xb2/0x100 <- ovl_open_realfile) result=0xffff88800cb25b00
              dd-6931    [000] .....    18.346786: ovldiag_ensure: (ovl_write_iter+0xaf/0x1b0 <- ovl_ensure_upper_and_switch) result=0x0
              dd-6931    [000] .....    18.346825: ovldiag_write: (ovl_write_iter+0x136/0x1b0 <- backing_file_write_iter) result=0x1000
              dd-6934    [000] .....    18.350065: ovldiag_open: (ovl_open+0xb2/0x100 <- ovl_open_realfile) result=0xffff88800702a600
              dd-6934    [000] .....    18.350091: ovldiag_ensure: (ovl_write_iter+0xaf/0x1b0 <- ovl_ensure_upper_and_switch) result=0x0
              dd-6934    [000] .....    18.350106: ovldiag_write: (ovl_write_iter+0x136/0x1b0 <- backing_file_write_iter) result=0x1000
              dd-6935    [001] .....    18.351428: ovldiag_open: (ovl_open+0xb2/0x100 <- ovl_open_realfile) result=0xffff888006210c00
              dd-6935    [001] .....    18.351455: ovldiag_ensure: (ovl_write_iter+0xaf/0x1b0 <- ovl_ensure_upper_and_switch) result=0x0
              dd-6935    [001] .....    18.351471: ovldiag_write: (ovl_write_iter+0x136/0x1b0 <- backing_file_write_iter) result=0x1000
             cat-6936    [001] .....    18.352450: ovldiag_open: (ovl_open+0xb2/0x100 <- ovl_open_realfile) result=0xffff888007021900
             cat-6938    [000] .....    18.352946: ovldiag_open: (ovl_open+0xb2/0x100 <- ovl_open_realfile) result=0xffff88800842a100
             cat-6942    [000] .....    18.355447: ovldiag_open: (ovl_open+0xb2/0x100 <- ovl_open_realfile) result=0xffff88800702ac00
              dd-6943    [000] .....    18.356426: ovldiag_open: (ovl_open+0xb2/0x100 <- ovl_open_realfile) result=0xffff888006210600
              dd-6943    [000] .....    18.356455: ovldiag_ensure: (ovl_write_iter+0xaf/0x1b0 <- ovl_ensure_upper_and_switch) result=0x0
              dd-6943    [000] .....    18.356469: ovldiag_write: (ovl_write_iter+0x136/0x1b0 <- backing_file_write_iter) result=0x1000
             cat-6944    [000] .....    18.357623: ovldiag_open: (ovl_open+0xb2/0x100 <- ovl_open_realfile) result=0xffff888004530500
              dd-6951    [000] .....    18.360593: ovldiag_open: (ovl_open+0xb2/0x100 <- ovl_open_realfile) result=0xffff88800dc0af00
              dd-6951    [000] .....    18.360623: ovldiag_ensure: (ovl_write_iter+0xaf/0x1b0 <- ovl_ensure_upper_and_switch) result=0x0
              dd-6951    [000] .....    18.360639: ovldiag_write: (ovl_write_iter+0x136/0x1b0 <- backing_file_write_iter) result=0x1000
              dd-6954    [000] .....    18.363129: ovldiag_open: (ovl_open+0xb2/0x100 <- ovl_open_realfile) result=0xffff88800dc0a600
              dd-6954    [000] .....    18.363159: ovldiag_ensure: (ovl_write_iter+0xaf/0x1b0 <- ovl_ensure_upper_and_switch) result=0x0
              dd-6954    [000] .....    18.363175: ovldiag_write: (ovl_write_iter+0x136/0x1b0 <- backing_file_write_iter) result=0x1000
             cat-6956    [000] .....    18.364851: ovldiag_open: (ovl_open+0xb2/0x100 <- ovl_open_realfile) result=0xffff888004578a00
             cat-6957    [001] .....    18.365438: ovldiag_open: (ovl_open+0xb2/0x100 <- ovl_open_realfile) result=0xffff888004445000
              dd-6959    [001] .....    18.366958: ovldiag_open: (ovl_open+0xb2/0x100 <- ovl_open_realfile) result=0xffff88800dead500
              dd-6959    [001] .....    18.366986: ovldiag_ensure: (ovl_write_iter+0xaf/0x1b0 <- ovl_ensure_upper_and_switch) result=0x0
              dd-6959    [001] .....    18.367002: ovldiag_write: (ovl_write_iter+0x136/0x1b0 <- backing_file_write_iter) result=0x1000
             cat-6962    [001] .....    18.368285: ovldiag_open: (ovl_open+0xb2/0x100 <- ovl_open_realfile) result=0xffff888004445c00
             cat-6966    [000] .....    18.369957: ovldiag_open: (ovl_open+0xb2/0x100 <- ovl_open_realfile) result=0xffff8880045c9700
              dd-6969    [000] .....    18.373519: ovldiag_open: (ovl_open+0xb2/0x100 <- ovl_open_realfile) result=0xffff88800627d000
              dd-6969    [000] .....    18.373547: ovldiag_ensure: (ovl_write_iter+0xaf/0x1b0 <- ovl_ensure_upper_and_switch) result=0x0
              dd-6969    [000] .....    18.373562: ovldiag_write: (ovl_write_iter+0x136/0x1b0 <- backing_file_write_iter) result=0x1000
              dd-6971    [001] .....    18.374378: ovldiag_open: (ovl_open+0xb2/0x100 <- ovl_open_realfile) result=0xffff888006210800
              dd-6971    [001] .....    18.374408: ovldiag_ensure: (ovl_write_iter+0xaf/0x1b0 <- ovl_ensure_upper_and_switch) result=0x0
              dd-6971    [001] .....    18.374424: ovldiag_write: (ovl_write_iter+0x136/0x1b0 <- backing_file_write_iter) result=0x1000
             cat-6972    [000] .....    18.375982: ovldiag_open: (ovl_open+0xb2/0x100 <- ovl_open_realfile) result=0xffff888007377200
             cat-6975    [001] .....    18.376654: ovldiag_open: (ovl_open+0xb2/0x100 <- ovl_open_realfile) result=0xffff888006192100
              dd-6976    [001] .....    18.377730: ovldiag_open: (ovl_open+0xb2/0x100 <- ovl_open_realfile) result=0xffff888007105500
              dd-6976    [001] .....    18.377757: ovldiag_ensure: (ovl_write_iter+0xaf/0x1b0 <- ovl_ensure_upper_and_switch) result=0x0
              dd-6976    [001] .....    18.377772: ovldiag_write: (ovl_write_iter+0x136/0x1b0 <- backing_file_write_iter) result=0x1000
             cat-6981    [000] .....    18.380529: ovldiag_open: (ovl_open+0xb2/0x100 <- ovl_open_realfile) result=0xffff88800dcc7500
             cat-6982    [001] .....    18.380771: ovldiag_open: (ovl_open+0xb2/0x100 <- ovl_open_realfile) result=0xffff888007377f00
              dd-6985    [001] .....    18.382695: ovldiag_open: (ovl_open+0xb2/0x100 <- ovl_open_realfile) result=0xffff88800717bf00
              dd-6985    [001] .....    18.382725: ovldiag_ensure: (ovl_write_iter+0xaf/0x1b0 <- ovl_ensure_upper_and_switch) result=0x0
              dd-6985    [001] .....    18.382742: ovldiag_write: (ovl_write_iter+0x136/0x1b0 <- backing_file_write_iter) result=0x1000
             cat-6990    [000] .....    18.385760: ovldiag_open: (ovl_open+0xb2/0x100 <- ovl_open_realfile) result=0xffff88800732b400
              dd-6993    [000] .....    18.387247: ovldiag_open: (ovl_open+0xb2/0x100 <- ovl_open_realfile) result=0xffff88800732cc00
              dd-6993    [000] .....    18.387274: ovldiag_ensure: (ovl_write_iter+0xaf/0x1b0 <- ovl_ensure_upper_and_switch) result=0x0
              dd-6993    [000] .....    18.387290: ovldiag_write: (ovl_write_iter+0x136/0x1b0 <- backing_file_write_iter) result=0x1000
              dd-6991    [001] .....    18.388101: ovldiag_open: (ovl_open+0xb2/0x100 <- ovl_open_realfile) result=0xffff88800732a600
              dd-6991    [001] .....    18.388133: ovldiag_ensure: (ovl_write_iter+0xaf/0x1b0 <- ovl_ensure_upper_and_switch) result=0x0
              dd-6991    [001] .....    18.388149: ovldiag_write: (ovl_write_iter+0x136/0x1b0 <- backing_file_write_iter) result=0x1000
             cat-6994    [001] .....    18.389118: ovldiag_open: (ovl_open+0xb2/0x100 <- ovl_open_realfile) result=0xffff888007168000
              dd-6998    [000] .....    18.391190: ovldiag_open: (ovl_open+0xb2/0x100 <- ovl_open_realfile) result=0xffff888003f6ae00
              dd-6998    [000] .....    18.391219: ovldiag_ensure: (ovl_write_iter+0xaf/0x1b0 <- ovl_ensure_upper_and_switch) result=0x0
              dd-6998    [000] .....    18.391247: ovldiag_write: (ovl_write_iter+0x136/0x1b0 <- backing_file_write_iter) result=0x1000
             cat-6999    [000] .....    18.392654: ovldiag_open: (ovl_open+0xb2/0x100 <- ovl_open_realfile) result=0xffff8880046d6300
             cat-7001    [001] .....    18.392744: ovldiag_open: (ovl_open+0xb2/0x100 <- ovl_open_realfile) result=0xffff88800dc83100
              dd-7006    [001] .....    18.396148: ovldiag_open: (ovl_open+0xb2/0x100 <- ovl_open_realfile) result=0xffff88800cb25f00
              dd-7006    [001] .....    18.396178: ovldiag_ensure: (ovl_write_iter+0xaf/0x1b0 <- ovl_ensure_upper_and_switch) result=0x0
              dd-7006    [001] .....    18.396195: ovldiag_write: (ovl_write_iter+0x136/0x1b0 <- backing_file_write_iter) result=0x1000
             cat-7010    [000] .....    18.398345: ovldiag_open: (ovl_open+0xb2/0x100 <- ovl_open_realfile) result=0xffff888006217700
              dd-7013    [000] .....    18.399860: ovldiag_open: (ovl_open+0xb2/0x100 <- ovl_open_realfile) result=0xffff88800702ac00
              dd-7013    [000] .....    18.399891: ovldiag_ensure: (ovl_write_iter+0xaf/0x1b0 <- ovl_ensure_upper_and_switch) result=0x0
              dd-7013    [000] .....    18.399906: ovldiag_write: (ovl_write_iter+0x136/0x1b0 <- backing_file_write_iter) result=0x1000
             cat-7019    [000] .....    18.403149: ovldiag_open: (ovl_open+0xb2/0x100 <- ovl_open_realfile) result=0xffff888004578d00
             cat-7017    [001] .....    18.404414: ovldiag_open: (ovl_open+0xb2/0x100 <- ovl_open_realfile) result=0xffff88800732bb00
             cat-7021    [000] .....    18.405658: ovldiag_open: (ovl_open+0xb2/0x100 <- ovl_open_realfile) result=0xffff88800723a500
              dd-7016    [001] .....    18.406152: ovldiag_open: (ovl_open+0xb2/0x100 <- ovl_open_realfile) result=0xffff888007021500
              dd-7016    [001] .....    18.406193: ovldiag_ensure: (ovl_write_iter+0xaf/0x1b0 <- ovl_ensure_upper_and_switch) result=0x0
              dd-7016    [001] .....    18.406210: ovldiag_write: (ovl_write_iter+0x136/0x1b0 <- backing_file_write_iter) result=0x1000
              dd-7022    [000] .....    18.410195: ovldiag_open: (ovl_open+0xb2/0x100 <- ovl_open_realfile) result=0xffff888008691000
              dd-7022    [000] .....    18.410248: ovldiag_ensure: (ovl_write_iter+0xaf/0x1b0 <- ovl_ensure_upper_and_switch) result=0x0
              dd-7022    [000] .....    18.410263: ovldiag_write: (ovl_write_iter+0x136/0x1b0 <- backing_file_write_iter) result=0x1000
              dd-7028    [001] .....    18.413155: ovldiag_open: (ovl_open+0xb2/0x100 <- ovl_open_realfile) result=0xffff8880086dda00
              dd-7028    [001] .....    18.413194: ovldiag_ensure: (ovl_write_iter+0xaf/0x1b0 <- ovl_ensure_upper_and_switch) result=0x0
              dd-7028    [001] .....    18.413210: ovldiag_write: (ovl_write_iter+0x136/0x1b0 <- backing_file_write_iter) result=0x1000
             cat-7032    [001] .....    18.413419: ovldiag_open: (ovl_open+0xb2/0x100 <- ovl_open_realfile) result=0xffff8880086b6200
              dd-7033    [000] .....    18.413949: ovldiag_open: (ovl_open+0xb2/0x100 <- ovl_open_realfile) result=0xffff888004697900
              dd-7033    [000] .....    18.413981: ovldiag_ensure: (ovl_write_iter+0xaf/0x1b0 <- ovl_ensure_upper_and_switch) result=0x0
              dd-7033    [000] .....    18.413997: ovldiag_write: (ovl_write_iter+0x136/0x1b0 <- backing_file_write_iter) result=0x1000
             cat-7037    [000] .....    18.416713: ovldiag_open: (ovl_open+0xb2/0x100 <- ovl_open_realfile) result=0xffff888004530400
             cat-7040    [000] .....    18.418066: ovldiag_open: (ovl_open+0xb2/0x100 <- ovl_open_realfile) result=0xffff88800a2f8f00
             cat-7041    [001] .....    18.418489: ovldiag_open: (ovl_open+0xb2/0x100 <- ovl_open_realfile) result=0xffff8880060f8700
              dd-7044    [000] .....    18.421742: ovldiag_open: (ovl_open+0xb2/0x100 <- ovl_open_realfile) result=0xffff888004613d00
              dd-7044    [000] .....    18.421775: ovldiag_ensure: (ovl_write_iter+0xaf/0x1b0 <- ovl_ensure_upper_and_switch) result=0x0
              dd-7044    [000] .....    18.421790: ovldiag_write: (ovl_write_iter+0x136/0x1b0 <- backing_file_write_iter) result=0x1000
             cat-7050    [000] .....    18.424461: ovldiag_open: (ovl_open+0xb2/0x100 <- ovl_open_realfile) result=0xffff888006210000
              dd-7049    [001] .....    18.424545: ovldiag_open: (ovl_open+0xb2/0x100 <- ovl_open_realfile) result=0xffff888007154300
              dd-7049    [001] .....    18.424576: ovldiag_ensure: (ovl_write_iter+0xaf/0x1b0 <- ovl_ensure_upper_and_switch) result=0x0
              dd-7049    [001] .....    18.424592: ovldiag_write: (ovl_write_iter+0x136/0x1b0 <- backing_file_write_iter) result=0x1000
              dd-7055    [001] .....    18.428959: ovldiag_open: (ovl_open+0xb2/0x100 <- ovl_open_realfile) result=0xffff88800702a900
              dd-7055    [001] .....    18.428996: ovldiag_ensure: (ovl_write_iter+0xaf/0x1b0 <- ovl_ensure_upper_and_switch) result=0x0
              dd-7055    [001] .....    18.429012: ovldiag_write: (ovl_write_iter+0x136/0x1b0 <- backing_file_write_iter) result=0x1000
             cat-7056    [000] .....    18.429129: ovldiag_open: (ovl_open+0xb2/0x100 <- ovl_open_realfile) result=0xffff88800732bb00
             cat-7057    [001] .....    18.429581: ovldiag_open: (ovl_open+0xb2/0x100 <- ovl_open_realfile) result=0xffff8880047f0800
              dd-7053    [000] .....    18.429936: ovldiag_open: (ovl_open+0xb2/0x100 <- ovl_open_realfile) result=0xffff88800732a800
              dd-7053    [000] .....    18.429973: ovldiag_ensure: (ovl_write_iter+0xaf/0x1b0 <- ovl_ensure_upper_and_switch) result=0x0
              dd-7053    [000] .....    18.429988: ovldiag_write: (ovl_write_iter+0x136/0x1b0 <- backing_file_write_iter) result=0x1000
             cat-7059    [000] .....    18.430891: ovldiag_open: (ovl_open+0xb2/0x100 <- ovl_open_realfile) result=0xffff888006210900
              dd-7067    [001] .....    18.436785: ovldiag_open: (ovl_open+0xb2/0x100 <- ovl_open_realfile) result=0xffff888004530a00
              dd-7067    [001] .....    18.436863: ovldiag_ensure: (ovl_write_iter+0xaf/0x1b0 <- ovl_ensure_upper_and_switch) result=0x0
              dd-7067    [001] .....    18.436881: ovldiag_write: (ovl_write_iter+0x136/0x1b0 <- backing_file_write_iter) result=0x1000
             cat-7068    [000] .....    18.436987: ovldiag_open: (ovl_open+0xb2/0x100 <- ovl_open_realfile) result=0xffff88800dc2a400
              dd-7069    [001] .....    18.438074: ovldiag_open: (ovl_open+0xb2/0x100 <- ovl_open_realfile) result=0xffff8880047f6100
              dd-7069    [001] .....    18.438109: ovldiag_ensure: (ovl_write_iter+0xaf/0x1b0 <- ovl_ensure_upper_and_switch) result=0x0
              dd-7069    [001] .....    18.438124: ovldiag_write: (ovl_write_iter+0x136/0x1b0 <- backing_file_write_iter) result=0x1000
             cat-7074    [000] .....    18.440949: ovldiag_open: (ovl_open+0xb2/0x100 <- ovl_open_realfile) result=0xffff88800732cc00
             cat-7075    [000] .....    18.442215: ovldiag_open: (ovl_open+0xb2/0x100 <- ovl_open_realfile) result=0xffff88800dc2a200
             cat-7080    [001] .....    18.445310: ovldiag_open: (ovl_open+0xb2/0x100 <- ovl_open_realfile) result=0xffff8880047ec600
              dd-7082    [000] .....    18.445986: ovldiag_open: (ovl_open+0xb2/0x100 <- ovl_open_realfile) result=0xffff8880046d6400
              dd-7082    [000] .....    18.446016: ovldiag_ensure: (ovl_write_iter+0xaf/0x1b0 <- ovl_ensure_upper_and_switch) result=0x0
              dd-7082    [000] .....    18.446034: ovldiag_write: (ovl_write_iter+0x136/0x1b0 <- backing_file_write_iter) result=0x1000
              dd-7078    [001] .....    18.446490: ovldiag_open: (ovl_open+0xb2/0x100 <- ovl_open_realfile) result=0xffff8880046d3200
              dd-7078    [001] .....    18.446527: ovldiag_ensure: (ovl_write_iter+0xaf/0x1b0 <- ovl_ensure_upper_and_switch) result=0x0
              dd-7078    [001] .....    18.446543: ovldiag_write: (ovl_write_iter+0x136/0x1b0 <- backing_file_write_iter) result=0x1000
             cat-7084    [001] .....    18.449291: ovldiag_open: (ovl_open+0xb2/0x100 <- ovl_open_realfile) result=0xffff88800caeb900
              dd-7090    [001] .....    18.450873: ovldiag_open: (ovl_open+0xb2/0x100 <- ovl_open_realfile) result=0xffff88800cbf4600
              dd-7090    [001] .....    18.450902: ovldiag_ensure: (ovl_write_iter+0xaf/0x1b0 <- ovl_ensure_upper_and_switch) result=0x0
              dd-7090    [001] .....    18.450921: ovldiag_write: (ovl_write_iter+0x136/0x1b0 <- backing_file_write_iter) result=0x1000
              dd-7089    [001] .....    18.453002: ovldiag_open: (ovl_open+0xb2/0x100 <- ovl_open_realfile) result=0xffff8880084cce00
              dd-7089    [001] .....    18.453039: ovldiag_ensure: (ovl_write_iter+0xaf/0x1b0 <- ovl_ensure_upper_and_switch) result=0x0
              dd-7089    [001] .....    18.453056: ovldiag_write: (ovl_write_iter+0x136/0x1b0 <- backing_file_write_iter) result=0x1000
             cat-7094    [001] .....    18.454318: ovldiag_open: (ovl_open+0xb2/0x100 <- ovl_open_realfile) result=0xffff88800732ca00
             cat-7093    [001] .....    18.454647: ovldiag_open: (ovl_open+0xb2/0x100 <- ovl_open_realfile) result=0xffff88800732bc00
             cat-7097    [001] .....    18.456249: ovldiag_open: (ovl_open+0xb2/0x100 <- ovl_open_realfile) result=0xffff88800716a400
             cat-7102    [000] .....    18.459274: ovldiag_open: (ovl_open+0xb2/0x100 <- ovl_open_realfile) result=0xffff8880047f0800
              dd-7105    [000] .....    18.460733: ovldiag_open: (ovl_open+0xb2/0x100 <- ovl_open_realfile) result=0xffff88800702ad00
              dd-7105    [000] .....    18.460760: ovldiag_ensure: (ovl_write_iter+0xaf/0x1b0 <- ovl_ensure_upper_and_switch) result=0x0
              dd-7105    [000] .....    18.460778: ovldiag_write: (ovl_write_iter+0x136/0x1b0 <- backing_file_write_iter) result=0x1000
              dd-7104    [001] .....    18.461932: ovldiag_open: (ovl_open+0xb2/0x100 <- ovl_open_realfile) result=0xffff88800717bb00
              dd-7104    [001] .....    18.461970: ovldiag_ensure: (ovl_write_iter+0xaf/0x1b0 <- ovl_ensure_upper_and_switch) result=0x0
              dd-7104    [001] .....    18.461986: ovldiag_write: (ovl_write_iter+0x136/0x1b0 <- backing_file_write_iter) result=0x1000
              dd-7109    [000] .....    18.463710: ovldiag_open: (ovl_open+0xb2/0x100 <- ovl_open_realfile) result=0xffff8880086dd300
              dd-7109    [000] .....    18.463740: ovldiag_ensure: (ovl_write_iter+0xaf/0x1b0 <- ovl_ensure_upper_and_switch) result=0x0
              dd-7109    [000] .....    18.463758: ovldiag_write: (ovl_write_iter+0x136/0x1b0 <- backing_file_write_iter) result=0x1000
             cat-7111    [001] .....    18.464676: ovldiag_open: (ovl_open+0xb2/0x100 <- ovl_open_realfile) result=0xffff88800dd7ce00
             cat-7112    [001] .....    18.466252: ovldiag_open: (ovl_open+0xb2/0x100 <- ovl_open_realfile) result=0xffff888007105a00
              dd-7114    [000] .....    18.466876: ovldiag_open: (ovl_open+0xb2/0x100 <- ovl_open_realfile) result=0xffff8880073c5600
              dd-7114    [000] .....    18.466906: ovldiag_ensure: (ovl_write_iter+0xaf/0x1b0 <- ovl_ensure_upper_and_switch) result=0x0
              dd-7114    [000] .....    18.466922: ovldiag_write: (ovl_write_iter+0x136/0x1b0 <- backing_file_write_iter) result=0x1000
             cat-7117    [001] .....    18.468735: ovldiag_open: (ovl_open+0xb2/0x100 <- ovl_open_realfile) result=0xffff88800716af00
             cat-7123    [000] .....    18.472522: ovldiag_open: (ovl_open+0xb2/0x100 <- ovl_open_realfile) result=0xffff88800deda600
              dd-7125    [001] .....    18.474087: ovldiag_open: (ovl_open+0xb2/0x100 <- ovl_open_realfile) result=0xffff888004697400
              dd-7125    [001] .....    18.474115: ovldiag_ensure: (ovl_write_iter+0xaf/0x1b0 <- ovl_ensure_upper_and_switch) result=0x0
              dd-7125    [001] .....    18.474131: ovldiag_write: (ovl_write_iter+0x136/0x1b0 <- backing_file_write_iter) result=0x1000
             cat-7128    [000] .....    18.476366: ovldiag_open: (ovl_open+0xb2/0x100 <- ovl_open_realfile) result=0xffff8880086ddc00
              dd-7129    [000] .....    18.477968: ovldiag_open: (ovl_open+0xb2/0x100 <- ovl_open_realfile) result=0xffff88800732ce00
             cat-7131    [001] .....    18.478005: ovldiag_open: (ovl_open+0xb2/0x100 <- ovl_open_realfile) result=0xffff88800dd63a00
              dd-7129    [000] .....    18.478010: ovldiag_ensure: (ovl_write_iter+0xaf/0x1b0 <- ovl_ensure_upper_and_switch) result=0x0
              dd-7129    [000] .....    18.478067: ovldiag_write: (ovl_write_iter+0x136/0x1b0 <- backing_file_write_iter) result=0x1000
             cat-7133    [000] .....    18.479890: ovldiag_open: (ovl_open+0xb2/0x100 <- ovl_open_realfile) result=0xffff88800ddf1f00
              dd-7138    [000] .....    18.483420: ovldiag_open: (ovl_open+0xb2/0x100 <- ovl_open_realfile) result=0xffff88800717be00
              dd-7138    [000] .....    18.483461: ovldiag_ensure: (ovl_write_iter+0xaf/0x1b0 <- ovl_ensure_upper_and_switch) result=0x0
              dd-7138    [000] .....    18.483476: ovldiag_write: (ovl_write_iter+0x136/0x1b0 <- backing_file_write_iter) result=0x1000
              dd-7137    [000] .....    18.483617: ovldiag_open: (ovl_open+0xb2/0x100 <- ovl_open_realfile) result=0xffff88800717be00
              dd-7137    [000] .....    18.483652: ovldiag_ensure: (ovl_write_iter+0xaf/0x1b0 <- ovl_ensure_upper_and_switch) result=0x0
              dd-7137    [000] .....    18.483659: ovldiag_write: (ovl_write_iter+0x136/0x1b0 <- backing_file_write_iter) result=0x1000
             cat-7140    [000] .....    18.485252: ovldiag_open: (ovl_open+0xb2/0x100 <- ovl_open_realfile) result=0xffff8880086ddf00
              dd-7145    [001] .....    18.487657: ovldiag_open: (ovl_open+0xb2/0x100 <- ovl_open_realfile) result=0xffff8880045be100
              dd-7145    [001] .....    18.487685: ovldiag_ensure: (ovl_write_iter+0xaf/0x1b0 <- ovl_ensure_upper_and_switch) result=0x0
              dd-7145    [001] .....    18.487701: ovldiag_write: (ovl_write_iter+0x136/0x1b0 <- backing_file_write_iter) result=0x1000
             cat-7147    [001] .....    18.488987: ovldiag_open: (ovl_open+0xb2/0x100 <- ovl_open_realfile) result=0xffff88800702a700
             cat-7148    [000] .....    18.488993: ovldiag_open: (ovl_open+0xb2/0x100 <- ovl_open_realfile) result=0xffff888006217e00
              dd-7152    [001] .....    18.492392: ovldiag_open: (ovl_open+0xb2/0x100 <- ovl_open_realfile) result=0xffff88800c920000
              dd-7152    [001] .....    18.492423: ovldiag_ensure: (ovl_write_iter+0xaf/0x1b0 <- ovl_ensure_upper_and_switch) result=0x0
              dd-7152    [001] .....    18.492442: ovldiag_write: (ovl_write_iter+0x136/0x1b0 <- backing_file_write_iter) result=0x1000
             cat-7156    [001] .....    18.494305: ovldiag_open: (ovl_open+0xb2/0x100 <- ovl_open_realfile) result=0xffff8880086dda00
             cat-7158    [000] .....    18.495645: ovldiag_open: (ovl_open+0xb2/0x100 <- ovl_open_realfile) result=0xffff8880046d6400
              dd-7161    [000] .....    18.497995: ovldiag_open: (ovl_open+0xb2/0x100 <- ovl_open_realfile) result=0xffff88800cac8b00
              dd-7161    [000] .....    18.498030: ovldiag_ensure: (ovl_write_iter+0xaf/0x1b0 <- ovl_ensure_upper_and_switch) result=0x0
              dd-7161    [000] .....    18.498045: ovldiag_write: (ovl_write_iter+0x136/0x1b0 <- backing_file_write_iter) result=0x1000
              dd-7160    [001] .....    18.500043: ovldiag_open: (ovl_open+0xb2/0x100 <- ovl_open_realfile) result=0xffff88800842a000
              dd-7160    [001] .....    18.500071: ovldiag_ensure: (ovl_write_iter+0xaf/0x1b0 <- ovl_ensure_upper_and_switch) result=0x0
              dd-7160    [001] .....    18.500090: ovldiag_write: (ovl_write_iter+0x136/0x1b0 <- backing_file_write_iter) result=0x1000
             cat-7164    [000] .....    18.500264: ovldiag_open: (ovl_open+0xb2/0x100 <- ovl_open_realfile) result=0xffff8880047ff500
             cat-7168    [000] .....    18.501961: ovldiag_open: (ovl_open+0xb2/0x100 <- ovl_open_realfile) result=0xffff8880045c9100
              dd-7166    [001] .....    18.502943: ovldiag_open: (ovl_open+0xb2/0x100 <- ovl_open_realfile) result=0xffff888007168c00
              dd-7166    [001] .....    18.502983: ovldiag_ensure: (ovl_write_iter+0xaf/0x1b0 <- ovl_ensure_upper_and_switch) result=0x0
              dd-7166    [001] .....    18.502999: ovldiag_write: (ovl_write_iter+0x136/0x1b0 <- backing_file_write_iter) result=0x1000
             cat-7172    [001] .....    18.505341: ovldiag_open: (ovl_open+0xb2/0x100 <- ovl_open_realfile) result=0xffff88800451b000
              dd-7174    [001] .....    18.506421: ovldiag_open: (ovl_open+0xb2/0x100 <- ovl_open_realfile) result=0xffff88800cbc5500
              dd-7174    [001] .....    18.506451: ovldiag_ensure: (ovl_write_iter+0xaf/0x1b0 <- ovl_ensure_upper_and_switch) result=0x0
              dd-7174    [001] .....    18.506467: ovldiag_write: (ovl_write_iter+0x136/0x1b0 <- backing_file_write_iter) result=0x1000
             cat-7176    [001] .....    18.507765: ovldiag_open: (ovl_open+0xb2/0x100 <- ovl_open_realfile) result=0xffff88800702ad00
              dd-7182    [000] .....    18.511128: ovldiag_open: (ovl_open+0xb2/0x100 <- ovl_open_realfile) result=0xffff88800cb25400
              dd-7182    [000] .....    18.511156: ovldiag_ensure: (ovl_write_iter+0xaf/0x1b0 <- ovl_ensure_upper_and_switch) result=0x0
              dd-7182    [000] .....    18.511174: ovldiag_write: (ovl_write_iter+0x136/0x1b0 <- backing_file_write_iter) result=0x1000
             cat-7184    [000] .....    18.512558: ovldiag_open: (ovl_open+0xb2/0x100 <- ovl_open_realfile) result=0xffff888004445900
             cat-7187    [001] .....    18.514765: ovldiag_open: (ovl_open+0xb2/0x100 <- ovl_open_realfile) result=0xffff8880086dde00
              dd-7185    [000] .....    18.516038: ovldiag_open: (ovl_open+0xb2/0x100 <- ovl_open_realfile) result=0xffff888007168300
              dd-7185    [000] .....    18.516068: ovldiag_ensure: (ovl_write_iter+0xaf/0x1b0 <- ovl_ensure_upper_and_switch) result=0x0
              dd-7185    [000] .....    18.516086: ovldiag_write: (ovl_write_iter+0x136/0x1b0 <- backing_file_write_iter) result=0x1000
              dd-7190    [001] .....    18.516991: ovldiag_open: (ovl_open+0xb2/0x100 <- ovl_open_realfile) result=0xffff888004578f00
              dd-7190    [001] .....    18.517021: ovldiag_ensure: (ovl_write_iter+0xaf/0x1b0 <- ovl_ensure_upper_and_switch) result=0x0
              dd-7190    [001] .....    18.517038: ovldiag_write: (ovl_write_iter+0x136/0x1b0 <- backing_file_write_iter) result=0x1000
             cat-7191    [001] .....    18.517877: ovldiag_open: (ovl_open+0xb2/0x100 <- ovl_open_realfile) result=0xffff8880061d9200
              dd-7196    [000] .....    18.519776: ovldiag_open: (ovl_open+0xb2/0x100 <- ovl_open_realfile) result=0xffff88800842ad00
              dd-7196    [000] .....    18.520792: ovldiag_ensure: (ovl_write_iter+0xaf/0x1b0 <- ovl_ensure_upper_and_switch) result=0x0
              dd-7196    [000] .....    18.520831: ovldiag_write: (ovl_write_iter+0x136/0x1b0 <- backing_file_write_iter) result=0x1000
             cat-7193    [001] .....    18.521177: ovldiag_open: (ovl_open+0xb2/0x100 <- ovl_open_realfile) result=0xffff8880062a2700
             cat-7201    [001] .....    18.523850: ovldiag_open: (ovl_open+0xb2/0x100 <- ovl_open_realfile) result=0xffff88800732cc00
              dd-7202    [000] .....    18.524490: ovldiag_open: (ovl_open+0xb2/0x100 <- ovl_open_realfile) result=0xffff88800842a000
              dd-7202    [000] .....    18.524517: ovldiag_ensure: (ovl_write_iter+0xaf/0x1b0 <- ovl_ensure_upper_and_switch) result=0x0
              dd-7202    [000] .....    18.524532: ovldiag_write: (ovl_write_iter+0x136/0x1b0 <- backing_file_write_iter) result=0x1000
             cat-7206    [000] .....    18.527038: ovldiag_open: (ovl_open+0xb2/0x100 <- ovl_open_realfile) result=0xffff88800702a200
              dd-7209    [000] .....    18.528618: ovldiag_open: (ovl_open+0xb2/0x100 <- ovl_open_realfile) result=0xffff888007105500
              dd-7209    [000] .....    18.528645: ovldiag_ensure: (ovl_write_iter+0xaf/0x1b0 <- ovl_ensure_upper_and_switch) result=0x0
              dd-7209    [000] .....    18.528661: ovldiag_write: (ovl_write_iter+0x136/0x1b0 <- backing_file_write_iter) result=0x1000
             cat-7211    [000] .....    18.529999: ovldiag_open: (ovl_open+0xb2/0x100 <- ovl_open_realfile) result=0xffff888007154900
              dd-7214    [001] .....    18.531856: ovldiag_open: (ovl_open+0xb2/0x100 <- ovl_open_realfile) result=0xffff888007377c00
              dd-7214    [001] .....    18.531884: ovldiag_ensure: (ovl_write_iter+0xaf/0x1b0 <- ovl_ensure_upper_and_switch) result=0x0
              dd-7214    [001] .....    18.531903: ovldiag_write: (ovl_write_iter+0x136/0x1b0 <- backing_file_write_iter) result=0x1000
             cat-7215    [000] .....    18.532634: ovldiag_open: (ovl_open+0xb2/0x100 <- ovl_open_realfile) result=0xffff888004530a00
             cat-7219    [001] .....    18.534223: ovldiag_open: (ovl_open+0xb2/0x100 <- ovl_open_realfile) result=0xffff88800702a600
             cat-7223    [001] .....    18.537312: ovldiag_open: (ovl_open+0xb2/0x100 <- ovl_open_realfile) result=0xffff88800717be00
              dd-7221    [000] .....    18.537588: ovldiag_open: (ovl_open+0xb2/0x100 <- ovl_open_realfile) result=0xffff8880073c5900
              dd-7221    [000] .....    18.537624: ovldiag_ensure: (ovl_write_iter+0xaf/0x1b0 <- ovl_ensure_upper_and_switch) result=0x0
              dd-7221    [000] .....    18.537640: ovldiag_write: (ovl_write_iter+0x136/0x1b0 <- backing_file_write_iter) result=0x1000
              dd-7224    [000] .....    18.538647: ovldiag_open: (ovl_open+0xb2/0x100 <- ovl_open_realfile) result=0xffff88800dcebe00
              dd-7224    [000] .....    18.538672: ovldiag_ensure: (ovl_write_iter+0xaf/0x1b0 <- ovl_ensure_upper_and_switch) result=0x0
              dd-7224    [000] .....    18.538686: ovldiag_write: (ovl_write_iter+0x136/0x1b0 <- backing_file_write_iter) result=0x1000
             cat-7229    [000] .....    18.541511: ovldiag_open: (ovl_open+0xb2/0x100 <- ovl_open_realfile) result=0xffff88800842a300
              dd-7231    [000] .....    18.544744: ovldiag_open: (ovl_open+0xb2/0x100 <- ovl_open_realfile) result=0xffff88800de4a100
              dd-7231    [000] .....    18.544782: ovldiag_ensure: (ovl_write_iter+0xaf/0x1b0 <- ovl_ensure_upper_and_switch) result=0x0
              dd-7231    [000] .N...    18.544833: ovldiag_write: (ovl_write_iter+0x136/0x1b0 <- backing_file_write_iter) result=0x1000
              dd-7236    [001] .....    18.545035: ovldiag_open: (ovl_open+0xb2/0x100 <- ovl_open_realfile) result=0xffff888006210300
              dd-7236    [001] .....    18.545064: ovldiag_ensure: (ovl_write_iter+0xaf/0x1b0 <- ovl_ensure_upper_and_switch) result=0x0
              dd-7236    [001] .....    18.545083: ovldiag_write: (ovl_write_iter+0x136/0x1b0 <- backing_file_write_iter) result=0x1000
             cat-7233    [001] .....    18.545848: ovldiag_open: (ovl_open+0xb2/0x100 <- ovl_open_realfile) result=0xffff8880047f0500
             cat-7235    [000] .....    18.546051: ovldiag_open: (ovl_open+0xb2/0x100 <- ovl_open_realfile) result=0xffff888004355b00
             cat-7240    [001] .....    18.548562: ovldiag_open: (ovl_open+0xb2/0x100 <- ovl_open_realfile) result=0xffff8880047f6a00
              dd-7245    [001] .....    18.551913: ovldiag_open: (ovl_open+0xb2/0x100 <- ovl_open_realfile) result=0xffff888006217400
              dd-7245    [001] .....    18.551944: ovldiag_ensure: (ovl_write_iter+0xaf/0x1b0 <- ovl_ensure_upper_and_switch) result=0x0
              dd-7245    [001] .....    18.551961: ovldiag_write: (ovl_write_iter+0x136/0x1b0 <- backing_file_write_iter) result=0x1000
             cat-7246    [000] .....    18.553295: ovldiag_open: (ovl_open+0xb2/0x100 <- ovl_open_realfile) result=0xffff88800717bf00
              dd-7249    [001] .....    18.554320: ovldiag_open: (ovl_open+0xb2/0x100 <- ovl_open_realfile) result=0xffff888006210900
              dd-7249    [001] .....    18.554350: ovldiag_ensure: (ovl_write_iter+0xaf/0x1b0 <- ovl_ensure_upper_and_switch) result=0x0
              dd-7249    [001] .....    18.554367: ovldiag_write: (ovl_write_iter+0x136/0x1b0 <- backing_file_write_iter) result=0x1000
             cat-7253    [001] .....    18.556613: ovldiag_open: (ovl_open+0xb2/0x100 <- ovl_open_realfile) result=0xffff8880063ff000
              dd-7256    [001] .....    18.558430: ovldiag_open: (ovl_open+0xb2/0x100 <- ovl_open_realfile) result=0xffff88800de4a700
              dd-7256    [001] .....    18.558458: ovldiag_ensure: (ovl_write_iter+0xaf/0x1b0 <- ovl_ensure_upper_and_switch) result=0x0
              dd-7256    [001] .....    18.558475: ovldiag_write: (ovl_write_iter+0x136/0x1b0 <- backing_file_write_iter) result=0x1000
              dd-7259    [000] .....    18.560340: ovldiag_open: (ovl_open+0xb2/0x100 <- ovl_open_realfile) result=0xffff88800dd8c400
              dd-7259    [000] .....    18.560371: ovldiag_ensure: (ovl_write_iter+0xaf/0x1b0 <- ovl_ensure_upper_and_switch) result=0x0
              dd-7259    [000] .....    18.560387: ovldiag_write: (ovl_write_iter+0x136/0x1b0 <- backing_file_write_iter) result=0x1000
             cat-7254    [001] .....    18.560679: ovldiag_open: (ovl_open+0xb2/0x100 <- ovl_open_realfile) result=0xffff88800702aa00
             cat-7263    [001] .....    18.563628: ovldiag_open: (ovl_open+0xb2/0x100 <- ovl_open_realfile) result=0xffff88800de9e800
             cat-7262    [000] .....    18.563712: ovldiag_open: (ovl_open+0xb2/0x100 <- ovl_open_realfile) result=0xffff8880045ec500
              dd-7266    [000] .....    18.565713: ovldiag_open: (ovl_open+0xb2/0x100 <- ovl_open_realfile) result=0xffff88800cb9ab00
              dd-7266    [000] .....    18.565741: ovldiag_ensure: (ovl_write_iter+0xaf/0x1b0 <- ovl_ensure_upper_and_switch) result=0x0
              dd-7266    [000] .....    18.565756: ovldiag_write: (ovl_write_iter+0x136/0x1b0 <- backing_file_write_iter) result=0x1000
             cat-7269    [001] .....    18.567294: ovldiag_open: (ovl_open+0xb2/0x100 <- ovl_open_realfile) result=0xffff88800de9e600
              dd-7270    [001] .....    18.568325: ovldiag_open: (ovl_open+0xb2/0x100 <- ovl_open_realfile) result=0xffff88800702ac00
              dd-7270    [001] .....    18.568355: ovldiag_ensure: (ovl_write_iter+0xaf/0x1b0 <- ovl_ensure_upper_and_switch) result=0x0
              dd-7270    [001] .....    18.568373: ovldiag_write: (ovl_write_iter+0x136/0x1b0 <- backing_file_write_iter) result=0x1000
             cat-7276    [000] .....    18.571214: ovldiag_open: (ovl_open+0xb2/0x100 <- ovl_open_realfile) result=0xffff888003cd0800
              dd-7277    [001] .....    18.572920: ovldiag_open: (ovl_open+0xb2/0x100 <- ovl_open_realfile) result=0xffff88800dd32600
              dd-7277    [001] .....    18.572960: ovldiag_ensure: (ovl_write_iter+0xaf/0x1b0 <- ovl_ensure_upper_and_switch) result=0x0
              dd-7277    [001] .....    18.572976: ovldiag_write: (ovl_write_iter+0x136/0x1b0 <- backing_file_write_iter) result=0x1000
             cat-7281    [000] .....    18.574435: ovldiag_open: (ovl_open+0xb2/0x100 <- ovl_open_realfile) result=0xffff8880062a2700
              dd-7279    [001] .....    18.576195: ovldiag_open: (ovl_open+0xb2/0x100 <- ovl_open_realfile) result=0xffff8880045c9100
              dd-7279    [001] .....    18.576241: ovldiag_ensure: (ovl_write_iter+0xaf/0x1b0 <- ovl_ensure_upper_and_switch) result=0x0
              dd-7279    [001] .....    18.576258: ovldiag_write: (ovl_write_iter+0x136/0x1b0 <- backing_file_write_iter) result=0x1000
             cat-7284    [000] .....    18.577818: ovldiag_open: (ovl_open+0xb2/0x100 <- ovl_open_realfile) result=0xffff88800717b300
             cat-7287    [001] .....    18.578508: ovldiag_open: (ovl_open+0xb2/0x100 <- ovl_open_realfile) result=0xffff88800842bf00
              dd-7291    [000] .....    18.581710: ovldiag_open: (ovl_open+0xb2/0x100 <- ovl_open_realfile) result=0xffff88800dd8ce00
              dd-7291    [000] .....    18.581738: ovldiag_ensure: (ovl_write_iter+0xaf/0x1b0 <- ovl_ensure_upper_and_switch) result=0x0
              dd-7291    [000] .....    18.581755: ovldiag_write: (ovl_write_iter+0x136/0x1b0 <- backing_file_write_iter) result=0x1000
              dd-7293    [001] .....    18.582447: ovldiag_open: (ovl_open+0xb2/0x100 <- ovl_open_realfile) result=0xffff88800717bf00
              dd-7293    [001] .....    18.582478: ovldiag_ensure: (ovl_write_iter+0xaf/0x1b0 <- ovl_ensure_upper_and_switch) result=0x0
              dd-7293    [001] .....    18.582495: ovldiag_write: (ovl_write_iter+0x136/0x1b0 <- backing_file_write_iter) result=0x1000
             cat-7294    [000] .....    18.583117: ovldiag_open: (ovl_open+0xb2/0x100 <- ovl_open_realfile) result=0xffff888006217400
             cat-7298    [001] .....    18.585391: ovldiag_open: (ovl_open+0xb2/0x100 <- ovl_open_realfile) result=0xffff8880086dde00
             cat-7303    [001] .....    18.588319: ovldiag_open: (ovl_open+0xb2/0x100 <- ovl_open_realfile) result=0xffff88800c865900
              dd-7302    [000] .....    18.588706: ovldiag_open: (ovl_open+0xb2/0x100 <- ovl_open_realfile) result=0xffff88800dc35600
              dd-7302    [000] .....    18.588734: ovldiag_ensure: (ovl_write_iter+0xaf/0x1b0 <- ovl_ensure_upper_and_switch) result=0x0
              dd-7302    [000] .....    18.588750: ovldiag_write: (ovl_write_iter+0x136/0x1b0 <- backing_file_write_iter) result=0x1000
              dd-7304    [001] .....    18.589793: ovldiag_open: (ovl_open+0xb2/0x100 <- ovl_open_realfile) result=0xffff888004578a00
              dd-7304    [001] .....    18.589838: ovldiag_ensure: (ovl_write_iter+0xaf/0x1b0 <- ovl_ensure_upper_and_switch) result=0x0
              dd-7304    [001] .....    18.589854: ovldiag_write: (ovl_write_iter+0x136/0x1b0 <- backing_file_write_iter) result=0x1000
             cat-7305    [000] .....    18.590442: ovldiag_open: (ovl_open+0xb2/0x100 <- ovl_open_realfile) result=0xffff88800dd8cf00
             cat-7310    [000] .....    18.593002: ovldiag_open: (ovl_open+0xb2/0x100 <- ovl_open_realfile) result=0xffff8880047f6a00
             cat-7315    [000] .....    18.595737: ovldiag_open: (ovl_open+0xb2/0x100 <- ovl_open_realfile) result=0xffff88800dd3ef00
              dd-7314    [001] .....    18.596931: ovldiag_open: (ovl_open+0xb2/0x100 <- ovl_open_realfile) result=0xffff888008699f00
              dd-7314    [001] .....    18.596963: ovldiag_ensure: (ovl_write_iter+0xaf/0x1b0 <- ovl_ensure_upper_and_switch) result=0x0
              dd-7314    [001] .....    18.596980: ovldiag_write: (ovl_write_iter+0x136/0x1b0 <- backing_file_write_iter) result=0x1000
              dd-7317    [000] .....    18.598649: ovldiag_open: (ovl_open+0xb2/0x100 <- ovl_open_realfile) result=0xffff88800842af00
              dd-7317    [000] .....    18.598677: ovldiag_ensure: (ovl_write_iter+0xaf/0x1b0 <- ovl_ensure_upper_and_switch) result=0x0
              dd-7317    [000] .....    18.598694: ovldiag_write: (ovl_write_iter+0x136/0x1b0 <- backing_file_write_iter) result=0x1000
             cat-7322    [000] .....    18.600922: ovldiag_open: (ovl_open+0xb2/0x100 <- ovl_open_realfile) result=0xffff88800716ac00
             cat-7323    [001] .....    18.601313: ovldiag_open: (ovl_open+0xb2/0x100 <- ovl_open_realfile) result=0xffff8880046d6900
              dd-7328    [000] .....    18.604745: ovldiag_open: (ovl_open+0xb2/0x100 <- ovl_open_realfile) result=0xffff88800dd08a00
              dd-7328    [000] .....    18.604772: ovldiag_ensure: (ovl_write_iter+0xaf/0x1b0 <- ovl_ensure_upper_and_switch) result=0x0
              dd-7328    [000] .....    18.604787: ovldiag_write: (ovl_write_iter+0x136/0x1b0 <- backing_file_write_iter) result=0x1000
              dd-7329    [001] .....    18.604964: ovldiag_open: (ovl_open+0xb2/0x100 <- ovl_open_realfile) result=0xffff888003f6ae00
              dd-7329    [001] .....    18.604994: ovldiag_ensure: (ovl_write_iter+0xaf/0x1b0 <- ovl_ensure_upper_and_switch) result=0x0
              dd-7329    [001] .....    18.605012: ovldiag_write: (ovl_write_iter+0x136/0x1b0 <- backing_file_write_iter) result=0x1000
             cat-7331    [001] .....    18.606383: ovldiag_open: (ovl_open+0xb2/0x100 <- ovl_open_realfile) result=0xffff888004530f00
             cat-7333    [001] .....    18.607821: ovldiag_open: (ovl_open+0xb2/0x100 <- ovl_open_realfile) result=0xffff888004490900
              dd-7337    [000] .....    18.611014: ovldiag_open: (ovl_open+0xb2/0x100 <- ovl_open_realfile) result=0xffff888004530b00
              dd-7337    [000] .....    18.611045: ovldiag_ensure: (ovl_write_iter+0xaf/0x1b0 <- ovl_ensure_upper_and_switch) result=0x0
              dd-7337    [000] .....    18.611061: ovldiag_write: (ovl_write_iter+0x136/0x1b0 <- backing_file_write_iter) result=0x1000
             cat-7339    [001] .....    18.611656: ovldiag_open: (ovl_open+0xb2/0x100 <- ovl_open_realfile) result=0xffff88800cbeb200
              dd-7340    [000] .....    18.612256: ovldiag_open: (ovl_open+0xb2/0x100 <- ovl_open_realfile) result=0xffff888004445700
              dd-7340    [000] .....    18.612284: ovldiag_ensure: (ovl_write_iter+0xaf/0x1b0 <- ovl_ensure_upper_and_switch) result=0x0
              dd-7340    [000] .....    18.612299: ovldiag_write: (ovl_write_iter+0x136/0x1b0 <- backing_file_write_iter) result=0x1000
             cat-7342    [001] .....    18.613705: ovldiag_open: (ovl_open+0xb2/0x100 <- ovl_open_realfile) result=0xffff8880047ffc00
             cat-7347    [000] .....    18.616238: ovldiag_open: (ovl_open+0xb2/0x100 <- ovl_open_realfile) result=0xffff888007168900
              dd-7350    [000] .....    18.618457: ovldiag_open: (ovl_open+0xb2/0x100 <- ovl_open_realfile) result=0xffff888004530a00
              dd-7350    [000] .....    18.618487: ovldiag_ensure: (ovl_write_iter+0xaf/0x1b0 <- ovl_ensure_upper_and_switch) result=0x0
              dd-7350    [000] .....    18.618503: ovldiag_write: (ovl_write_iter+0x136/0x1b0 <- backing_file_write_iter) result=0x1000
              dd-7352    [001] .....    18.618731: ovldiag_open: (ovl_open+0xb2/0x100 <- ovl_open_realfile) result=0xffff888007167d00
              dd-7352    [001] .....    18.618762: ovldiag_ensure: (ovl_write_iter+0xaf/0x1b0 <- ovl_ensure_upper_and_switch) result=0x0
              dd-7352    [001] .....    18.618779: ovldiag_write: (ovl_write_iter+0x136/0x1b0 <- backing_file_write_iter) result=0x1000
             cat-7351    [001] .....    18.619330: ovldiag_open: (ovl_open+0xb2/0x100 <- ovl_open_realfile) result=0xffff888004578700
             cat-7358    [001] .....    18.623196: ovldiag_open: (ovl_open+0xb2/0x100 <- ovl_open_realfile) result=0xffff8880047f0800
             cat-7359    [000] .....    18.623783: ovldiag_open: (ovl_open+0xb2/0x100 <- ovl_open_realfile) result=0xffff88800732b200
              dd-7363    [000] .....    18.625475: ovldiag_open: (ovl_open+0xb2/0x100 <- ovl_open_realfile) result=0xffff88800ddbda00
              dd-7363    [000] .....    18.625502: ovldiag_ensure: (ovl_write_iter+0xaf/0x1b0 <- ovl_ensure_upper_and_switch) result=0x0
              dd-7363    [000] .....    18.625519: ovldiag_write: (ovl_write_iter+0x136/0x1b0 <- backing_file_write_iter) result=0x1000
              dd-7362    [001] .....    18.626630: ovldiag_open: (ovl_open+0xb2/0x100 <- ovl_open_realfile) result=0xffff8880046d6f00
              dd-7362    [001] .....    18.626658: ovldiag_ensure: (ovl_write_iter+0xaf/0x1b0 <- ovl_ensure_upper_and_switch) result=0x0
              dd-7362    [001] .....    18.626675: ovldiag_write: (ovl_write_iter+0x136/0x1b0 <- backing_file_write_iter) result=0x1000
             cat-7369    [000] .....    18.628950: ovldiag_open: (ovl_open+0xb2/0x100 <- ovl_open_realfile) result=0xffff88800cacf500
             cat-7368    [001] .....    18.629612: ovldiag_open: (ovl_open+0xb2/0x100 <- ovl_open_realfile) result=0xffff88800842af00
              dd-7373    [000] .....    18.632347: ovldiag_open: (ovl_open+0xb2/0x100 <- ovl_open_realfile) result=0xffff888004490900
              dd-7373    [000] .....    18.632376: ovldiag_ensure: (ovl_write_iter+0xaf/0x1b0 <- ovl_ensure_upper_and_switch) result=0x0
              dd-7373    [000] .....    18.632392: ovldiag_write: (ovl_write_iter+0x136/0x1b0 <- backing_file_write_iter) result=0x1000
              dd-7376    [000] .....    18.634309: ovldiag_open: (ovl_open+0xb2/0x100 <- ovl_open_realfile) result=0xffff88800866d600
              dd-7376    [000] .....    18.634338: ovldiag_ensure: (ovl_write_iter+0xaf/0x1b0 <- ovl_ensure_upper_and_switch) result=0x0
              dd-7376    [000] .....    18.634354: ovldiag_write: (ovl_write_iter+0x136/0x1b0 <- backing_file_write_iter) result=0x1000
             cat-7378    [000] .....    18.636726: ovldiag_open: (ovl_open+0xb2/0x100 <- ovl_open_realfile) result=0xffff888004355200
             cat-7379    [001] .....    18.637040: ovldiag_open: (ovl_open+0xb2/0x100 <- ovl_open_realfile) result=0xffff888006217700
              dd-7380    [000] .....    18.638430: ovldiag_open: (ovl_open+0xb2/0x100 <- ovl_open_realfile) result=0xffff888006181a00
              dd-7380    [000] .....    18.638458: ovldiag_ensure: (ovl_write_iter+0xaf/0x1b0 <- ovl_ensure_upper_and_switch) result=0x0
              dd-7380    [000] .....    18.638473: ovldiag_write: (ovl_write_iter+0x136/0x1b0 <- backing_file_write_iter) result=0x1000
             cat-7382    [000] .....    18.639412: ovldiag_open: (ovl_open+0xb2/0x100 <- ovl_open_realfile) result=0xffff888007105f00
             cat-7385    [000] .....    18.641715: ovldiag_open: (ovl_open+0xb2/0x100 <- ovl_open_realfile) result=0xffff88800451b400
              dd-7389    [001] .....    18.643593: ovldiag_open: (ovl_open+0xb2/0x100 <- ovl_open_realfile) result=0xffff8880047ff600
              dd-7389    [001] .....    18.643621: ovldiag_ensure: (ovl_write_iter+0xaf/0x1b0 <- ovl_ensure_upper_and_switch) result=0x0
              dd-7389    [001] .....    18.643638: ovldiag_write: (ovl_write_iter+0x136/0x1b0 <- backing_file_write_iter) result=0x1000
              dd-7393    [001] .....    18.645541: ovldiag_open: (ovl_open+0xb2/0x100 <- ovl_open_realfile) result=0xffff88800cacf600
              dd-7393    [001] .....    18.645570: ovldiag_ensure: (ovl_write_iter+0xaf/0x1b0 <- ovl_ensure_upper_and_switch) result=0x0
              dd-7393    [001] .....    18.645586: ovldiag_write: (ovl_write_iter+0x136/0x1b0 <- backing_file_write_iter) result=0x1000
              dd-7396    [001] .....    18.648218: ovldiag_open: (ovl_open+0xb2/0x100 <- ovl_open_realfile) result=0xffff8880070ce100
              dd-7396    [001] .....    18.648265: ovldiag_ensure: (ovl_write_iter+0xaf/0x1b0 <- ovl_ensure_upper_and_switch) result=0x0
              dd-7396    [001] .....    18.648281: ovldiag_write: (ovl_write_iter+0x136/0x1b0 <- backing_file_write_iter) result=0x1000
             cat-7397    [000] .....    18.648319: ovldiag_open: (ovl_open+0xb2/0x100 <- ovl_open_realfile) result=0xffff888006210e00
             cat-7398    [000] .....    18.649525: ovldiag_open: (ovl_open+0xb2/0x100 <- ovl_open_realfile) result=0xffff88800842aa00
             cat-7401    [000] .....    18.650822: ovldiag_open: (ovl_open+0xb2/0x100 <- ovl_open_realfile) result=0xffff88800723a500
             cat-7406    [001] .....    18.653636: ovldiag_open: (ovl_open+0xb2/0x100 <- ovl_open_realfile) result=0xffff8880061f2700
              dd-7408    [000] .....    18.655179: ovldiag_open: (ovl_open+0xb2/0x100 <- ovl_open_realfile) result=0xffff888004490900
              dd-7408    [000] .....    18.655210: ovldiag_ensure: (ovl_write_iter+0xaf/0x1b0 <- ovl_ensure_upper_and_switch) result=0x0
              dd-7408    [000] .....    18.655237: ovldiag_write: (ovl_write_iter+0x136/0x1b0 <- backing_file_write_iter) result=0x1000
              dd-7412    [001] .....    18.657612: ovldiag_open: (ovl_open+0xb2/0x100 <- ovl_open_realfile) result=0xffff888004578100
              dd-7412    [001] .....    18.657639: ovldiag_ensure: (ovl_write_iter+0xaf/0x1b0 <- ovl_ensure_upper_and_switch) result=0x0
              dd-7412    [001] .....    18.657656: ovldiag_write: (ovl_write_iter+0x136/0x1b0 <- backing_file_write_iter) result=0x1000
              dd-7413    [000] .....    18.658553: ovldiag_open: (ovl_open+0xb2/0x100 <- ovl_open_realfile) result=0xffff888007168e00
              dd-7413    [000] .....    18.658580: ovldiag_ensure: (ovl_write_iter+0xaf/0x1b0 <- ovl_ensure_upper_and_switch) result=0x0
              dd-7413    [000] .....    18.658597: ovldiag_write: (ovl_write_iter+0x136/0x1b0 <- backing_file_write_iter) result=0x1000
             cat-7414    [001] .....    18.659047: ovldiag_open: (ovl_open+0xb2/0x100 <- ovl_open_realfile) result=0xffff888004530300
              dd-7419    [001] .....    18.661995: ovldiag_open: (ovl_open+0xb2/0x100 <- ovl_open_realfile) result=0xffff8880047ff300
              dd-7419    [001] .....    18.662026: ovldiag_ensure: (ovl_write_iter+0xaf/0x1b0 <- ovl_ensure_upper_and_switch) result=0x0
              dd-7419    [001] .....    18.662043: ovldiag_write: (ovl_write_iter+0x136/0x1b0 <- backing_file_write_iter) result=0x1000
             cat-7421    [000] .....    18.663515: ovldiag_open: (ovl_open+0xb2/0x100 <- ovl_open_realfile) result=0xffff8880062a2700
             cat-7422    [001] .....    18.663698: ovldiag_open: (ovl_open+0xb2/0x100 <- ovl_open_realfile) result=0xffff88800702a300
             cat-7420    [001] .....    18.664070: ovldiag_open: (ovl_open+0xb2/0x100 <- ovl_open_realfile) result=0xffff888007105400
             cat-7429    [001] .....    18.668957: ovldiag_open: (ovl_open+0xb2/0x100 <- ovl_open_realfile) result=0xffff8880061d0700
              dd-7431    [000] .....    18.669666: ovldiag_open: (ovl_open+0xb2/0x100 <- ovl_open_realfile) result=0xffff888006318500
              dd-7431    [000] .....    18.669708: ovldiag_ensure: (ovl_write_iter+0xaf/0x1b0 <- ovl_ensure_upper_and_switch) result=0x0
              dd-7431    [000] .....    18.669723: ovldiag_write: (ovl_write_iter+0x136/0x1b0 <- backing_file_write_iter) result=0x1000
              dd-7433    [000] .....    18.671190: ovldiag_open: (ovl_open+0xb2/0x100 <- ovl_open_realfile) result=0xffff888007377c00
              dd-7433    [000] .....    18.671216: ovldiag_ensure: (ovl_write_iter+0xaf/0x1b0 <- ovl_ensure_upper_and_switch) result=0x0
              dd-7433    [000] .....    18.671244: ovldiag_write: (ovl_write_iter+0x136/0x1b0 <- backing_file_write_iter) result=0x1000
              dd-7436    [001] .....    18.672590: ovldiag_open: (ovl_open+0xb2/0x100 <- ovl_open_realfile) result=0xffff88800842b200
              dd-7436    [001] .....    18.672618: ovldiag_ensure: (ovl_write_iter+0xaf/0x1b0 <- ovl_ensure_upper_and_switch) result=0x0
              dd-7436    [001] .....    18.672636: ovldiag_write: (ovl_write_iter+0x136/0x1b0 <- backing_file_write_iter) result=0x1000
             cat-7440    [001] .....    18.674918: ovldiag_open: (ovl_open+0xb2/0x100 <- ovl_open_realfile) result=0xffff888006001e00
             cat-7441    [000] .....    18.675114: ovldiag_open: (ovl_open+0xb2/0x100 <- ovl_open_realfile) result=0xffff888006217900
             cat-7439    [001] .....    18.675735: ovldiag_open: (ovl_open+0xb2/0x100 <- ovl_open_realfile) result=0xffff8880046d6300
              dd-7442    [001] .....    18.676767: ovldiag_open: (ovl_open+0xb2/0x100 <- ovl_open_realfile) result=0xffff8880047f0800
              dd-7442    [001] .....    18.676796: ovldiag_ensure: (ovl_write_iter+0xaf/0x1b0 <- ovl_ensure_upper_and_switch) result=0x0
              dd-7442    [001] .....    18.676838: ovldiag_write: (ovl_write_iter+0x136/0x1b0 <- backing_file_write_iter) result=0x1000
             cat-7449    [001] .....    18.680467: ovldiag_open: (ovl_open+0xb2/0x100 <- ovl_open_realfile) result=0xffff888006210900
              dd-7452    [000] .....    18.682891: ovldiag_open: (ovl_open+0xb2/0x100 <- ovl_open_realfile) result=0xffff8880070cef00
              dd-7452    [000] .....    18.682920: ovldiag_ensure: (ovl_write_iter+0xaf/0x1b0 <- ovl_ensure_upper_and_switch) result=0x0
              dd-7452    [000] .....    18.682936: ovldiag_write: (ovl_write_iter+0x136/0x1b0 <- backing_file_write_iter) result=0x1000
              dd-7454    [000] .....    18.684261: ovldiag_open: (ovl_open+0xb2/0x100 <- ovl_open_realfile) result=0xffff88800716a300
              dd-7454    [000] .....    18.684288: ovldiag_ensure: (ovl_write_iter+0xaf/0x1b0 <- ovl_ensure_upper_and_switch) result=0x0
              dd-7454    [000] .....    18.684303: ovldiag_write: (ovl_write_iter+0x136/0x1b0 <- backing_file_write_iter) result=0x1000
              dd-7456    [000] .....    18.685478: ovldiag_open: (ovl_open+0xb2/0x100 <- ovl_open_realfile) result=0xffff888006210b00
              dd-7456    [000] .....    18.685507: ovldiag_ensure: (ovl_write_iter+0xaf/0x1b0 <- ovl_ensure_upper_and_switch) result=0x0
              dd-7456    [000] .....    18.685519: ovldiag_write: (ovl_write_iter+0x136/0x1b0 <- backing_file_write_iter) result=0x1000
             cat-7459    [001] .....    18.686991: ovldiag_open: (ovl_open+0xb2/0x100 <- ovl_open_realfile) result=0xffff888006217700
             cat-7458    [000] .....    18.687659: ovldiag_open: (ovl_open+0xb2/0x100 <- ovl_open_realfile) result=0xffff888004578100
             cat-7461    [001] .....    18.688331: ovldiag_open: (ovl_open+0xb2/0x100 <- ovl_open_realfile) result=0xffff888007105200
             cat-7463    [001] .....    18.689754: ovldiag_open: (ovl_open+0xb2/0x100 <- ovl_open_realfile) result=0xffff8880047f6600
              dd-7467    [000] .....    18.692592: ovldiag_open: (ovl_open+0xb2/0x100 <- ovl_open_realfile) result=0xffff88800c86c700
              dd-7467    [000] .....    18.692621: ovldiag_ensure: (ovl_write_iter+0xaf/0x1b0 <- ovl_ensure_upper_and_switch) result=0x0
              dd-7467    [000] .....    18.692638: ovldiag_write: (ovl_write_iter+0x136/0x1b0 <- backing_file_write_iter) result=0x1000
              dd-7473    [001] .....    18.695915: ovldiag_open: (ovl_open+0xb2/0x100 <- ovl_open_realfile) result=0xffff888006217f00
              dd-7473    [001] .....    18.695946: ovldiag_ensure: (ovl_write_iter+0xaf/0x1b0 <- ovl_ensure_upper_and_switch) result=0x0
              dd-7473    [001] .....    18.695963: ovldiag_write: (ovl_write_iter+0x136/0x1b0 <- backing_file_write_iter) result=0x1000
             cat-7474    [000] .....    18.697111: ovldiag_open: (ovl_open+0xb2/0x100 <- ovl_open_realfile) result=0xffff8880070ce400
              dd-7476    [000] .....    18.698378: ovldiag_open: (ovl_open+0xb2/0x100 <- ovl_open_realfile) result=0xffff88800732a400
              dd-7476    [000] .....    18.698408: ovldiag_ensure: (ovl_write_iter+0xaf/0x1b0 <- ovl_ensure_upper_and_switch) result=0x0
              dd-7476    [000] .....    18.698423: ovldiag_write: (ovl_write_iter+0x136/0x1b0 <- backing_file_write_iter) result=0x1000
              dd-7478    [001] .....    18.698636: ovldiag_open: (ovl_open+0xb2/0x100 <- ovl_open_realfile) result=0xffff88800716f000
              dd-7478    [001] .....    18.698664: ovldiag_ensure: (ovl_write_iter+0xaf/0x1b0 <- ovl_ensure_upper_and_switch) result=0x0
              dd-7478    [001] .....    18.698682: ovldiag_write: (ovl_write_iter+0x136/0x1b0 <- backing_file_write_iter) result=0x1000
             cat-7483    [001] .....    18.702096: ovldiag_open: (ovl_open+0xb2/0x100 <- ovl_open_realfile) result=0xffff888007021b00
             cat-7479    [001] .....    18.702359: ovldiag_open: (ovl_open+0xb2/0x100 <- ovl_open_realfile) result=0xffff888004578f00
             cat-7482    [000] .....    18.702881: ovldiag_open: (ovl_open+0xb2/0x100 <- ovl_open_realfile) result=0xffff8880061c3900
              dd-7490    [000] .....    18.706614: ovldiag_open: (ovl_open+0xb2/0x100 <- ovl_open_realfile) result=0xffff888007377200
              dd-7490    [000] .....    18.706644: ovldiag_ensure: (ovl_write_iter+0xaf/0x1b0 <- ovl_ensure_upper_and_switch) result=0x0
              dd-7490    [000] .....    18.706659: ovldiag_write: (ovl_write_iter+0x136/0x1b0 <- backing_file_write_iter) result=0x1000
              dd-7493    [001] .....    18.708522: ovldiag_open: (ovl_open+0xb2/0x100 <- ovl_open_realfile) result=0xffff8880061c3f00
              dd-7493    [001] .....    18.708552: ovldiag_ensure: (ovl_write_iter+0xaf/0x1b0 <- ovl_ensure_upper_and_switch) result=0x0
              dd-7493    [001] .....    18.708569: ovldiag_write: (ovl_write_iter+0x136/0x1b0 <- backing_file_write_iter) result=0x1000
             cat-7494    [000] .....    18.709035: ovldiag_open: (ovl_open+0xb2/0x100 <- ovl_open_realfile) result=0xffff88800716a000
              dd-7499    [000] .....    18.712984: ovldiag_open: (ovl_open+0xb2/0x100 <- ovl_open_realfile) result=0xffff888004445e00
              dd-7499    [000] .....    18.713015: ovldiag_ensure: (ovl_write_iter+0xaf/0x1b0 <- ovl_ensure_upper_and_switch) result=0x0
              dd-7499    [000] .....    18.713031: ovldiag_write: (ovl_write_iter+0x136/0x1b0 <- backing_file_write_iter) result=0x1000
             cat-7501    [001] .....    18.713075: ovldiag_open: (ovl_open+0xb2/0x100 <- ovl_open_realfile) result=0xffff888004355800
              dd-7500    [000] .....    18.714193: ovldiag_open: (ovl_open+0xb2/0x100 <- ovl_open_realfile) result=0xffff8880047ec100
              dd-7500    [000] .....    18.714219: ovldiag_ensure: (ovl_write_iter+0xaf/0x1b0 <- ovl_ensure_upper_and_switch) result=0x0
              dd-7500    [000] .....    18.714243: ovldiag_write: (ovl_write_iter+0x136/0x1b0 <- backing_file_write_iter) result=0x1000
             cat-7498    [000] .....    18.714557: ovldiag_open: (ovl_open+0xb2/0x100 <- ovl_open_realfile) result=0xffff8880086ddc00
             cat-7503    [001] .....    18.715197: ovldiag_open: (ovl_open+0xb2/0x100 <- ovl_open_realfile) result=0xffff888004490700
              dd-7510    [000] .....    18.719527: ovldiag_open: (ovl_open+0xb2/0x100 <- ovl_open_realfile) result=0xffff88800702aa00
              dd-7510    [000] .....    18.719554: ovldiag_ensure: (ovl_write_iter+0xaf/0x1b0 <- ovl_ensure_upper_and_switch) result=0x0
              dd-7510    [000] .....    18.719570: ovldiag_write: (ovl_write_iter+0x136/0x1b0 <- backing_file_write_iter) result=0x1000
             cat-7512    [000] .....    18.720581: ovldiag_open: (ovl_open+0xb2/0x100 <- ovl_open_realfile) result=0xffff888006221000
              dd-7513    [001] .....    18.721610: ovldiag_open: (ovl_open+0xb2/0x100 <- ovl_open_realfile) result=0xffff88800842a000
              dd-7513    [001] .....    18.721638: ovldiag_ensure: (ovl_write_iter+0xaf/0x1b0 <- ovl_ensure_upper_and_switch) result=0x0
              dd-7513    [001] .....    18.721654: ovldiag_write: (ovl_write_iter+0x136/0x1b0 <- backing_file_write_iter) result=0x1000
             cat-7518    [000] .....    18.724404: ovldiag_open: (ovl_open+0xb2/0x100 <- ovl_open_realfile) result=0xffff8880073c5f00
              dd-7520    [001] .....    18.725796: ovldiag_open: (ovl_open+0xb2/0x100 <- ovl_open_realfile) result=0xffff888007105b00
              dd-7520    [001] .....    18.725846: ovldiag_ensure: (ovl_write_iter+0xaf/0x1b0 <- ovl_ensure_upper_and_switch) result=0x0
              dd-7520    [001] .....    18.725862: ovldiag_write: (ovl_write_iter+0x136/0x1b0 <- backing_file_write_iter) result=0x1000
              dd-7524    [000] .....    18.728166: ovldiag_open: (ovl_open+0xb2/0x100 <- ovl_open_realfile) result=0xffff88800451b000
              dd-7524    [000] .....    18.728196: ovldiag_ensure: (ovl_write_iter+0xaf/0x1b0 <- ovl_ensure_upper_and_switch) result=0x0
              dd-7524    [000] .....    18.728212: ovldiag_write: (ovl_write_iter+0x136/0x1b0 <- backing_file_write_iter) result=0x1000
             cat-7523    [001] .....    18.728508: ovldiag_open: (ovl_open+0xb2/0x100 <- ovl_open_realfile) result=0xffff888007154900
             cat-7525    [001] .....    18.729550: ovldiag_open: (ovl_open+0xb2/0x100 <- ovl_open_realfile) result=0xffff88800723a600
             cat-7528    [000] .....    18.730907: ovldiag_open: (ovl_open+0xb2/0x100 <- ovl_open_realfile) result=0xffff88800a244a00
              dd-7534    [000] .....    18.733768: ovldiag_open: (ovl_open+0xb2/0x100 <- ovl_open_realfile) result=0xffff888006221400
              dd-7534    [000] .....    18.733796: ovldiag_ensure: (ovl_write_iter+0xaf/0x1b0 <- ovl_ensure_upper_and_switch) result=0x0
              dd-7534    [000] .....    18.733826: ovldiag_write: (ovl_write_iter+0x136/0x1b0 <- backing_file_write_iter) result=0x1000
              dd-7537    [000] .....    18.736139: ovldiag_open: (ovl_open+0xb2/0x100 <- ovl_open_realfile) result=0xffff888004578800
              dd-7537    [000] .....    18.736166: ovldiag_ensure: (ovl_write_iter+0xaf/0x1b0 <- ovl_ensure_upper_and_switch) result=0x0
             cat-7533    [001] .....    18.736170: ovldiag_open: (ovl_open+0xb2/0x100 <- ovl_open_realfile) result=0xffff888004530400
              dd-7537    [000] .....    18.736181: ovldiag_write: (ovl_write_iter+0x136/0x1b0 <- backing_file_write_iter) result=0x1000
             cat-7540    [000] .....    18.738715: ovldiag_open: (ovl_open+0xb2/0x100 <- ovl_open_realfile) result=0xffff888006210500
              dd-7541    [001] .....    18.738784: ovldiag_open: (ovl_open+0xb2/0x100 <- ovl_open_realfile) result=0xffff88800723ae00
              dd-7541    [001] .....    18.738830: ovldiag_ensure: (ovl_write_iter+0xaf/0x1b0 <- ovl_ensure_upper_and_switch) result=0x0
              dd-7541    [001] .....    18.738847: ovldiag_write: (ovl_write_iter+0x136/0x1b0 <- backing_file_write_iter) result=0x1000
              dd-7545    [001] .....    18.741701: ovldiag_open: (ovl_open+0xb2/0x100 <- ovl_open_realfile) result=0xffff88800842b100
              dd-7545    [001] .....    18.741729: ovldiag_ensure: (ovl_write_iter+0xaf/0x1b0 <- ovl_ensure_upper_and_switch) result=0x0
              dd-7545    [001] .....    18.741746: ovldiag_write: (ovl_write_iter+0x136/0x1b0 <- backing_file_write_iter) result=0x1000
             cat-7548    [000] .....    18.743226: ovldiag_open: (ovl_open+0xb2/0x100 <- ovl_open_realfile) result=0xffff8880047f6f00
             cat-7549    [001] .....    18.743907: ovldiag_open: (ovl_open+0xb2/0x100 <- ovl_open_realfile) result=0xffff888004530900
              dd-7554    [000] .....    18.746982: ovldiag_open: (ovl_open+0xb2/0x100 <- ovl_open_realfile) result=0xffff8880047f6600
              dd-7554    [000] .....    18.747011: ovldiag_ensure: (ovl_write_iter+0xaf/0x1b0 <- ovl_ensure_upper_and_switch) result=0x0
              dd-7554    [000] .....    18.747027: ovldiag_write: (ovl_write_iter+0x136/0x1b0 <- backing_file_write_iter) result=0x1000
             cat-7555    [001] .....    18.747707: ovldiag_open: (ovl_open+0xb2/0x100 <- ovl_open_realfile) result=0xffff888004355600
             cat-7557    [000] .....    18.748684: ovldiag_open: (ovl_open+0xb2/0x100 <- ovl_open_realfile) result=0xffff88800deb2700
              dd-7560    [000] .....    18.750731: ovldiag_open: (ovl_open+0xb2/0x100 <- ovl_open_realfile) result=0xffff8880086b4800
              dd-7560    [000] .....    18.750760: ovldiag_ensure: (ovl_write_iter+0xaf/0x1b0 <- ovl_ensure_upper_and_switch) result=0x0
              dd-7560    [000] .....    18.750776: ovldiag_write: (ovl_write_iter+0x136/0x1b0 <- backing_file_write_iter) result=0x1000
              dd-7565    [001] .....    18.753776: ovldiag_open: (ovl_open+0xb2/0x100 <- ovl_open_realfile) result=0xffff888004490900
             cat-7564    [001] .....    18.754072: ovldiag_open: (ovl_open+0xb2/0x100 <- ovl_open_realfile) result=0xffff888007168c00
             cat-7566    [000] .....    18.754195: ovldiag_open: (ovl_open+0xb2/0x100 <- ovl_open_realfile) result=0xffff8880047f6a00
              dd-7565    [001] .....    18.754286: ovldiag_ensure: (ovl_write_iter+0xaf/0x1b0 <- ovl_ensure_upper_and_switch) result=0x0
              dd-7565    [001] .....    18.754304: ovldiag_write: (ovl_write_iter+0x136/0x1b0 <- backing_file_write_iter) result=0x1000
              dd-7569    [001] .....    18.756872: ovldiag_open: (ovl_open+0xb2/0x100 <- ovl_open_realfile) result=0xffff8880060f5500
              dd-7569    [001] .....    18.756903: ovldiag_ensure: (ovl_write_iter+0xaf/0x1b0 <- ovl_ensure_upper_and_switch) result=0x0
              dd-7569    [001] .....    18.756918: ovldiag_write: (ovl_write_iter+0x136/0x1b0 <- backing_file_write_iter) result=0x1000
             cat-7574    [000] .....    18.758537: ovldiag_open: (ovl_open+0xb2/0x100 <- ovl_open_realfile) result=0xffff888004578700
             cat-7575    [000] .....    18.760030: ovldiag_open: (ovl_open+0xb2/0x100 <- ovl_open_realfile) result=0xffff88800cbd4500
              dd-7579    [000] .....    18.763031: ovldiag_open: (ovl_open+0xb2/0x100 <- ovl_open_realfile) result=0xffff88800ca51400
              dd-7579    [000] .....    18.763061: ovldiag_ensure: (ovl_write_iter+0xaf/0x1b0 <- ovl_ensure_upper_and_switch) result=0x0
              dd-7579    [000] .....    18.763077: ovldiag_write: (ovl_write_iter+0x136/0x1b0 <- backing_file_write_iter) result=0x1000
              dd-7581    [000] .....    18.763925: ovldiag_open: (ovl_open+0xb2/0x100 <- ovl_open_realfile) result=0xffff888004445900
              dd-7581    [000] .....    18.763952: ovldiag_ensure: (ovl_write_iter+0xaf/0x1b0 <- ovl_ensure_upper_and_switch) result=0x0
              dd-7581    [000] .....    18.763964: ovldiag_write: (ovl_write_iter+0x136/0x1b0 <- backing_file_write_iter) result=0x1000
             cat-7584    [001] .....    18.765584: ovldiag_open: (ovl_open+0xb2/0x100 <- ovl_open_realfile) result=0xffff88800a286300
             cat-7585    [000] .....    18.766277: ovldiag_open: (ovl_open+0xb2/0x100 <- ovl_open_realfile) result=0xffff8880086dd100
              dd-7587    [000] .....    18.768544: ovldiag_open: (ovl_open+0xb2/0x100 <- ovl_open_realfile) result=0xffff888006210400
              dd-7587    [000] .....    18.768575: ovldiag_ensure: (ovl_write_iter+0xaf/0x1b0 <- ovl_ensure_upper_and_switch) result=0x0
              dd-7587    [000] .....    18.768591: ovldiag_write: (ovl_write_iter+0x136/0x1b0 <- backing_file_write_iter) result=0x1000
             cat-7590    [001] .....    18.768651: ovldiag_open: (ovl_open+0xb2/0x100 <- ovl_open_realfile) result=0xffff88800717b500
             cat-7591    [001] .....    18.771186: ovldiag_open: (ovl_open+0xb2/0x100 <- ovl_open_realfile) result=0xffff888007021500
              dd-7596    [000] .....    18.773497: ovldiag_open: (ovl_open+0xb2/0x100 <- ovl_open_realfile) result=0xffff888007377200
              dd-7596    [000] .....    18.773524: ovldiag_ensure: (ovl_write_iter+0xaf/0x1b0 <- ovl_ensure_upper_and_switch) result=0x0
              dd-7596    [000] .....    18.773540: ovldiag_write: (ovl_write_iter+0x136/0x1b0 <- backing_file_write_iter) result=0x1000
              dd-7600    [000] .....    18.775633: ovldiag_open: (ovl_open+0xb2/0x100 <- ovl_open_realfile) result=0xffff888004355300
              dd-7600    [000] .....    18.775662: ovldiag_ensure: (ovl_write_iter+0xaf/0x1b0 <- ovl_ensure_upper_and_switch) result=0x0
              dd-7600    [000] .....    18.775677: ovldiag_write: (ovl_write_iter+0x136/0x1b0 <- backing_file_write_iter) result=0x1000
             cat-7601    [001] .....    18.776147: ovldiag_open: (ovl_open+0xb2/0x100 <- ovl_open_realfile) result=0xffff88800a326600
              dd-7602    [000] .....    18.777727: ovldiag_open: (ovl_open+0xb2/0x100 <- ovl_open_realfile) result=0xffff888007021900
              dd-7602    [000] .....    18.777755: ovldiag_ensure: (ovl_write_iter+0xaf/0x1b0 <- ovl_ensure_upper_and_switch) result=0x0
              dd-7602    [000] .....    18.777771: ovldiag_write: (ovl_write_iter+0x136/0x1b0 <- backing_file_write_iter) result=0x1000
             cat-7605    [000] .....    18.778978: ovldiag_open: (ovl_open+0xb2/0x100 <- ovl_open_realfile) result=0xffff8880060f5800
             cat-7609    [001] .....    18.780707: ovldiag_open: (ovl_open+0xb2/0x100 <- ovl_open_realfile) result=0xffff888007167c00
             cat-7610    [001] .....    18.783311: ovldiag_open: (ovl_open+0xb2/0x100 <- ovl_open_realfile) result=0xffff888007154300
              dd-7613    [000] .....    18.783929: ovldiag_open: (ovl_open+0xb2/0x100 <- ovl_open_realfile) result=0xffff88800716a900
              dd-7613    [000] .....    18.783957: ovldiag_ensure: (ovl_write_iter+0xaf/0x1b0 <- ovl_ensure_upper_and_switch) result=0x0
              dd-7613    [000] .....    18.783972: ovldiag_write: (ovl_write_iter+0x136/0x1b0 <- backing_file_write_iter) result=0x1000
              dd-7617    [000] .....    18.786336: ovldiag_open: (ovl_open+0xb2/0x100 <- ovl_open_realfile) result=0xffff888007168900
              dd-7617    [000] .....    18.786363: ovldiag_ensure: (ovl_write_iter+0xaf/0x1b0 <- ovl_ensure_upper_and_switch) result=0x0
              dd-7617    [000] .....    18.786379: ovldiag_write: (ovl_write_iter+0x136/0x1b0 <- backing_file_write_iter) result=0x1000
              dd-7621    [000] .....    18.788282: ovldiag_open: (ovl_open+0xb2/0x100 <- ovl_open_realfile) result=0xffff8880070ceb00
              dd-7621    [000] .....    18.788309: ovldiag_ensure: (ovl_write_iter+0xaf/0x1b0 <- ovl_ensure_upper_and_switch) result=0x0
              dd-7621    [000] .....    18.788324: ovldiag_write: (ovl_write_iter+0x136/0x1b0 <- backing_file_write_iter) result=0x1000
             cat-7619    [001] .....    18.788640: ovldiag_open: (ovl_open+0xb2/0x100 <- ovl_open_realfile) result=0xffff8880070d2000
             cat-7622    [000] .....    18.790946: ovldiag_open: (ovl_open+0xb2/0x100 <- ovl_open_realfile) result=0xffff888006157e00
              dd-7626    [000] .....    18.792143: ovldiag_open: (ovl_open+0xb2/0x100 <- ovl_open_realfile) result=0xffff888006210e00
              dd-7626    [000] .....    18.792173: ovldiag_ensure: (ovl_write_iter+0xaf/0x1b0 <- ovl_ensure_upper_and_switch) result=0x0
              dd-7626    [000] .....    18.792188: ovldiag_write: (ovl_write_iter+0x136/0x1b0 <- backing_file_write_iter) result=0x1000
             cat-7628    [001] .....    18.793173: ovldiag_open: (ovl_open+0xb2/0x100 <- ovl_open_realfile) result=0xffff88800732bc00
             cat-7625    [000] .....    18.793781: ovldiag_open: (ovl_open+0xb2/0x100 <- ovl_open_realfile) result=0xffff888007026e00
              dd-7634    [000] .....    18.797118: ovldiag_open: (ovl_open+0xb2/0x100 <- ovl_open_realfile) result=0xffff88800842bf00
              dd-7634    [000] .....    18.797149: ovldiag_ensure: (ovl_write_iter+0xaf/0x1b0 <- ovl_ensure_upper_and_switch) result=0x0
              dd-7634    [000] .....    18.797165: ovldiag_write: (ovl_write_iter+0x136/0x1b0 <- backing_file_write_iter) result=0x1000
              dd-7638    [000] .....    18.799211: ovldiag_open: (ovl_open+0xb2/0x100 <- ovl_open_realfile) result=0xffff888004445000
              dd-7638    [000] .....    18.799253: ovldiag_ensure: (ovl_write_iter+0xaf/0x1b0 <- ovl_ensure_upper_and_switch) result=0x0
              dd-7638    [000] .....    18.799268: ovldiag_write: (ovl_write_iter+0x136/0x1b0 <- backing_file_write_iter) result=0x1000
             cat-7639    [001] .....    18.799708: ovldiag_open: (ovl_open+0xb2/0x100 <- ovl_open_realfile) result=0xffff88800c977600
             cat-7642    [001] .....    18.802147: ovldiag_open: (ovl_open+0xb2/0x100 <- ovl_open_realfile) result=0xffff88800a362500
              dd-7644    [000] .....    18.802618: ovldiag_open: (ovl_open+0xb2/0x100 <- ovl_open_realfile) result=0xffff8880070ce500
              dd-7644    [000] .....    18.802647: ovldiag_ensure: (ovl_write_iter+0xaf/0x1b0 <- ovl_ensure_upper_and_switch) result=0x0
              dd-7644    [000] .....    18.802662: ovldiag_write: (ovl_write_iter+0x136/0x1b0 <- backing_file_write_iter) result=0x1000
             cat-7647    [000] .....    18.804957: ovldiag_open: (ovl_open+0xb2/0x100 <- ovl_open_realfile) result=0xffff88800842af00
             cat-7648    [001] .....    18.806125: ovldiag_open: (ovl_open+0xb2/0x100 <- ovl_open_realfile) result=0xffff888003f6ae00
              dd-7650    [000] .....    18.806491: ovldiag_open: (ovl_open+0xb2/0x100 <- ovl_open_realfile) result=0xffff888004578800
              dd-7650    [000] .....    18.806519: ovldiag_ensure: (ovl_write_iter+0xaf/0x1b0 <- ovl_ensure_upper_and_switch) result=0x0
              dd-7650    [000] .....    18.806534: ovldiag_write: (ovl_write_iter+0x136/0x1b0 <- backing_file_write_iter) result=0x1000
              dd-7655    [000] .....    18.810434: ovldiag_open: (ovl_open+0xb2/0x100 <- ovl_open_realfile) result=0xffff88800ddf7400
              dd-7655    [000] .....    18.810465: ovldiag_ensure: (ovl_write_iter+0xaf/0x1b0 <- ovl_ensure_upper_and_switch) result=0x0
              dd-7655    [000] .....    18.810481: ovldiag_write: (ovl_write_iter+0x136/0x1b0 <- backing_file_write_iter) result=0x1000
             cat-7657    [001] .....    18.810677: ovldiag_open: (ovl_open+0xb2/0x100 <- ovl_open_realfile) result=0xffff88800dc99900
              dd-7658    [000] .....    18.812819: ovldiag_open: (ovl_open+0xb2/0x100 <- ovl_open_realfile) result=0xffff888007171300
              dd-7658    [000] .....    18.812847: ovldiag_ensure: (ovl_write_iter+0xaf/0x1b0 <- ovl_ensure_upper_and_switch) result=0x0
              dd-7658    [000] .....    18.812863: ovldiag_write: (ovl_write_iter+0x136/0x1b0 <- backing_file_write_iter) result=0x1000
             cat-7663    [001] .....    18.815268: ovldiag_open: (ovl_open+0xb2/0x100 <- ovl_open_realfile) result=0xffff888004355b00
              dd-7664    [000] .....    18.815778: ovldiag_open: (ovl_open+0xb2/0x100 <- ovl_open_realfile) result=0xffff88800716a900
              dd-7664    [000] .....    18.815837: ovldiag_ensure: (ovl_write_iter+0xaf/0x1b0 <- ovl_ensure_upper_and_switch) result=0x0
              dd-7664    [000] .....    18.815852: ovldiag_write: (ovl_write_iter+0x136/0x1b0 <- backing_file_write_iter) result=0x1000
             cat-7665    [001] .....    18.816553: ovldiag_open: (ovl_open+0xb2/0x100 <- ovl_open_realfile) result=0xffff88800732cc00
             cat-7670    [001] .....    18.819665: ovldiag_open: (ovl_open+0xb2/0x100 <- ovl_open_realfile) result=0xffff88800842ab00
              dd-7671    [000] .....    18.820288: ovldiag_open: (ovl_open+0xb2/0x100 <- ovl_open_realfile) result=0xffff8880060f5200
              dd-7671    [000] .....    18.820315: ovldiag_ensure: (ovl_write_iter+0xaf/0x1b0 <- ovl_ensure_upper_and_switch) result=0x0
              dd-7671    [000] .....    18.820331: ovldiag_write: (ovl_write_iter+0x136/0x1b0 <- backing_file_write_iter) result=0x1000
             cat-7672    [001] .....    18.821928: ovldiag_open: (ovl_open+0xb2/0x100 <- ovl_open_realfile) result=0xffff888007154200
              dd-7678    [000] .....    18.824855: ovldiag_open: (ovl_open+0xb2/0x100 <- ovl_open_realfile) result=0xffff88800716ab00
              dd-7678    [000] .....    18.824885: ovldiag_ensure: (ovl_write_iter+0xaf/0x1b0 <- ovl_ensure_upper_and_switch) result=0x0
              dd-7678    [000] .....    18.824901: ovldiag_write: (ovl_write_iter+0x136/0x1b0 <- backing_file_write_iter) result=0x1000
             cat-7679    [001] .....    18.825141: ovldiag_open: (ovl_open+0xb2/0x100 <- ovl_open_realfile) result=0xffff88800dd0a500
              dd-7681    [000] .....    18.826219: ovldiag_open: (ovl_open+0xb2/0x100 <- ovl_open_realfile) result=0xffff88800842a300
              dd-7681    [000] .....    18.826256: ovldiag_ensure: (ovl_write_iter+0xaf/0x1b0 <- ovl_ensure_upper_and_switch) result=0x0
              dd-7681    [000] .....    18.826270: ovldiag_write: (ovl_write_iter+0x136/0x1b0 <- backing_file_write_iter) result=0x1000
             cat-7686    [001] .....    18.829514: ovldiag_open: (ovl_open+0xb2/0x100 <- ovl_open_realfile) result=0xffff888007154300
              dd-7687    [000] .....    18.829754: ovldiag_open: (ovl_open+0xb2/0x100 <- ovl_open_realfile) result=0xffff88800732a200
              dd-7687    [000] .....    18.829784: ovldiag_ensure: (ovl_write_iter+0xaf/0x1b0 <- ovl_ensure_upper_and_switch) result=0x0
              dd-7687    [000] .....    18.829831: ovldiag_write: (ovl_write_iter+0x136/0x1b0 <- backing_file_write_iter) result=0x1000
             cat-7688    [001] .....    18.830861: ovldiag_open: (ovl_open+0xb2/0x100 <- ovl_open_realfile) result=0xffff88800702a300
             cat-7693    [000] .....    18.834423: ovldiag_open: (ovl_open+0xb2/0x100 <- ovl_open_realfile) result=0xffff888007168f00
              dd-7695    [001] .....    18.834764: ovldiag_open: (ovl_open+0xb2/0x100 <- ovl_open_realfile) result=0xffff888007154200
              dd-7695    [001] .....    18.834795: ovldiag_ensure: (ovl_write_iter+0xaf/0x1b0 <- ovl_ensure_upper_and_switch) result=0x0
              dd-7695    [001] .....    18.835879: ovldiag_write: (ovl_write_iter+0x136/0x1b0 <- backing_file_write_iter) result=0x1000
             cat-7697    [000] .....    18.836505: ovldiag_open: (ovl_open+0xb2/0x100 <- ovl_open_realfile) result=0xffff888004578a00
              dd-7701    [000] .....    18.838936: ovldiag_open: (ovl_open+0xb2/0x100 <- ovl_open_realfile) result=0xffff88800dc6cd00
              dd-7701    [000] .....    18.838965: ovldiag_ensure: (ovl_write_iter+0xaf/0x1b0 <- ovl_ensure_upper_and_switch) result=0x0
              dd-7701    [000] .....    18.838980: ovldiag_write: (ovl_write_iter+0x136/0x1b0 <- backing_file_write_iter) result=0x1000
              dd-7705    [001] .....    18.840666: ovldiag_open: (ovl_open+0xb2/0x100 <- ovl_open_realfile) result=0xffff888007105300
              dd-7705    [001] .....    18.840693: ovldiag_ensure: (ovl_write_iter+0xaf/0x1b0 <- ovl_ensure_upper_and_switch) result=0x0
              dd-7705    [001] .....    18.840709: ovldiag_write: (ovl_write_iter+0x136/0x1b0 <- backing_file_write_iter) result=0x1000
             cat-7703    [000] .....    18.841283: ovldiag_open: (ovl_open+0xb2/0x100 <- ovl_open_realfile) result=0xffff88800732bf00
              dd-7707    [000] .....    18.842777: ovldiag_open: (ovl_open+0xb2/0x100 <- ovl_open_realfile) result=0xffff88800732af00
              dd-7707    [000] .....    18.842838: ovldiag_ensure: (ovl_write_iter+0xaf/0x1b0 <- ovl_ensure_upper_and_switch) result=0x0
              dd-7707    [000] .....    18.842854: ovldiag_write: (ovl_write_iter+0x136/0x1b0 <- backing_file_write_iter) result=0x1000
             cat-7706    [001] .....    18.842909: ovldiag_open: (ovl_open+0xb2/0x100 <- ovl_open_realfile) result=0xffff88800717be00
             cat-7711    [000] .....    18.845968: ovldiag_open: (ovl_open+0xb2/0x100 <- ovl_open_realfile) result=0xffff888004530500
             cat-7713    [001] .....    18.847571: ovldiag_open: (ovl_open+0xb2/0x100 <- ovl_open_realfile) result=0xffff888007168000
              dd-7719    [000] .....    18.850256: ovldiag_open: (ovl_open+0xb2/0x100 <- ovl_open_realfile) result=0xffff888004697900
              dd-7719    [000] .....    18.850287: ovldiag_ensure: (ovl_write_iter+0xaf/0x1b0 <- ovl_ensure_upper_and_switch) result=0x0
              dd-7719    [000] .....    18.850303: ovldiag_write: (ovl_write_iter+0x136/0x1b0 <- backing_file_write_iter) result=0x1000
              dd-7722    [000] .....    18.851841: ovldiag_open: (ovl_open+0xb2/0x100 <- ovl_open_realfile) result=0xffff88800732b100
              dd-7722    [000] .....    18.851869: ovldiag_ensure: (ovl_write_iter+0xaf/0x1b0 <- ovl_ensure_upper_and_switch) result=0x0
              dd-7722    [000] .....    18.851884: ovldiag_write: (ovl_write_iter+0x136/0x1b0 <- backing_file_write_iter) result=0x1000
             cat-7723    [001] .....    18.852728: ovldiag_open: (ovl_open+0xb2/0x100 <- ovl_open_realfile) result=0xffff888007167500
             cat-7726    [000] .....    18.854018: ovldiag_open: (ovl_open+0xb2/0x100 <- ovl_open_realfile) result=0xffff88800723a500
              dd-7728    [001] .....    18.855603: ovldiag_open: (ovl_open+0xb2/0x100 <- ovl_open_realfile) result=0xffff888007021200
              dd-7728    [001] .....    18.855634: ovldiag_ensure: (ovl_write_iter+0xaf/0x1b0 <- ovl_ensure_upper_and_switch) result=0x0
              dd-7728    [001] .....    18.855651: ovldiag_write: (ovl_write_iter+0x136/0x1b0 <- backing_file_write_iter) result=0x1000
             cat-7729    [001] .....    18.856953: ovldiag_open: (ovl_open+0xb2/0x100 <- ovl_open_realfile) result=0xffff8880070ce300
             cat-7732    [001] .....    18.859261: ovldiag_open: (ovl_open+0xb2/0x100 <- ovl_open_realfile) result=0xffff888007154900
              dd-7735    [001] .....    18.860739: ovldiag_open: (ovl_open+0xb2/0x100 <- ovl_open_realfile) result=0xffff888007026800
              dd-7735    [001] .....    18.860768: ovldiag_ensure: (ovl_write_iter+0xaf/0x1b0 <- ovl_ensure_upper_and_switch) result=0x0
              dd-7735    [001] .....    18.860784: ovldiag_write: (ovl_write_iter+0x136/0x1b0 <- backing_file_write_iter) result=0x1000
             cat-7740    [000] .....    18.863349: ovldiag_open: (ovl_open+0xb2/0x100 <- ovl_open_realfile) result=0xffff88800dc78b00
              dd-7741    [001] .....    18.863582: ovldiag_open: (ovl_open+0xb2/0x100 <- ovl_open_realfile) result=0xffff888004578a00
              dd-7741    [001] .....    18.863612: ovldiag_ensure: (ovl_write_iter+0xaf/0x1b0 <- ovl_ensure_upper_and_switch) result=0x0
              dd-7741    [001] .....    18.863629: ovldiag_write: (ovl_write_iter+0x136/0x1b0 <- backing_file_write_iter) result=0x1000
             cat-7745    [001] .....    18.865884: ovldiag_open: (ovl_open+0xb2/0x100 <- ovl_open_realfile) result=0xffff88800c86c400
              dd-7744    [000] .....    18.866156: ovldiag_open: (ovl_open+0xb2/0x100 <- ovl_open_realfile) result=0xffff88800842a100
              dd-7744    [000] .....    18.866186: ovldiag_ensure: (ovl_write_iter+0xaf/0x1b0 <- ovl_ensure_upper_and_switch) result=0x0
              dd-7744    [000] .....    18.866203: ovldiag_write: (ovl_write_iter+0x136/0x1b0 <- backing_file_write_iter) result=0x1000
             cat-7748    [001] .....    18.868479: ovldiag_open: (ovl_open+0xb2/0x100 <- ovl_open_realfile) result=0xffff888004530900
             cat-7751    [001] .....    18.870454: ovldiag_open: (ovl_open+0xb2/0x100 <- ovl_open_realfile) result=0xffff88800716f400
              dd-7755    [001] .....    18.872690: ovldiag_open: (ovl_open+0xb2/0x100 <- ovl_open_realfile) result=0xffff88800466c400
              dd-7755    [001] .....    18.872719: ovldiag_ensure: (ovl_write_iter+0xaf/0x1b0 <- ovl_ensure_upper_and_switch) result=0x0
              dd-7755    [001] .....    18.872734: ovldiag_write: (ovl_write_iter+0x136/0x1b0 <- backing_file_write_iter) result=0x1000
              dd-7758    [001] .....    18.874343: ovldiag_open: (ovl_open+0xb2/0x100 <- ovl_open_realfile) result=0xffff88800716a100
              dd-7758    [001] .....    18.874373: ovldiag_ensure: (ovl_write_iter+0xaf/0x1b0 <- ovl_ensure_upper_and_switch) result=0x0
              dd-7758    [001] .....    18.874389: ovldiag_write: (ovl_write_iter+0x136/0x1b0 <- backing_file_write_iter) result=0x1000
             cat-7759    [000] .....    18.875049: ovldiag_open: (ovl_open+0xb2/0x100 <- ovl_open_realfile) result=0xffff888004445000
              dd-7762    [001] .....    18.876720: ovldiag_open: (ovl_open+0xb2/0x100 <- ovl_open_realfile) result=0xffff888007377000
              dd-7762    [001] .....    18.876750: ovldiag_ensure: (ovl_write_iter+0xaf/0x1b0 <- ovl_ensure_upper_and_switch) result=0x0
              dd-7762    [001] .....    18.876766: ovldiag_write: (ovl_write_iter+0x136/0x1b0 <- backing_file_write_iter) result=0x1000
             cat-7763    [000] .....    18.877721: ovldiag_open: (ovl_open+0xb2/0x100 <- ovl_open_realfile) result=0xffff8880070ce100
             cat-7766    [001] .....    18.880118: ovldiag_open: (ovl_open+0xb2/0x100 <- ovl_open_realfile) result=0xffff88800cb24900
             cat-7768    [001] .....    18.881136: ovldiag_open: (ovl_open+0xb2/0x100 <- ovl_open_realfile) result=0xffff8880047f6200
              dd-7767    [001] .....    18.881539: ovldiag_open: (ovl_open+0xb2/0x100 <- ovl_open_realfile) result=0xffff88800ca29d00
              dd-7767    [001] .....    18.881569: ovldiag_ensure: (ovl_write_iter+0xaf/0x1b0 <- ovl_ensure_upper_and_switch) result=0x0
              dd-7767    [001] .....    18.881587: ovldiag_write: (ovl_write_iter+0x136/0x1b0 <- backing_file_write_iter) result=0x1000
             cat-7775    [000] .....    18.885243: ovldiag_open: (ovl_open+0xb2/0x100 <- ovl_open_realfile) result=0xffff888007167900
              dd-7778    [001] .....    18.886976: ovldiag_open: (ovl_open+0xb2/0x100 <- ovl_open_realfile) result=0xffff888004355700
              dd-7778    [001] .....    18.887004: ovldiag_ensure: (ovl_write_iter+0xaf/0x1b0 <- ovl_ensure_upper_and_switch) result=0x0
              dd-7778    [001] .....    18.887020: ovldiag_write: (ovl_write_iter+0x136/0x1b0 <- backing_file_write_iter) result=0x1000
              dd-7779    [001] .....    18.888002: ovldiag_open: (ovl_open+0xb2/0x100 <- ovl_open_realfile) result=0xffff8880073c5c00
              dd-7779    [001] .....    18.888030: ovldiag_ensure: (ovl_write_iter+0xaf/0x1b0 <- ovl_ensure_upper_and_switch) result=0x0
              dd-7779    [001] .....    18.888043: ovldiag_write: (ovl_write_iter+0x136/0x1b0 <- backing_file_write_iter) result=0x1000
             cat-7781    [000] .....    18.888953: ovldiag_open: (ovl_open+0xb2/0x100 <- ovl_open_realfile) result=0xffff8880047f0800
             cat-7783    [001] .....    18.890285: ovldiag_open: (ovl_open+0xb2/0x100 <- ovl_open_realfile) result=0xffff888004530e00
              dd-7786    [001] .....    18.891652: ovldiag_open: (ovl_open+0xb2/0x100 <- ovl_open_realfile) result=0xffff88800c917800
              dd-7786    [001] .....    18.891681: ovldiag_ensure: (ovl_write_iter+0xaf/0x1b0 <- ovl_ensure_upper_and_switch) result=0x0
              dd-7786    [001] .....    18.891697: ovldiag_write: (ovl_write_iter+0x136/0x1b0 <- backing_file_write_iter) result=0x1000
             cat-7788    [001] .....    18.893196: ovldiag_open: (ovl_open+0xb2/0x100 <- ovl_open_realfile) result=0xffff88800716ac00
             cat-7793    [000] .....    18.896105: ovldiag_open: (ovl_open+0xb2/0x100 <- ovl_open_realfile) result=0xffff888004620600
              dd-7794    [001] .....    18.896734: ovldiag_open: (ovl_open+0xb2/0x100 <- ovl_open_realfile) result=0xffff8880061f2600
              dd-7794    [001] .....    18.896761: ovldiag_ensure: (ovl_write_iter+0xaf/0x1b0 <- ovl_ensure_upper_and_switch) result=0x0
              dd-7794    [001] .....    18.896778: ovldiag_write: (ovl_write_iter+0x136/0x1b0 <- backing_file_write_iter) result=0x1000
              dd-7799    [001] .....    18.900481: ovldiag_open: (ovl_open+0xb2/0x100 <- ovl_open_realfile) result=0xffff8880086dd500
              dd-7799    [001] .....    18.900511: ovldiag_ensure: (ovl_write_iter+0xaf/0x1b0 <- ovl_ensure_upper_and_switch) result=0x0
              dd-7799    [001] .....    18.900529: ovldiag_write: (ovl_write_iter+0x136/0x1b0 <- backing_file_write_iter) result=0x1000
             cat-7800    [000] .....    18.900908: ovldiag_open: (ovl_open+0xb2/0x100 <- ovl_open_realfile) result=0xffff888004620800
             cat-7802    [000] .....    18.902222: ovldiag_open: (ovl_open+0xb2/0x100 <- ovl_open_realfile) result=0xffff88800842ac00
              dd-7803    [001] .....    18.902900: ovldiag_open: (ovl_open+0xb2/0x100 <- ovl_open_realfile) result=0xffff888006217900
              dd-7803    [001] .....    18.902928: ovldiag_ensure: (ovl_write_iter+0xaf/0x1b0 <- ovl_ensure_upper_and_switch) result=0x0
              dd-7803    [001] .....    18.902944: ovldiag_write: (ovl_write_iter+0x136/0x1b0 <- backing_file_write_iter) result=0x1000
             cat-7806    [001] .....    18.904348: ovldiag_open: (ovl_open+0xb2/0x100 <- ovl_open_realfile) result=0xffff888004490700
             cat-7811    [000] .....    18.907394: ovldiag_open: (ovl_open+0xb2/0x100 <- ovl_open_realfile) result=0xffff88800842ad00
              dd-7809    [001] .....    18.907737: ovldiag_open: (ovl_open+0xb2/0x100 <- ovl_open_realfile) result=0xffff8880047ec900
              dd-7809    [001] .....    18.907769: ovldiag_ensure: (ovl_write_iter+0xaf/0x1b0 <- ovl_ensure_upper_and_switch) result=0x0
              dd-7809    [001] .....    18.907785: ovldiag_write: (ovl_write_iter+0x136/0x1b0 <- backing_file_write_iter) result=0x1000
              dd-7817    [001] .....    18.911351: ovldiag_open: (ovl_open+0xb2/0x100 <- ovl_open_realfile) result=0xffff8880073c5700
              dd-7817    [001] .....    18.911381: ovldiag_ensure: (ovl_write_iter+0xaf/0x1b0 <- ovl_ensure_upper_and_switch) result=0x0
              dd-7817    [001] .....    18.911398: ovldiag_write: (ovl_write_iter+0x136/0x1b0 <- backing_file_write_iter) result=0x1000
              dd-7819    [001] .....    18.913042: ovldiag_open: (ovl_open+0xb2/0x100 <- ovl_open_realfile) result=0xffff888004530a00
              dd-7819    [001] .....    18.913068: ovldiag_ensure: (ovl_write_iter+0xaf/0x1b0 <- ovl_ensure_upper_and_switch) result=0x0
              dd-7819    [001] .....    18.913084: ovldiag_write: (ovl_write_iter+0x136/0x1b0 <- backing_file_write_iter) result=0x1000
             cat-7820    [000] .....    18.913522: ovldiag_open: (ovl_open+0xb2/0x100 <- ovl_open_realfile) result=0xffff88800dcb8a00
             cat-7823    [000] .....    18.915000: ovldiag_open: (ovl_open+0xb2/0x100 <- ovl_open_realfile) result=0xffff888006318100
             cat-7826    [001] .....    18.917960: ovldiag_open: (ovl_open+0xb2/0x100 <- ovl_open_realfile) result=0xffff8880070cf400
              dd-7829    [000] .....    18.918757: ovldiag_open: (ovl_open+0xb2/0x100 <- ovl_open_realfile) result=0xffff8880045c9700
              dd-7829    [000] .....    18.918785: ovldiag_ensure: (ovl_write_iter+0xaf/0x1b0 <- ovl_ensure_upper_and_switch) result=0x0
              dd-7829    [000] .....    18.918827: ovldiag_write: (ovl_write_iter+0x136/0x1b0 <- backing_file_write_iter) result=0x1000
             cat-7828    [000] .....    18.919744: ovldiag_open: (ovl_open+0xb2/0x100 <- ovl_open_realfile) result=0xffff888004355e00
              dd-7833    [001] .....    18.921747: ovldiag_open: (ovl_open+0xb2/0x100 <- ovl_open_realfile) result=0xffff888008411e00
              dd-7833    [001] .....    18.921775: ovldiag_ensure: (ovl_write_iter+0xaf/0x1b0 <- ovl_ensure_upper_and_switch) result=0x0
              dd-7833    [001] .....    18.921792: ovldiag_write: (ovl_write_iter+0x136/0x1b0 <- backing_file_write_iter) result=0x1000
             cat-7835    [000] .....    18.923626: ovldiag_open: (ovl_open+0xb2/0x100 <- ovl_open_realfile) result=0xffff88800615e600
              dd-7839    [000] .....    18.925280: ovldiag_open: (ovl_open+0xb2/0x100 <- ovl_open_realfile) result=0xffff888008478f00
              dd-7839    [000] .....    18.925311: ovldiag_ensure: (ovl_write_iter+0xaf/0x1b0 <- ovl_ensure_upper_and_switch) result=0x0
              dd-7839    [000] .....    18.925327: ovldiag_write: (ovl_write_iter+0x136/0x1b0 <- backing_file_write_iter) result=0x1000
             cat-7840    [001] .....    18.926629: ovldiag_open: (ovl_open+0xb2/0x100 <- ovl_open_realfile) result=0xffff888006217e00
             cat-7844    [000] .....    18.928439: ovldiag_open: (ovl_open+0xb2/0x100 <- ovl_open_realfile) result=0xffff888004445700
              dd-7843    [001] .....    18.928995: ovldiag_open: (ovl_open+0xb2/0x100 <- ovl_open_realfile) result=0xffff8880086dd100
              dd-7843    [001] .....    18.929024: ovldiag_ensure: (ovl_write_iter+0xaf/0x1b0 <- ovl_ensure_upper_and_switch) result=0x0
              dd-7843    [001] .....    18.929040: ovldiag_write: (ovl_write_iter+0x136/0x1b0 <- backing_file_write_iter) result=0x1000
             cat-7846    [000] .....    18.929899: ovldiag_open: (ovl_open+0xb2/0x100 <- ovl_open_realfile) result=0xffff88800716ac00
              dd-7852    [000] .....    18.932410: ovldiag_open: (ovl_open+0xb2/0x100 <- ovl_open_realfile) result=0xffff888006210b00
              dd-7852    [000] .....    18.932441: ovldiag_ensure: (ovl_write_iter+0xaf/0x1b0 <- ovl_ensure_upper_and_switch) result=0x0
              dd-7852    [000] .....    18.932457: ovldiag_write: (ovl_write_iter+0x136/0x1b0 <- backing_file_write_iter) result=0x1000
             cat-7854    [000] .....    18.934647: ovldiag_open: (ovl_open+0xb2/0x100 <- ovl_open_realfile) result=0xffff888007377600
              dd-7855    [001] .....    18.935344: ovldiag_open: (ovl_open+0xb2/0x100 <- ovl_open_realfile) result=0xffff88800732cc00
              dd-7855    [001] .....    18.935372: ovldiag_ensure: (ovl_write_iter+0xaf/0x1b0 <- ovl_ensure_upper_and_switch) result=0x0
              dd-7855    [001] .....    18.935389: ovldiag_write: (ovl_write_iter+0x136/0x1b0 <- backing_file_write_iter) result=0x1000
              dd-7859    [001] .....    18.938160: ovldiag_open: (ovl_open+0xb2/0x100 <- ovl_open_realfile) result=0xffff8880070d2500
              dd-7859    [001] .....    18.938187: ovldiag_ensure: (ovl_write_iter+0xaf/0x1b0 <- ovl_ensure_upper_and_switch) result=0x0
              dd-7859    [001] .....    18.938204: ovldiag_write: (ovl_write_iter+0x136/0x1b0 <- backing_file_write_iter) result=0x1000
             cat-7862    [000] .....    18.939615: ovldiag_open: (ovl_open+0xb2/0x100 <- ovl_open_realfile) result=0xffff8880045c9700
             cat-7863    [001] .....    18.940328: ovldiag_open: (ovl_open+0xb2/0x100 <- ovl_open_realfile) result=0xffff88800732b200
             cat-7867    [000] .....    18.942437: ovldiag_open: (ovl_open+0xb2/0x100 <- ovl_open_realfile) result=0xffff88800842ab00
              dd-7869    [001] .....    18.944225: ovldiag_open: (ovl_open+0xb2/0x100 <- ovl_open_realfile) result=0xffff888007105000
              dd-7869    [001] .....    18.944268: ovldiag_ensure: (ovl_write_iter+0xaf/0x1b0 <- ovl_ensure_upper_and_switch) result=0x0
              dd-7869    [001] .....    18.944285: ovldiag_write: (ovl_write_iter+0x136/0x1b0 <- backing_file_write_iter) result=0x1000
              dd-7874    [000] .....    18.946760: ovldiag_open: (ovl_open+0xb2/0x100 <- ovl_open_realfile) result=0xffff888004445e00
              dd-7874    [000] .....    18.946791: ovldiag_ensure: (ovl_write_iter+0xaf/0x1b0 <- ovl_ensure_upper_and_switch) result=0x0
              dd-7874    [000] .....    18.946822: ovldiag_write: (ovl_write_iter+0x136/0x1b0 <- backing_file_write_iter) result=0x1000
             cat-7872    [000] .....    18.946958: ovldiag_open: (ovl_open+0xb2/0x100 <- ovl_open_realfile) result=0xffff88800cb84700
              dd-7875    [001] .....    18.947943: ovldiag_open: (ovl_open+0xb2/0x100 <- ovl_open_realfile) result=0xffff8880045f5800
              dd-7875    [001] .....    18.947974: ovldiag_ensure: (ovl_write_iter+0xaf/0x1b0 <- ovl_ensure_upper_and_switch) result=0x0
              dd-7875    [001] .....    18.947990: ovldiag_write: (ovl_write_iter+0x136/0x1b0 <- backing_file_write_iter) result=0x1000
             cat-7879    [001] .....    18.949414: ovldiag_open: (ovl_open+0xb2/0x100 <- ovl_open_realfile) result=0xffff888006217b00
              dd-7882    [000] .....    18.952363: ovldiag_open: (ovl_open+0xb2/0x100 <- ovl_open_realfile) result=0xffff8880061d0b00
              dd-7882    [000] .....    18.952393: ovldiag_ensure: (ovl_write_iter+0xaf/0x1b0 <- ovl_ensure_upper_and_switch) result=0x0
              dd-7882    [000] .....    18.952408: ovldiag_write: (ovl_write_iter+0x136/0x1b0 <- backing_file_write_iter) result=0x1000
             cat-7883    [000] .....    18.953368: ovldiag_open: (ovl_open+0xb2/0x100 <- ovl_open_realfile) result=0xffff88800842ba00
             cat-7885    [001] .....    18.954047: ovldiag_open: (ovl_open+0xb2/0x100 <- ovl_open_realfile) result=0xffff888006210200
              dd-7890    [000] .....    18.957161: ovldiag_open: (ovl_open+0xb2/0x100 <- ovl_open_realfile) result=0xffff888008672d00
              dd-7890    [000] .....    18.957188: ovldiag_ensure: (ovl_write_iter+0xaf/0x1b0 <- ovl_ensure_upper_and_switch) result=0x0
              dd-7890    [000] .....    18.957204: ovldiag_write: (ovl_write_iter+0x136/0x1b0 <- backing_file_write_iter) result=0x1000
             cat-7892    [000] .....    18.958412: ovldiag_open: (ovl_open+0xb2/0x100 <- ovl_open_realfile) result=0xffff8880086dde00
             cat-7895    [001] .....    18.959743: ovldiag_open: (ovl_open+0xb2/0x100 <- ovl_open_realfile) result=0xffff8880046d6500
             cat-7900    [000] .....    18.962694: ovldiag_open: (ovl_open+0xb2/0x100 <- ovl_open_realfile) result=0xffff8880070d2f00
              dd-7898    [000] .....    18.963445: ovldiag_open: (ovl_open+0xb2/0x100 <- ovl_open_realfile) result=0xffff8880045f5500
              dd-7898    [000] .....    18.963472: ovldiag_ensure: (ovl_write_iter+0xaf/0x1b0 <- ovl_ensure_upper_and_switch) result=0x0
              dd-7898    [000] .....    18.963487: ovldiag_write: (ovl_write_iter+0x136/0x1b0 <- backing_file_write_iter) result=0x1000
              dd-7901    [001] .....    18.963710: ovldiag_open: (ovl_open+0xb2/0x100 <- ovl_open_realfile) result=0xffff888006217500
              dd-7901    [001] .....    18.963741: ovldiag_ensure: (ovl_write_iter+0xaf/0x1b0 <- ovl_ensure_upper_and_switch) result=0x0
              dd-7901    [001] .....    18.963758: ovldiag_write: (ovl_write_iter+0x136/0x1b0 <- backing_file_write_iter) result=0x1000
             cat-7904    [001] .....    18.964943: ovldiag_open: (ovl_open+0xb2/0x100 <- ovl_open_realfile) result=0xffff88800de82f00
             cat-7908    [000] .....    18.969050: ovldiag_open: (ovl_open+0xb2/0x100 <- ovl_open_realfile) result=0xffff88800451bd00
              dd-7909    [000] .....    18.969174: ovldiag_open: (ovl_open+0xb2/0x100 <- ovl_open_realfile) result=0xffff8880045c9700
              dd-7909    [000] .....    18.969199: ovldiag_ensure: (ovl_write_iter+0xaf/0x1b0 <- ovl_ensure_upper_and_switch) result=0x0
              dd-7909    [000] .....    18.969215: ovldiag_write: (ovl_write_iter+0x136/0x1b0 <- backing_file_write_iter) result=0x1000
              dd-7913    [001] .....    18.971077: ovldiag_open: (ovl_open+0xb2/0x100 <- ovl_open_realfile) result=0xffff8880061b6000
              dd-7913    [001] .....    18.971105: ovldiag_ensure: (ovl_write_iter+0xaf/0x1b0 <- ovl_ensure_upper_and_switch) result=0x0
              dd-7913    [001] .....    18.971121: ovldiag_write: (ovl_write_iter+0x136/0x1b0 <- backing_file_write_iter) result=0x1000
             cat-7911    [001] .....    18.971364: ovldiag_open: (ovl_open+0xb2/0x100 <- ovl_open_realfile) result=0xffff88800dd05b00
             cat-7918    [001] .....    18.974315: ovldiag_open: (ovl_open+0xb2/0x100 <- ovl_open_realfile) result=0xffff888007154a00
             cat-7921    [000] .....    18.976109: ovldiag_open: (ovl_open+0xb2/0x100 <- ovl_open_realfile) result=0xffff8880086dd100
              dd-7925    [001] .....    18.978666: ovldiag_open: (ovl_open+0xb2/0x100 <- ovl_open_realfile) result=0xffff88800dcc7a00
              dd-7925    [001] .....    18.978693: ovldiag_ensure: (ovl_write_iter+0xaf/0x1b0 <- ovl_ensure_upper_and_switch) result=0x0
              dd-7925    [001] .....    18.978709: ovldiag_write: (ovl_write_iter+0x136/0x1b0 <- backing_file_write_iter) result=0x1000
              dd-7922    [001] .....    18.978959: ovldiag_open: (ovl_open+0xb2/0x100 <- ovl_open_realfile) result=0xffff888007377e00
              dd-7922    [001] .....    18.978981: ovldiag_ensure: (ovl_write_iter+0xaf/0x1b0 <- ovl_ensure_upper_and_switch) result=0x0
              dd-7922    [001] .....    18.978988: ovldiag_write: (ovl_write_iter+0x136/0x1b0 <- backing_file_write_iter) result=0x1000
             cat-7927    [000] .....    18.979301: ovldiag_open: (ovl_open+0xb2/0x100 <- ovl_open_realfile) result=0xffff8880060d7000
             cat-7931    [000] .....    18.982085: ovldiag_open: (ovl_open+0xb2/0x100 <- ovl_open_realfile) result=0xffff88800732a100
              dd-7933    [001] .....    18.983953: ovldiag_open: (ovl_open+0xb2/0x100 <- ovl_open_realfile) result=0xffff888007021900
              dd-7933    [001] .....    18.983982: ovldiag_ensure: (ovl_write_iter+0xaf/0x1b0 <- ovl_ensure_upper_and_switch) result=0x0
              dd-7933    [001] .....    18.983997: ovldiag_write: (ovl_write_iter+0x136/0x1b0 <- backing_file_write_iter) result=0x1000
             cat-7935    [001] .....    18.984974: ovldiag_open: (ovl_open+0xb2/0x100 <- ovl_open_realfile) result=0xffff88800732be00
              dd-7938    [000] .....    18.986715: ovldiag_open: (ovl_open+0xb2/0x100 <- ovl_open_realfile) result=0xffff88800c9d7600
              dd-7938    [000] .....    18.986745: ovldiag_ensure: (ovl_write_iter+0xaf/0x1b0 <- ovl_ensure_upper_and_switch) result=0x0
              dd-7938    [000] .....    18.986761: ovldiag_write: (ovl_write_iter+0x136/0x1b0 <- backing_file_write_iter) result=0x1000
             cat-7941    [001] .....    18.988680: ovldiag_open: (ovl_open+0xb2/0x100 <- ovl_open_realfile) result=0xffff888007105100
             cat-7944    [000] .....    18.989994: ovldiag_open: (ovl_open+0xb2/0x100 <- ovl_open_realfile) result=0xffff888007154500
             cat-7947    [001] .....    18.992448: ovldiag_open: (ovl_open+0xb2/0x100 <- ovl_open_realfile) result=0xffff88800716a800
              dd-7951    [001] .....    18.994108: ovldiag_open: (ovl_open+0xb2/0x100 <- ovl_open_realfile) result=0xffff8880047ff500
              dd-7951    [001] .....    18.994140: ovldiag_ensure: (ovl_write_iter+0xaf/0x1b0 <- ovl_ensure_upper_and_switch) result=0x0
              dd-7951    [001] .....    18.994156: ovldiag_write: (ovl_write_iter+0x136/0x1b0 <- backing_file_write_iter) result=0x1000
              dd-7950    [000] .....    18.995243: ovldiag_open: (ovl_open+0xb2/0x100 <- ovl_open_realfile) result=0xffff888007168e00
              dd-7950    [000] .....    18.995272: ovldiag_ensure: (ovl_write_iter+0xaf/0x1b0 <- ovl_ensure_upper_and_switch) result=0x0
              dd-7950    [000] .....    18.995288: ovldiag_write: (ovl_write_iter+0x136/0x1b0 <- backing_file_write_iter) result=0x1000
             cat-7953    [000] .....    18.996110: ovldiag_open: (ovl_open+0xb2/0x100 <- ovl_open_realfile) result=0xffff88800732b300
             cat-7959    [000] .....    18.998973: ovldiag_open: (ovl_open+0xb2/0x100 <- ovl_open_realfile) result=0xffff888004530600
              dd-7958    [001] .....    18.999603: ovldiag_open: (ovl_open+0xb2/0x100 <- ovl_open_realfile) result=0xffff8880086dda00
              dd-7958    [001] .....    18.999631: ovldiag_ensure: (ovl_write_iter+0xaf/0x1b0 <- ovl_ensure_upper_and_switch) result=0x0
              dd-7958    [001] .....    18.999648: ovldiag_write: (ovl_write_iter+0x136/0x1b0 <- backing_file_write_iter) result=0x1000
             cat-7957    [001] .....    19.000099: ovldiag_open: (ovl_open+0xb2/0x100 <- ovl_open_realfile) result=0xffff88800717b200
              dd-7961    [000] .....    19.001673: ovldiag_open: (ovl_open+0xb2/0x100 <- ovl_open_realfile) result=0xffff888007021b00
              dd-7961    [000] .....    19.001700: ovldiag_ensure: (ovl_write_iter+0xaf/0x1b0 <- ovl_ensure_upper_and_switch) result=0x0
              dd-7961    [000] .....    19.001716: ovldiag_write: (ovl_write_iter+0x136/0x1b0 <- backing_file_write_iter) result=0x1000
             cat-7965    [001] .....    19.003157: ovldiag_open: (ovl_open+0xb2/0x100 <- ovl_open_realfile) result=0xffff8880047ec600
             cat-7971    [000] .....    19.007486: ovldiag_open: (ovl_open+0xb2/0x100 <- ovl_open_realfile) result=0xffff888007154000
              dd-7972    [000] .....    19.008728: ovldiag_open: (ovl_open+0xb2/0x100 <- ovl_open_realfile) result=0xffff8880062a2e00
              dd-7972    [000] .....    19.008755: ovldiag_ensure: (ovl_write_iter+0xaf/0x1b0 <- ovl_ensure_upper_and_switch) result=0x0
              dd-7972    [000] .....    19.008770: ovldiag_write: (ovl_write_iter+0x136/0x1b0 <- backing_file_write_iter) result=0x1000
              dd-7974    [000] .....    19.009731: ovldiag_open: (ovl_open+0xb2/0x100 <- ovl_open_realfile) result=0xffff88800dcc7000
              dd-7974    [000] .....    19.009760: ovldiag_ensure: (ovl_write_iter+0xaf/0x1b0 <- ovl_ensure_upper_and_switch) result=0x0
              dd-7974    [000] .....    19.009772: ovldiag_write: (ovl_write_iter+0x136/0x1b0 <- backing_file_write_iter) result=0x1000
             cat-7980    [001] .....    19.012787: ovldiag_open: (ovl_open+0xb2/0x100 <- ovl_open_realfile) result=0xffff888007021200
             cat-7975    [000] .....    19.012955: ovldiag_open: (ovl_open+0xb2/0x100 <- ovl_open_realfile) result=0xffff888007105700
             cat-7979    [000] .....    19.013631: ovldiag_open: (ovl_open+0xb2/0x100 <- ovl_open_realfile) result=0xffff88800717bd00
              dd-7981    [001] .....    19.014347: ovldiag_open: (ovl_open+0xb2/0x100 <- ovl_open_realfile) result=0xffff888007377000
              dd-7981    [001] .....    19.014376: ovldiag_ensure: (ovl_write_iter+0xaf/0x1b0 <- ovl_ensure_upper_and_switch) result=0x0
              dd-7981    [001] .....    19.014392: ovldiag_write: (ovl_write_iter+0x136/0x1b0 <- backing_file_write_iter) result=0x1000
              dd-7987    [000] .....    19.018202: ovldiag_open: (ovl_open+0xb2/0x100 <- ovl_open_realfile) result=0xffff888007021200
              dd-7987    [000] .....    19.018230: ovldiag_ensure: (ovl_write_iter+0xaf/0x1b0 <- ovl_ensure_upper_and_switch) result=0x0
              dd-7987    [000] .....    19.018255: ovldiag_write: (ovl_write_iter+0x136/0x1b0 <- backing_file_write_iter) result=0x1000
             cat-7989    [001] .....    19.020142: ovldiag_open: (ovl_open+0xb2/0x100 <- ovl_open_realfile) result=0xffff88800842a100
              dd-7994    [001] .....    19.023068: ovldiag_open: (ovl_open+0xb2/0x100 <- ovl_open_realfile) result=0xffff888004355000
              dd-7994    [001] .....    19.023098: ovldiag_ensure: (ovl_write_iter+0xaf/0x1b0 <- ovl_ensure_upper_and_switch) result=0x0
              dd-7994    [001] .....    19.023115: ovldiag_write: (ovl_write_iter+0x136/0x1b0 <- backing_file_write_iter) result=0x1000
              dd-7996    [000] .....    19.024167: ovldiag_open: (ovl_open+0xb2/0x100 <- ovl_open_realfile) result=0xffff8880073c5900
              dd-7996    [000] .....    19.024193: ovldiag_ensure: (ovl_write_iter+0xaf/0x1b0 <- ovl_ensure_upper_and_switch) result=0x0
              dd-7996    [000] .....    19.024209: ovldiag_write: (ovl_write_iter+0x136/0x1b0 <- backing_file_write_iter) result=0x1000
             cat-7995    [001] .....    19.024355: ovldiag_open: (ovl_open+0xb2/0x100 <- ovl_open_realfile) result=0xffff88800723a700
             cat-8001    [000] .....    19.026053: ovldiag_open: (ovl_open+0xb2/0x100 <- ovl_open_realfile) result=0xffff888006162f00
             cat-7999    [001] .....    19.028436: ovldiag_open: (ovl_open+0xb2/0x100 <- ovl_open_realfile) result=0xffff888006327b00
             cat-8005    [000] .....    19.029900: ovldiag_open: (ovl_open+0xb2/0x100 <- ovl_open_realfile) result=0xffff888006162c00
              dd-8007    [000] .....    19.031471: ovldiag_open: (ovl_open+0xb2/0x100 <- ovl_open_realfile) result=0xffff88800c876900
              dd-8007    [000] .....    19.031498: ovldiag_ensure: (ovl_write_iter+0xaf/0x1b0 <- ovl_ensure_upper_and_switch) result=0x0
              dd-8007    [000] .....    19.031514: ovldiag_write: (ovl_write_iter+0x136/0x1b0 <- backing_file_write_iter) result=0x1000
              dd-8003    [001] .....    19.032329: ovldiag_open: (ovl_open+0xb2/0x100 <- ovl_open_realfile) result=0xffff88800de18a00
              dd-8003    [001] .....    19.032366: ovldiag_ensure: (ovl_write_iter+0xaf/0x1b0 <- ovl_ensure_upper_and_switch) result=0x0
              dd-8003    [001] .....    19.032382: ovldiag_write: (ovl_write_iter+0x136/0x1b0 <- backing_file_write_iter) result=0x1000
             cat-8014    [000] .....    19.035876: ovldiag_open: (ovl_open+0xb2/0x100 <- ovl_open_realfile) result=0xffff888004530500
              dd-8016    [001] .....    19.037609: ovldiag_open: (ovl_open+0xb2/0x100 <- ovl_open_realfile) result=0xffff888007168c00
              dd-8016    [001] .....    19.037640: ovldiag_ensure: (ovl_write_iter+0xaf/0x1b0 <- ovl_ensure_upper_and_switch) result=0x0
              dd-8016    [001] .....    19.037656: ovldiag_write: (ovl_write_iter+0x136/0x1b0 <- backing_file_write_iter) result=0x1000
             cat-8018    [001] .....    19.039119: ovldiag_open: (ovl_open+0xb2/0x100 <- ovl_open_realfile) result=0xffff88800842a300
              dd-8020    [001] .....    19.040511: ovldiag_open: (ovl_open+0xb2/0x100 <- ovl_open_realfile) result=0xffff88800a209e00
              dd-8020    [001] .....    19.040539: ovldiag_ensure: (ovl_write_iter+0xaf/0x1b0 <- ovl_ensure_upper_and_switch) result=0x0
              dd-8020    [001] .....    19.040554: ovldiag_write: (ovl_write_iter+0x136/0x1b0 <- backing_file_write_iter) result=0x1000
             cat-8021    [000] .....    19.040638: ovldiag_open: (ovl_open+0xb2/0x100 <- ovl_open_realfile) result=0xffff8880060e9900
             cat-8023    [000] .....    19.042316: ovldiag_open: (ovl_open+0xb2/0x100 <- ovl_open_realfile) result=0xffff8880073c5900
             cat-8029    [000] .....    19.045380: ovldiag_open: (ovl_open+0xb2/0x100 <- ovl_open_realfile) result=0xffff88800716a200
              dd-8032    [001] .....    19.047374: ovldiag_open: (ovl_open+0xb2/0x100 <- ovl_open_realfile) result=0xffff8880086dd100
              dd-8032    [001] .....    19.047405: ovldiag_ensure: (ovl_write_iter+0xaf/0x1b0 <- ovl_ensure_upper_and_switch) result=0x0
              dd-8032    [001] .....    19.047421: ovldiag_write: (ovl_write_iter+0x136/0x1b0 <- backing_file_write_iter) result=0x1000
              dd-8031    [000] .....    19.048290: ovldiag_open: (ovl_open+0xb2/0x100 <- ovl_open_realfile) result=0xffff88800de8b900
              dd-8031    [000] .....    19.048320: ovldiag_ensure: (ovl_write_iter+0xaf/0x1b0 <- ovl_ensure_upper_and_switch) result=0x0
              dd-8031    [000] .....    19.048335: ovldiag_write: (ovl_write_iter+0x136/0x1b0 <- backing_file_write_iter) result=0x1000
              dd-8037    [001] .....    19.050607: ovldiag_open: (ovl_open+0xb2/0x100 <- ovl_open_realfile) result=0xffff888004355700
              dd-8037    [001] .....    19.050636: ovldiag_ensure: (ovl_write_iter+0xaf/0x1b0 <- ovl_ensure_upper_and_switch) result=0x0
              dd-8037    [001] .....    19.050653: ovldiag_write: (ovl_write_iter+0x136/0x1b0 <- backing_file_write_iter) result=0x1000
             cat-8038    [000] .....    19.051380: ovldiag_open: (ovl_open+0xb2/0x100 <- ovl_open_realfile) result=0xffff888003cd0800
             cat-8041    [000] .....    19.052923: ovldiag_open: (ovl_open+0xb2/0x100 <- ovl_open_realfile) result=0xffff8880060eaf00
              dd-8044    [000] .....    19.054737: ovldiag_open: (ovl_open+0xb2/0x100 <- ovl_open_realfile) result=0xffff888004530400
              dd-8044    [000] .....    19.054765: ovldiag_ensure: (ovl_write_iter+0xaf/0x1b0 <- ovl_ensure_upper_and_switch) result=0x0
              dd-8044    [000] .....    19.054782: ovldiag_write: (ovl_write_iter+0x136/0x1b0 <- backing_file_write_iter) result=0x1000
             cat-8045    [001] .....    19.055420: ovldiag_open: (ovl_open+0xb2/0x100 <- ovl_open_realfile) result=0xffff888006318500
             cat-8048    [000] .....    19.058109: ovldiag_open: (ovl_open+0xb2/0x100 <- ovl_open_realfile) result=0xffff8880046d6500
              dd-8052    [001] .....    19.060595: ovldiag_open: (ovl_open+0xb2/0x100 <- ovl_open_realfile) result=0xffff88800717bd00
              dd-8052    [001] .....    19.060626: ovldiag_ensure: (ovl_write_iter+0xaf/0x1b0 <- ovl_ensure_upper_and_switch) result=0x0
              dd-8052    [001] .....    19.060642: ovldiag_write: (ovl_write_iter+0x136/0x1b0 <- backing_file_write_iter) result=0x1000
              dd-8054    [000] .....    19.061955: ovldiag_open: (ovl_open+0xb2/0x100 <- ovl_open_realfile) result=0xffff8880047ff500
             cat-8055    [001] .....    19.061970: ovldiag_open: (ovl_open+0xb2/0x100 <- ovl_open_realfile) result=0xffff888006153d00
              dd-8054    [000] .....    19.061982: ovldiag_ensure: (ovl_write_iter+0xaf/0x1b0 <- ovl_ensure_upper_and_switch) result=0x0
              dd-8054    [000] .....    19.061998: ovldiag_write: (ovl_write_iter+0x136/0x1b0 <- backing_file_write_iter) result=0x1000
              dd-8059    [000] .....    19.064571: ovldiag_open: (ovl_open+0xb2/0x100 <- ovl_open_realfile) result=0xffff888007105a00
              dd-8059    [000] .....    19.064598: ovldiag_ensure: (ovl_write_iter+0xaf/0x1b0 <- ovl_ensure_upper_and_switch) result=0x0
              dd-8059    [000] .....    19.064614: ovldiag_write: (ovl_write_iter+0x136/0x1b0 <- backing_file_write_iter) result=0x1000
             cat-8060    [001] .....    19.065515: ovldiag_open: (ovl_open+0xb2/0x100 <- ovl_open_realfile) result=0xffff888007167800
             cat-8062    [001] .....    19.066528: ovldiag_open: (ovl_open+0xb2/0x100 <- ovl_open_realfile) result=0xffff888004355700
             cat-8064    [001] .....    19.067738: ovldiag_open: (ovl_open+0xb2/0x100 <- ovl_open_realfile) result=0xffff8880060f1100
              dd-8066    [001] .....    19.068739: ovldiag_open: (ovl_open+0xb2/0x100 <- ovl_open_realfile) result=0xffff888006210a00
              dd-8066    [001] .....    19.068770: ovldiag_ensure: (ovl_write_iter+0xaf/0x1b0 <- ovl_ensure_upper_and_switch) result=0x0
              dd-8066    [001] .....    19.068785: ovldiag_write: (ovl_write_iter+0x136/0x1b0 <- backing_file_write_iter) result=0x1000
             cat-8073    [000] .....    19.073493: ovldiag_open: (ovl_open+0xb2/0x100 <- ovl_open_realfile) result=0xffff88800cae0b00
              dd-8074    [001] .....    19.074688: ovldiag_open: (ovl_open+0xb2/0x100 <- ovl_open_realfile) result=0xffff8880047ec900
              dd-8074    [001] .....    19.074719: ovldiag_ensure: (ovl_write_iter+0xaf/0x1b0 <- ovl_ensure_upper_and_switch) result=0x0
              dd-8074    [001] .....    19.074735: ovldiag_write: (ovl_write_iter+0x136/0x1b0 <- backing_file_write_iter) result=0x1000
              dd-8075    [001] .....    19.075720: ovldiag_open: (ovl_open+0xb2/0x100 <- ovl_open_realfile) result=0xffff88800451b700
              dd-8075    [001] .....    19.075748: ovldiag_ensure: (ovl_write_iter+0xaf/0x1b0 <- ovl_ensure_upper_and_switch) result=0x0
              dd-8075    [001] .....    19.075760: ovldiag_write: (ovl_write_iter+0x136/0x1b0 <- backing_file_write_iter) result=0x1000
             cat-8078    [000] .....    19.076669: ovldiag_open: (ovl_open+0xb2/0x100 <- ovl_open_realfile) result=0xffff88800732a700
             cat-8083    [000] .....    19.079678: ovldiag_open: (ovl_open+0xb2/0x100 <- ovl_open_realfile) result=0xffff88800dd32100
              dd-8082    [001] .....    19.079754: ovldiag_open: (ovl_open+0xb2/0x100 <- ovl_open_realfile) result=0xffff88800dcfef00
              dd-8082    [001] .....    19.079781: ovldiag_ensure: (ovl_write_iter+0xaf/0x1b0 <- ovl_ensure_upper_and_switch) result=0x0
              dd-8082    [001] .....    19.079797: ovldiag_write: (ovl_write_iter+0x136/0x1b0 <- backing_file_write_iter) result=0x1000
             cat-8084    [000] .....    19.081066: ovldiag_open: (ovl_open+0xb2/0x100 <- ovl_open_realfile) result=0xffff888007374e00
              dd-8089    [001] .....    19.083731: ovldiag_open: (ovl_open+0xb2/0x100 <- ovl_open_realfile) result=0xffff88800dd08900
              dd-8089    [001] .....    19.083759: ovldiag_ensure: (ovl_write_iter+0xaf/0x1b0 <- ovl_ensure_upper_and_switch) result=0x0
              dd-8089    [001] .....    19.083776: ovldiag_write: (ovl_write_iter+0x136/0x1b0 <- backing_file_write_iter) result=0x1000
             cat-8091    [000] .....    19.084657: ovldiag_open: (ovl_open+0xb2/0x100 <- ovl_open_realfile) result=0xffff888004355700
             cat-8095    [001] .....    19.087707: ovldiag_open: (ovl_open+0xb2/0x100 <- ovl_open_realfile) result=0xffff888007105400
              dd-8097    [000] .....    19.088933: ovldiag_open: (ovl_open+0xb2/0x100 <- ovl_open_realfile) result=0xffff88800a2b2e00
              dd-8097    [000] .....    19.088960: ovldiag_ensure: (ovl_write_iter+0xaf/0x1b0 <- ovl_ensure_upper_and_switch) result=0x0
              dd-8097    [000] .....    19.088976: ovldiag_write: (ovl_write_iter+0x136/0x1b0 <- backing_file_write_iter) result=0x1000
             cat-8101    [000] .....    19.091201: ovldiag_open: (ovl_open+0xb2/0x100 <- ovl_open_realfile) result=0xffff8880047f6100
              dd-8099    [001] .....    19.091614: ovldiag_open: (ovl_open+0xb2/0x100 <- ovl_open_realfile) result=0xffff888007105200
              dd-8099    [001] .....    19.091642: ovldiag_ensure: (ovl_write_iter+0xaf/0x1b0 <- ovl_ensure_upper_and_switch) result=0x0
              dd-8099    [001] .....    19.091660: ovldiag_write: (ovl_write_iter+0x136/0x1b0 <- backing_file_write_iter) result=0x1000
             cat-8105    [001] .....    19.093918: ovldiag_open: (ovl_open+0xb2/0x100 <- ovl_open_realfile) result=0xffff888006217f00
              dd-8107    [000] .....    19.094702: ovldiag_open: (ovl_open+0xb2/0x100 <- ovl_open_realfile) result=0xffff888007154900
              dd-8107    [000] .....    19.094732: ovldiag_ensure: (ovl_write_iter+0xaf/0x1b0 <- ovl_ensure_upper_and_switch) result=0x0
              dd-8107    [000] .....    19.094747: ovldiag_write: (ovl_write_iter+0x136/0x1b0 <- backing_file_write_iter) result=0x1000
             cat-8108    [000] .....    19.096108: ovldiag_open: (ovl_open+0xb2/0x100 <- ovl_open_realfile) result=0xffff8880073c5800
              dd-8110    [001] .....    19.098353: ovldiag_open: (ovl_open+0xb2/0x100 <- ovl_open_realfile) result=0xffff888004490700
              dd-8110    [001] .....    19.098382: ovldiag_ensure: (ovl_write_iter+0xaf/0x1b0 <- ovl_ensure_upper_and_switch) result=0x0
              dd-8110    [001] .....    19.098398: ovldiag_write: (ovl_write_iter+0x136/0x1b0 <- backing_file_write_iter) result=0x1000
             cat-8114    [000] .....    19.099606: ovldiag_open: (ovl_open+0xb2/0x100 <- ovl_open_realfile) result=0xffff88800caf0100
              dd-8118    [001] .....    19.101958: ovldiag_open: (ovl_open+0xb2/0x100 <- ovl_open_realfile) result=0xffff88800ca4af00
              dd-8118    [001] .....    19.101988: ovldiag_ensure: (ovl_write_iter+0xaf/0x1b0 <- ovl_ensure_upper_and_switch) result=0x0
              dd-8118    [001] .....    19.102005: ovldiag_write: (ovl_write_iter+0x136/0x1b0 <- backing_file_write_iter) result=0x1000
             cat-8119    [000] .....    19.102383: ovldiag_open: (ovl_open+0xb2/0x100 <- ovl_open_realfile) result=0xffff8880045f5600
              dd-8123    [001] .....    19.105276: ovldiag_open: (ovl_open+0xb2/0x100 <- ovl_open_realfile) result=0xffff888007377100
              dd-8123    [001] .....    19.105304: ovldiag_ensure: (ovl_write_iter+0xaf/0x1b0 <- ovl_ensure_upper_and_switch) result=0x0
              dd-8123    [001] .....    19.105320: ovldiag_write: (ovl_write_iter+0x136/0x1b0 <- backing_file_write_iter) result=0x1000
             cat-8125    [000] .....    19.106196: ovldiag_open: (ovl_open+0xb2/0x100 <- ovl_open_realfile) result=0xffff888007154e00
             cat-8126    [000] .....    19.107281: ovldiag_open: (ovl_open+0xb2/0x100 <- ovl_open_realfile) result=0xffff8880070ce900
             cat-8132    [001] .....    19.110465: ovldiag_open: (ovl_open+0xb2/0x100 <- ovl_open_realfile) result=0xffff8880073c5c00
              dd-8133    [000] .....    19.111037: ovldiag_open: (ovl_open+0xb2/0x100 <- ovl_open_realfile) result=0xffff88800ddbed00
              dd-8133    [000] .....    19.111065: ovldiag_ensure: (ovl_write_iter+0xaf/0x1b0 <- ovl_ensure_upper_and_switch) result=0x0
              dd-8133    [000] .....    19.111081: ovldiag_write: (ovl_write_iter+0x136/0x1b0 <- backing_file_write_iter) result=0x1000
             cat-8135    [000] .....    19.113409: ovldiag_open: (ovl_open+0xb2/0x100 <- ovl_open_realfile) result=0xffff8880086dd600
              dd-8138    [001] .....    19.114088: ovldiag_open: (ovl_open+0xb2/0x100 <- ovl_open_realfile) result=0xffff888007105b00
              dd-8138    [001] .....    19.114119: ovldiag_ensure: (ovl_write_iter+0xaf/0x1b0 <- ovl_ensure_upper_and_switch) result=0x0
              dd-8138    [001] .....    19.114136: ovldiag_write: (ovl_write_iter+0x136/0x1b0 <- backing_file_write_iter) result=0x1000
              dd-8141    [001] .....    19.115603: ovldiag_open: (ovl_open+0xb2/0x100 <- ovl_open_realfile) result=0xffff888006210500
              dd-8141    [001] .....    19.115633: ovldiag_ensure: (ovl_write_iter+0xaf/0x1b0 <- ovl_ensure_upper_and_switch) result=0x0
              dd-8141    [001] .....    19.115648: ovldiag_write: (ovl_write_iter+0x136/0x1b0 <- backing_file_write_iter) result=0x1000
             cat-8142    [001] .....    19.116833: ovldiag_open: (ovl_open+0xb2/0x100 <- ovl_open_realfile) result=0xffff888008411d00
             cat-8144    [000] .....    19.118110: ovldiag_open: (ovl_open+0xb2/0x100 <- ovl_open_realfile) result=0xffff88800ddfe000
             cat-8149    [001] .....    19.120787: ovldiag_open: (ovl_open+0xb2/0x100 <- ovl_open_realfile) result=0xffff888003cd0700
              dd-8148    [001] .....    19.121621: ovldiag_open: (ovl_open+0xb2/0x100 <- ovl_open_realfile) result=0xffff8880086b3f00
              dd-8148    [001] .....    19.121651: ovldiag_ensure: (ovl_write_iter+0xaf/0x1b0 <- ovl_ensure_upper_and_switch) result=0x0
              dd-8148    [001] .....    19.121697: ovldiag_write: (ovl_write_iter+0x136/0x1b0 <- backing_file_write_iter) result=0x1000
              dd-8155    [000] .....    19.124405: ovldiag_open: (ovl_open+0xb2/0x100 <- ovl_open_realfile) result=0xffff888006217900
              dd-8155    [000] .....    19.124432: ovldiag_ensure: (ovl_write_iter+0xaf/0x1b0 <- ovl_ensure_upper_and_switch) result=0x0
              dd-8155    [000] .....    19.124447: ovldiag_write: (ovl_write_iter+0x136/0x1b0 <- backing_file_write_iter) result=0x1000
             cat-8154    [001] .....    19.124752: ovldiag_open: (ovl_open+0xb2/0x100 <- ovl_open_realfile) result=0xffff8880061c9500
             cat-8159    [001] .....    19.126916: ovldiag_open: (ovl_open+0xb2/0x100 <- ovl_open_realfile) result=0xffff8880047ff100
              dd-8160    [000] .....    19.128261: ovldiag_open: (ovl_open+0xb2/0x100 <- ovl_open_realfile) result=0xffff8880061fd000
              dd-8160    [000] .....    19.128291: ovldiag_ensure: (ovl_write_iter+0xaf/0x1b0 <- ovl_ensure_upper_and_switch) result=0x0
              dd-8160    [000] .....    19.128305: ovldiag_write: (ovl_write_iter+0x136/0x1b0 <- backing_file_write_iter) result=0x1000
             cat-8162    [000] .....    19.129675: ovldiag_open: (ovl_open+0xb2/0x100 <- ovl_open_realfile) result=0xffff888006217b00
              dd-8165    [001] .....    19.130821: ovldiag_open: (ovl_open+0xb2/0x100 <- ovl_open_realfile) result=0xffff888004697f00
              dd-8165    [001] .....    19.130850: ovldiag_ensure: (ovl_write_iter+0xaf/0x1b0 <- ovl_ensure_upper_and_switch) result=0x0
              dd-8165    [001] .....    19.130866: ovldiag_write: (ovl_write_iter+0x136/0x1b0 <- backing_file_write_iter) result=0x1000
             cat-8169    [000] .....    19.133107: ovldiag_open: (ovl_open+0xb2/0x100 <- ovl_open_realfile) result=0xffff888007167500
              dd-8172    [000] .....    19.134516: ovldiag_open: (ovl_open+0xb2/0x100 <- ovl_open_realfile) result=0xffff88800a377800
              dd-8172    [000] .....    19.134544: ovldiag_ensure: (ovl_write_iter+0xaf/0x1b0 <- ovl_ensure_upper_and_switch) result=0x0
              dd-8172    [000] .....    19.134559: ovldiag_write: (ovl_write_iter+0x136/0x1b0 <- backing_file_write_iter) result=0x1000
              dd-8174    [000] .....    19.136884: ovldiag_open: (ovl_open+0xb2/0x100 <- ovl_open_realfile) result=0xffff88800ca3a900
              dd-8174    [000] .....    19.136911: ovldiag_ensure: (ovl_write_iter+0xaf/0x1b0 <- ovl_ensure_upper_and_switch) result=0x0
              dd-8174    [000] .....    19.136926: ovldiag_write: (ovl_write_iter+0x136/0x1b0 <- backing_file_write_iter) result=0x1000
             cat-8176    [001] .....    19.137669: ovldiag_open: (ovl_open+0xb2/0x100 <- ovl_open_realfile) result=0xffff8880073c5500
             cat-8177    [000] .....    19.138168: ovldiag_open: (ovl_open+0xb2/0x100 <- ovl_open_realfile) result=0xffff8880061fd100
             cat-8182    [001] .....    19.141178: ovldiag_open: (ovl_open+0xb2/0x100 <- ovl_open_realfile) result=0xffff88800702a300
              dd-8185    [000] .....    19.143200: ovldiag_open: (ovl_open+0xb2/0x100 <- ovl_open_realfile) result=0xffff88800842ba00
              dd-8185    [000] .....    19.143231: ovldiag_ensure: (ovl_write_iter+0xaf/0x1b0 <- ovl_ensure_upper_and_switch) result=0x0
              dd-8185    [000] .....    19.143259: ovldiag_write: (ovl_write_iter+0x136/0x1b0 <- backing_file_write_iter) result=0x1000
              dd-8188    [001] .....    19.144712: ovldiag_open: (ovl_open+0xb2/0x100 <- ovl_open_realfile) result=0xffff88800732a000
              dd-8188    [001] .....    19.144739: ovldiag_ensure: (ovl_write_iter+0xaf/0x1b0 <- ovl_ensure_upper_and_switch) result=0x0
              dd-8188    [001] .....    19.144756: ovldiag_write: (ovl_write_iter+0x136/0x1b0 <- backing_file_write_iter) result=0x1000
             cat-8189    [001] .....    19.145737: ovldiag_open: (ovl_open+0xb2/0x100 <- ovl_open_realfile) result=0xffff8880062a2e00
              dd-8192    [000] .....    19.147686: ovldiag_open: (ovl_open+0xb2/0x100 <- ovl_open_realfile) result=0xffff888007168300
              dd-8192    [000] .....    19.147713: ovldiag_ensure: (ovl_write_iter+0xaf/0x1b0 <- ovl_ensure_upper_and_switch) result=0x0
              dd-8192    [000] .....    19.147729: ovldiag_write: (ovl_write_iter+0x136/0x1b0 <- backing_file_write_iter) result=0x1000
             cat-8193    [001] .....    19.148198: ovldiag_open: (ovl_open+0xb2/0x100 <- ovl_open_realfile) result=0xffff888007374e00
             cat-8194    [000] .....    19.148889: ovldiag_open: (ovl_open+0xb2/0x100 <- ovl_open_realfile) result=0xffff88800a2cab00
             cat-8199    [000] .....    19.151209: ovldiag_open: (ovl_open+0xb2/0x100 <- ovl_open_realfile) result=0xffff88800702a900
              dd-8200    [000] .....    19.152451: ovldiag_open: (ovl_open+0xb2/0x100 <- ovl_open_realfile) result=0xffff88800dd64c00
              dd-8200    [000] .....    19.152481: ovldiag_ensure: (ovl_write_iter+0xaf/0x1b0 <- ovl_ensure_upper_and_switch) result=0x0
              dd-8200    [000] .....    19.152496: ovldiag_write: (ovl_write_iter+0x136/0x1b0 <- backing_file_write_iter) result=0x1000
              dd-8206    [000] .....    19.156029: ovldiag_open: (ovl_open+0xb2/0x100 <- ovl_open_realfile) result=0xffff8880070d2200
              dd-8206    [000] .....    19.156058: ovldiag_ensure: (ovl_write_iter+0xaf/0x1b0 <- ovl_ensure_upper_and_switch) result=0x0
              dd-8206    [000] .....    19.156074: ovldiag_write: (ovl_write_iter+0x136/0x1b0 <- backing_file_write_iter) result=0x1000
             cat-8207    [001] .....    19.156714: ovldiag_open: (ovl_open+0xb2/0x100 <- ovl_open_realfile) result=0xffff888004697900
              dd-8209    [000] .....    19.157508: ovldiag_open: (ovl_open+0xb2/0x100 <- ovl_open_realfile) result=0xffff88800deafa00
              dd-8209    [000] .....    19.157535: ovldiag_ensure: (ovl_write_iter+0xaf/0x1b0 <- ovl_ensure_upper_and_switch) result=0x0
              dd-8209    [000] .....    19.157550: ovldiag_write: (ovl_write_iter+0x136/0x1b0 <- backing_file_write_iter) result=0x1000
             cat-8212    [001] .....    19.159955: ovldiag_open: (ovl_open+0xb2/0x100 <- ovl_open_realfile) result=0xffff88800732a600
             cat-8214    [000] .....    19.160526: ovldiag_open: (ovl_open+0xb2/0x100 <- ovl_open_realfile) result=0xffff88800842a000
              dd-8215    [000] .....    19.163303: ovldiag_open: (ovl_open+0xb2/0x100 <- ovl_open_realfile) result=0xffff88800842ba00
              dd-8215    [000] .....    19.163333: ovldiag_ensure: (ovl_write_iter+0xaf/0x1b0 <- ovl_ensure_upper_and_switch) result=0x0
              dd-8215    [000] .....    19.163348: ovldiag_write: (ovl_write_iter+0x136/0x1b0 <- backing_file_write_iter) result=0x1000
             cat-8218    [001] .....    19.163580: ovldiag_open: (ovl_open+0xb2/0x100 <- ovl_open_realfile) result=0xffff8880047f0f00
              dd-8223    [000] .....    19.166859: ovldiag_open: (ovl_open+0xb2/0x100 <- ovl_open_realfile) result=0xffff88800dcb2100
              dd-8223    [000] .....    19.166887: ovldiag_ensure: (ovl_write_iter+0xaf/0x1b0 <- ovl_ensure_upper_and_switch) result=0x0
              dd-8223    [000] .....    19.166902: ovldiag_write: (ovl_write_iter+0x136/0x1b0 <- backing_file_write_iter) result=0x1000
             cat-8225    [001] .....    19.167738: ovldiag_open: (ovl_open+0xb2/0x100 <- ovl_open_realfile) result=0xffff888004530f00
              dd-8228    [000] .....    19.169427: ovldiag_open: (ovl_open+0xb2/0x100 <- ovl_open_realfile) result=0xffff8880045d1300
              dd-8228    [000] .....    19.169453: ovldiag_ensure: (ovl_write_iter+0xaf/0x1b0 <- ovl_ensure_upper_and_switch) result=0x0
              dd-8228    [000] .....    19.169470: ovldiag_write: (ovl_write_iter+0x136/0x1b0 <- backing_file_write_iter) result=0x1000
              dd-8231    [001] .....    19.171713: ovldiag_open: (ovl_open+0xb2/0x100 <- ovl_open_realfile) result=0xffff88800de51000
              dd-8231    [001] .....    19.171744: ovldiag_ensure: (ovl_write_iter+0xaf/0x1b0 <- ovl_ensure_upper_and_switch) result=0x0
              dd-8231    [001] .....    19.171760: ovldiag_write: (ovl_write_iter+0x136/0x1b0 <- backing_file_write_iter) result=0x1000
             cat-8232    [000] .....    19.171868: ovldiag_open: (ovl_open+0xb2/0x100 <- ovl_open_realfile) result=0xffff88800cb9e600
             cat-8235    [001] .....    19.173679: ovldiag_open: (ovl_open+0xb2/0x100 <- ovl_open_realfile) result=0xffff888006210200
             cat-8237    [001] .....    19.175557: ovldiag_open: (ovl_open+0xb2/0x100 <- ovl_open_realfile) result=0xffff8880070cea00
              dd-8240    [001] .....    19.177852: ovldiag_open: (ovl_open+0xb2/0x100 <- ovl_open_realfile) result=0xffff88800842ac00
              dd-8240    [001] .....    19.177880: ovldiag_ensure: (ovl_write_iter+0xaf/0x1b0 <- ovl_ensure_upper_and_switch) result=0x0
              dd-8240    [001] .....    19.177896: ovldiag_write: (ovl_write_iter+0x136/0x1b0 <- backing_file_write_iter) result=0x1000
             cat-8242    [000] .....    19.178111: ovldiag_open: (ovl_open+0xb2/0x100 <- ovl_open_realfile) result=0xffff88800844c600
              dd-8244    [000] .....    19.180796: ovldiag_open: (ovl_open+0xb2/0x100 <- ovl_open_realfile) result=0xffff888007154500
              dd-8244    [000] .....    19.180851: ovldiag_ensure: (ovl_write_iter+0xaf/0x1b0 <- ovl_ensure_upper_and_switch) result=0x0
              dd-8244    [000] .....    19.180867: ovldiag_write: (ovl_write_iter+0x136/0x1b0 <- backing_file_write_iter) result=0x1000
             cat-8249    [001] .....    19.183372: ovldiag_open: (ovl_open+0xb2/0x100 <- ovl_open_realfile) result=0xffff888004578700
             cat-8250    [000] .....    19.184216: ovldiag_open: (ovl_open+0xb2/0x100 <- ovl_open_realfile) result=0xffff88800716ae00
              dd-8251    [000] .....    19.185040: ovldiag_open: (ovl_open+0xb2/0x100 <- ovl_open_realfile) result=0xffff8880046d6900
              dd-8251    [000] .....    19.185067: ovldiag_ensure: (ovl_write_iter+0xaf/0x1b0 <- ovl_ensure_upper_and_switch) result=0x0
              dd-8251    [000] .....    19.185083: ovldiag_write: (ovl_write_iter+0x136/0x1b0 <- backing_file_write_iter) result=0x1000
              dd-8254    [001] .....    19.185750: ovldiag_open: (ovl_open+0xb2/0x100 <- ovl_open_realfile) result=0xffff8880070d2200
              dd-8254    [001] .....    19.185781: ovldiag_ensure: (ovl_write_iter+0xaf/0x1b0 <- ovl_ensure_upper_and_switch) result=0x0
              dd-8254    [001] .....    19.185797: ovldiag_write: (ovl_write_iter+0x136/0x1b0 <- backing_file_write_iter) result=0x1000
             cat-8258    [000] .....    19.188550: ovldiag_open: (ovl_open+0xb2/0x100 <- ovl_open_realfile) result=0xffff8880086ddb00
             cat-8260    [001] .....    19.189421: ovldiag_open: (ovl_open+0xb2/0x100 <- ovl_open_realfile) result=0xffff88800716af00
              dd-8264    [001] .....    19.192513: ovldiag_open: (ovl_open+0xb2/0x100 <- ovl_open_realfile) result=0xffff888007377000
              dd-8264    [001] .....    19.192544: ovldiag_ensure: (ovl_write_iter+0xaf/0x1b0 <- ovl_ensure_upper_and_switch) result=0x0
              dd-8264    [001] .....    19.192573: ovldiag_write: (ovl_write_iter+0x136/0x1b0 <- backing_file_write_iter) result=0x1000
             cat-8267    [000] .....    19.194043: ovldiag_open: (ovl_open+0xb2/0x100 <- ovl_open_realfile) result=0xffff8880070d2f00
              dd-8268    [001] .....    19.194883: ovldiag_open: (ovl_open+0xb2/0x100 <- ovl_open_realfile) result=0xffff888004530e00
              dd-8268    [001] .....    19.194911: ovldiag_ensure: (ovl_write_iter+0xaf/0x1b0 <- ovl_ensure_upper_and_switch) result=0x0
              dd-8268    [001] .....    19.194926: ovldiag_write: (ovl_write_iter+0x136/0x1b0 <- backing_file_write_iter) result=0x1000
             cat-8271    [000] .....    19.196888: ovldiag_open: (ovl_open+0xb2/0x100 <- ovl_open_realfile) result=0xffff8880046d6900
              dd-8273    [000] .....    19.198139: ovldiag_open: (ovl_open+0xb2/0x100 <- ovl_open_realfile) result=0xffff888007105500
              dd-8273    [000] .....    19.198167: ovldiag_ensure: (ovl_write_iter+0xaf/0x1b0 <- ovl_ensure_upper_and_switch) result=0x0
              dd-8273    [000] .....    19.198182: ovldiag_write: (ovl_write_iter+0x136/0x1b0 <- backing_file_write_iter) result=0x1000
             cat-8275    [000] .....    19.199617: ovldiag_open: (ovl_open+0xb2/0x100 <- ovl_open_realfile) result=0xffff88800dcf3900
              dd-8277    [001] .....    19.199896: ovldiag_open: (ovl_open+0xb2/0x100 <- ovl_open_realfile) result=0xffff888006102f00
              dd-8277    [001] .....    19.199927: ovldiag_ensure: (ovl_write_iter+0xaf/0x1b0 <- ovl_ensure_upper_and_switch) result=0x0
              dd-8277    [001] .....    19.199944: ovldiag_write: (ovl_write_iter+0x136/0x1b0 <- backing_file_write_iter) result=0x1000
             cat-8276    [000] .....    19.200873: ovldiag_open: (ovl_open+0xb2/0x100 <- ovl_open_realfile) result=0xffff888007167100
             cat-8284    [000] .....    19.204264: ovldiag_open: (ovl_open+0xb2/0x100 <- ovl_open_realfile) result=0xffff88800451bd00
              dd-8287    [001] .....    19.206866: ovldiag_open: (ovl_open+0xb2/0x100 <- ovl_open_realfile) result=0xffff888006210b00
              dd-8287    [001] .....    19.206897: ovldiag_ensure: (ovl_write_iter+0xaf/0x1b0 <- ovl_ensure_upper_and_switch) result=0x0
              dd-8287    [001] .....    19.206914: ovldiag_write: (ovl_write_iter+0x136/0x1b0 <- backing_file_write_iter) result=0x1000
              dd-8290    [000] .....    19.208272: ovldiag_open: (ovl_open+0xb2/0x100 <- ovl_open_realfile) result=0xffff8880047f6200
              dd-8290    [000] .....    19.208302: ovldiag_ensure: (ovl_write_iter+0xaf/0x1b0 <- ovl_ensure_upper_and_switch) result=0x0
              dd-8290    [000] .....    19.208318: ovldiag_write: (ovl_write_iter+0x136/0x1b0 <- backing_file_write_iter) result=0x1000
             cat-8292    [000] .....    19.209635: ovldiag_open: (ovl_open+0xb2/0x100 <- ovl_open_realfile) result=0xffff88800716a100
             cat-8293    [001] .....    19.210635: ovldiag_open: (ovl_open+0xb2/0x100 <- ovl_open_realfile) result=0xffff8880062a2a00
              dd-8299    [001] .....    19.213726: ovldiag_open: (ovl_open+0xb2/0x100 <- ovl_open_realfile) result=0xffff888006106700
             cat-8298    [000] .....    19.213736: ovldiag_open: (ovl_open+0xb2/0x100 <- ovl_open_realfile) result=0xffff88800dde2e00
              dd-8299    [001] .....    19.213755: ovldiag_ensure: (ovl_write_iter+0xaf/0x1b0 <- ovl_ensure_upper_and_switch) result=0x0
              dd-8299    [001] .....    19.213772: ovldiag_write: (ovl_write_iter+0x136/0x1b0 <- backing_file_write_iter) result=0x1000
             cat-8297    [000] .....    19.214443: ovldiag_open: (ovl_open+0xb2/0x100 <- ovl_open_realfile) result=0xffff8880086dd500
              dd-8303    [000] .....    19.216692: ovldiag_open: (ovl_open+0xb2/0x100 <- ovl_open_realfile) result=0xffff88800451b000
              dd-8303    [000] .....    19.216719: ovldiag_ensure: (ovl_write_iter+0xaf/0x1b0 <- ovl_ensure_upper_and_switch) result=0x0
              dd-8303    [000] .....    19.216735: ovldiag_write: (ovl_write_iter+0x136/0x1b0 <- backing_file_write_iter) result=0x1000
             cat-8308    [001] .....    19.219964: ovldiag_open: (ovl_open+0xb2/0x100 <- ovl_open_realfile) result=0xffff88800dde2500
              dd-8309    [000] .....    19.220323: ovldiag_open: (ovl_open+0xb2/0x100 <- ovl_open_realfile) result=0xffff888006108f00
              dd-8309    [000] .....    19.220354: ovldiag_ensure: (ovl_write_iter+0xaf/0x1b0 <- ovl_ensure_upper_and_switch) result=0x0
              dd-8309    [000] .....    19.220370: ovldiag_write: (ovl_write_iter+0x136/0x1b0 <- backing_file_write_iter) result=0x1000
              dd-8311    [001] .....    19.221554: ovldiag_open: (ovl_open+0xb2/0x100 <- ovl_open_realfile) result=0xffff88800732bc00
              dd-8311    [001] .....    19.221585: ovldiag_ensure: (ovl_write_iter+0xaf/0x1b0 <- ovl_ensure_upper_and_switch) result=0x0
              dd-8311    [001] .....    19.221601: ovldiag_write: (ovl_write_iter+0x136/0x1b0 <- backing_file_write_iter) result=0x1000
             cat-8310    [000] .....    19.222628: ovldiag_open: (ovl_open+0xb2/0x100 <- ovl_open_realfile) result=0xffff8880047f6500
             cat-8317    [000] .....    19.225952: ovldiag_open: (ovl_open+0xb2/0x100 <- ovl_open_realfile) result=0xffff888006212b00
             cat-8319    [000] .....    19.226959: ovldiag_open: (ovl_open+0xb2/0x100 <- ovl_open_realfile) result=0xffff888007167f00
              dd-8320    [001] .....    19.227256: ovldiag_open: (ovl_open+0xb2/0x100 <- ovl_open_realfile) result=0xffff888006210700
              dd-8320    [001] .....    19.227285: ovldiag_ensure: (ovl_write_iter+0xaf/0x1b0 <- ovl_ensure_upper_and_switch) result=0x0
              dd-8320    [001] .....    19.227302: ovldiag_write: (ovl_write_iter+0x136/0x1b0 <- backing_file_write_iter) result=0x1000
              dd-8326    [000] .....    19.231391: ovldiag_open: (ovl_open+0xb2/0x100 <- ovl_open_realfile) result=0xffff88800ca28900
              dd-8326    [000] .....    19.231418: ovldiag_ensure: (ovl_write_iter+0xaf/0x1b0 <- ovl_ensure_upper_and_switch) result=0x0
              dd-8326    [000] .....    19.231433: ovldiag_write: (ovl_write_iter+0x136/0x1b0 <- backing_file_write_iter) result=0x1000
             cat-8327    [001] .....    19.231456: ovldiag_open: (ovl_open+0xb2/0x100 <- ovl_open_realfile) result=0xffff888007377900
             cat-8329    [001] .....    19.232839: ovldiag_open: (ovl_open+0xb2/0x100 <- ovl_open_realfile) result=0xffff888006108d00
              dd-8332    [001] .....    19.235471: ovldiag_open: (ovl_open+0xb2/0x100 <- ovl_open_realfile) result=0xffff888004530f00
              dd-8332    [001] .....    19.235500: ovldiag_ensure: (ovl_write_iter+0xaf/0x1b0 <- ovl_ensure_upper_and_switch) result=0x0
              dd-8332    [001] .....    19.235516: ovldiag_write: (ovl_write_iter+0x136/0x1b0 <- backing_file_write_iter) result=0x1000
             cat-8334    [000] .....    19.237367: ovldiag_open: (ovl_open+0xb2/0x100 <- ovl_open_realfile) result=0xffff888004613d00
              dd-8337    [001] .....    19.237711: ovldiag_open: (ovl_open+0xb2/0x100 <- ovl_open_realfile) result=0xffff888006212100
              dd-8337    [001] .....    19.237738: ovldiag_ensure: (ovl_write_iter+0xaf/0x1b0 <- ovl_ensure_upper_and_switch) result=0x0
              dd-8337    [001] .....    19.237754: ovldiag_write: (ovl_write_iter+0x136/0x1b0 <- backing_file_write_iter) result=0x1000
             cat-8339    [001] .....    19.240191: ovldiag_open: (ovl_open+0xb2/0x100 <- ovl_open_realfile) result=0xffff888004530300
              dd-8342    [000] .....    19.241420: ovldiag_open: (ovl_open+0xb2/0x100 <- ovl_open_realfile) result=0xffff88800cbf6800
              dd-8342    [000] .....    19.241450: ovldiag_ensure: (ovl_write_iter+0xaf/0x1b0 <- ovl_ensure_upper_and_switch) result=0x0
              dd-8342    [000] .....    19.241466: ovldiag_write: (ovl_write_iter+0x136/0x1b0 <- backing_file_write_iter) result=0x1000
             cat-8343    [001] .....    19.242566: ovldiag_open: (ovl_open+0xb2/0x100 <- ovl_open_realfile) result=0xffff88800ddf6900
              dd-8346    [000] .....    19.243828: ovldiag_open: (ovl_open+0xb2/0x100 <- ovl_open_realfile) result=0xffff8880046d6900
              dd-8346    [000] .....    19.243859: ovldiag_ensure: (ovl_write_iter+0xaf/0x1b0 <- ovl_ensure_upper_and_switch) result=0x0
              dd-8346    [000] .....    19.243874: ovldiag_write: (ovl_write_iter+0x136/0x1b0 <- backing_file_write_iter) result=0x1000
             cat-8351    [001] .....    19.246701: ovldiag_open: (ovl_open+0xb2/0x100 <- ovl_open_realfile) result=0xffff8880047f6200
             cat-8352    [000] .....    19.247051: ovldiag_open: (ovl_open+0xb2/0x100 <- ovl_open_realfile) result=0xffff88800732cf00
              dd-8355    [000] .....    19.248575: ovldiag_open: (ovl_open+0xb2/0x100 <- ovl_open_realfile) result=0xffff8880046d6400
              dd-8355    [000] .....    19.248606: ovldiag_ensure: (ovl_write_iter+0xaf/0x1b0 <- ovl_ensure_upper_and_switch) result=0x0
              dd-8355    [000] .....    19.248621: ovldiag_write: (ovl_write_iter+0x136/0x1b0 <- backing_file_write_iter) result=0x1000
              dd-8359    [000] .....    19.251702: ovldiag_open: (ovl_open+0xb2/0x100 <- ovl_open_realfile) result=0xffff8880045f5300
              dd-8359    [000] .....    19.251729: ovldiag_ensure: (ovl_write_iter+0xaf/0x1b0 <- ovl_ensure_upper_and_switch) result=0x0
              dd-8359    [000] .....    19.251745: ovldiag_write: (ovl_write_iter+0x136/0x1b0 <- backing_file_write_iter) result=0x1000
             cat-8360    [001] .....    19.253035: ovldiag_open: (ovl_open+0xb2/0x100 <- ovl_open_realfile) result=0xffff88800842ae00
             cat-8362    [000] .....    19.254224: ovldiag_open: (ovl_open+0xb2/0x100 <- ovl_open_realfile) result=0xffff888006327900
              dd-8363    [000] .....    19.254534: ovldiag_open: (ovl_open+0xb2/0x100 <- ovl_open_realfile) result=0xffff888006327b00
              dd-8363    [000] .....    19.254561: ovldiag_ensure: (ovl_write_iter+0xaf/0x1b0 <- ovl_ensure_upper_and_switch) result=0x0
              dd-8363    [000] .....    19.254577: ovldiag_write: (ovl_write_iter+0x136/0x1b0 <- backing_file_write_iter) result=0x1000
              dd-8368    [000] .....    19.257188: ovldiag_open: (ovl_open+0xb2/0x100 <- ovl_open_realfile) result=0xffff8880046f4e00
              dd-8368    [000] .....    19.257215: ovldiag_ensure: (ovl_write_iter+0xaf/0x1b0 <- ovl_ensure_upper_and_switch) result=0x0
              dd-8368    [000] .....    19.257231: ovldiag_write: (ovl_write_iter+0x136/0x1b0 <- backing_file_write_iter) result=0x1000
             cat-8370    [001] .....    19.258123: ovldiag_open: (ovl_open+0xb2/0x100 <- ovl_open_realfile) result=0xffff888007167d00
             cat-8369    [000] .....    19.258183: ovldiag_open: (ovl_open+0xb2/0x100 <- ovl_open_realfile) result=0xffff888004530400
              dd-8375    [001] .....    19.261720: ovldiag_open: (ovl_open+0xb2/0x100 <- ovl_open_realfile) result=0xffff888004613d00
              dd-8375    [001] .....    19.261751: ovldiag_ensure: (ovl_write_iter+0xaf/0x1b0 <- ovl_ensure_upper_and_switch) result=0x0
              dd-8375    [001] .....    19.261768: ovldiag_write: (ovl_write_iter+0x136/0x1b0 <- backing_file_write_iter) result=0x1000
             cat-8378    [001] .....    19.263707: ovldiag_open: (ovl_open+0xb2/0x100 <- ovl_open_realfile) result=0xffff88800717b300
              dd-8380    [000] .....    19.264670: ovldiag_open: (ovl_open+0xb2/0x100 <- ovl_open_realfile) result=0xffff8880046d6400
              dd-8380    [000] .....    19.264700: ovldiag_ensure: (ovl_write_iter+0xaf/0x1b0 <- ovl_ensure_upper_and_switch) result=0x0
              dd-8380    [000] .....    19.264716: ovldiag_write: (ovl_write_iter+0x136/0x1b0 <- backing_file_write_iter) result=0x1000
             cat-8384    [000] .....    19.266990: ovldiag_open: (ovl_open+0xb2/0x100 <- ovl_open_realfile) result=0xffff88800732be00
              dd-8385    [001] .....    19.267461: ovldiag_open: (ovl_open+0xb2/0x100 <- ovl_open_realfile) result=0xffff88800c863b00
              dd-8385    [001] .....    19.267492: ovldiag_ensure: (ovl_write_iter+0xaf/0x1b0 <- ovl_ensure_upper_and_switch) result=0x0
              dd-8385    [001] .....    19.267508: ovldiag_write: (ovl_write_iter+0x136/0x1b0 <- backing_file_write_iter) result=0x1000
             cat-8388    [000] .....    19.269711: ovldiag_open: (ovl_open+0xb2/0x100 <- ovl_open_realfile) result=0xffff88800a32f500
             cat-8389    [001] .....    19.269909: ovldiag_open: (ovl_open+0xb2/0x100 <- ovl_open_realfile) result=0xffff88800732a600
              dd-8392    [001] .....    19.272482: ovldiag_open: (ovl_open+0xb2/0x100 <- ovl_open_realfile) result=0xffff8880070ce300
              dd-8392    [001] .....    19.272512: ovldiag_ensure: (ovl_write_iter+0xaf/0x1b0 <- ovl_ensure_upper_and_switch) result=0x0
              dd-8392    [001] .....    19.272529: ovldiag_write: (ovl_write_iter+0x136/0x1b0 <- backing_file_write_iter) result=0x1000
              dd-8396    [000] .....    19.274779: ovldiag_open: (ovl_open+0xb2/0x100 <- ovl_open_realfile) result=0xffff888006318900
              dd-8396    [000] .....    19.274820: ovldiag_ensure: (ovl_write_iter+0xaf/0x1b0 <- ovl_ensure_upper_and_switch) result=0x0
              dd-8396    [000] .....    19.274836: ovldiag_write: (ovl_write_iter+0x136/0x1b0 <- backing_file_write_iter) result=0x1000
             cat-8397    [001] .....    19.275866: ovldiag_open: (ovl_open+0xb2/0x100 <- ovl_open_realfile) result=0xffff88800732a600
              dd-8400    [000] .....    19.277692: ovldiag_open: (ovl_open+0xb2/0x100 <- ovl_open_realfile) result=0xffff88800842ad00
              dd-8400    [000] .....    19.277720: ovldiag_ensure: (ovl_write_iter+0xaf/0x1b0 <- ovl_ensure_upper_and_switch) result=0x0
              dd-8400    [000] .....    19.277735: ovldiag_write: (ovl_write_iter+0x136/0x1b0 <- backing_file_write_iter) result=0x1000
             cat-8402    [000] .....    19.278343: ovldiag_open: (ovl_open+0xb2/0x100 <- ovl_open_realfile) result=0xffff88800cb8bd00
             cat-8406    [000] .....    19.280626: ovldiag_open: (ovl_open+0xb2/0x100 <- ovl_open_realfile) result=0xffff888006217800
              dd-8409    [001] .....    19.281740: ovldiag_open: (ovl_open+0xb2/0x100 <- ovl_open_realfile) result=0xffff88800dc0b900
              dd-8409    [001] .....    19.281771: ovldiag_ensure: (ovl_write_iter+0xaf/0x1b0 <- ovl_ensure_upper_and_switch) result=0x0
              dd-8409    [001] .....    19.281787: ovldiag_write: (ovl_write_iter+0x136/0x1b0 <- backing_file_write_iter) result=0x1000
             cat-8408    [000] .....    19.283441: ovldiag_open: (ovl_open+0xb2/0x100 <- ovl_open_realfile) result=0xffff88800dd8ff00
             cat-8414    [000] .....    19.285874: ovldiag_open: (ovl_open+0xb2/0x100 <- ovl_open_realfile) result=0xffff888003cd0700
              dd-8417    [001] .....    19.287065: ovldiag_open: (ovl_open+0xb2/0x100 <- ovl_open_realfile) result=0xffff88800cb21000
              dd-8417    [001] .....    19.287085: ovldiag_ensure: (ovl_write_iter+0xaf/0x1b0 <- ovl_ensure_upper_and_switch) result=0x0
              dd-8417    [001] .....    19.287099: ovldiag_write: (ovl_write_iter+0x136/0x1b0 <- backing_file_write_iter) result=0x1000
              dd-8420    [000] .....    19.288655: ovldiag_open: (ovl_open+0xb2/0x100 <- ovl_open_realfile) result=0xffff888007377e00
              dd-8420    [000] .....    19.288686: ovldiag_ensure: (ovl_write_iter+0xaf/0x1b0 <- ovl_ensure_upper_and_switch) result=0x0
              dd-8420    [000] .....    19.288701: ovldiag_write: (ovl_write_iter+0x136/0x1b0 <- backing_file_write_iter) result=0x1000
             cat-8421    [001] .....    19.289631: ovldiag_open: (ovl_open+0xb2/0x100 <- ovl_open_realfile) result=0xffff88800cb03700
             cat-8427    [001] .....    19.291971: ovldiag_open: (ovl_open+0xb2/0x100 <- ovl_open_realfile) result=0xffff8880046d6700
              dd-8424    [000] .....    19.292135: ovldiag_open: (ovl_open+0xb2/0x100 <- ovl_open_realfile) result=0xffff888006318100
              dd-8424    [000] .....    19.292166: ovldiag_ensure: (ovl_write_iter+0xaf/0x1b0 <- ovl_ensure_upper_and_switch) result=0x0
              dd-8424    [000] .....    19.292183: ovldiag_write: (ovl_write_iter+0x136/0x1b0 <- backing_file_write_iter) result=0x1000
             cat-8425    [000] .....    19.294161: ovldiag_open: (ovl_open+0xb2/0x100 <- ovl_open_realfile) result=0xffff888007105000
              dd-8431    [001] .....    19.294545: ovldiag_open: (ovl_open+0xb2/0x100 <- ovl_open_realfile) result=0xffff88800dcf3300
              dd-8431    [001] .....    19.294569: ovldiag_ensure: (ovl_write_iter+0xaf/0x1b0 <- ovl_ensure_upper_and_switch) result=0x0
              dd-8431    [001] .....    19.294583: ovldiag_write: (ovl_write_iter+0x136/0x1b0 <- backing_file_write_iter) result=0x1000
             cat-8433    [001] .....    19.295795: ovldiag_open: (ovl_open+0xb2/0x100 <- ovl_open_realfile) result=0xffff888004578900
             cat-8438    [000] .....    19.299311: ovldiag_open: (ovl_open+0xb2/0x100 <- ovl_open_realfile) result=0xffff888006217300
              dd-8439    [001] .....    19.299686: ovldiag_open: (ovl_open+0xb2/0x100 <- ovl_open_realfile) result=0xffff888007105500
              dd-8439    [001] .....    19.299709: ovldiag_ensure: (ovl_write_iter+0xaf/0x1b0 <- ovl_ensure_upper_and_switch) result=0x0
              dd-8439    [001] .....    19.299723: ovldiag_write: (ovl_write_iter+0x136/0x1b0 <- backing_file_write_iter) result=0x1000
              dd-8442    [001] .....    19.301356: ovldiag_open: (ovl_open+0xb2/0x100 <- ovl_open_realfile) result=0xffff8880063bcc00
              dd-8442    [001] .....    19.301377: ovldiag_ensure: (ovl_write_iter+0xaf/0x1b0 <- ovl_ensure_upper_and_switch) result=0x0
              dd-8442    [001] .....    19.301391: ovldiag_write: (ovl_write_iter+0x136/0x1b0 <- backing_file_write_iter) result=0x1000
             cat-8445    [000] .....    19.303260: ovldiag_open: (ovl_open+0xb2/0x100 <- ovl_open_realfile) result=0xffff88800cb25a00
             cat-8446    [001] .....    19.303402: ovldiag_open: (ovl_open+0xb2/0x100 <- ovl_open_realfile) result=0xffff888004530d00
             cat-8448    [001] .....    19.304549: ovldiag_open: (ovl_open+0xb2/0x100 <- ovl_open_realfile) result=0xffff88800cb6bf00
              dd-8450    [000] .....    19.306259: ovldiag_open: (ovl_open+0xb2/0x100 <- ovl_open_realfile) result=0xffff88800c99d000
              dd-8450    [000] .....    19.306286: ovldiag_ensure: (ovl_write_iter+0xaf/0x1b0 <- ovl_ensure_upper_and_switch) result=0x0
              dd-8450    [000] .....    19.306301: ovldiag_write: (ovl_write_iter+0x136/0x1b0 <- backing_file_write_iter) result=0x1000
              dd-8457    [001] .....    19.309350: ovldiag_open: (ovl_open+0xb2/0x100 <- ovl_open_realfile) result=0xffff8880070ce400
              dd-8457    [001] .....    19.309371: ovldiag_ensure: (ovl_write_iter+0xaf/0x1b0 <- ovl_ensure_upper_and_switch) result=0x0
              dd-8457    [001] .....    19.309386: ovldiag_write: (ovl_write_iter+0x136/0x1b0 <- backing_file_write_iter) result=0x1000
             cat-8456    [000] .....    19.309466: ovldiag_open: (ovl_open+0xb2/0x100 <- ovl_open_realfile) result=0xffff8880046d6200
              dd-8461    [001] .....    19.311746: ovldiag_open: (ovl_open+0xb2/0x100 <- ovl_open_realfile) result=0xffff888007168c00
              dd-8461    [001] .....    19.311769: ovldiag_ensure: (ovl_write_iter+0xaf/0x1b0 <- ovl_ensure_upper_and_switch) result=0x0
              dd-8461    [001] .....    19.311784: ovldiag_write: (ovl_write_iter+0x136/0x1b0 <- backing_file_write_iter) result=0x1000
             cat-8463    [001] .....    19.313620: ovldiag_open: (ovl_open+0xb2/0x100 <- ovl_open_realfile) result=0xffff888003751e00
              dd-8465    [000] .....    19.314200: ovldiag_open: (ovl_open+0xb2/0x100 <- ovl_open_realfile) result=0xffff888006210500
              dd-8465    [000] .....    19.314230: ovldiag_ensure: (ovl_write_iter+0xaf/0x1b0 <- ovl_ensure_upper_and_switch) result=0x0
              dd-8465    [000] .....    19.314258: ovldiag_write: (ovl_write_iter+0x136/0x1b0 <- backing_file_write_iter) result=0x1000
             cat-8464    [001] .....    19.314401: ovldiag_open: (ovl_open+0xb2/0x100 <- ovl_open_realfile) result=0xffff88800622a600
             cat-8468    [001] .....    19.315688: ovldiag_open: (ovl_open+0xb2/0x100 <- ovl_open_realfile) result=0xffff888008411e00
             cat-8472    [000] .....    19.318920: ovldiag_open: (ovl_open+0xb2/0x100 <- ovl_open_realfile) result=0xffff8880061ef700
              dd-8475    [000] .....    19.320357: ovldiag_open: (ovl_open+0xb2/0x100 <- ovl_open_realfile) result=0xffff88800732a000
              dd-8475    [000] .....    19.320384: ovldiag_ensure: (ovl_write_iter+0xaf/0x1b0 <- ovl_ensure_upper_and_switch) result=0x0
              dd-8475    [000] .....    19.320399: ovldiag_write: (ovl_write_iter+0x136/0x1b0 <- backing_file_write_iter) result=0x1000
              dd-8479    [000] .....    19.322418: ovldiag_open: (ovl_open+0xb2/0x100 <- ovl_open_realfile) result=0xffff888004530900
              dd-8479    [000] .....    19.322448: ovldiag_ensure: (ovl_write_iter+0xaf/0x1b0 <- ovl_ensure_upper_and_switch) result=0x0
              dd-8479    [000] .....    19.322463: ovldiag_write: (ovl_write_iter+0x136/0x1b0 <- backing_file_write_iter) result=0x1000
              dd-8481    [001] .....    19.323874: ovldiag_open: (ovl_open+0xb2/0x100 <- ovl_open_realfile) result=0xffff888007167900
              dd-8481    [001] .....    19.323904: ovldiag_ensure: (ovl_write_iter+0xaf/0x1b0 <- ovl_ensure_upper_and_switch) result=0x0
              dd-8481    [001] .....    19.323919: ovldiag_write: (ovl_write_iter+0x136/0x1b0 <- backing_file_write_iter) result=0x1000
             cat-8482    [000] .....    19.324590: ovldiag_open: (ovl_open+0xb2/0x100 <- ovl_open_realfile) result=0xffff888006217500
             cat-8484    [001] .....    19.325145: ovldiag_open: (ovl_open+0xb2/0x100 <- ovl_open_realfile) result=0xffff8880070d2000
              dd-8488    [001] .....    19.327740: ovldiag_open: (ovl_open+0xb2/0x100 <- ovl_open_realfile) result=0xffff8880086ddd00
              dd-8488    [001] .....    19.327761: ovldiag_ensure: (ovl_write_iter+0xaf/0x1b0 <- ovl_ensure_upper_and_switch) result=0x0
              dd-8488    [001] .....    19.327775: ovldiag_write: (ovl_write_iter+0x136/0x1b0 <- backing_file_write_iter) result=0x1000
             cat-8489    [000] .....    19.328160: ovldiag_open: (ovl_open+0xb2/0x100 <- ovl_open_realfile) result=0xffff8880062a2700
             cat-8490    [001] .....    19.329250: ovldiag_open: (ovl_open+0xb2/0x100 <- ovl_open_realfile) result=0xffff88800dcc5f00
              dd-8497    [001] .....    19.332595: ovldiag_open: (ovl_open+0xb2/0x100 <- ovl_open_realfile) result=0xffff88800842a700
              dd-8497    [001] .....    19.332617: ovldiag_ensure: (ovl_write_iter+0xaf/0x1b0 <- ovl_ensure_upper_and_switch) result=0x0
              dd-8497    [001] .....    19.332631: ovldiag_write: (ovl_write_iter+0x136/0x1b0 <- backing_file_write_iter) result=0x1000
             cat-8499    [001] .....    19.334168: ovldiag_open: (ovl_open+0xb2/0x100 <- ovl_open_realfile) result=0xffff88800dd04000
              dd-8500    [000] .....    19.334895: ovldiag_open: (ovl_open+0xb2/0x100 <- ovl_open_realfile) result=0xffff888004445e00
              dd-8500    [000] .....    19.334922: ovldiag_ensure: (ovl_write_iter+0xaf/0x1b0 <- ovl_ensure_upper_and_switch) result=0x0
              dd-8500    [000] .....    19.334939: ovldiag_write: (ovl_write_iter+0x136/0x1b0 <- backing_file_write_iter) result=0x1000
             cat-8504    [001] .....    19.337008: ovldiag_open: (ovl_open+0xb2/0x100 <- ovl_open_realfile) result=0xffff88800dc29400
             cat-8506    [000] .....    19.337755: ovldiag_open: (ovl_open+0xb2/0x100 <- ovl_open_realfile) result=0xffff8880086dd300
              dd-8505    [000] .....    19.338466: ovldiag_open: (ovl_open+0xb2/0x100 <- ovl_open_realfile) result=0xffff88800611d100
              dd-8505    [000] .....    19.338495: ovldiag_ensure: (ovl_write_iter+0xaf/0x1b0 <- ovl_ensure_upper_and_switch) result=0x0
             cat-8508    [001] .....    19.338495: ovldiag_open: (ovl_open+0xb2/0x100 <- ovl_open_realfile) result=0xffff8880073c5800
              dd-8505    [000] .....    19.338508: ovldiag_write: (ovl_write_iter+0x136/0x1b0 <- backing_file_write_iter) result=0x1000
              dd-8515    [001] .....    19.342748: ovldiag_open: (ovl_open+0xb2/0x100 <- ovl_open_realfile) result=0xffff88800ca21f00
              dd-8515    [001] .....    19.342769: ovldiag_ensure: (ovl_write_iter+0xaf/0x1b0 <- ovl_ensure_upper_and_switch) result=0x0
              dd-8515    [001] .....    19.342784: ovldiag_write: (ovl_write_iter+0x136/0x1b0 <- backing_file_write_iter) result=0x1000
             cat-8516    [000] .....    19.343175: ovldiag_open: (ovl_open+0xb2/0x100 <- ovl_open_realfile) result=0xffff88800717bb00
              dd-8519    [001] .....    19.344697: ovldiag_open: (ovl_open+0xb2/0x100 <- ovl_open_realfile) result=0xffff8880047f0f00
              dd-8519    [001] .....    19.344718: ovldiag_ensure: (ovl_write_iter+0xaf/0x1b0 <- ovl_ensure_upper_and_switch) result=0x0
              dd-8519    [001] .....    19.344733: ovldiag_write: (ovl_write_iter+0x136/0x1b0 <- backing_file_write_iter) result=0x1000
             cat-8523    [001] .....    19.347258: ovldiag_open: (ovl_open+0xb2/0x100 <- ovl_open_realfile) result=0xffff88800842ae00
              dd-8522    [000] .....    19.347363: ovldiag_open: (ovl_open+0xb2/0x100 <- ovl_open_realfile) result=0xffff8880047ec100
              dd-8522    [000] .....    19.347391: ovldiag_ensure: (ovl_write_iter+0xaf/0x1b0 <- ovl_ensure_upper_and_switch) result=0x0
              dd-8522    [000] .....    19.347408: ovldiag_write: (ovl_write_iter+0x136/0x1b0 <- backing_file_write_iter) result=0x1000
             cat-8525    [000] .....    19.348793: ovldiag_open: (ovl_open+0xb2/0x100 <- ovl_open_realfile) result=0xffff888008411500
             cat-8527    [001] .....    19.349088: ovldiag_open: (ovl_open+0xb2/0x100 <- ovl_open_realfile) result=0xffff88800732b800
              dd-8531    [001] .....    19.352368: ovldiag_open: (ovl_open+0xb2/0x100 <- ovl_open_realfile) result=0xffff888007021200
              dd-8531    [001] .....    19.352392: ovldiag_ensure: (ovl_write_iter+0xaf/0x1b0 <- ovl_ensure_upper_and_switch) result=0x0
              dd-8531    [001] .....    19.352406: ovldiag_write: (ovl_write_iter+0x136/0x1b0 <- backing_file_write_iter) result=0x1000
             cat-8534    [000] .....    19.354317: ovldiag_open: (ovl_open+0xb2/0x100 <- ovl_open_realfile) result=0xffff8880070d2f00
              dd-8536    [001] .....    19.354954: ovldiag_open: (ovl_open+0xb2/0x100 <- ovl_open_realfile) result=0xffff88800cb8b200
              dd-8536    [001] .....    19.354976: ovldiag_ensure: (ovl_write_iter+0xaf/0x1b0 <- ovl_ensure_upper_and_switch) result=0x0
              dd-8536    [001] .....    19.354990: ovldiag_write: (ovl_write_iter+0x136/0x1b0 <- backing_file_write_iter) result=0x1000
              dd-8540    [001] .....    19.357067: ovldiag_open: (ovl_open+0xb2/0x100 <- ovl_open_realfile) result=0xffff888007105300
              dd-8540    [001] .....    19.357090: ovldiag_ensure: (ovl_write_iter+0xaf/0x1b0 <- ovl_ensure_upper_and_switch) result=0x0
              dd-8540    [001] .....    19.357104: ovldiag_write: (ovl_write_iter+0x136/0x1b0 <- backing_file_write_iter) result=0x1000
             cat-8541    [000] .....    19.357860: ovldiag_open: (ovl_open+0xb2/0x100 <- ovl_open_realfile) result=0xffff88800c9b9700
             cat-8544    [001] .....    19.359114: ovldiag_open: (ovl_open+0xb2/0x100 <- ovl_open_realfile) result=0xffff88800de08500
             cat-8547    [000] .....    19.360853: ovldiag_open: (ovl_open+0xb2/0x100 <- ovl_open_realfile) result=0xffff88800612a400
              dd-8548    [000] .....    19.362159: ovldiag_open: (ovl_open+0xb2/0x100 <- ovl_open_realfile) result=0xffff888006327e00
              dd-8548    [000] .....    19.362189: ovldiag_ensure: (ovl_write_iter+0xaf/0x1b0 <- ovl_ensure_upper_and_switch) result=0x0
              dd-8548    [000] .....    19.362205: ovldiag_write: (ovl_write_iter+0x136/0x1b0 <- backing_file_write_iter) result=0x1000
             cat-8551    [000] .....    19.364380: ovldiag_open: (ovl_open+0xb2/0x100 <- ovl_open_realfile) result=0xffff88800de44b00
              dd-8554    [001] .....    19.364846: ovldiag_open: (ovl_open+0xb2/0x100 <- ovl_open_realfile) result=0xffff8880070d2000
              dd-8554    [001] .....    19.364868: ovldiag_ensure: (ovl_write_iter+0xaf/0x1b0 <- ovl_ensure_upper_and_switch) result=0x0
              dd-8554    [001] .....    19.364883: ovldiag_write: (ovl_write_iter+0x136/0x1b0 <- backing_file_write_iter) result=0x1000
              dd-8558    [001] .....    19.367005: ovldiag_open: (ovl_open+0xb2/0x100 <- ovl_open_realfile) result=0xffff888007377f00
              dd-8558    [001] .....    19.367027: ovldiag_ensure: (ovl_write_iter+0xaf/0x1b0 <- ovl_ensure_upper_and_switch) result=0x0
              dd-8558    [001] .....    19.367042: ovldiag_write: (ovl_write_iter+0x136/0x1b0 <- backing_file_write_iter) result=0x1000
             cat-8559    [000] .....    19.367763: ovldiag_open: (ovl_open+0xb2/0x100 <- ovl_open_realfile) result=0xffff888008411600
             cat-8561    [001] .....    19.368191: ovldiag_open: (ovl_open+0xb2/0x100 <- ovl_open_realfile) result=0xffff8880086dd200
              dd-8562    [000] .....    19.369867: ovldiag_open: (ovl_open+0xb2/0x100 <- ovl_open_realfile) result=0xffff888007154300
              dd-8562    [000] .....    19.369895: ovldiag_ensure: (ovl_write_iter+0xaf/0x1b0 <- ovl_ensure_upper_and_switch) result=0x0
              dd-8562    [000] .....    19.369910: ovldiag_write: (ovl_write_iter+0x136/0x1b0 <- backing_file_write_iter) result=0x1000
             cat-8567    [000] .....    19.371519: ovldiag_open: (ovl_open+0xb2/0x100 <- ovl_open_realfile) result=0xffff88800702ac00
             cat-8571    [000] .....    19.374074: ovldiag_open: (ovl_open+0xb2/0x100 <- ovl_open_realfile) result=0xffff88800717bd00
              dd-8572    [001] .....    19.374660: ovldiag_open: (ovl_open+0xb2/0x100 <- ovl_open_realfile) result=0xffff888004578300
              dd-8572    [001] .....    19.374683: ovldiag_ensure: (ovl_write_iter+0xaf/0x1b0 <- ovl_ensure_upper_and_switch) result=0x0
              dd-8572    [001] .....    19.374698: ovldiag_write: (ovl_write_iter+0x136/0x1b0 <- backing_file_write_iter) result=0x1000
              dd-8576    [001] .....    19.376861: ovldiag_open: (ovl_open+0xb2/0x100 <- ovl_open_realfile) result=0xffff88800457b400
              dd-8576    [001] .....    19.376883: ovldiag_ensure: (ovl_write_iter+0xaf/0x1b0 <- ovl_ensure_upper_and_switch) result=0x0
              dd-8576    [001] .....    19.376896: ovldiag_write: (ovl_write_iter+0x136/0x1b0 <- backing_file_write_iter) result=0x1000
             cat-8577    [000] .....    19.377762: ovldiag_open: (ovl_open+0xb2/0x100 <- ovl_open_realfile) result=0xffff888008729300
             cat-8580    [001] .....    19.378811: ovldiag_open: (ovl_open+0xb2/0x100 <- ovl_open_realfile) result=0xffff888006217c00
             cat-8582    [000] .....    19.381394: ovldiag_open: (ovl_open+0xb2/0x100 <- ovl_open_realfile) result=0xffff88800dc30600
              dd-8583    [000] .....    19.381761: ovldiag_open: (ovl_open+0xb2/0x100 <- ovl_open_realfile) result=0xffff88800842a700
              dd-8583    [000] .....    19.381787: ovldiag_ensure: (ovl_write_iter+0xaf/0x1b0 <- ovl_ensure_upper_and_switch) result=0x0
              dd-8583    [001] .....    19.382335: ovldiag_write: (ovl_write_iter+0x136/0x1b0 <- backing_file_write_iter) result=0x1000
             cat-8587    [001] .....    19.383166: ovldiag_open: (ovl_open+0xb2/0x100 <- ovl_open_realfile) result=0xffff8880047ffd00
              dd-8588    [000] .....    19.383745: ovldiag_open: (ovl_open+0xb2/0x100 <- ovl_open_realfile) result=0xffff8880047f6000
              dd-8588    [000] .....    19.383776: ovldiag_ensure: (ovl_write_iter+0xaf/0x1b0 <- ovl_ensure_upper_and_switch) result=0x0
              dd-8588    [000] .....    19.383791: ovldiag_write: (ovl_write_iter+0x136/0x1b0 <- backing_file_write_iter) result=0x1000
             cat-8594    [001] .....    19.387129: ovldiag_open: (ovl_open+0xb2/0x100 <- ovl_open_realfile) result=0xffff88800702a800
              dd-8593    [000] .....    19.388941: ovldiag_open: (ovl_open+0xb2/0x100 <- ovl_open_realfile) result=0xffff888006210c00
              dd-8593    [000] .....    19.388970: ovldiag_ensure: (ovl_write_iter+0xaf/0x1b0 <- ovl_ensure_upper_and_switch) result=0x0
              dd-8593    [000] .....    19.388986: ovldiag_write: (ovl_write_iter+0x136/0x1b0 <- backing_file_write_iter) result=0x1000
              dd-8598    [001] .....    19.389418: ovldiag_open: (ovl_open+0xb2/0x100 <- ovl_open_realfile) result=0xffff88800732b400
              dd-8598    [001] .....    19.389442: ovldiag_ensure: (ovl_write_iter+0xaf/0x1b0 <- ovl_ensure_upper_and_switch) result=0x0
              dd-8598    [001] .....    19.389456: ovldiag_write: (ovl_write_iter+0x136/0x1b0 <- backing_file_write_iter) result=0x1000
             cat-8596    [000] .....    19.390127: ovldiag_open: (ovl_open+0xb2/0x100 <- ovl_open_realfile) result=0xffff88800723af00
             cat-8603    [001] .....    19.391653: ovldiag_open: (ovl_open+0xb2/0x100 <- ovl_open_realfile) result=0xffff88800caccf00
             cat-8607    [000] .....    19.394325: ovldiag_open: (ovl_open+0xb2/0x100 <- ovl_open_realfile) result=0xffff88800723a600
              dd-8609    [001] .....    19.395739: ovldiag_open: (ovl_open+0xb2/0x100 <- ovl_open_realfile) result=0xffff8880046d6300
              dd-8609    [001] .....    19.395761: ovldiag_ensure: (ovl_write_iter+0xaf/0x1b0 <- ovl_ensure_upper_and_switch) result=0x0
              dd-8609    [001] .....    19.395776: ovldiag_write: (ovl_write_iter+0x136/0x1b0 <- backing_file_write_iter) result=0x1000
             cat-8611    [001] .....    19.396873: ovldiag_open: (ovl_open+0xb2/0x100 <- ovl_open_realfile) result=0xffff888004445900
              dd-8612    [000] .....    19.398064: ovldiag_open: (ovl_open+0xb2/0x100 <- ovl_open_realfile) result=0xffff88800842a300
              dd-8612    [000] .....    19.398091: ovldiag_ensure: (ovl_write_iter+0xaf/0x1b0 <- ovl_ensure_upper_and_switch) result=0x0
              dd-8612    [000] .....    19.398107: ovldiag_write: (ovl_write_iter+0x136/0x1b0 <- backing_file_write_iter) result=0x1000
             cat-8617    [001] .....    19.400145: ovldiag_open: (ovl_open+0xb2/0x100 <- ovl_open_realfile) result=0xffff88800732bb00
             cat-8618    [000] .....    19.400919: ovldiag_open: (ovl_open+0xb2/0x100 <- ovl_open_realfile) result=0xffff88800c910f00
              dd-8620    [000] .....    19.402251: ovldiag_open: (ovl_open+0xb2/0x100 <- ovl_open_realfile) result=0xffff8880070cef00
              dd-8620    [000] .....    19.402279: ovldiag_ensure: (ovl_write_iter+0xaf/0x1b0 <- ovl_ensure_upper_and_switch) result=0x0
              dd-8620    [000] .....    19.402295: ovldiag_write: (ovl_write_iter+0x136/0x1b0 <- backing_file_write_iter) result=0x1000
              dd-8624    [001] .....    19.404365: ovldiag_open: (ovl_open+0xb2/0x100 <- ovl_open_realfile) result=0xffff8880060f9b00
              dd-8624    [001] .....    19.404389: ovldiag_ensure: (ovl_write_iter+0xaf/0x1b0 <- ovl_ensure_upper_and_switch) result=0x0
              dd-8624    [001] .....    19.404404: ovldiag_write: (ovl_write_iter+0x136/0x1b0 <- backing_file_write_iter) result=0x1000
             cat-8625    [000] .....    19.404532: ovldiag_open: (ovl_open+0xb2/0x100 <- ovl_open_realfile) result=0xffff88800dd4ff00
             cat-8633    [001] .....    19.408630: ovldiag_open: (ovl_open+0xb2/0x100 <- ovl_open_realfile) result=0xffff88800a2df600
             cat-8631    [000] .....    19.408740: ovldiag_open: (ovl_open+0xb2/0x100 <- ovl_open_realfile) result=0xffff88800cb7fd00
              dd-8634    [001] .....    19.411391: ovldiag_open: (ovl_open+0xb2/0x100 <- ovl_open_realfile) result=0xffff88800dc0df00
              dd-8634    [001] .....    19.411424: ovldiag_ensure: (ovl_write_iter+0xaf/0x1b0 <- ovl_ensure_upper_and_switch) result=0x0
              dd-8634    [001] .....    19.411437: ovldiag_write: (ovl_write_iter+0x136/0x1b0 <- backing_file_write_iter) result=0x1000
            bash-449     [000] .....    20.457196: ovldiag_open: (ovl_open+0xb2/0x100 <- ovl_open_realfile) result=0xffff8880071af300
            bash-449     [000] .....    20.457440: ovldiag_ensure: (ovl_write_iter+0xaf/0x1b0 <- ovl_ensure_upper_and_switch) result=0x0
            bash-449     [000] .....    20.457464: ovldiag_write: (ovl_write_iter+0x136/0x1b0 <- backing_file_write_iter) result=0x8
        truncate-8654    [001] .....    20.466943: ovldiag_open: (ovl_open+0xb2/0x100 <- ovl_open_realfile) result=0xffff888004445600
       fallocate-8657    [000] .....    20.475618: ovldiag_open: (ovl_open+0xb2/0x100 <- ovl_open_realfile) result=0xffff888008428300
       fallocate-8657    [000] .....    20.475625: ovldiag_ensure: (ovl_fallocate+0x49/0x110 <- ovl_ensure_upper_and_switch) result=0x0
            bash-449     [000] .....    20.510356: ovldiag_open: (ovl_open+0xb2/0x100 <- ovl_open_realfile) result=0xffff888007105300
            bash-449     [000] .....    20.510391: ovldiag_ensure: (ovl_write_iter+0xaf/0x1b0 <- ovl_ensure_upper_and_switch) result=0x0
            bash-449     [000] .....    20.510416: ovldiag_write: (ovl_write_iter+0x136/0x1b0 <- backing_file_write_iter) result=0x3
            bash-449     [000] .....    20.514200: ovldiag_open: (ovl_open+0xb2/0x100 <- ovl_open_realfile) result=0xffff888007105a00
            bash-449     [000] .....    20.521412: ovldiag_cow: (ovl_ensure_upper_and_switch+0x360/0x650 <- ovl_rehome_or_anon_cow) result=0x0
            bash-449     [000] .....    20.521416: ovldiag_ensure: (ovl_write_iter+0xaf/0x1b0 <- ovl_ensure_upper_and_switch) result=0x0
            bash-449     [000] .....    20.521547: ovldiag_write: (ovl_write_iter+0x136/0x1b0 <- backing_file_write_iter) result=0xc
             cat-8674    [000] .....    20.528396: ovldiag_open: (ovl_open+0xb2/0x100 <- ovl_open_realfile) result=0xffff888007377900
             cat-8685    [001] .....    20.562229: ovldiag_open: (ovl_open+0xb2/0x100 <- ovl_open_realfile) result=0xffff888006217e00
            bash-449     [001] .....    20.604759: ovldiag_open: (ovl_open+0xb2/0x100 <- ovl_open_realfile) result=0xffff8880086dd600
            bash-449     [001] .....    20.604828: ovldiag_ensure: (ovl_write_iter+0xaf/0x1b0 <- ovl_ensure_upper_and_switch) result=0x0
            bash-449     [001] .....    20.604846: ovldiag_write: (ovl_write_iter+0x136/0x1b0 <- backing_file_write_iter) result=0xb
            bash-449     [001] .....    20.604947: ovldiag_open: (ovl_open+0xb2/0x100 <- ovl_open_realfile) result=0xffff8880086dd600
            bash-449     [001] .....    20.604966: ovldiag_ensure: (ovl_write_iter+0xaf/0x1b0 <- ovl_ensure_upper_and_switch) result=0x0
            bash-449     [001] .....    20.604973: ovldiag_write: (ovl_write_iter+0x136/0x1b0 <- backing_file_write_iter) result=0xb
            bash-449     [001] .....    20.605043: ovldiag_open: (ovl_open+0xb2/0x100 <- ovl_open_realfile) result=0xffff8880086dd600
            bash-449     [001] .....    20.605059: ovldiag_ensure: (ovl_write_iter+0xaf/0x1b0 <- ovl_ensure_upper_and_switch) result=0x0
            bash-449     [001] .....    20.605064: ovldiag_write: (ovl_write_iter+0x136/0x1b0 <- backing_file_write_iter) result=0xb
            bash-449     [001] .....    20.605128: ovldiag_open: (ovl_open+0xb2/0x100 <- ovl_open_realfile) result=0xffff8880086dd600
            bash-449     [001] .....    20.605144: ovldiag_ensure: (ovl_write_iter+0xaf/0x1b0 <- ovl_ensure_upper_and_switch) result=0x0
            bash-449     [001] .....    20.605149: ovldiag_write: (ovl_write_iter+0x136/0x1b0 <- backing_file_write_iter) result=0xb
            bash-449     [001] .....    20.605212: ovldiag_open: (ovl_open+0xb2/0x100 <- ovl_open_realfile) result=0xffff8880086dd600
            bash-449     [001] .....    20.605228: ovldiag_ensure: (ovl_write_iter+0xaf/0x1b0 <- ovl_ensure_upper_and_switch) result=0x0
            bash-449     [001] .....    20.605233: ovldiag_write: (ovl_write_iter+0x136/0x1b0 <- backing_file_write_iter) result=0xb
            bash-449     [001] .....    20.605317: ovldiag_open: (ovl_open+0xb2/0x100 <- ovl_open_realfile) result=0xffff8880086dd600
            bash-449     [001] .....    20.605335: ovldiag_ensure: (ovl_write_iter+0xaf/0x1b0 <- ovl_ensure_upper_and_switch) result=0x0
            bash-449     [001] .....    20.605340: ovldiag_write: (ovl_write_iter+0x136/0x1b0 <- backing_file_write_iter) result=0xb
            bash-449     [001] .....    20.605404: ovldiag_open: (ovl_open+0xb2/0x100 <- ovl_open_realfile) result=0xffff8880086dd600
            bash-449     [001] .....    20.605420: ovldiag_ensure: (ovl_write_iter+0xaf/0x1b0 <- ovl_ensure_upper_and_switch) result=0x0
            bash-449     [001] .....    20.605425: ovldiag_write: (ovl_write_iter+0x136/0x1b0 <- backing_file_write_iter) result=0xb
            bash-449     [001] .....    20.605487: ovldiag_open: (ovl_open+0xb2/0x100 <- ovl_open_realfile) result=0xffff8880086dd600
            bash-449     [001] .....    20.605503: ovldiag_ensure: (ovl_write_iter+0xaf/0x1b0 <- ovl_ensure_upper_and_switch) result=0x0
            bash-449     [001] .....    20.605508: ovldiag_write: (ovl_write_iter+0x136/0x1b0 <- backing_file_write_iter) result=0xb
            bash-449     [001] .....    20.605571: ovldiag_open: (ovl_open+0xb2/0x100 <- ovl_open_realfile) result=0xffff8880086dd600
            bash-449     [001] .....    20.605587: ovldiag_ensure: (ovl_write_iter+0xaf/0x1b0 <- ovl_ensure_upper_and_switch) result=0x0
            bash-449     [001] .....    20.605592: ovldiag_write: (ovl_write_iter+0x136/0x1b0 <- backing_file_write_iter) result=0xb
            bash-449     [001] .....    20.605657: ovldiag_open: (ovl_open+0xb2/0x100 <- ovl_open_realfile) result=0xffff8880086dd600
            bash-449     [001] .....    20.605673: ovldiag_ensure: (ovl_write_iter+0xaf/0x1b0 <- ovl_ensure_upper_and_switch) result=0x0
            bash-449     [001] .....    20.605678: ovldiag_write: (ovl_write_iter+0x136/0x1b0 <- backing_file_write_iter) result=0xc
            bash-449     [001] .....    20.605742: ovldiag_open: (ovl_open+0xb2/0x100 <- ovl_open_realfile) result=0xffff8880086dd600
            bash-449     [001] .....    20.605757: ovldiag_ensure: (ovl_write_iter+0xaf/0x1b0 <- ovl_ensure_upper_and_switch) result=0x0
            bash-449     [001] .....    20.605762: ovldiag_write: (ovl_write_iter+0x136/0x1b0 <- backing_file_write_iter) result=0xc
            bash-449     [001] .....    20.605890: ovldiag_open: (ovl_open+0xb2/0x100 <- ovl_open_realfile) result=0xffff8880086dd600
            bash-449     [001] .....    20.605914: ovldiag_ensure: (ovl_write_iter+0xaf/0x1b0 <- ovl_ensure_upper_and_switch) result=0x0
            bash-449     [001] .....    20.605920: ovldiag_write: (ovl_write_iter+0x136/0x1b0 <- backing_file_write_iter) result=0xc
            bash-449     [001] .....    20.606045: ovldiag_open: (ovl_open+0xb2/0x100 <- ovl_open_realfile) result=0xffff8880086dd600
            bash-449     [001] .....    20.606064: ovldiag_ensure: (ovl_write_iter+0xaf/0x1b0 <- ovl_ensure_upper_and_switch) result=0x0
            bash-449     [001] .....    20.606069: ovldiag_write: (ovl_write_iter+0x136/0x1b0 <- backing_file_write_iter) result=0xc
            bash-449     [001] .....    20.606145: ovldiag_open: (ovl_open+0xb2/0x100 <- ovl_open_realfile) result=0xffff8880086dd600
            bash-449     [001] .....    20.606161: ovldiag_ensure: (ovl_write_iter+0xaf/0x1b0 <- ovl_ensure_upper_and_switch) result=0x0
            bash-449     [001] .....    20.606166: ovldiag_write: (ovl_write_iter+0x136/0x1b0 <- backing_file_write_iter) result=0xc
            bash-449     [001] .....    20.606230: ovldiag_open: (ovl_open+0xb2/0x100 <- ovl_open_realfile) result=0xffff8880086dd600
            bash-449     [001] .....    20.606246: ovldiag_ensure: (ovl_write_iter+0xaf/0x1b0 <- ovl_ensure_upper_and_switch) result=0x0
            bash-449     [001] .....    20.606266: ovldiag_write: (ovl_write_iter+0x136/0x1b0 <- backing_file_write_iter) result=0xc
            bash-449     [001] .....    20.606339: ovldiag_open: (ovl_open+0xb2/0x100 <- ovl_open_realfile) result=0xffff8880086dd600
            bash-449     [001] .....    20.606355: ovldiag_ensure: (ovl_write_iter+0xaf/0x1b0 <- ovl_ensure_upper_and_switch) result=0x0
            bash-449     [001] .....    20.606361: ovldiag_write: (ovl_write_iter+0x136/0x1b0 <- backing_file_write_iter) result=0xc
            bash-449     [001] .....    20.606424: ovldiag_open: (ovl_open+0xb2/0x100 <- ovl_open_realfile) result=0xffff8880086dd600
            bash-449     [001] .....    20.606440: ovldiag_ensure: (ovl_write_iter+0xaf/0x1b0 <- ovl_ensure_upper_and_switch) result=0x0
            bash-449     [001] .....    20.606445: ovldiag_write: (ovl_write_iter+0x136/0x1b0 <- backing_file_write_iter) result=0xc
            bash-449     [001] .....    20.606509: ovldiag_open: (ovl_open+0xb2/0x100 <- ovl_open_realfile) result=0xffff8880086dd600
            bash-449     [001] .....    20.606524: ovldiag_ensure: (ovl_write_iter+0xaf/0x1b0 <- ovl_ensure_upper_and_switch) result=0x0
            bash-449     [001] .....    20.606529: ovldiag_write: (ovl_write_iter+0x136/0x1b0 <- backing_file_write_iter) result=0xc
            bash-449     [001] .....    20.606593: ovldiag_open: (ovl_open+0xb2/0x100 <- ovl_open_realfile) result=0xffff8880086dd600
            bash-449     [001] .....    20.606609: ovldiag_ensure: (ovl_write_iter+0xaf/0x1b0 <- ovl_ensure_upper_and_switch) result=0x0
            bash-449     [001] .....    20.606614: ovldiag_write: (ovl_write_iter+0x136/0x1b0 <- backing_file_write_iter) result=0xc
            bash-449     [001] .....    20.606678: ovldiag_open: (ovl_open+0xb2/0x100 <- ovl_open_realfile) result=0xffff8880086dd600
            bash-449     [001] .....    20.606693: ovldiag_ensure: (ovl_write_iter+0xaf/0x1b0 <- ovl_ensure_upper_and_switch) result=0x0
            bash-449     [001] .....    20.606698: ovldiag_write: (ovl_write_iter+0x136/0x1b0 <- backing_file_write_iter) result=0xc
            bash-449     [001] .....    20.606765: ovldiag_open: (ovl_open+0xb2/0x100 <- ovl_open_realfile) result=0xffff8880086dd600
            bash-449     [001] .....    20.606780: ovldiag_ensure: (ovl_write_iter+0xaf/0x1b0 <- ovl_ensure_upper_and_switch) result=0x0
            bash-449     [001] .....    20.606785: ovldiag_write: (ovl_write_iter+0x136/0x1b0 <- backing_file_write_iter) result=0xc
            bash-449     [001] .....    20.606935: ovldiag_open: (ovl_open+0xb2/0x100 <- ovl_open_realfile) result=0xffff8880086dd600
            bash-449     [001] .....    20.606954: ovldiag_ensure: (ovl_write_iter+0xaf/0x1b0 <- ovl_ensure_upper_and_switch) result=0x0
            bash-449     [001] .....    20.606960: ovldiag_write: (ovl_write_iter+0x136/0x1b0 <- backing_file_write_iter) result=0xc
            bash-449     [001] .....    20.607030: ovldiag_open: (ovl_open+0xb2/0x100 <- ovl_open_realfile) result=0xffff8880086dd600
            bash-449     [001] .....    20.607045: ovldiag_ensure: (ovl_write_iter+0xaf/0x1b0 <- ovl_ensure_upper_and_switch) result=0x0
            bash-449     [001] .....    20.607050: ovldiag_write: (ovl_write_iter+0x136/0x1b0 <- backing_file_write_iter) result=0xc
            bash-449     [001] .....    20.607116: ovldiag_open: (ovl_open+0xb2/0x100 <- ovl_open_realfile) result=0xffff8880086dd600
            bash-449     [001] .....    20.607131: ovldiag_ensure: (ovl_write_iter+0xaf/0x1b0 <- ovl_ensure_upper_and_switch) result=0x0
            bash-449     [001] .....    20.607137: ovldiag_write: (ovl_write_iter+0x136/0x1b0 <- backing_file_write_iter) result=0xc
            bash-449     [001] .....    20.607207: ovldiag_open: (ovl_open+0xb2/0x100 <- ovl_open_realfile) result=0xffff8880086dd600
            bash-449     [001] .....    20.607222: ovldiag_ensure: (ovl_write_iter+0xaf/0x1b0 <- ovl_ensure_upper_and_switch) result=0x0
            bash-449     [001] .....    20.607227: ovldiag_write: (ovl_write_iter+0x136/0x1b0 <- backing_file_write_iter) result=0xc
            bash-449     [001] .....    20.607327: ovldiag_open: (ovl_open+0xb2/0x100 <- ovl_open_realfile) result=0xffff8880086dd600
            bash-449     [001] .....    20.607345: ovldiag_ensure: (ovl_write_iter+0xaf/0x1b0 <- ovl_ensure_upper_and_switch) result=0x0
            bash-449     [001] .....    20.607351: ovldiag_write: (ovl_write_iter+0x136/0x1b0 <- backing_file_write_iter) result=0xc
            bash-449     [001] .....    20.607434: ovldiag_open: (ovl_open+0xb2/0x100 <- ovl_open_realfile) result=0xffff8880086dd600
            bash-449     [001] .....    20.607452: ovldiag_ensure: (ovl_write_iter+0xaf/0x1b0 <- ovl_ensure_upper_and_switch) result=0x0
            bash-449     [001] .....    20.607458: ovldiag_write: (ovl_write_iter+0x136/0x1b0 <- backing_file_write_iter) result=0xc
            bash-449     [001] .....    20.607524: ovldiag_open: (ovl_open+0xb2/0x100 <- ovl_open_realfile) result=0xffff8880086dd600
            bash-449     [001] .....    20.607540: ovldiag_ensure: (ovl_write_iter+0xaf/0x1b0 <- ovl_ensure_upper_and_switch) result=0x0
            bash-449     [001] .....    20.607545: ovldiag_write: (ovl_write_iter+0x136/0x1b0 <- backing_file_write_iter) result=0xc
            bash-449     [001] .....    20.607609: ovldiag_open: (ovl_open+0xb2/0x100 <- ovl_open_realfile) result=0xffff8880086dd600
            bash-449     [001] .....    20.607624: ovldiag_ensure: (ovl_write_iter+0xaf/0x1b0 <- ovl_ensure_upper_and_switch) result=0x0
            bash-449     [001] .....    20.607630: ovldiag_write: (ovl_write_iter+0x136/0x1b0 <- backing_file_write_iter) result=0xc
            bash-449     [001] .....    20.607710: ovldiag_open: (ovl_open+0xb2/0x100 <- ovl_open_realfile) result=0xffff8880086dd600
            bash-449     [001] .....    20.607729: ovldiag_ensure: (ovl_write_iter+0xaf/0x1b0 <- ovl_ensure_upper_and_switch) result=0x0
            bash-449     [001] .....    20.607737: ovldiag_write: (ovl_write_iter+0x136/0x1b0 <- backing_file_write_iter) result=0xc
            bash-449     [001] .....    20.607828: ovldiag_open: (ovl_open+0xb2/0x100 <- ovl_open_realfile) result=0xffff8880086dd600
            bash-449     [001] .....    20.607847: ovldiag_ensure: (ovl_write_iter+0xaf/0x1b0 <- ovl_ensure_upper_and_switch) result=0x0
            bash-449     [001] .....    20.607853: ovldiag_write: (ovl_write_iter+0x136/0x1b0 <- backing_file_write_iter) result=0xc
            bash-449     [001] .....    20.607923: ovldiag_open: (ovl_open+0xb2/0x100 <- ovl_open_realfile) result=0xffff8880086dd600
            bash-449     [001] .....    20.607939: ovldiag_ensure: (ovl_write_iter+0xaf/0x1b0 <- ovl_ensure_upper_and_switch) result=0x0
            bash-449     [001] .....    20.607944: ovldiag_write: (ovl_write_iter+0x136/0x1b0 <- backing_file_write_iter) result=0xc
            bash-449     [001] .....    20.608009: ovldiag_open: (ovl_open+0xb2/0x100 <- ovl_open_realfile) result=0xffff8880086dd600
            bash-449     [001] .....    20.608025: ovldiag_ensure: (ovl_write_iter+0xaf/0x1b0 <- ovl_ensure_upper_and_switch) result=0x0
            bash-449     [001] .....    20.608030: ovldiag_write: (ovl_write_iter+0x136/0x1b0 <- backing_file_write_iter) result=0xc
            bash-449     [001] .....    20.608206: ovldiag_open: (ovl_open+0xb2/0x100 <- ovl_open_realfile) result=0xffff8880086dd600
            bash-449     [001] .....    20.608222: ovldiag_ensure: (ovl_write_iter+0xaf/0x1b0 <- ovl_ensure_upper_and_switch) result=0x0
            bash-449     [001] .....    20.608227: ovldiag_write: (ovl_write_iter+0x136/0x1b0 <- backing_file_write_iter) result=0xc
            bash-449     [001] .....    20.608323: ovldiag_open: (ovl_open+0xb2/0x100 <- ovl_open_realfile) result=0xffff8880086dd600
            bash-449     [001] .....    20.608342: ovldiag_ensure: (ovl_write_iter+0xaf/0x1b0 <- ovl_ensure_upper_and_switch) result=0x0
            bash-449     [001] .....    20.608347: ovldiag_write: (ovl_write_iter+0x136/0x1b0 <- backing_file_write_iter) result=0xc
            bash-449     [001] .....    20.608412: ovldiag_open: (ovl_open+0xb2/0x100 <- ovl_open_realfile) result=0xffff8880086dd600
            bash-449     [001] .....    20.608429: ovldiag_ensure: (ovl_write_iter+0xaf/0x1b0 <- ovl_ensure_upper_and_switch) result=0x0
            bash-449     [001] .....    20.608434: ovldiag_write: (ovl_write_iter+0x136/0x1b0 <- backing_file_write_iter) result=0xc
            bash-449     [001] .....    20.608497: ovldiag_open: (ovl_open+0xb2/0x100 <- ovl_open_realfile) result=0xffff8880086dd600
            bash-449     [001] .....    20.608513: ovldiag_ensure: (ovl_write_iter+0xaf/0x1b0 <- ovl_ensure_upper_and_switch) result=0x0
            bash-449     [001] .....    20.608518: ovldiag_write: (ovl_write_iter+0x136/0x1b0 <- backing_file_write_iter) result=0xc
            bash-449     [001] .....    20.608582: ovldiag_open: (ovl_open+0xb2/0x100 <- ovl_open_realfile) result=0xffff8880086dd600
            bash-449     [001] .....    20.608598: ovldiag_ensure: (ovl_write_iter+0xaf/0x1b0 <- ovl_ensure_upper_and_switch) result=0x0
            bash-449     [001] .....    20.608603: ovldiag_write: (ovl_write_iter+0x136/0x1b0 <- backing_file_write_iter) result=0xc
            bash-449     [001] .....    20.608686: ovldiag_open: (ovl_open+0xb2/0x100 <- ovl_open_realfile) result=0xffff8880086dd600
            bash-449     [001] .....    20.608705: ovldiag_ensure: (ovl_write_iter+0xaf/0x1b0 <- ovl_ensure_upper_and_switch) result=0x0
            bash-449     [001] .....    20.608711: ovldiag_write: (ovl_write_iter+0x136/0x1b0 <- backing_file_write_iter) result=0xc
            bash-449     [001] .....    20.608856: ovldiag_open: (ovl_open+0xb2/0x100 <- ovl_open_realfile) result=0xffff8880086dd600
            bash-449     [001] .....    20.608875: ovldiag_ensure: (ovl_write_iter+0xaf/0x1b0 <- ovl_ensure_upper_and_switch) result=0x0
            bash-449     [001] .....    20.608882: ovldiag_write: (ovl_write_iter+0x136/0x1b0 <- backing_file_write_iter) result=0xc
            bash-449     [001] .....    20.608950: ovldiag_open: (ovl_open+0xb2/0x100 <- ovl_open_realfile) result=0xffff8880086dd600
            bash-449     [001] .....    20.608966: ovldiag_ensure: (ovl_write_iter+0xaf/0x1b0 <- ovl_ensure_upper_and_switch) result=0x0
            bash-449     [001] .....    20.608972: ovldiag_write: (ovl_write_iter+0x136/0x1b0 <- backing_file_write_iter) result=0xc
            bash-449     [001] .....    20.609036: ovldiag_open: (ovl_open+0xb2/0x100 <- ovl_open_realfile) result=0xffff8880086dd600
            bash-449     [001] .....    20.609052: ovldiag_ensure: (ovl_write_iter+0xaf/0x1b0 <- ovl_ensure_upper_and_switch) result=0x0
            bash-449     [001] .....    20.609057: ovldiag_write: (ovl_write_iter+0x136/0x1b0 <- backing_file_write_iter) result=0xc
            bash-449     [001] .....    20.609145: ovldiag_open: (ovl_open+0xb2/0x100 <- ovl_open_realfile) result=0xffff8880086dd600
            bash-449     [001] .....    20.609164: ovldiag_ensure: (ovl_write_iter+0xaf/0x1b0 <- ovl_ensure_upper_and_switch) result=0x0
            bash-449     [001] .....    20.609170: ovldiag_write: (ovl_write_iter+0x136/0x1b0 <- backing_file_write_iter) result=0xc
            bash-449     [001] .....    20.609238: ovldiag_open: (ovl_open+0xb2/0x100 <- ovl_open_realfile) result=0xffff8880086dd600
            bash-449     [001] .....    20.609269: ovldiag_ensure: (ovl_write_iter+0xaf/0x1b0 <- ovl_ensure_upper_and_switch) result=0x0
            bash-449     [001] .....    20.609276: ovldiag_write: (ovl_write_iter+0x136/0x1b0 <- backing_file_write_iter) result=0xc
            bash-449     [001] .....    20.609347: ovldiag_open: (ovl_open+0xb2/0x100 <- ovl_open_realfile) result=0xffff8880086dd600
            bash-449     [001] .....    20.609363: ovldiag_ensure: (ovl_write_iter+0xaf/0x1b0 <- ovl_ensure_upper_and_switch) result=0x0
            bash-449     [001] .....    20.609370: ovldiag_write: (ovl_write_iter+0x136/0x1b0 <- backing_file_write_iter) result=0xc
            bash-449     [001] .....    20.609434: ovldiag_open: (ovl_open+0xb2/0x100 <- ovl_open_realfile) result=0xffff8880086dd600
            bash-449     [001] .....    20.609450: ovldiag_ensure: (ovl_write_iter+0xaf/0x1b0 <- ovl_ensure_upper_and_switch) result=0x0
            bash-449     [001] .....    20.609455: ovldiag_write: (ovl_write_iter+0x136/0x1b0 <- backing_file_write_iter) result=0xc
            bash-449     [001] .....    20.609584: ovldiag_open: (ovl_open+0xb2/0x100 <- ovl_open_realfile) result=0xffff8880086dd600
            bash-449     [001] .....    20.609603: ovldiag_ensure: (ovl_write_iter+0xaf/0x1b0 <- ovl_ensure_upper_and_switch) result=0x0
            bash-449     [001] .....    20.609609: ovldiag_write: (ovl_write_iter+0x136/0x1b0 <- backing_file_write_iter) result=0xc
            bash-449     [001] .....    20.609692: ovldiag_open: (ovl_open+0xb2/0x100 <- ovl_open_realfile) result=0xffff8880086dd600
            bash-449     [001] .....    20.609710: ovldiag_ensure: (ovl_write_iter+0xaf/0x1b0 <- ovl_ensure_upper_and_switch) result=0x0
            bash-449     [001] .....    20.609716: ovldiag_write: (ovl_write_iter+0x136/0x1b0 <- backing_file_write_iter) result=0xc
            bash-449     [001] .....    20.609783: ovldiag_open: (ovl_open+0xb2/0x100 <- ovl_open_realfile) result=0xffff8880086dd600
            bash-449     [001] .....    20.609832: ovldiag_ensure: (ovl_write_iter+0xaf/0x1b0 <- ovl_ensure_upper_and_switch) result=0x0
            bash-449     [001] .....    20.609841: ovldiag_write: (ovl_write_iter+0x136/0x1b0 <- backing_file_write_iter) result=0xc
            bash-449     [001] .....    20.609911: ovldiag_open: (ovl_open+0xb2/0x100 <- ovl_open_realfile) result=0xffff8880086dd600
            bash-449     [001] .....    20.609927: ovldiag_ensure: (ovl_write_iter+0xaf/0x1b0 <- ovl_ensure_upper_and_switch) result=0x0
            bash-449     [001] .....    20.609933: ovldiag_write: (ovl_write_iter+0x136/0x1b0 <- backing_file_write_iter) result=0xc
            bash-449     [001] .....    20.609997: ovldiag_open: (ovl_open+0xb2/0x100 <- ovl_open_realfile) result=0xffff8880086dd600
            bash-449     [001] .....    20.610013: ovldiag_ensure: (ovl_write_iter+0xaf/0x1b0 <- ovl_ensure_upper_and_switch) result=0x0
            bash-449     [001] .....    20.610018: ovldiag_write: (ovl_write_iter+0x136/0x1b0 <- backing_file_write_iter) result=0xc
            bash-449     [001] .....    20.610085: ovldiag_open: (ovl_open+0xb2/0x100 <- ovl_open_realfile) result=0xffff8880086dd600
            bash-449     [001] .....    20.610100: ovldiag_ensure: (ovl_write_iter+0xaf/0x1b0 <- ovl_ensure_upper_and_switch) result=0x0
            bash-449     [001] .....    20.610106: ovldiag_write: (ovl_write_iter+0x136/0x1b0 <- backing_file_write_iter) result=0xc
            bash-449     [001] .....    20.610170: ovldiag_open: (ovl_open+0xb2/0x100 <- ovl_open_realfile) result=0xffff8880086dd600
            bash-449     [001] .....    20.610186: ovldiag_ensure: (ovl_write_iter+0xaf/0x1b0 <- ovl_ensure_upper_and_switch) result=0x0
            bash-449     [001] .....    20.610191: ovldiag_write: (ovl_write_iter+0x136/0x1b0 <- backing_file_write_iter) result=0xc
            bash-449     [001] .....    20.610269: ovldiag_open: (ovl_open+0xb2/0x100 <- ovl_open_realfile) result=0xffff8880086dd600
            bash-449     [001] .....    20.610287: ovldiag_ensure: (ovl_write_iter+0xaf/0x1b0 <- ovl_ensure_upper_and_switch) result=0x0
            bash-449     [001] .....    20.610293: ovldiag_write: (ovl_write_iter+0x136/0x1b0 <- backing_file_write_iter) result=0xc
            bash-449     [001] .....    20.610370: ovldiag_open: (ovl_open+0xb2/0x100 <- ovl_open_realfile) result=0xffff8880086dd600
            bash-449     [001] .....    20.610385: ovldiag_ensure: (ovl_write_iter+0xaf/0x1b0 <- ovl_ensure_upper_and_switch) result=0x0
            bash-449     [001] .....    20.610391: ovldiag_write: (ovl_write_iter+0x136/0x1b0 <- backing_file_write_iter) result=0xc
            bash-449     [001] .....    20.610521: ovldiag_open: (ovl_open+0xb2/0x100 <- ovl_open_realfile) result=0xffff8880086dd600
            bash-449     [001] .....    20.610540: ovldiag_ensure: (ovl_write_iter+0xaf/0x1b0 <- ovl_ensure_upper_and_switch) result=0x0
            bash-449     [001] .....    20.610546: ovldiag_write: (ovl_write_iter+0x136/0x1b0 <- backing_file_write_iter) result=0xc
            bash-449     [001] .....    20.610613: ovldiag_open: (ovl_open+0xb2/0x100 <- ovl_open_realfile) result=0xffff8880086dd600
            bash-449     [001] .....    20.610629: ovldiag_ensure: (ovl_write_iter+0xaf/0x1b0 <- ovl_ensure_upper_and_switch) result=0x0
            bash-449     [001] .....    20.610634: ovldiag_write: (ovl_write_iter+0x136/0x1b0 <- backing_file_write_iter) result=0xc
            bash-449     [001] .....    20.610699: ovldiag_open: (ovl_open+0xb2/0x100 <- ovl_open_realfile) result=0xffff8880086dd600
            bash-449     [001] .....    20.610715: ovldiag_ensure: (ovl_write_iter+0xaf/0x1b0 <- ovl_ensure_upper_and_switch) result=0x0
            bash-449     [001] .....    20.610720: ovldiag_write: (ovl_write_iter+0x136/0x1b0 <- backing_file_write_iter) result=0xc
            bash-449     [001] .....    20.610785: ovldiag_open: (ovl_open+0xb2/0x100 <- ovl_open_realfile) result=0xffff8880086dd600
            bash-449     [001] .....    20.610830: ovldiag_ensure: (ovl_write_iter+0xaf/0x1b0 <- ovl_ensure_upper_and_switch) result=0x0
            bash-449     [001] .....    20.610838: ovldiag_write: (ovl_write_iter+0x136/0x1b0 <- backing_file_write_iter) result=0xc
            bash-449     [001] .....    20.610923: ovldiag_open: (ovl_open+0xb2/0x100 <- ovl_open_realfile) result=0xffff8880086dd600
            bash-449     [001] .....    20.610941: ovldiag_ensure: (ovl_write_iter+0xaf/0x1b0 <- ovl_ensure_upper_and_switch) result=0x0
            bash-449     [001] .....    20.610949: ovldiag_write: (ovl_write_iter+0x136/0x1b0 <- backing_file_write_iter) result=0xc
            bash-449     [001] .....    20.611015: ovldiag_open: (ovl_open+0xb2/0x100 <- ovl_open_realfile) result=0xffff8880086dd600
            bash-449     [001] .....    20.611030: ovldiag_ensure: (ovl_write_iter+0xaf/0x1b0 <- ovl_ensure_upper_and_switch) result=0x0
            bash-449     [001] .....    20.611035: ovldiag_write: (ovl_write_iter+0x136/0x1b0 <- backing_file_write_iter) result=0xc
            bash-449     [001] .....    20.611100: ovldiag_open: (ovl_open+0xb2/0x100 <- ovl_open_realfile) result=0xffff8880086dd600
            bash-449     [001] .....    20.611117: ovldiag_ensure: (ovl_write_iter+0xaf/0x1b0 <- ovl_ensure_upper_and_switch) result=0x0
            bash-449     [001] .....    20.611122: ovldiag_write: (ovl_write_iter+0x136/0x1b0 <- backing_file_write_iter) result=0xc
            bash-449     [001] .....    20.611189: ovldiag_open: (ovl_open+0xb2/0x100 <- ovl_open_realfile) result=0xffff8880086dd600
            bash-449     [001] .....    20.611205: ovldiag_ensure: (ovl_write_iter+0xaf/0x1b0 <- ovl_ensure_upper_and_switch) result=0x0
            bash-449     [001] .....    20.611210: ovldiag_write: (ovl_write_iter+0x136/0x1b0 <- backing_file_write_iter) result=0xc
            bash-449     [001] .....    20.611301: ovldiag_open: (ovl_open+0xb2/0x100 <- ovl_open_realfile) result=0xffff8880086dd600
            bash-449     [001] .....    20.611320: ovldiag_ensure: (ovl_write_iter+0xaf/0x1b0 <- ovl_ensure_upper_and_switch) result=0x0
            bash-449     [001] .....    20.611326: ovldiag_write: (ovl_write_iter+0x136/0x1b0 <- backing_file_write_iter) result=0xc
            bash-449     [001] .....    20.611393: ovldiag_open: (ovl_open+0xb2/0x100 <- ovl_open_realfile) result=0xffff8880086dd600
            bash-449     [001] .....    20.611409: ovldiag_ensure: (ovl_write_iter+0xaf/0x1b0 <- ovl_ensure_upper_and_switch) result=0x0
            bash-449     [001] .....    20.611414: ovldiag_write: (ovl_write_iter+0x136/0x1b0 <- backing_file_write_iter) result=0xc
            bash-449     [001] .....    20.611479: ovldiag_open: (ovl_open+0xb2/0x100 <- ovl_open_realfile) result=0xffff8880086dd600
            bash-449     [001] .....    20.611494: ovldiag_ensure: (ovl_write_iter+0xaf/0x1b0 <- ovl_ensure_upper_and_switch) result=0x0
            bash-449     [001] .....    20.611499: ovldiag_write: (ovl_write_iter+0x136/0x1b0 <- backing_file_write_iter) result=0xc
            bash-449     [001] .....    20.611582: ovldiag_open: (ovl_open+0xb2/0x100 <- ovl_open_realfile) result=0xffff8880086dd600
            bash-449     [001] .....    20.611601: ovldiag_ensure: (ovl_write_iter+0xaf/0x1b0 <- ovl_ensure_upper_and_switch) result=0x0
            bash-449     [001] .....    20.611607: ovldiag_write: (ovl_write_iter+0x136/0x1b0 <- backing_file_write_iter) result=0xc
            bash-449     [001] .....    20.611674: ovldiag_open: (ovl_open+0xb2/0x100 <- ovl_open_realfile) result=0xffff8880086dd600
            bash-449     [001] .....    20.611690: ovldiag_ensure: (ovl_write_iter+0xaf/0x1b0 <- ovl_ensure_upper_and_switch) result=0x0
            bash-449     [001] .....    20.611695: ovldiag_write: (ovl_write_iter+0x136/0x1b0 <- backing_file_write_iter) result=0xc
            bash-449     [001] .....    20.611786: ovldiag_open: (ovl_open+0xb2/0x100 <- ovl_open_realfile) result=0xffff8880086dd600
            bash-449     [001] .....    20.611833: ovldiag_ensure: (ovl_write_iter+0xaf/0x1b0 <- ovl_ensure_upper_and_switch) result=0x0
            bash-449     [001] .....    20.611841: ovldiag_write: (ovl_write_iter+0x136/0x1b0 <- backing_file_write_iter) result=0xc
            bash-449     [001] .....    20.611998: ovldiag_open: (ovl_open+0xb2/0x100 <- ovl_open_realfile) result=0xffff8880086dd600
            bash-449     [001] .....    20.612017: ovldiag_ensure: (ovl_write_iter+0xaf/0x1b0 <- ovl_ensure_upper_and_switch) result=0x0
            bash-449     [001] .....    20.612023: ovldiag_write: (ovl_write_iter+0x136/0x1b0 <- backing_file_write_iter) result=0xc
            bash-449     [001] .....    20.612092: ovldiag_open: (ovl_open+0xb2/0x100 <- ovl_open_realfile) result=0xffff8880086dd600
            bash-449     [001] .....    20.612108: ovldiag_ensure: (ovl_write_iter+0xaf/0x1b0 <- ovl_ensure_upper_and_switch) result=0x0
            bash-449     [001] .....    20.612113: ovldiag_write: (ovl_write_iter+0x136/0x1b0 <- backing_file_write_iter) result=0xc
            bash-449     [001] .....    20.612225: ovldiag_open: (ovl_open+0xb2/0x100 <- ovl_open_realfile) result=0xffff8880086dd600
            bash-449     [001] .....    20.612244: ovldiag_ensure: (ovl_write_iter+0xaf/0x1b0 <- ovl_ensure_upper_and_switch) result=0x0
            bash-449     [001] .....    20.612250: ovldiag_write: (ovl_write_iter+0x136/0x1b0 <- backing_file_write_iter) result=0xc
            bash-449     [001] .....    20.612333: ovldiag_open: (ovl_open+0xb2/0x100 <- ovl_open_realfile) result=0xffff8880086dd600
            bash-449     [001] .....    20.612350: ovldiag_ensure: (ovl_write_iter+0xaf/0x1b0 <- ovl_ensure_upper_and_switch) result=0x0
            bash-449     [001] .....    20.612355: ovldiag_write: (ovl_write_iter+0x136/0x1b0 <- backing_file_write_iter) result=0xc
            bash-449     [001] .....    20.612420: ovldiag_open: (ovl_open+0xb2/0x100 <- ovl_open_realfile) result=0xffff8880086dd600
            bash-449     [001] .....    20.612435: ovldiag_ensure: (ovl_write_iter+0xaf/0x1b0 <- ovl_ensure_upper_and_switch) result=0x0
            bash-449     [001] .....    20.612441: ovldiag_write: (ovl_write_iter+0x136/0x1b0 <- backing_file_write_iter) result=0xc
            bash-449     [001] .....    20.612506: ovldiag_open: (ovl_open+0xb2/0x100 <- ovl_open_realfile) result=0xffff8880086dd600
            bash-449     [001] .....    20.612522: ovldiag_ensure: (ovl_write_iter+0xaf/0x1b0 <- ovl_ensure_upper_and_switch) result=0x0
            bash-449     [001] .....    20.612530: ovldiag_write: (ovl_write_iter+0x136/0x1b0 <- backing_file_write_iter) result=0xc
            bash-449     [001] .....    20.612594: ovldiag_open: (ovl_open+0xb2/0x100 <- ovl_open_realfile) result=0xffff8880086dd600
            bash-449     [001] .....    20.612609: ovldiag_ensure: (ovl_write_iter+0xaf/0x1b0 <- ovl_ensure_upper_and_switch) result=0x0
            bash-449     [001] .....    20.612614: ovldiag_write: (ovl_write_iter+0x136/0x1b0 <- backing_file_write_iter) result=0xc
            bash-449     [001] .....    20.612696: ovldiag_open: (ovl_open+0xb2/0x100 <- ovl_open_realfile) result=0xffff8880086dd600
            bash-449     [001] .....    20.612714: ovldiag_ensure: (ovl_write_iter+0xaf/0x1b0 <- ovl_ensure_upper_and_switch) result=0x0
            bash-449     [001] .....    20.612720: ovldiag_write: (ovl_write_iter+0x136/0x1b0 <- backing_file_write_iter) result=0xc
            bash-449     [001] .....    20.612787: ovldiag_open: (ovl_open+0xb2/0x100 <- ovl_open_realfile) result=0xffff8880086dd600
            bash-449     [001] .....    20.612832: ovldiag_ensure: (ovl_write_iter+0xaf/0x1b0 <- ovl_ensure_upper_and_switch) result=0x0
            bash-449     [001] .....    20.612840: ovldiag_write: (ovl_write_iter+0x136/0x1b0 <- backing_file_write_iter) result=0xc
            bash-449     [001] .....    20.612910: ovldiag_open: (ovl_open+0xb2/0x100 <- ovl_open_realfile) result=0xffff8880086dd600
            bash-449     [001] .....    20.612926: ovldiag_ensure: (ovl_write_iter+0xaf/0x1b0 <- ovl_ensure_upper_and_switch) result=0x0
            bash-449     [001] .....    20.612931: ovldiag_write: (ovl_write_iter+0x136/0x1b0 <- backing_file_write_iter) result=0xc
            bash-449     [001] .....    20.612998: ovldiag_open: (ovl_open+0xb2/0x100 <- ovl_open_realfile) result=0xffff8880086dd600
            bash-449     [001] .....    20.613013: ovldiag_ensure: (ovl_write_iter+0xaf/0x1b0 <- ovl_ensure_upper_and_switch) result=0x0
            bash-449     [001] .....    20.613018: ovldiag_write: (ovl_write_iter+0x136/0x1b0 <- backing_file_write_iter) result=0xc
            bash-449     [001] .....    20.613100: ovldiag_open: (ovl_open+0xb2/0x100 <- ovl_open_realfile) result=0xffff8880086dd600
            bash-449     [001] .....    20.613118: ovldiag_ensure: (ovl_write_iter+0xaf/0x1b0 <- ovl_ensure_upper_and_switch) result=0x0
            bash-449     [001] .....    20.613124: ovldiag_write: (ovl_write_iter+0x136/0x1b0 <- backing_file_write_iter) result=0xc
            bash-449     [001] .....    20.613190: ovldiag_open: (ovl_open+0xb2/0x100 <- ovl_open_realfile) result=0xffff8880086dd600
            bash-449     [001] .....    20.613206: ovldiag_ensure: (ovl_write_iter+0xaf/0x1b0 <- ovl_ensure_upper_and_switch) result=0x0
            bash-449     [001] .....    20.613211: ovldiag_write: (ovl_write_iter+0x136/0x1b0 <- backing_file_write_iter) result=0xc
            bash-449     [001] .....    20.613305: ovldiag_open: (ovl_open+0xb2/0x100 <- ovl_open_realfile) result=0xffff8880086dd600
            bash-449     [001] .....    20.613324: ovldiag_ensure: (ovl_write_iter+0xaf/0x1b0 <- ovl_ensure_upper_and_switch) result=0x0
            bash-449     [001] .....    20.613330: ovldiag_write: (ovl_write_iter+0x136/0x1b0 <- backing_file_write_iter) result=0xc
            bash-449     [001] .....    20.613397: ovldiag_open: (ovl_open+0xb2/0x100 <- ovl_open_realfile) result=0xffff8880086dd600
            bash-449     [001] .....    20.613413: ovldiag_ensure: (ovl_write_iter+0xaf/0x1b0 <- ovl_ensure_upper_and_switch) result=0x0
            bash-449     [001] .....    20.613418: ovldiag_write: (ovl_write_iter+0x136/0x1b0 <- backing_file_write_iter) result=0xc
            bash-449     [001] .....    20.613500: ovldiag_open: (ovl_open+0xb2/0x100 <- ovl_open_realfile) result=0xffff8880086dd600
            bash-449     [001] .....    20.613518: ovldiag_ensure: (ovl_write_iter+0xaf/0x1b0 <- ovl_ensure_upper_and_switch) result=0x0
            bash-449     [001] .....    20.613524: ovldiag_write: (ovl_write_iter+0x136/0x1b0 <- backing_file_write_iter) result=0xc
            bash-449     [001] .....    20.613592: ovldiag_open: (ovl_open+0xb2/0x100 <- ovl_open_realfile) result=0xffff8880086dd600
            bash-449     [001] .....    20.613607: ovldiag_ensure: (ovl_write_iter+0xaf/0x1b0 <- ovl_ensure_upper_and_switch) result=0x0
            bash-449     [001] .....    20.613613: ovldiag_write: (ovl_write_iter+0x136/0x1b0 <- backing_file_write_iter) result=0xc
            bash-449     [001] .....    20.613696: ovldiag_open: (ovl_open+0xb2/0x100 <- ovl_open_realfile) result=0xffff8880086dd600
            bash-449     [001] .....    20.613714: ovldiag_ensure: (ovl_write_iter+0xaf/0x1b0 <- ovl_ensure_upper_and_switch) result=0x0
            bash-449     [001] .....    20.613720: ovldiag_write: (ovl_write_iter+0x136/0x1b0 <- backing_file_write_iter) result=0xc
            bash-449     [001] .....    20.613869: ovldiag_open: (ovl_open+0xb2/0x100 <- ovl_open_realfile) result=0xffff8880086dd600
            bash-449     [001] .....    20.613889: ovldiag_ensure: (ovl_write_iter+0xaf/0x1b0 <- ovl_ensure_upper_and_switch) result=0x0
            bash-449     [001] .....    20.613896: ovldiag_write: (ovl_write_iter+0x136/0x1b0 <- backing_file_write_iter) result=0xc
            bash-449     [001] .....    20.613979: ovldiag_open: (ovl_open+0xb2/0x100 <- ovl_open_realfile) result=0xffff8880086dd600
            bash-449     [001] .....    20.613997: ovldiag_ensure: (ovl_write_iter+0xaf/0x1b0 <- ovl_ensure_upper_and_switch) result=0x0
            bash-449     [001] .....    20.614003: ovldiag_write: (ovl_write_iter+0x136/0x1b0 <- backing_file_write_iter) result=0xc
            bash-449     [001] .....    20.614069: ovldiag_open: (ovl_open+0xb2/0x100 <- ovl_open_realfile) result=0xffff8880086dd600
            bash-449     [001] .....    20.614084: ovldiag_ensure: (ovl_write_iter+0xaf/0x1b0 <- ovl_ensure_upper_and_switch) result=0x0
            bash-449     [001] .....    20.614091: ovldiag_write: (ovl_write_iter+0x136/0x1b0 <- backing_file_write_iter) result=0xc
            bash-449     [001] .....    20.614157: ovldiag_open: (ovl_open+0xb2/0x100 <- ovl_open_realfile) result=0xffff8880086dd600
            bash-449     [001] .....    20.614172: ovldiag_ensure: (ovl_write_iter+0xaf/0x1b0 <- ovl_ensure_upper_and_switch) result=0x0
            bash-449     [001] .....    20.614178: ovldiag_write: (ovl_write_iter+0x136/0x1b0 <- backing_file_write_iter) result=0xc
            bash-449     [001] .....    20.614243: ovldiag_open: (ovl_open+0xb2/0x100 <- ovl_open_realfile) result=0xffff8880086dd600
            bash-449     [001] .....    20.614277: ovldiag_ensure: (ovl_write_iter+0xaf/0x1b0 <- ovl_ensure_upper_and_switch) result=0x0
            bash-449     [001] .....    20.614283: ovldiag_write: (ovl_write_iter+0x136/0x1b0 <- backing_file_write_iter) result=0xc
            bash-449     [001] .....    20.614413: ovldiag_open: (ovl_open+0xb2/0x100 <- ovl_open_realfile) result=0xffff8880086dd600
            bash-449     [001] .....    20.614432: ovldiag_ensure: (ovl_write_iter+0xaf/0x1b0 <- ovl_ensure_upper_and_switch) result=0x0
            bash-449     [001] .....    20.614437: ovldiag_write: (ovl_write_iter+0x136/0x1b0 <- backing_file_write_iter) result=0xc
            bash-449     [001] .....    20.614500: ovldiag_open: (ovl_open+0xb2/0x100 <- ovl_open_realfile) result=0xffff8880086dd600
            bash-449     [001] .....    20.614514: ovldiag_ensure: (ovl_write_iter+0xaf/0x1b0 <- ovl_ensure_upper_and_switch) result=0x0
            bash-449     [001] .....    20.614519: ovldiag_write: (ovl_write_iter+0x136/0x1b0 <- backing_file_write_iter) result=0xc
            bash-449     [001] .....    20.614581: ovldiag_open: (ovl_open+0xb2/0x100 <- ovl_open_realfile) result=0xffff8880086dd600
            bash-449     [001] .....    20.614595: ovldiag_ensure: (ovl_write_iter+0xaf/0x1b0 <- ovl_ensure_upper_and_switch) result=0x0
            bash-449     [001] .....    20.614600: ovldiag_write: (ovl_write_iter+0x136/0x1b0 <- backing_file_write_iter) result=0xc
            bash-449     [001] .....    20.614662: ovldiag_open: (ovl_open+0xb2/0x100 <- ovl_open_realfile) result=0xffff8880086dd600
            bash-449     [001] .....    20.614676: ovldiag_ensure: (ovl_write_iter+0xaf/0x1b0 <- ovl_ensure_upper_and_switch) result=0x0
            bash-449     [001] .....    20.614680: ovldiag_write: (ovl_write_iter+0x136/0x1b0 <- backing_file_write_iter) result=0xc
            bash-449     [001] .....    20.614743: ovldiag_open: (ovl_open+0xb2/0x100 <- ovl_open_realfile) result=0xffff8880086dd600
            bash-449     [001] .....    20.614757: ovldiag_ensure: (ovl_write_iter+0xaf/0x1b0 <- ovl_ensure_upper_and_switch) result=0x0
            bash-449     [001] .....    20.614761: ovldiag_write: (ovl_write_iter+0x136/0x1b0 <- backing_file_write_iter) result=0xc
            bash-449     [001] .....    20.614983: ovldiag_open: (ovl_open+0xb2/0x100 <- ovl_open_realfile) result=0xffff8880086dd600
            bash-449     [001] .....    20.615004: ovldiag_ensure: (ovl_write_iter+0xaf/0x1b0 <- ovl_ensure_upper_and_switch) result=0x0
            bash-449     [001] .....    20.615010: ovldiag_write: (ovl_write_iter+0x136/0x1b0 <- backing_file_write_iter) result=0xc
            bash-449     [001] .....    20.615083: ovldiag_open: (ovl_open+0xb2/0x100 <- ovl_open_realfile) result=0xffff8880086dd600
            bash-449     [001] .....    20.615098: ovldiag_ensure: (ovl_write_iter+0xaf/0x1b0 <- ovl_ensure_upper_and_switch) result=0x0
            bash-449     [001] .....    20.615103: ovldiag_write: (ovl_write_iter+0x136/0x1b0 <- backing_file_write_iter) result=0xc
            bash-449     [001] .....    20.615166: ovldiag_open: (ovl_open+0xb2/0x100 <- ovl_open_realfile) result=0xffff8880086dd600
            bash-449     [001] .....    20.615180: ovldiag_ensure: (ovl_write_iter+0xaf/0x1b0 <- ovl_ensure_upper_and_switch) result=0x0
            bash-449     [001] .....    20.615185: ovldiag_write: (ovl_write_iter+0x136/0x1b0 <- backing_file_write_iter) result=0xd
            bash-449     [001] .....    20.654696: ovldiag_open: (ovl_open+0xb2/0x100 <- ovl_open_realfile) result=0xffff888007166f00
            bash-449     [001] .....    20.654749: ovldiag_ensure: (ovl_write_iter+0xaf/0x1b0 <- ovl_ensure_upper_and_switch) result=0x0
            bash-449     [001] .....    20.654762: ovldiag_write: (ovl_write_iter+0x136/0x1b0 <- backing_file_write_iter) result=0x6
            bash-449     [001] .....    20.657997: ovldiag_open: (ovl_open+0xb2/0x100 <- ovl_open_realfile) result=0xffff88800732a200
            bash-449     [001] .....    20.660658: ovldiag_cow: (ovl_ensure_upper_and_switch+0x360/0x650 <- ovl_rehome_or_anon_cow) result=0x0
            bash-449     [001] .....    20.660661: ovldiag_ensure: (ovl_write_iter+0xaf/0x1b0 <- ovl_ensure_upper_and_switch) result=0x0
            bash-449     [001] .....    20.660819: ovldiag_write: (ovl_write_iter+0x136/0x1b0 <- backing_file_write_iter) result=0x11
            bash-449     [001] .....    20.660853: ovldiag_ensure: (ovl_write_iter+0xaf/0x1b0 <- ovl_ensure_upper_and_switch) result=0x0
            bash-449     [001] .....    20.660860: ovldiag_write: (ovl_write_iter+0x136/0x1b0 <- backing_file_write_iter) result=0x11
              wc-8714    [001] .....    20.665420: ovldiag_open: (ovl_open+0xb2/0x100 <- ovl_open_realfile) result=0xffff88800732a000
             cat-8715    [000] .....    20.670224: ovldiag_open: (ovl_open+0xb2/0x100 <- ovl_open_realfile) result=0xffff8880073c5700
            bash-8762    [000] .....    21.583904: ovldiag_open: (ovl_open+0xb2/0x100 <- ovl_open_realfile) result=0xffff8880047f6f00
            bash-8762    [000] .....    21.584182: ovldiag_ensure: (ovl_write_iter+0xaf/0x1b0 <- ovl_ensure_upper_and_switch) result=0x0
            bash-8762    [000] .....    21.584203: ovldiag_write: (ovl_write_iter+0x136/0x1b0 <- backing_file_write_iter) result=0xc
            bash-8762    [000] .....    21.584259: ovldiag_open: (ovl_open+0xb2/0x100 <- ovl_open_realfile) result=0xffff8880047f6f00
            bash-8762    [001] .....    21.587061: ovldiag_cow: (ovl_ensure_upper_and_switch+0x360/0x650 <- ovl_rehome_or_anon_cow) result=0x0
            bash-8762    [001] .....    21.587065: ovldiag_ensure: (ovl_write_iter+0xaf/0x1b0 <- ovl_ensure_upper_and_switch) result=0x0
            bash-8762    [001] .....    21.587211: ovldiag_write: (ovl_write_iter+0x136/0x1b0 <- backing_file_write_iter) result=0xb
            grep-8796    [000] .....    21.591977: ovldiag_open: (ovl_open+0xb2/0x100 <- ovl_open_realfile) result=0xffff88800842bb00
            bash-8762    [001] .....    21.613142: ovldiag_open: (ovl_open+0xb2/0x100 <- ovl_open_realfile) result=0xffff888007168100
            bash-8762    [001] .....    21.613221: ovldiag_ensure: (ovl_write_iter+0xaf/0x1b0 <- ovl_ensure_upper_and_switch) result=0x0
            bash-8762    [001] .....    21.613236: ovldiag_write: (ovl_write_iter+0x136/0x1b0 <- backing_file_write_iter) result=0xb
            bash-8762    [001] .....    21.613305: ovldiag_open: (ovl_open+0xb2/0x100 <- ovl_open_realfile) result=0xffff888007168100
            bash-8762    [001] .....    21.617972: ovldiag_cow: (ovl_ensure_upper_and_switch+0x360/0x650 <- ovl_rehome_or_anon_cow) result=0xffffffef
            bash-8762    [001] .....    21.618164: ovldiag_cow: (ovl_ensure_upper_and_switch+0x38a/0x650 <- ovl_rehome_or_anon_cow) result=0x0
            bash-8762    [001] .....    21.618165: ovldiag_ensure: (ovl_write_iter+0xaf/0x1b0 <- ovl_ensure_upper_and_switch) result=0x0
            bash-8762    [001] .....    21.618169: ovldiag_open: (ovl_real_fdget_meta+0x262/0x2f0 <- ovl_open_realfile) result=0xffff888007105300
            bash-8762    [001] .....    21.618172: ovldiag_write: (ovl_write_iter+0x136/0x1b0 <- backing_file_write_iter) result=0xfffffffffffffff7
            bash-8762    [001] .....    21.618234: ovldiag_open: (ovl_real_fdget_meta+0x262/0x2f0 <- ovl_open_realfile) result=0xffff888007105d00
      mountpoint-8805    [000] .....    21.620966: ovldiag_open: (ovl_real_fdget_meta+0x262/0x2f0 <- ovl_open_realfile) result=0xffff88800732ca00
          umount-8806    [000] .....    21.623663: ovldiag_open: (ovl_real_fdget_meta+0x262/0x2f0 <- ovl_open_realfile) result=0xffff88800716a000
          umount-8807    [000] .....    21.627018: ovldiag_open: (ovl_real_fdget_meta+0x262/0x2f0 <- ovl_open_realfile) result=0xffff8880045f5c00
              rm-8808    [001] .....    21.629768: ovldiag_open: (ovl_real_fdget_meta+0x262/0x2f0 <- ovl_open_realfile) result=0xffff888004613f00
            bash-8762    [000] .....    21.630105: ovldiag_open: (ovl_real_fdget_meta+0x262/0x2f0 <- ovl_open_realfile) result=0xffff8880045f5c00
            bash-8836    [000] .....    22.571393: ovldiag_open: (ovl_open+0xb2/0x100 <- ovl_open_realfile) result=0xffff888007168000
            bash-8836    [000] .....    22.571412: ovldiag_ensure: (ovl_write_iter+0xaf/0x1b0 <- ovl_ensure_upper_and_switch) result=0x0
            bash-8836    [000] .....    22.571577: ovldiag_write: (ovl_write_iter+0x136/0x1b0 <- backing_file_write_iter) result=0x18
            bash-8836    [000] .....    22.574532: ovldiag_open: (ovl_open+0xb2/0x100 <- ovl_open_realfile) result=0xffff888007168300
            bash-8836    [000] .....    22.578835: ovldiag_ensure: (ovl_write_iter+0xaf/0x1b0 <- ovl_ensure_upper_and_switch) result=0x0
            bash-8836    [000] .....    22.578858: ovldiag_write: (ovl_write_iter+0x136/0x1b0 <- backing_file_write_iter) result=0x17
            bash-8836    [001] .....    22.655128: ovldiag_open: (ovl_open+0xb2/0x100 <- ovl_open_realfile) result=0xffff88800842ab00
            bash-8836    [001] .....    22.655146: ovldiag_ensure: (ovl_write_iter+0xaf/0x1b0 <- ovl_ensure_upper_and_switch) result=0x0
            bash-8836    [001] .....    22.655161: ovldiag_write: (ovl_write_iter+0x136/0x1b0 <- backing_file_write_iter) result=0x18
            bash-8836    [001] .....    22.657184: ovldiag_open: (ovl_open+0xb2/0x100 <- ovl_open_realfile) result=0xffff888006210000
            bash-8836    [001] .....    22.660625: ovldiag_ensure: (ovl_write_iter+0xaf/0x1b0 <- ovl_ensure_upper_and_switch) result=0x0
            bash-8836    [001] .....    22.660642: ovldiag_write: (ovl_write_iter+0x136/0x1b0 <- backing_file_write_iter) result=0x17
