instance,source,local,sha256,present,portable_candidate_local,portable_candidate_sha256,input_binding
astropy__astropy-13033,/mnt/disk2/dyp/d-overlayfs/traces/swe-search/qwen3-coder-30b-ms/astropy__astropy-13033/trajectory.json,traces/supplement/79-20260920/d-overlayfs/traces/swe-search/qwen3-coder-30b-ms/astropy__astropy-13033/trajectory.json,ec7c2a182b64f3969cd420649a39332d8fdc4ca9db98ef9aa1302595738e3567,True,traces/supplement/79-20260920/spr_payload/det_traces/ms/astropy__astropy-13033/trajectory.json,1ceaf1af1f1a7bc0d8594a52ae4af392d5eb1b22153858d51b5e3f0df26e754d,Current ms snapshot matches real-run driver default path; historical per-run input hash unavailable; old portable snapshot also retained
astropy__astropy-13236,/mnt/disk2/dyp/d-overlayfs/traces/swe-search/qwen3-coder-30b-ms/astropy__astropy-13236/trajectory.json,traces/supplement/79-20260920/d-overlayfs/traces/swe-search/qwen3-coder-30b-ms/astropy__astropy-13236/trajectory.json,852eee12e04f91df6622c5d258f0664ba599f78f8f53ac53f45c497a45e3a93a,True,traces/supplement/79-20260920/spr_payload/det_traces/ms/astropy__astropy-13236/trajectory.json,dedb1fe829ff3affe5ac425fb1b95a21062667b946cee7a2fc9f38723ed35ba5,Current ms snapshot matches real-run driver default path; historical per-run input hash unavailable; old portable snapshot also retained
astropy__astropy-13398,/mnt/disk2/dyp/d-overlayfs/traces/swe-search/qwen3-coder-30b-ms/astropy__astropy-13398/trajectory.json,traces/supplement/79-20260920/d-overlayfs/traces/swe-search/qwen3-coder-30b-ms/astropy__astropy-13398/trajectory.json,16f9f5615872781c45f8446914aac3fa817c623841888429eaf1e77f930f1be0,True,traces/supplement/79-20260920/spr_payload/det_traces/ms/astropy__astropy-13398/trajectory.json,d1a94158e1f0cb02821ebfb8ace67171e8a46a6f6d0676c0bcf9173bdb840e58,Current ms snapshot matches real-run driver default path; historical per-run input hash unavailable; old portable snapshot also retained
astropy__astropy-13453,/mnt/disk2/dyp/d-overlayfs/traces/swe-search/qwen3-coder-30b-ms/astropy__astropy-13453/trajectory.json,traces/supplement/79-20260920/d-overlayfs/traces/swe-search/qwen3-coder-30b-ms/astropy__astropy-13453/trajectory.json,573c69763e24357f1b098cb9da02cb4aafbc0ee238fc93334a41340598e60fda,True,traces/supplement/79-20260920/spr_payload/det_traces/ms/astropy__astropy-13453/trajectory.json,b0689099cb3f35ad09d377098ad6b9874407ae32e8b4eca080e46283b395cfea,Current ms snapshot matches real-run driver default path; historical per-run input hash unavailable; old portable snapshot also retained
astropy__astropy-13579,/mnt/disk2/dyp/d-overlayfs/traces/swe-search/qwen3-coder-30b-ms/astropy__astropy-13579/trajectory.json,traces/supplement/79-20260920/d-overlayfs/traces/swe-search/qwen3-coder-30b-ms/astropy__astropy-13579/trajectory.json,cef33695f3fb1a4b4d5d3aa227633df118d12c3e259757634e3d1c98f787e8d4,True,traces/supplement/79-20260920/spr_payload/det_traces/ms/astropy__astropy-13579/trajectory.json,4e080b960f677271f7f2ec7b2fe0c71539ab3acf5d6da3a37f2ed92d222c290b,Current ms snapshot matches real-run driver default path; historical per-run input hash unavailable; old portable snapshot also retained
astropy__astropy-14182,/mnt/disk2/dyp/d-overlayfs/traces/swe-search/qwen3-coder-30b-ms/astropy__astropy-14182/trajectory.json,traces/supplement/79-20260920/d-overlayfs/traces/swe-search/qwen3-coder-30b-ms/astropy__astropy-14182/trajectory.json,6a2ec43f998991f89b4f9e7f042f02da2d064fb40d66b76304d8600d29cadaa3,True,traces/supplement/79-20260920/spr_payload/det_traces/ms/astropy__astropy-14182/trajectory.json,fdccb5940e1fccfc4c268cbf3f311d9da07e33b2c6bb5ada7f4192df89965499,Current ms snapshot matches real-run driver default path; historical per-run input hash unavailable; old portable snapshot also retained
astropy__astropy-14309,/mnt/disk2/dyp/d-overlayfs/traces/swe-search/qwen3-coder-30b-ms/astropy__astropy-14309/trajectory.json,traces/supplement/79-20260920/d-overlayfs/traces/swe-search/qwen3-coder-30b-ms/astropy__astropy-14309/trajectory.json,34b2920fcb538ac971143a99b896006f56527984f3c15d16630f428544287d1e,True,traces/supplement/79-20260920/spr_payload/det_traces/ms/astropy__astropy-14309/trajectory.json,24d1bf809cdf94146596d1119c247b1cfdf02d4017559a22c1f0809babfe33ff,Current ms snapshot matches real-run driver default path; historical per-run input hash unavailable; old portable snapshot also retained
astropy__astropy-14365,/mnt/disk2/dyp/d-overlayfs/traces/swe-search/qwen3-coder-30b-ms/astropy__astropy-14365/trajectory.json,traces/supplement/79-20260920/d-overlayfs/traces/swe-search/qwen3-coder-30b-ms/astropy__astropy-14365/trajectory.json,614851db294d211bf8ffd75f5d546d1a785707e1bf0d4f1f10e5c508446b3b19,True,traces/supplement/79-20260920/spr_payload/det_traces/ms/astropy__astropy-14365/trajectory.json,4b11df3422d157dc1dc7a6f5bfb949182c68d986a4075ab9915d6ca4a29a92d5,Current ms snapshot matches real-run driver default path; historical per-run input hash unavailable; old portable snapshot also retained
astropy__astropy-6938,/mnt/disk2/dyp/d-overlayfs/traces/swe-search/qwen3-coder-30b-ms/astropy__astropy-6938/trajectory.json,traces/supplement/79-20260920/d-overlayfs/traces/swe-search/qwen3-coder-30b-ms/astropy__astropy-6938/trajectory.json,6f1d5b3bf8ee1558b63f2c21ade43c221bdc1c310ffd038651528094e7138d05,True,traces/supplement/79-20260920/spr_payload/det_traces/ms/astropy__astropy-6938/trajectory.json,5c05df8ca0ce9195e0ada02151d74e3b8f57817592f1a6b572cca1d155647374,Current ms snapshot matches real-run driver default path; historical per-run input hash unavailable; old portable snapshot also retained
astropy__astropy-7746,/mnt/disk2/dyp/d-overlayfs/traces/swe-search/qwen3-coder-30b-ms/astropy__astropy-7746/trajectory.json,traces/supplement/79-20260920/d-overlayfs/traces/swe-search/qwen3-coder-30b-ms/astropy__astropy-7746/trajectory.json,1c820819bea5bdd29f76bc4865344203b1fe20ae713bc6fdf16acc566b11155c,True,traces/supplement/79-20260920/spr_payload/det_traces/ms/astropy__astropy-7746/trajectory.json,bad56cccff3f88806eb4edafffd62d7db8d5b4bf72dcae6c9546f8caf9477563,Current ms snapshot matches real-run driver default path; historical per-run input hash unavailable; old portable snapshot also retained
django__django-10914,/mnt/disk2/dyp/d-overlayfs/traces/swe-search/qwen3-coder-30b-ms/django__django-10914/trajectory.json,traces/supplement/79-20260920/d-overlayfs/traces/swe-search/qwen3-coder-30b-ms/django__django-10914/trajectory.json,a323767c4cc8974abcb695e921fa8a91538fe9056159f9000d4779055180a9fb,True,traces/supplement/79-20260920/spr_payload/det_traces/ms/django__django-10914/trajectory.json,a0fdceca98bfafc35c13212b4374254ab7fc5af6235cd0ef67cd8c24e0da57cb,Current ms snapshot matches real-run driver default path; historical per-run input hash unavailable; old portable snapshot also retained
django__django-10924,/mnt/disk2/dyp/d-overlayfs/traces/swe-search/qwen3-coder-30b-ms/django__django-10924/trajectory.json,traces/supplement/79-20260920/d-overlayfs/traces/swe-search/qwen3-coder-30b-ms/django__django-10924/trajectory.json,2c60e303d1c5de0d351bb43aca3d31d63a85181eeba02f2d1b9e6ce70d0e8dba,True,traces/supplement/79-20260920/spr_payload/det_traces/ms/django__django-10924/trajectory.json,5ae718c7059ac357837622215f0f7f020f96cab8ab0de4b620e20fd3cadf66e3,Current ms snapshot matches real-run driver default path; historical per-run input hash unavailable; old portable snapshot also retained
django__django-11039,/mnt/disk2/dyp/d-overlayfs/traces/swe-search/qwen3-coder-30b-ms/django__django-11039/trajectory.json,traces/supplement/79-20260920/d-overlayfs/traces/swe-search/qwen3-coder-30b-ms/django__django-11039/trajectory.json,b9b7d21525f1be7d2b4888d2fa4ea77ee559076ccc1e1a6d70b40e86f456d78d,True,traces/supplement/79-20260920/spr_payload/det_traces/ms/django__django-11039/trajectory.json,86e825b39f5c243c1303aceda8c2a26cc5ec43f54efc88076f81b891b874b5a1,Current ms snapshot matches real-run driver default path; historical per-run input hash unavailable; old portable snapshot also retained
django__django-11049,/mnt/disk2/dyp/d-overlayfs/traces/swe-search/qwen3-coder-30b-ms/django__django-11049/trajectory.json,traces/supplement/79-20260920/d-overlayfs/traces/swe-search/qwen3-coder-30b-ms/django__django-11049/trajectory.json,a0fc05a60dc19450417a90850b33ff5db234b08a89adc9f128e09e303366327c,True,traces/supplement/79-20260920/spr_payload/det_traces/ms/django__django-11049/trajectory.json,e62dcc0cd1b4a28f5cc7075e658704ae428b150f9f094dcf38e18a90dbfec42b,Current ms snapshot matches real-run driver default path; historical per-run input hash unavailable; old portable snapshot also retained
django__django-11099,/mnt/disk2/dyp/d-overlayfs/traces/swe-search/qwen3-coder-30b-ms/django__django-11099/trajectory.json,traces/supplement/79-20260920/d-overlayfs/traces/swe-search/qwen3-coder-30b-ms/django__django-11099/trajectory.json,7991be5c2e380cec05e09aad5269f8a1c8f038a8a76d985f9767979280b44ed7,True,traces/supplement/79-20260920/spr_payload/det_traces/ms/django__django-11099/trajectory.json,568caf2c88b2219cc38f8921ed7012dd6978c56325d1b6b158ad26432e5b27a1,Current ms snapshot matches real-run driver default path; historical per-run input hash unavailable; old portable snapshot also retained
django__django-11133,/mnt/disk2/dyp/d-overlayfs/traces/swe-search/qwen3-coder-30b-ms/django__django-11133/trajectory.json,traces/supplement/79-20260920/d-overlayfs/traces/swe-search/qwen3-coder-30b-ms/django__django-11133/trajectory.json,e2bcef1725a9650ceed6ea18fb40c5c585153b06c22a043f82d973d326ab9fe1,True,traces/supplement/79-20260920/spr_payload/det_traces/ms/django__django-11133/trajectory.json,c314a842aaf58072d5c2190ca14dcb9b4d14969cd1148318eee550ead073cf60,Current ms snapshot matches real-run driver default path; historical per-run input hash unavailable; old portable snapshot also retained
django__django-11138,/mnt/disk2/dyp/d-overlayfs/traces/swe-search/qwen3-coder-30b-ms/django__django-11138/trajectory.json,traces/supplement/79-20260920/d-overlayfs/traces/swe-search/qwen3-coder-30b-ms/django__django-11138/trajectory.json,03f0cea8fab07846ba7e6c751d5b83a89bcc56691035512a2f2aa0c7bce7e1cd,True,traces/supplement/79-20260920/spr_payload/det_traces/ms/django__django-11138/trajectory.json,3698231af07bb7f53ae0786cae79cbac802558f4ab42145ae032b700b562f1ea,Current ms snapshot matches real-run driver default path; historical per-run input hash unavailable; old portable snapshot also retained
django__django-11141,/mnt/disk2/dyp/d-overlayfs/traces/swe-search/qwen3-coder-30b-ms/django__django-11141/trajectory.json,traces/supplement/79-20260920/d-overlayfs/traces/swe-search/qwen3-coder-30b-ms/django__django-11141/trajectory.json,b8d7f7a19458fb86be5bef68cdc1acbba16a0de5f28cb93bb51d17e4623805cb,True,traces/supplement/79-20260920/spr_payload/det_traces/ms/django__django-11141/trajectory.json,18d1cbfbfe8a6e6ab25409388e6d95a9644a76abfdfc91f5d9a1324f7ec1d058,Current ms snapshot matches real-run driver default path; historical per-run input hash unavailable; old portable snapshot also retained
django__django-11149,/mnt/disk2/dyp/d-overlayfs/traces/swe-search/qwen3-coder-30b-ms/django__django-11149/trajectory.json,traces/supplement/79-20260920/d-overlayfs/traces/swe-search/qwen3-coder-30b-ms/django__django-11149/trajectory.json,a2d6073b966cf36bea148f36ffa460db9d41ed58ee06b58567a1a7c63449b70f,True,traces/supplement/79-20260920/spr_payload/det_traces/ms/django__django-11149/trajectory.json,7680cba25094cd343d26d33bbf140210fe531bfe0a01ddb4ca0dc4a7b77147d3,Current ms snapshot matches real-run driver default path; historical per-run input hash unavailable; old portable snapshot also retained
django__django-11163,/mnt/disk2/dyp/d-overlayfs/traces/swe-search/qwen3-coder-30b-ms/django__django-11163/trajectory.json,traces/supplement/79-20260920/d-overlayfs/traces/swe-search/qwen3-coder-30b-ms/django__django-11163/trajectory.json,7307035295ea44a6b6e088c05a8c3a9252bd05f8d3d7904fe41695c9fcd88b5b,True,traces/supplement/79-20260920/spr_payload/det_traces/ms/django__django-11163/trajectory.json,0b6ae1bc517b3545b2c4c2eb6699ca5759fa2d2b4592a2951058955fc1ec48fb,Current ms snapshot matches real-run driver default path; historical per-run input hash unavailable; old portable snapshot also retained
django__django-11179,/mnt/disk2/dyp/d-overlayfs/traces/swe-search/qwen3-coder-30b-ms/django__django-11179/trajectory.json,traces/supplement/79-20260920/d-overlayfs/traces/swe-search/qwen3-coder-30b-ms/django__django-11179/trajectory.json,c96e0cfe2fb23b94c65a9f74d1c90fa326603ece487127644107dd1ebe30f472,True,traces/supplement/79-20260920/spr_payload/det_traces/ms/django__django-11179/trajectory.json,673bf3263ed5b167fa4846c9b36e0e31c3a8647188fd82ec1032061e5c206382,Current ms snapshot matches real-run driver default path; historical per-run input hash unavailable; old portable snapshot also retained
django__django-11206,/mnt/disk2/dyp/d-overlayfs/traces/swe-search/qwen3-coder-30b-ms/django__django-11206/trajectory.json,traces/supplement/79-20260920/d-overlayfs/traces/swe-search/qwen3-coder-30b-ms/django__django-11206/trajectory.json,39c1073d9f842047acf9431d0eda7b519852c8e06cbc667158d732d251975649,True,traces/supplement/79-20260920/spr_payload/det_traces/ms/django__django-11206/trajectory.json,1c9db39f9bfe263c403de39697f223a9f3d3d23cd3b22b6d442544795af1402e,Current ms snapshot matches real-run driver default path; historical per-run input hash unavailable; old portable snapshot also retained
django__django-11211,/mnt/disk2/dyp/d-overlayfs/traces/swe-search/qwen3-coder-30b-ms/django__django-11211/trajectory.json,traces/supplement/79-20260920/d-overlayfs/traces/swe-search/qwen3-coder-30b-ms/django__django-11211/trajectory.json,907124339bccb1cbf11f979cc0121e54e8efc175269a856f7a6dd3d6e0da4445,True,traces/supplement/79-20260920/spr_payload/det_traces/ms/django__django-11211/trajectory.json,23b3e00d493de64a838f9889ce11afc6c05084d38db1c2c940416d010d993639,Current ms snapshot matches real-run driver default path; historical per-run input hash unavailable; old portable snapshot also retained
django__django-11239,/mnt/disk2/dyp/d-overlayfs/traces/swe-search/qwen3-coder-30b-ms/django__django-11239/trajectory.json,traces/supplement/79-20260920/d-overlayfs/traces/swe-search/qwen3-coder-30b-ms/django__django-11239/trajectory.json,fe9a20e24234af53a6e82ad774c1efd4a68527014ed80e45519e98ad76dda77c,True,traces/supplement/79-20260920/spr_payload/det_traces/ms/django__django-11239/trajectory.json,5384e1ae85ee15313a803de015c029ac7c585e96693c8313d0b2a893c73caaa5,Current ms snapshot matches real-run driver default path; historical per-run input hash unavailable; old portable snapshot also retained
django__django-11265,/mnt/disk2/dyp/d-overlayfs/traces/swe-search/qwen3-coder-30b-ms/django__django-11265/trajectory.json,traces/supplement/79-20260920/d-overlayfs/traces/swe-search/qwen3-coder-30b-ms/django__django-11265/trajectory.json,ce7e206a33c43bdb84d897c7288451ce49de027283f2ad5a759951ef7df4b2dd,True,traces/supplement/79-20260920/spr_payload/det_traces/ms/django__django-11265/trajectory.json,a7f75f092d01e4182dfe8ffae6be70b733b7dfea4c87e0fb7e6c9b4ad5eaedab,Current ms snapshot matches real-run driver default path; historical per-run input hash unavailable; old portable snapshot also retained
django__django-11276,/mnt/disk2/dyp/d-overlayfs/traces/swe-search/qwen3-coder-30b-ms/django__django-11276/trajectory.json,traces/supplement/79-20260920/d-overlayfs/traces/swe-search/qwen3-coder-30b-ms/django__django-11276/trajectory.json,2af6aa0884c8289853a7af9e464b0b8105f02badd15f4a9e4f1d6102bccba91e,True,traces/supplement/79-20260920/spr_payload/det_traces/ms/django__django-11276/trajectory.json,0fc57147ab716f7279eaafb6bdb573b07d6184901a3dd8f121540379e11e0940,Current ms snapshot matches real-run driver default path; historical per-run input hash unavailable; old portable snapshot also retained
django__django-11283,/mnt/disk2/dyp/d-overlayfs/traces/swe-search/qwen3-coder-30b-ms/django__django-11283/trajectory.json,traces/supplement/79-20260920/d-overlayfs/traces/swe-search/qwen3-coder-30b-ms/django__django-11283/trajectory.json,7f7c8f29a3bc2d23ceba3b3ccd7830039a10af4c355262ef1e134f6adc3a6d7a,True,traces/supplement/79-20260920/spr_payload/det_traces/ms/django__django-11283/trajectory.json,7d5ae2341ba2f51c07f92cd43f830883861d609065566a6be05b69c2ebe1cb97,Current ms snapshot matches real-run driver default path; historical per-run input hash unavailable; old portable snapshot also retained
django__django-11292,/mnt/disk2/dyp/d-overlayfs/traces/swe-search/qwen3-coder-30b-ms/django__django-11292/trajectory.json,traces/supplement/79-20260920/d-overlayfs/traces/swe-search/qwen3-coder-30b-ms/django__django-11292/trajectory.json,e4921ad86ea04b14cb623e58ee592d98e1fd2574a4e330ad4cec76fcee90375f,True,traces/supplement/79-20260920/spr_payload/det_traces/ms/django__django-11292/trajectory.json,156ef1b89e653cb0eeaeae747bdcb26b4ad8787b52f715ac61f1151e12d2ef46,Current ms snapshot matches real-run driver default path; historical per-run input hash unavailable; old portable snapshot also retained
django__django-11333,/mnt/disk2/dyp/d-overlayfs/traces/swe-search/qwen3-coder-30b-ms/django__django-11333/trajectory.json,traces/supplement/79-20260920/d-overlayfs/traces/swe-search/qwen3-coder-30b-ms/django__django-11333/trajectory.json,b6d4473fa2d496f4c1e231a4096a5b5ac4e3b111cca7c33edc79df250ebf328b,True,traces/supplement/79-20260920/spr_payload/det_traces/ms/django__django-11333/trajectory.json,730bff7222549138f3ec1d6a09342e03e0319bd0587ce75f7fb24df1e1c92dc9,Current ms snapshot matches real-run driver default path; historical per-run input hash unavailable; old portable snapshot also retained
django__django-11400,/mnt/disk2/dyp/d-overlayfs/traces/swe-search/qwen3-coder-30b-ms/django__django-11400/trajectory.json,traces/supplement/79-20260920/d-overlayfs/traces/swe-search/qwen3-coder-30b-ms/django__django-11400/trajectory.json,7d77cb3d4a9a8f1f9e987048adb13e729d506fbae23189f261a90401fee77bfa,True,traces/supplement/79-20260920/spr_payload/det_traces/ms/django__django-11400/trajectory.json,4062395f5f04604b46e873e94522e03d535b6d0c42f82de32308009efb49b3e6,Current ms snapshot matches real-run driver default path; historical per-run input hash unavailable; old portable snapshot also retained
django__django-11433,/mnt/disk2/dyp/d-overlayfs/traces/swe-search/qwen3-coder-30b-ms/django__django-11433/trajectory.json,traces/supplement/79-20260920/d-overlayfs/traces/swe-search/qwen3-coder-30b-ms/django__django-11433/trajectory.json,44164fea75c145cf4c8f731408781eea687335f35e67d5e4f87bb3e7c5341f4e,True,traces/supplement/79-20260920/spr_payload/det_traces/ms/django__django-11433/trajectory.json,20fe6574b60193fe3dd350018fd3a8d15100b098f7c3b319e37571138204bc9e,Current ms snapshot matches real-run driver default path; historical per-run input hash unavailable; old portable snapshot also retained
django__django-11451,/mnt/disk2/dyp/d-overlayfs/traces/swe-search/qwen3-coder-30b-ms/django__django-11451/trajectory.json,traces/supplement/79-20260920/d-overlayfs/traces/swe-search/qwen3-coder-30b-ms/django__django-11451/trajectory.json,e7bcdf187bac0385a0af6d47ece9c6c7e568cf3210eb2f2851c5fa54d97be308,True,traces/supplement/79-20260920/spr_payload/det_traces/ms/django__django-11451/trajectory.json,35ff31c9f5ef1c9f36dd404ce60fafdc9c177a84da9fb29ccda2a04c26878afb,Current ms snapshot matches real-run driver default path; historical per-run input hash unavailable; old portable snapshot also retained
django__django-11477,/mnt/disk2/dyp/d-overlayfs/traces/swe-search/qwen3-coder-30b-ms/django__django-11477/trajectory.json,traces/supplement/79-20260920/d-overlayfs/traces/swe-search/qwen3-coder-30b-ms/django__django-11477/trajectory.json,ff2caca0eda1535b802f80fbb6ebb132d54fcbc001afbe6abb48772002709792,True,traces/supplement/79-20260920/spr_payload/det_traces/ms/django__django-11477/trajectory.json,3aebee7df69ecad20b6393603ef6777e423a56397fdf223c85947224746810b8,Current ms snapshot matches real-run driver default path; historical per-run input hash unavailable; old portable snapshot also retained
django__django-11490,/mnt/disk2/dyp/d-overlayfs/traces/swe-search/qwen3-coder-30b-ms/django__django-11490/trajectory.json,traces/supplement/79-20260920/d-overlayfs/traces/swe-search/qwen3-coder-30b-ms/django__django-11490/trajectory.json,099c6ae823d009bdbd6f1a496b3dd3d8092842c18bc9892d1b70592fac7e3073,True,traces/supplement/79-20260920/spr_payload/det_traces/ms/django__django-11490/trajectory.json,f541e62a53a67addc258ff2bc4e87082bd4e0c797b666e994aff9668d69270de,Current ms snapshot matches real-run driver default path; historical per-run input hash unavailable; old portable snapshot also retained
django__django-11532,/mnt/disk2/dyp/d-overlayfs/traces/swe-search/qwen3-coder-30b-ms/django__django-11532/trajectory.json,traces/supplement/79-20260920/d-overlayfs/traces/swe-search/qwen3-coder-30b-ms/django__django-11532/trajectory.json,78afeef3cad3d65ff90730c49802cff78f94c9f8b2562f61d59169acfd6511fb,True,traces/supplement/79-20260920/spr_payload/det_traces/ms/django__django-11532/trajectory.json,6b135f6aae935519b180fc702bbfc74e443ce1aac58b05da41878ccd0c398a89,Current ms snapshot matches real-run driver default path; historical per-run input hash unavailable; old portable snapshot also retained
django__django-11551,/mnt/disk2/dyp/d-overlayfs/traces/swe-search/qwen3-coder-30b-ms/django__django-11551/trajectory.json,traces/supplement/79-20260920/d-overlayfs/traces/swe-search/qwen3-coder-30b-ms/django__django-11551/trajectory.json,b1ffda0c0be7e627f6ca65a9ad1212937be669cbb5175486db29f868d4ecbaae,True,traces/supplement/79-20260920/spr_payload/det_traces/ms/django__django-11551/trajectory.json,a3e574be47f58da149387995dbb3f524c65b473f8f4db4e4f49a7429abb4a53e,Current ms snapshot matches real-run driver default path; historical per-run input hash unavailable; old portable snapshot also retained
django__django-11555,/mnt/disk2/dyp/d-overlayfs/traces/swe-search/qwen3-coder-30b-ms/django__django-11555/trajectory.json,traces/supplement/79-20260920/d-overlayfs/traces/swe-search/qwen3-coder-30b-ms/django__django-11555/trajectory.json,0d847daf248d3734f899db964e47b1b2c4b5e9959b063f26d3d673c3d568fbb3,True,traces/supplement/79-20260920/spr_payload/det_traces/ms/django__django-11555/trajectory.json,cdb50164b2441c69e7c48483490ad99992043ad9dbbb3e706e6edd757fbed969,Current ms snapshot matches real-run driver default path; historical per-run input hash unavailable; old portable snapshot also retained
django__django-11564,/mnt/disk2/dyp/d-overlayfs/traces/swe-search/qwen3-coder-30b-ms/django__django-11564/trajectory.json,traces/supplement/79-20260920/d-overlayfs/traces/swe-search/qwen3-coder-30b-ms/django__django-11564/trajectory.json,8f8cfa050eadf1739656d3aba281dda753e28d8a1852096cfdab67d34b39ad5e,True,traces/supplement/79-20260920/spr_payload/det_traces/ms/django__django-11564/trajectory.json,e7ed575f88df45ec7563677ed71cbea31367cfd9142bf719da36359b28d8c33c,Current ms snapshot matches real-run driver default path; historical per-run input hash unavailable; old portable snapshot also retained
django__django-11583,/mnt/disk2/dyp/d-overlayfs/traces/swe-search/qwen3-coder-30b-ms/django__django-11583/trajectory.json,traces/supplement/79-20260920/d-overlayfs/traces/swe-search/qwen3-coder-30b-ms/django__django-11583/trajectory.json,928c8b440c9f42963d4d8733a6ca7017da561cd3218157a97d20ed017887e26a,True,traces/supplement/79-20260920/spr_payload/det_traces/ms/django__django-11583/trajectory.json,0d74d8a847538924284a794ecbdde6d835e4a8fde5f22af43749c7643052ba6a,Current ms snapshot matches real-run driver default path; historical per-run input hash unavailable; old portable snapshot also retained
django__django-11603,/mnt/disk2/dyp/d-overlayfs/traces/swe-search/qwen3-coder-30b-ms/django__django-11603/trajectory.json,traces/supplement/79-20260920/d-overlayfs/traces/swe-search/qwen3-coder-30b-ms/django__django-11603/trajectory.json,a856d91575254691f95df3edeb57c351a1d4e0b82ccd7d4289b342cb37135dd0,True,traces/supplement/79-20260920/spr_payload/det_traces/ms/django__django-11603/trajectory.json,0d77ba2cb18404ac239092ca6e2f3546a5b55ce842aa35e13f740b27f2555ca1,Current ms snapshot matches real-run driver default path; historical per-run input hash unavailable; old portable snapshot also retained
django__django-11620,/mnt/disk2/dyp/d-overlayfs/traces/swe-search/qwen3-coder-30b-ms/django__django-11620/trajectory.json,traces/supplement/79-20260920/d-overlayfs/traces/swe-search/qwen3-coder-30b-ms/django__django-11620/trajectory.json,a134f39428e853548e02e0a5b256a7972e700d299f1ffeab925541b6c689fb64,True,traces/supplement/79-20260920/spr_payload/det_traces/ms/django__django-11620/trajectory.json,b6b37acb2b2cf5c327e09e58f7ef4ed5cba5895df6790d2597aa721185c559d6,Current ms snapshot matches real-run driver default path; historical per-run input hash unavailable; old portable snapshot also retained
django__django-11630,/mnt/disk2/dyp/d-overlayfs/traces/swe-search/qwen3-coder-30b-ms/django__django-11630/trajectory.json,traces/supplement/79-20260920/d-overlayfs/traces/swe-search/qwen3-coder-30b-ms/django__django-11630/trajectory.json,4ee530fcea6b80c066c9d600e373156990e9f5659ce7e6c9e49ef59ff2d3d3c6,True,traces/supplement/79-20260920/spr_payload/det_traces/ms/django__django-11630/trajectory.json,4118e06e49186d39498714a922ced24b5c4ff9ac1d514c924cf02268f72a98a7,Current ms snapshot matches real-run driver default path; historical per-run input hash unavailable; old portable snapshot also retained
django__django-11728,/mnt/disk2/dyp/d-overlayfs/traces/swe-search/qwen3-coder-30b-ms/django__django-11728/trajectory.json,traces/supplement/79-20260920/d-overlayfs/traces/swe-search/qwen3-coder-30b-ms/django__django-11728/trajectory.json,a02073787b5733a78233151915f6b0f025b2b23c92ba3c88cd4beb459feab539,True,traces/supplement/79-20260920/spr_payload/det_traces/ms/django__django-11728/trajectory.json,76539399bcfe665a104c535cb47f7fe7db510149ade633aeac66ca4bd03cc854,Current ms snapshot matches real-run driver default path; historical per-run input hash unavailable; old portable snapshot also retained
django__django-11734,/mnt/disk2/dyp/d-overlayfs/traces/swe-search/qwen3-coder-30b-ms/django__django-11734/trajectory.json,traces/supplement/79-20260920/d-overlayfs/traces/swe-search/qwen3-coder-30b-ms/django__django-11734/trajectory.json,27d07a3ca5b75be31287b5b2bd7ffce75553cb3e029a01d6420b2b25a22d47fe,True,traces/supplement/79-20260920/spr_payload/det_traces/ms/django__django-11734/trajectory.json,2adfaeef4212d71eaa27f12d95a32fa2ac665457d2c2640bab0a62c92387a8b2,Current ms snapshot matches real-run driver default path; historical per-run input hash unavailable; old portable snapshot also retained
django__django-11740,/mnt/disk2/dyp/d-overlayfs/traces/swe-search/qwen3-coder-30b-ms/django__django-11740/trajectory.json,traces/supplement/79-20260920/d-overlayfs/traces/swe-search/qwen3-coder-30b-ms/django__django-11740/trajectory.json,ecb87e9714f8cee07807a6688f70ac405a24ab9f68cc43cc0c89afbf07ff949e,True,traces/supplement/79-20260920/spr_payload/det_traces/ms/django__django-11740/trajectory.json,6e5aaaa791c88bd3aee53c28333c9006816d79dda8643b172c8141bf379c3f5f,Current ms snapshot matches real-run driver default path; historical per-run input hash unavailable; old portable snapshot also retained
django__django-11749,/mnt/disk2/dyp/d-overlayfs/traces/swe-search/qwen3-coder-30b-ms/django__django-11749/trajectory.json,traces/supplement/79-20260920/d-overlayfs/traces/swe-search/qwen3-coder-30b-ms/django__django-11749/trajectory.json,375045f08eef3be3499596d208e48c10703892a5176a2108aee064e00fdcb4a7,True,traces/supplement/79-20260920/spr_payload/det_traces/ms/django__django-11749/trajectory.json,d2bd8fc73cea6f8d7bccddc563e92ac451d0ab2ca21d3e569e185d8e2bbbffbf,Current ms snapshot matches real-run driver default path; historical per-run input hash unavailable; old portable snapshot also retained
django__django-11790,/mnt/disk2/dyp/d-overlayfs/traces/swe-search/qwen3-coder-30b-ms/django__django-11790/trajectory.json,traces/supplement/79-20260920/d-overlayfs/traces/swe-search/qwen3-coder-30b-ms/django__django-11790/trajectory.json,7ae08b55abd60c1b9d725c934a36f3480b3d8e0f47012197cf50f43cf07e4e69,True,traces/supplement/79-20260920/spr_payload/det_traces/ms/django__django-11790/trajectory.json,8eb24a246e2aec100ff6c54065bb4157d4e10500c07dd3b6cf2a18eca2204b92,Current ms snapshot matches real-run driver default path; historical per-run input hash unavailable; old portable snapshot also retained
django__django-11797,/mnt/disk2/dyp/d-overlayfs/traces/swe-search/qwen3-coder-30b-ms/django__django-11797/trajectory.json,traces/supplement/79-20260920/d-overlayfs/traces/swe-search/qwen3-coder-30b-ms/django__django-11797/trajectory.json,03def5629e6d9504a84ef683db51c9b53d8489ac4012ef1ea6315e72dd5a82eb,True,traces/supplement/79-20260920/spr_payload/det_traces/ms/django__django-11797/trajectory.json,e17ef8ae209c9ad12d0090cbac6ef17d5db24e6d481aee0b4328f0a1848c8119,Current ms snapshot matches real-run driver default path; historical per-run input hash unavailable; old portable snapshot also retained
django__django-11848,/mnt/disk2/dyp/d-overlayfs/traces/swe-search/qwen3-coder-30b-ms/django__django-11848/trajectory.json,traces/supplement/79-20260920/d-overlayfs/traces/swe-search/qwen3-coder-30b-ms/django__django-11848/trajectory.json,63b202cbc91172a16fbe6cc98df36a9c6c7d4ae87671e3b96db9ef110af64ce3,True,traces/supplement/79-20260920/spr_payload/det_traces/ms/django__django-11848/trajectory.json,3a06977aa24362dde6044304e0c1ce766eb1fca2719bc10f98a7eaafe04d9160,Current ms snapshot matches real-run driver default path; historical per-run input hash unavailable; old portable snapshot also retained
django__django-11880,/mnt/disk2/dyp/d-overlayfs/traces/swe-search/qwen3-coder-30b-ms/django__django-11880/trajectory.json,traces/supplement/79-20260920/d-overlayfs/traces/swe-search/qwen3-coder-30b-ms/django__django-11880/trajectory.json,227fde03e67ffb47a3f82954c46d2ef130bf81cd467c2b65781852ef18187efc,True,traces/supplement/79-20260920/spr_payload/det_traces/ms/django__django-11880/trajectory.json,561cbac2a03dfb386eed577e30814584963a5f63c78bf5939e93ab7b48214570,Current ms snapshot matches real-run driver default path; historical per-run input hash unavailable; old portable snapshot also retained
django__django-11885,/mnt/disk2/dyp/d-overlayfs/traces/swe-search/qwen3-coder-30b-ms/django__django-11885/trajectory.json,traces/supplement/79-20260920/d-overlayfs/traces/swe-search/qwen3-coder-30b-ms/django__django-11885/trajectory.json,3ef1144f929edb29d3aa5c25ceb7a925d191a51ce575d4243e2e7d26a4d84298,True,traces/supplement/79-20260920/spr_payload/det_traces/ms/django__django-11885/trajectory.json,571199d1105dbcc7c6f9c10fc7fcc3d3adde2db532e7e6f4bc7bc4b101d065f9,Current ms snapshot matches real-run driver default path; historical per-run input hash unavailable; old portable snapshot also retained
django__django-11910,/mnt/disk2/dyp/d-overlayfs/traces/swe-search/qwen3-coder-30b-ms/django__django-11910/trajectory.json,traces/supplement/79-20260920/d-overlayfs/traces/swe-search/qwen3-coder-30b-ms/django__django-11910/trajectory.json,f8a98ec5de793000d9919a166d430600e89e4fb9f83dc48c277b3001a67d10e2,True,traces/supplement/79-20260920/spr_payload/det_traces/ms/django__django-11910/trajectory.json,ba384324db0669e14bb08b2741945e06655886245504db120ec3f1dbff2ed426,Current ms snapshot matches real-run driver default path; historical per-run input hash unavailable; old portable snapshot also retained
django__django-11951,/mnt/disk2/dyp/d-overlayfs/traces/swe-search/qwen3-coder-30b-ms/django__django-11951/trajectory.json,traces/supplement/79-20260920/d-overlayfs/traces/swe-search/qwen3-coder-30b-ms/django__django-11951/trajectory.json,8a88d090f1cd2190ce94ea06b09cc9dcb4b7220a4b1db42938803ebf177d518b,True,traces/supplement/79-20260920/spr_payload/det_traces/ms/django__django-11951/trajectory.json,35eed1f9808d09ea67fb04b884935afafde23e3a63714663b132cc2a35f677a8,Current ms snapshot matches real-run driver default path; historical per-run input hash unavailable; old portable snapshot also retained
django__django-11964,/mnt/disk2/dyp/d-overlayfs/traces/swe-search/qwen3-coder-30b-ms/django__django-11964/trajectory.json,traces/supplement/79-20260920/d-overlayfs/traces/swe-search/qwen3-coder-30b-ms/django__django-11964/trajectory.json,59bdb59949e1ec651462a23a90fb3bec4ecf2ef1eec0d70e79bd28353976db03,True,traces/supplement/79-20260920/spr_payload/det_traces/ms/django__django-11964/trajectory.json,8def36ff16c323df86db961de1866b4e80fea714c3b07852ef0f95fb6e61d707,Current ms snapshot matches real-run driver default path; historical per-run input hash unavailable; old portable snapshot also retained
django__django-11999,/mnt/disk2/dyp/d-overlayfs/traces/swe-search/qwen3-coder-30b-ms/django__django-11999/trajectory.json,traces/supplement/79-20260920/d-overlayfs/traces/swe-search/qwen3-coder-30b-ms/django__django-11999/trajectory.json,38d7873adb50c12eebaf62321445758a27a1f16e7b8a36fa773dfb1cbcc9ddc9,True,traces/supplement/79-20260920/spr_payload/det_traces/ms/django__django-11999/trajectory.json,f4dc9d1897cf0d83880f883d0833407b1283a47085640e8c7f2d7effc6856efc,Current ms snapshot matches real-run driver default path; historical per-run input hash unavailable; old portable snapshot also retained
django__django-12113,/mnt/disk2/dyp/d-overlayfs/traces/swe-search/qwen3-coder-30b-ms/django__django-12113/trajectory.json,traces/supplement/79-20260920/d-overlayfs/traces/swe-search/qwen3-coder-30b-ms/django__django-12113/trajectory.json,464a7acbc060819f3e47d989fc5e2a6a839184ddcd71300bb01fc591470d55e7,True,traces/supplement/79-20260920/spr_payload/det_traces/ms/django__django-12113/trajectory.json,f96467fec4bda356a01c3220eb25ca4530458e8b9a00cc77949d384ac819050d,Current ms snapshot matches real-run driver default path; historical per-run input hash unavailable; old portable snapshot also retained
django__django-12143,/mnt/disk2/dyp/d-overlayfs/traces/swe-search/qwen3-coder-30b-ms/django__django-12143/trajectory.json,traces/supplement/79-20260920/d-overlayfs/traces/swe-search/qwen3-coder-30b-ms/django__django-12143/trajectory.json,6a0867c4d964480df8d4e5e8f46c6b24cee239fc36861ba34a0fe43057dc72ea,True,traces/supplement/79-20260920/spr_payload/det_traces/ms/django__django-12143/trajectory.json,8f7cdf16faba93e766c8cb55b08c357ebc77da016887ce303daeed6c7c50380b,Current ms snapshot matches real-run driver default path; historical per-run input hash unavailable; old portable snapshot also retained
django__django-12155,/mnt/disk2/dyp/d-overlayfs/traces/swe-search/qwen3-coder-30b-ms/django__django-12155/trajectory.json,traces/supplement/79-20260920/d-overlayfs/traces/swe-search/qwen3-coder-30b-ms/django__django-12155/trajectory.json,2a25c49341dc9a402f0e4c03a6a8c26cf30e9741d2db94aa918de9f90f4a55a0,True,traces/supplement/79-20260920/spr_payload/det_traces/ms/django__django-12155/trajectory.json,72c8a46b3f9ef7af4dd2fa24076e09661b9050b9bfed38516316016e8c33fdae,Current ms snapshot matches real-run driver default path; historical per-run input hash unavailable; old portable snapshot also retained
django__django-12184,/mnt/disk2/dyp/d-overlayfs/traces/swe-search/qwen3-coder-30b-ms/django__django-12184/trajectory.json,traces/supplement/79-20260920/d-overlayfs/traces/swe-search/qwen3-coder-30b-ms/django__django-12184/trajectory.json,f4d08ec2f5350b0aa9ad7f2824bbd187f02364c830c27eade3433ac1e9d46072,True,traces/supplement/79-20260920/spr_payload/det_traces/ms/django__django-12184/trajectory.json,4d102d91a24318198bd024b2497dd5b2ab86741c9bb773e787ec3db557f77287,Current ms snapshot matches real-run driver default path; historical per-run input hash unavailable; old portable snapshot also retained
django__django-12193,/mnt/disk2/dyp/d-overlayfs/traces/swe-search/qwen3-coder-30b-ms/django__django-12193/trajectory.json,traces/supplement/79-20260920/d-overlayfs/traces/swe-search/qwen3-coder-30b-ms/django__django-12193/trajectory.json,8cc88d4f1a443a6c2ea63cae1d7cd16259ff48f6f85a759e95f074a3f33b8f30,True,traces/supplement/79-20260920/spr_payload/det_traces/ms/django__django-12193/trajectory.json,1ffe90266a2f596b04e32049405f7f2c7ae51ac14fbb6b75ab84407d2087d1e4,Current ms snapshot matches real-run driver default path; historical per-run input hash unavailable; old portable snapshot also retained
django__django-12284,/mnt/disk2/dyp/d-overlayfs/traces/swe-search/qwen3-coder-30b-ms/django__django-12284/trajectory.json,traces/supplement/79-20260920/d-overlayfs/traces/swe-search/qwen3-coder-30b-ms/django__django-12284/trajectory.json,f9852cb0a07443fe1bb23bd61bf8e024c6ed429ec102bdcd83971f9818ec4996,True,traces/supplement/79-20260920/spr_payload/det_traces/ms/django__django-12284/trajectory.json,1d104b04edd3f1824f459337f7c533bf886330ff9d515e6619b6b636271f4fc0,Current ms snapshot matches real-run driver default path; historical per-run input hash unavailable; old portable snapshot also retained
django__django-12286,/mnt/disk2/dyp/d-overlayfs/traces/swe-search/qwen3-coder-30b-ms/django__django-12286/trajectory.json,traces/supplement/79-20260920/d-overlayfs/traces/swe-search/qwen3-coder-30b-ms/django__django-12286/trajectory.json,bb2e75212825f78dcd27812d3e130216800847836c5d047fddba458c092f0f69,True,traces/supplement/79-20260920/spr_payload/det_traces/ms/django__django-12286/trajectory.json,393bfff204a58dc93d021c5ae0ef76269765277568e0da79e4b33616ec1ac55a,Current ms snapshot matches real-run driver default path; historical per-run input hash unavailable; old portable snapshot also retained
django__django-12308,/mnt/disk2/dyp/d-overlayfs/traces/swe-search/qwen3-coder-30b-ms/django__django-12308/trajectory.json,traces/supplement/79-20260920/d-overlayfs/traces/swe-search/qwen3-coder-30b-ms/django__django-12308/trajectory.json,f5955ec541ff5a07ff505adfeb6371abe60de623eb5d3182bc14db1c6a888b84,True,traces/supplement/79-20260920/spr_payload/det_traces/ms/django__django-12308/trajectory.json,8e7dbcc39f165e9e454741e710523959a2a2044cd83db927e81fa0cb061e18a1,Current ms snapshot matches real-run driver default path; historical per-run input hash unavailable; old portable snapshot also retained
django__django-12453,/mnt/disk2/dyp/d-overlayfs/traces/swe-search/qwen3-coder-30b-ms/django__django-12453/trajectory.json,traces/supplement/79-20260920/d-overlayfs/traces/swe-search/qwen3-coder-30b-ms/django__django-12453/trajectory.json,bc5a3451fdeb5a402227b8d0746f8fd6c5f6bbfd6570f5ebffac7f8838cfec0c,True,traces/supplement/79-20260920/spr_payload/det_traces/ms/django__django-12453/trajectory.json,f5ce15bf293edefb297f24271c5851ad937299bc5733b281cc90f37084e61556,Current ms snapshot matches real-run driver default path; historical per-run input hash unavailable; old portable snapshot also retained
django__django-12470,/mnt/disk2/dyp/d-overlayfs/traces/swe-search/qwen3-coder-30b-ms/django__django-12470/trajectory.json,traces/supplement/79-20260920/d-overlayfs/traces/swe-search/qwen3-coder-30b-ms/django__django-12470/trajectory.json,cab11ab147c074b163aa499a0ae7359624b8edd4e3c1d0d1410b25ebcf653f07,True,traces/supplement/79-20260920/spr_payload/det_traces/ms/django__django-12470/trajectory.json,49bbb47ceac2249c3e722735a6b4746884182249067024364e7250e581b70881,Current ms snapshot matches real-run driver default path; historical per-run input hash unavailable; old portable snapshot also retained
django__django-12497,/mnt/disk2/dyp/d-overlayfs/traces/swe-search/qwen3-coder-30b-ms/django__django-12497/trajectory.json,traces/supplement/79-20260920/d-overlayfs/traces/swe-search/qwen3-coder-30b-ms/django__django-12497/trajectory.json,810f5eb55f45822c25f1d0050e44432a54a4261467ed2d296469a3f3c8cfc3cd,True,traces/supplement/79-20260920/spr_payload/det_traces/ms/django__django-12497/trajectory.json,5f9f9789910f118cd2db57aa96e4c52d82d52dc9ff11da6c94dbf9d3c9542882,Current ms snapshot matches real-run driver default path; historical per-run input hash unavailable; old portable snapshot also retained
django__django-12700,/mnt/disk2/dyp/d-overlayfs/traces/swe-search/qwen3-coder-30b-ms/django__django-12700/trajectory.json,traces/supplement/79-20260920/d-overlayfs/traces/swe-search/qwen3-coder-30b-ms/django__django-12700/trajectory.json,baded8847ab5e704817a3ea793e284748b81f19a689d0e1bc91f9bb5c6a2565c,True,traces/supplement/79-20260920/spr_payload/det_traces/ms/django__django-12700/trajectory.json,49ae8e3c349e92c005684213e26451539f28a5cc8f9fbc9734c1d6b1d2be919e,Current ms snapshot matches real-run driver default path; historical per-run input hash unavailable; old portable snapshot also retained
django__django-12747,/mnt/disk2/dyp/d-overlayfs/traces/swe-search/qwen3-coder-30b-ms/django__django-12747/trajectory.json,traces/supplement/79-20260920/d-overlayfs/traces/swe-search/qwen3-coder-30b-ms/django__django-12747/trajectory.json,4b99bb3f65cf8340b08695c57977f36accf7b5c4e6348ee2c3872dfbe67885be,True,traces/supplement/79-20260920/spr_payload/det_traces/ms/django__django-12747/trajectory.json,147763277524f732acdc5fd620baea28b6479ee7dcf9ee26635fdfa2dbafe141,Current ms snapshot matches real-run driver default path; historical per-run input hash unavailable; old portable snapshot also retained
django__django-12856,/mnt/disk2/dyp/d-overlayfs/traces/swe-search/qwen3-coder-30b-ms/django__django-12856/trajectory.json,traces/supplement/79-20260920/d-overlayfs/traces/swe-search/qwen3-coder-30b-ms/django__django-12856/trajectory.json,f681684060301b5b7730f4567e44a2a920c4717a40281c439d77205b96bff465,True,traces/supplement/79-20260920/spr_payload/det_traces/ms/django__django-12856/trajectory.json,4718fa42f8c20bd4a9467b31793b9f5865d6361d234eda8475373149d855f5d1,Current ms snapshot matches real-run driver default path; historical per-run input hash unavailable; old portable snapshot also retained
django__django-12908,/mnt/disk2/dyp/d-overlayfs/traces/swe-search/qwen3-coder-30b-ms/django__django-12908/trajectory.json,traces/supplement/79-20260920/d-overlayfs/traces/swe-search/qwen3-coder-30b-ms/django__django-12908/trajectory.json,41fbd8be39dddfda0617144837e7f5c6dbc91e6821e034dfc3a0039a9dc4e4fd,True,traces/supplement/79-20260920/spr_payload/det_traces/ms/django__django-12908/trajectory.json,f0b4fd0ca4d4a6d85461a0db0db835957e1c6435fad7930963cc945699564775,Current ms snapshot matches real-run driver default path; historical per-run input hash unavailable; old portable snapshot also retained
django__django-12915,/mnt/disk2/dyp/d-overlayfs/traces/swe-search/qwen3-coder-30b-ms/django__django-12915/trajectory.json,traces/supplement/79-20260920/d-overlayfs/traces/swe-search/qwen3-coder-30b-ms/django__django-12915/trajectory.json,c376def5f2f2f2db1dad48bc72d88809e9e5641b29f0e36c5b2e8a29884bf01c,True,traces/supplement/79-20260920/spr_payload/det_traces/ms/django__django-12915/trajectory.json,6f9ca2e51a2c792e36f434680bd9306ba902e0378d4d68c8b5918f6f42c83ff9,Current ms snapshot matches real-run driver default path; historical per-run input hash unavailable; old portable snapshot also retained
django__django-12983,/mnt/disk2/dyp/d-overlayfs/traces/swe-search/qwen3-coder-30b-ms/django__django-12983/trajectory.json,traces/supplement/79-20260920/d-overlayfs/traces/swe-search/qwen3-coder-30b-ms/django__django-12983/trajectory.json,2d00f1dec49f72d48a27ac46854fad0c1d39e6b7f41379f9de149bdec0e66a2d,True,traces/supplement/79-20260920/spr_payload/det_traces/ms/django__django-12983/trajectory.json,1cc7f980cc05852ccb38191b044cbe5ff76450c4ddbe394eb5604a34111b2931,Current ms snapshot matches real-run driver default path; historical per-run input hash unavailable; old portable snapshot also retained
django__django-13028,/mnt/disk2/dyp/d-overlayfs/traces/swe-search/qwen3-coder-30b-ms/django__django-13028/trajectory.json,traces/supplement/79-20260920/d-overlayfs/traces/swe-search/qwen3-coder-30b-ms/django__django-13028/trajectory.json,ba039c207b05e72550ae655c0378f6ce520ef8c4d743b65e50319c5acd3069fc,True,traces/supplement/79-20260920/spr_payload/det_traces/ms/django__django-13028/trajectory.json,8d40f1b1a3d70d6023c404d7eec0dc2bd996056c092d603ebef26c8922b82e5f,Current ms snapshot matches real-run driver default path; historical per-run input hash unavailable; old portable snapshot also retained
django__django-13158,/mnt/disk2/dyp/d-overlayfs/traces/swe-search/qwen3-coder-30b-ms/django__django-13158/trajectory.json,traces/supplement/79-20260920/d-overlayfs/traces/swe-search/qwen3-coder-30b-ms/django__django-13158/trajectory.json,334d4abdd1f786cf9fe7a291aa5edc6a75ae76030604f346af84aaaf7d6af680,True,traces/supplement/79-20260920/spr_payload/det_traces/ms/django__django-13158/trajectory.json,5b511cadc243ef47492f866b498becad407433b316d56ddcf31b80b18d2bf589,Current ms snapshot matches real-run driver default path; historical per-run input hash unavailable; old portable snapshot also retained
django__django-13220,/mnt/disk2/dyp/d-overlayfs/traces/swe-search/qwen3-coder-30b-ms/django__django-13220/trajectory.json,traces/supplement/79-20260920/d-overlayfs/traces/swe-search/qwen3-coder-30b-ms/django__django-13220/trajectory.json,668853d90e6af85c55494ebc78e41dcf8896ec004c8bebc2679d7747b411b7ca,True,traces/supplement/79-20260920/spr_payload/det_traces/ms/django__django-13220/trajectory.json,a5a2051ba7ddf65331b73a3f785b86a8d1f5b73d5f9d0c67edb2945127ec69e5,Current ms snapshot matches real-run driver default path; historical per-run input hash unavailable; old portable snapshot also retained
django__django-13230,/mnt/disk2/dyp/d-overlayfs/traces/swe-search/qwen3-coder-30b-ms/django__django-13230/trajectory.json,traces/supplement/79-20260920/d-overlayfs/traces/swe-search/qwen3-coder-30b-ms/django__django-13230/trajectory.json,8a7d0b6293ab882dc74ac3432a3d5012974b95a54def60d8fa187d143535b5d2,True,traces/supplement/79-20260920/spr_payload/det_traces/ms/django__django-13230/trajectory.json,420b7a17ac148135eedcd4586d66a8b32bb25f65032042d46a46982ff4b02c17,Current ms snapshot matches real-run driver default path; historical per-run input hash unavailable; old portable snapshot also retained
django__django-13265,/mnt/disk2/dyp/d-overlayfs/traces/swe-search/qwen3-coder-30b-ms/django__django-13265/trajectory.json,traces/supplement/79-20260920/d-overlayfs/traces/swe-search/qwen3-coder-30b-ms/django__django-13265/trajectory.json,1ac7af291bf9def803252e6cde38d04745efcaf8f1a61603de8de19ca235fa52,True,traces/supplement/79-20260920/spr_payload/det_traces/ms/django__django-13265/trajectory.json,6fd84a61a394f0c9ba53faf8386bc7c37cdc516f7bc1667d3d4e66247bfe817b,Current ms snapshot matches real-run driver default path; historical per-run input hash unavailable; old portable snapshot also retained
django__django-13315,/mnt/disk2/dyp/d-overlayfs/traces/swe-search/qwen3-coder-30b-ms/django__django-13315/trajectory.json,traces/supplement/79-20260920/d-overlayfs/traces/swe-search/qwen3-coder-30b-ms/django__django-13315/trajectory.json,98c99d71147b3cf61d09e3cb42c79e729b4d1359dd992dcdc14b045517ddc5db,True,traces/supplement/79-20260920/spr_payload/det_traces/ms/django__django-13315/trajectory.json,af28a7c4ffa1b86f3b4ff01521c16600d826d3e079c9986778fec35fdd9308d6,Current ms snapshot matches real-run driver default path; historical per-run input hash unavailable; old portable snapshot also retained
django__django-13321,/mnt/disk2/dyp/d-overlayfs/traces/swe-search/qwen3-coder-30b-ms/django__django-13321/trajectory.json,traces/supplement/79-20260920/d-overlayfs/traces/swe-search/qwen3-coder-30b-ms/django__django-13321/trajectory.json,9af3ee7180e41499c1ea40c68aee854bada26c3321c3ab04db13223ded021a97,True,traces/supplement/79-20260920/spr_payload/det_traces/ms/django__django-13321/trajectory.json,22b06b0820edabb10e02ed3db6ef4205817c870430043349f9e581e58fc04b7e,Current ms snapshot matches real-run driver default path; historical per-run input hash unavailable; old portable snapshot also retained
django__django-13447,/mnt/disk2/dyp/d-overlayfs/traces/swe-search/qwen3-coder-30b-ms/django__django-13447/trajectory.json,traces/supplement/79-20260920/d-overlayfs/traces/swe-search/qwen3-coder-30b-ms/django__django-13447/trajectory.json,faf1c5d4acf70d165d5f5ac51721ce257ebe5099d3f17f47340a00e61f7ba977,True,traces/supplement/79-20260920/spr_payload/det_traces/ms/django__django-13447/trajectory.json,32a29406ae491a97d57a6951db4e42d57a031a06f27d1be7f0e2c38a8b22896c,Current ms snapshot matches real-run driver default path; historical per-run input hash unavailable; old portable snapshot also retained
django__django-13551,/mnt/disk2/dyp/d-overlayfs/traces/swe-search/qwen3-coder-30b-ms/django__django-13551/trajectory.json,traces/supplement/79-20260920/d-overlayfs/traces/swe-search/qwen3-coder-30b-ms/django__django-13551/trajectory.json,2655649aece90c165d112665a8b817a590db6507f14441633187eb73421e83e1,True,traces/supplement/79-20260920/spr_payload/det_traces/ms/django__django-13551/trajectory.json,c1af7bcd8cd585d5e8ed0176b7d06e197dd065257d6e6ffe638db9fdb1f53eb2,Current ms snapshot matches real-run driver default path; historical per-run input hash unavailable; old portable snapshot also retained
django__django-13590,/mnt/disk2/dyp/d-overlayfs/traces/swe-search/qwen3-coder-30b-ms/django__django-13590/trajectory.json,traces/supplement/79-20260920/d-overlayfs/traces/swe-search/qwen3-coder-30b-ms/django__django-13590/trajectory.json,633eb6131ef188dbca63ffb52c9d65e0dae7875ff658f7188182e3315eb9b120,True,traces/supplement/79-20260920/spr_payload/det_traces/ms/django__django-13590/trajectory.json,4dadd049f5b9d748c0c158a3f1bb1a101ba64c82ee7c773cc7795ac687b7d8ed,Current ms snapshot matches real-run driver default path; historical per-run input hash unavailable; old portable snapshot also retained
django__django-13658,/mnt/disk2/dyp/d-overlayfs/traces/swe-search/qwen3-coder-30b-ms/django__django-13658/trajectory.json,traces/supplement/79-20260920/d-overlayfs/traces/swe-search/qwen3-coder-30b-ms/django__django-13658/trajectory.json,71077fdf55093d8043b5f46b026570fd2c4f1e24b65222d5d77b6fcfea59ef84,True,traces/supplement/79-20260920/spr_payload/det_traces/ms/django__django-13658/trajectory.json,c65e0f9e901ca140df00a6c38740c2bad315fc88313098cd4738a31972903418,Current ms snapshot matches real-run driver default path; historical per-run input hash unavailable; old portable snapshot also retained
django__django-13660,/mnt/disk2/dyp/d-overlayfs/traces/swe-search/qwen3-coder-30b-ms/django__django-13660/trajectory.json,traces/supplement/79-20260920/d-overlayfs/traces/swe-search/qwen3-coder-30b-ms/django__django-13660/trajectory.json,bd97cb85321ef0a3803a645d54e20bc5f12283714552fd0e7f03b1aa137684ec,True,traces/supplement/79-20260920/spr_payload/det_traces/ms/django__django-13660/trajectory.json,8b3689ab6312e352a99bf13506cc0ddb1e9a090d5ad64d990f42cf2b497e024e,Current ms snapshot matches real-run driver default path; historical per-run input hash unavailable; old portable snapshot also retained
django__django-13710,/mnt/disk2/dyp/d-overlayfs/traces/swe-search/qwen3-coder-30b-ms/django__django-13710/trajectory.json,traces/supplement/79-20260920/d-overlayfs/traces/swe-search/qwen3-coder-30b-ms/django__django-13710/trajectory.json,8e8e8474065dc97537f9a25d3572387f16455ff1407baf54dee19b6222261ddf,True,traces/supplement/79-20260920/spr_payload/det_traces/ms/django__django-13710/trajectory.json,bbb3180eec31572f6808d611ab19cbf81a6997f956708f410713355b37c37a09,Current ms snapshot matches real-run driver default path; historical per-run input hash unavailable; old portable snapshot also retained
django__django-13768,/mnt/disk2/dyp/d-overlayfs/traces/swe-search/qwen3-coder-30b-ms/django__django-13768/trajectory.json,traces/supplement/79-20260920/d-overlayfs/traces/swe-search/qwen3-coder-30b-ms/django__django-13768/trajectory.json,49f214c64374d4b6737a819e8b08c80a04d8fa6d09aa9d1fc8827ea2568b24d6,True,traces/supplement/79-20260920/spr_payload/det_traces/ms/django__django-13768/trajectory.json,a8297924cd3719cb00e1ac3021242313ddb54175cd29ad66e120d9cc92032b1f,Current ms snapshot matches real-run driver default path; historical per-run input hash unavailable; old portable snapshot also retained
django__django-13933,/mnt/disk2/dyp/d-overlayfs/traces/swe-search/qwen3-coder-30b-ms/django__django-13933/trajectory.json,traces/supplement/79-20260920/d-overlayfs/traces/swe-search/qwen3-coder-30b-ms/django__django-13933/trajectory.json,efa706e72860706a631c5ca6fbd13a6bb8bc2aada035972c8b7a2f71c4ac2171,True,traces/supplement/79-20260920/spr_payload/det_traces/ms/django__django-13933/trajectory.json,e86f107ba024fa8cc5182afd65ea3cf06f7aa6528a9e2fc2954a9d93f9ab8240,Current ms snapshot matches real-run driver default path; historical per-run input hash unavailable; old portable snapshot also retained
django__django-13964,/mnt/disk2/dyp/d-overlayfs/traces/swe-search/qwen3-coder-30b-ms/django__django-13964/trajectory.json,traces/supplement/79-20260920/d-overlayfs/traces/swe-search/qwen3-coder-30b-ms/django__django-13964/trajectory.json,d6a992514c5dd97c423dc23b4ad0b9e14d28a8e0b0528011ec464ef42168ff73,True,traces/supplement/79-20260920/spr_payload/det_traces/ms/django__django-13964/trajectory.json,56565571afc36e2e7272aa2a5ce163867596f9c8ba0fd15bcfd8a0d995eeb050,Current ms snapshot matches real-run driver default path; historical per-run input hash unavailable; old portable snapshot also retained
django__django-14016,/mnt/disk2/dyp/d-overlayfs/traces/swe-search/qwen3-coder-30b-ms/django__django-14016/trajectory.json,traces/supplement/79-20260920/d-overlayfs/traces/swe-search/qwen3-coder-30b-ms/django__django-14016/trajectory.json,0941828ff61acde07ecd741975a442d434110af641e6e678b6708e1aab0d8744,True,traces/supplement/79-20260920/spr_payload/det_traces/ms/django__django-14016/trajectory.json,44c2a4e825acc560843b2bd95bf81d1655346b7833ffa9c94039119ff1515dc5,Current ms snapshot matches real-run driver default path; historical per-run input hash unavailable; old portable snapshot also retained
django__django-14017,/mnt/disk2/dyp/d-overlayfs/traces/swe-search/qwen3-coder-30b-ms/django__django-14017/trajectory.json,traces/supplement/79-20260920/d-overlayfs/traces/swe-search/qwen3-coder-30b-ms/django__django-14017/trajectory.json,43a7d80a5d1cdd6fe77d74278026f2d851b5d068daca0185eee81341ff912c8c,True,traces/supplement/79-20260920/spr_payload/det_traces/ms/django__django-14017/trajectory.json,e11547e3f8d98e51fbe9ef8fd147f4edbe33dc0d4c46d61041c74e827183bee1,Current ms snapshot matches real-run driver default path; historical per-run input hash unavailable; old portable snapshot also retained
django__django-14155,/mnt/disk2/dyp/d-overlayfs/traces/swe-search/qwen3-coder-30b-ms/django__django-14155/trajectory.json,traces/supplement/79-20260920/d-overlayfs/traces/swe-search/qwen3-coder-30b-ms/django__django-14155/trajectory.json,39d99dba117083282e438e6374afe57fd8ef6311cc2385d6e5e320e8990dcf07,True,traces/supplement/79-20260920/spr_payload/det_traces/ms/django__django-14155/trajectory.json,dc067a6c62323a368239027a8fac395726fc79fce37f4b41977658acc46ed065,Current ms snapshot matches real-run driver default path; historical per-run input hash unavailable; old portable snapshot also retained
django__django-14238,/mnt/disk2/dyp/d-overlayfs/traces/swe-search/qwen3-coder-30b-ms/django__django-14238/trajectory.json,traces/supplement/79-20260920/d-overlayfs/traces/swe-search/qwen3-coder-30b-ms/django__django-14238/trajectory.json,0e02231b697a1f672a49e4761495c14a7d2be1abc5aba7de45f752c18215f99f,True,traces/supplement/79-20260920/spr_payload/det_traces/ms/django__django-14238/trajectory.json,c7ecb081dd18f7ccc617a3687f844660cec175449d1e528b4404b7dac41ee609,Current ms snapshot matches real-run driver default path; historical per-run input hash unavailable; old portable snapshot also retained
django__django-14382,/mnt/disk2/dyp/d-overlayfs/traces/swe-search/qwen3-coder-30b-ms/django__django-14382/trajectory.json,traces/supplement/79-20260920/d-overlayfs/traces/swe-search/qwen3-coder-30b-ms/django__django-14382/trajectory.json,8e1cd0f5a519b2e8c57ec51e73857cd28e130a0755d6329ecb854ee60c04067c,True,traces/supplement/79-20260920/spr_payload/det_traces/ms/django__django-14382/trajectory.json,67c709af93b54c926bd49781d53e4af54f4128be57e961d71a5f821c2762a987,Current ms snapshot matches real-run driver default path; historical per-run input hash unavailable; old portable snapshot also retained
django__django-14411,/mnt/disk2/dyp/d-overlayfs/traces/swe-search/qwen3-coder-30b-ms/django__django-14411/trajectory.json,traces/supplement/79-20260920/d-overlayfs/traces/swe-search/qwen3-coder-30b-ms/django__django-14411/trajectory.json,2f3aa54a8624ee0631f5d70b8590d6cfe489e36a2aa82453ee9a64e9cd0c2ac1,True,traces/supplement/79-20260920/spr_payload/det_traces/ms/django__django-14411/trajectory.json,ac875996b6fd47b37cf78d615a4d2d5ba3dc7edb347d94f45af8cad582c8eff6,Current ms snapshot matches real-run driver default path; historical per-run input hash unavailable; old portable snapshot also retained
django__django-14534,/mnt/disk2/dyp/d-overlayfs/traces/swe-search/qwen3-coder-30b-ms/django__django-14534/trajectory.json,traces/supplement/79-20260920/d-overlayfs/traces/swe-search/qwen3-coder-30b-ms/django__django-14534/trajectory.json,f81109093a79785c39dfcd2d66d55efaf6b3e7ddb4275ac3d7566031423fe6b7,True,traces/supplement/79-20260920/spr_payload/det_traces/ms/django__django-14534/trajectory.json,20c281c4f177c4bab088537b013aaaf70c753c7bb16a3e718a2bc112280bb8f0,Current ms snapshot matches real-run driver default path; historical per-run input hash unavailable; old portable snapshot also retained
django__django-14580,/mnt/disk2/dyp/d-overlayfs/traces/swe-search/qwen3-coder-30b-ms/django__django-14580/trajectory.json,traces/supplement/79-20260920/d-overlayfs/traces/swe-search/qwen3-coder-30b-ms/django__django-14580/trajectory.json,57c495ea930209dbd532a26c43f59ed43f00c7a75171a3b874298d8cd15570ac,True,traces/supplement/79-20260920/spr_payload/det_traces/ms/django__django-14580/trajectory.json,c8ac18bfe3efe1f478782ade8dab2a8ee240c87c3ae4908f123507e73997dac9,Current ms snapshot matches real-run driver default path; historical per-run input hash unavailable; old portable snapshot also retained
django__django-14608,/mnt/disk2/dyp/d-overlayfs/traces/swe-search/qwen3-coder-30b-ms/django__django-14608/trajectory.json,traces/supplement/79-20260920/d-overlayfs/traces/swe-search/qwen3-coder-30b-ms/django__django-14608/trajectory.json,d35908b2226a660641e957774e49fc64d07845021ac5d1e17eb5fe906747a19a,True,traces/supplement/79-20260920/spr_payload/det_traces/ms/django__django-14608/trajectory.json,7c396c14c236f86837848247ee7031ca0b83a056c5b7250d02c50ffcf39d7516,Current ms snapshot matches real-run driver default path; historical per-run input hash unavailable; old portable snapshot also retained
django__django-14667,/mnt/disk2/dyp/d-overlayfs/traces/swe-search/qwen3-coder-30b-ms/django__django-14667/trajectory.json,traces/supplement/79-20260920/d-overlayfs/traces/swe-search/qwen3-coder-30b-ms/django__django-14667/trajectory.json,fd4fc2e2bbee4d335d8b6925acf43799a69470e01a0931ef8830646892b4bc65,True,traces/supplement/79-20260920/spr_payload/det_traces/ms/django__django-14667/trajectory.json,7f97ea36ab1d6c19fa276eca60693ee07c7a04c0431ba177673cd6eb92558872,Current ms snapshot matches real-run driver default path; historical per-run input hash unavailable; old portable snapshot also retained
django__django-14672,/mnt/disk2/dyp/d-overlayfs/traces/swe-search/qwen3-coder-30b-ms/django__django-14672/trajectory.json,traces/supplement/79-20260920/d-overlayfs/traces/swe-search/qwen3-coder-30b-ms/django__django-14672/trajectory.json,29f166040b5eb6046e5ac075e7bd0bda867168edae3bf7cc8bddb08fecda3136,True,traces/supplement/79-20260920/spr_payload/det_traces/ms/django__django-14672/trajectory.json,7e2d71f42672973c072f48dca8136b5213d58b11556c50b40665891b2e485eef,Current ms snapshot matches real-run driver default path; historical per-run input hash unavailable; old portable snapshot also retained
django__django-14730,/mnt/disk2/dyp/d-overlayfs/traces/swe-search/qwen3-coder-30b-ms/django__django-14730/trajectory.json,traces/supplement/79-20260920/d-overlayfs/traces/swe-search/qwen3-coder-30b-ms/django__django-14730/trajectory.json,fa7c68c25ad785ef7826525a74df13627431a981da5efef91989fd9de2f9e57c,True,traces/supplement/79-20260920/spr_payload/det_traces/ms/django__django-14730/trajectory.json,2b40105c9de676968ef8dc999ec2c8911d9e45e48f10a45e9e699fe37a3369b3,Current ms snapshot matches real-run driver default path; historical per-run input hash unavailable; old portable snapshot also retained
django__django-14752,/mnt/disk2/dyp/d-overlayfs/traces/swe-search/qwen3-coder-30b-ms/django__django-14752/trajectory.json,traces/supplement/79-20260920/d-overlayfs/traces/swe-search/qwen3-coder-30b-ms/django__django-14752/trajectory.json,020efa3446ecf6d04555dd4b341a8f3025328c8cdc4dee67263c7dd3bcd98f90,True,traces/supplement/79-20260920/spr_payload/det_traces/ms/django__django-14752/trajectory.json,b7e04825f9b95f5ac0e83b5e837d85f18ce3a23ea02c576c482aaf047cdb140b,Current ms snapshot matches real-run driver default path; historical per-run input hash unavailable; old portable snapshot also retained
django__django-14787,/mnt/disk2/dyp/d-overlayfs/traces/swe-search/qwen3-coder-30b-ms/django__django-14787/trajectory.json,traces/supplement/79-20260920/d-overlayfs/traces/swe-search/qwen3-coder-30b-ms/django__django-14787/trajectory.json,0f69873d538d599c2c062fb4a8136d773a386c0d54a5e6a10870118acfd751c2,True,traces/supplement/79-20260920/spr_payload/det_traces/ms/django__django-14787/trajectory.json,2167034218380da956f634389200eefd2f3876a2547b91390286677b6de808fd,Current ms snapshot matches real-run driver default path; historical per-run input hash unavailable; old portable snapshot also retained
django__django-14855,/mnt/disk2/dyp/d-overlayfs/traces/swe-search/qwen3-coder-30b-ms/django__django-14855/trajectory.json,traces/supplement/79-20260920/d-overlayfs/traces/swe-search/qwen3-coder-30b-ms/django__django-14855/trajectory.json,96bc93e9da892887f079446222a92d31c21b673b255f39c8cb3eba8ba18dbe17,True,traces/supplement/79-20260920/spr_payload/det_traces/ms/django__django-14855/trajectory.json,8426bd2c095cfbac637c27b230385595803a6e1ac93728b7274b27f19f595e97,Current ms snapshot matches real-run driver default path; historical per-run input hash unavailable; old portable snapshot also retained
django__django-14915,/mnt/disk2/dyp/d-overlayfs/traces/swe-search/qwen3-coder-30b-ms/django__django-14915/trajectory.json,traces/supplement/79-20260920/d-overlayfs/traces/swe-search/qwen3-coder-30b-ms/django__django-14915/trajectory.json,3e930cd17200a5d166ab49d76ea68de8d9a83391695f15347e471be0f93dab36,True,traces/supplement/79-20260920/spr_payload/det_traces/ms/django__django-14915/trajectory.json,b88c942376a8ec6d1035076a42bb822c40fc723f2df0e08ab8fb466592bb34bf,Current ms snapshot matches real-run driver default path; historical per-run input hash unavailable; old portable snapshot also retained
django__django-14997,/mnt/disk2/dyp/d-overlayfs/traces/swe-search/qwen3-coder-30b-ms/django__django-14997/trajectory.json,traces/supplement/79-20260920/d-overlayfs/traces/swe-search/qwen3-coder-30b-ms/django__django-14997/trajectory.json,c9361fab53c2683fdd79ba02b18188569a82f47961a297c35aa4c5b62acf249b,True,traces/supplement/79-20260920/spr_payload/det_traces/ms/django__django-14997/trajectory.json,0acba347b40bfd4fa5047ce4a4abf74bf4c01a34820c253b4dfeb5fb482d5fcb,Current ms snapshot matches real-run driver default path; historical per-run input hash unavailable; old portable snapshot also retained
django__django-14999,/mnt/disk2/dyp/d-overlayfs/traces/swe-search/qwen3-coder-30b-ms/django__django-14999/trajectory.json,traces/supplement/79-20260920/d-overlayfs/traces/swe-search/qwen3-coder-30b-ms/django__django-14999/trajectory.json,893e5fcae17863d4a0484c9a27a40d8411b333f9864392fecbff257200bf715b,True,traces/supplement/79-20260920/spr_payload/det_traces/ms/django__django-14999/trajectory.json,173ff5529ed8772d2e92cbbffba0af0ed869c0d011c1f698620fe07286fa0e47,Current ms snapshot matches real-run driver default path; historical per-run input hash unavailable; old portable snapshot also retained
django__django-15061,/mnt/disk2/dyp/d-overlayfs/traces/swe-search/qwen3-coder-30b-ms/django__django-15061/trajectory.json,traces/supplement/79-20260920/d-overlayfs/traces/swe-search/qwen3-coder-30b-ms/django__django-15061/trajectory.json,8319fc89308ad4ca85064fcded8fe2a6dc0fb62f8b275ac798876e9b98a4d8d0,True,traces/supplement/79-20260920/spr_payload/det_traces/ms/django__django-15061/trajectory.json,69bfb0545d1478ad0a8ce56bd88c5a0ef3980650e493b34c8a046530b75645c3,Current ms snapshot matches real-run driver default path; historical per-run input hash unavailable; old portable snapshot also retained
django__django-15202,/mnt/disk2/dyp/d-overlayfs/traces/swe-search/qwen3-coder-30b-ms/django__django-15202/trajectory.json,traces/supplement/79-20260920/d-overlayfs/traces/swe-search/qwen3-coder-30b-ms/django__django-15202/trajectory.json,ff637e056b64d9340b873b0c0adc1c801a33a22242d5e28b918e283d72a27d5a,True,traces/supplement/79-20260920/spr_payload/det_traces/ms/django__django-15202/trajectory.json,0c3ec3d947fb124802ee86e957e56a94aaa6a86d1861420b95634187ae6ef652,Current ms snapshot matches real-run driver default path; historical per-run input hash unavailable; old portable snapshot also retained
django__django-15252,/mnt/disk2/dyp/d-overlayfs/traces/swe-search/qwen3-coder-30b-ms/django__django-15252/trajectory.json,traces/supplement/79-20260920/d-overlayfs/traces/swe-search/qwen3-coder-30b-ms/django__django-15252/trajectory.json,dc0dff21999aace60d2d4065483b2f3112545149036dd83671a32236e7212674,True,traces/supplement/79-20260920/spr_payload/det_traces/ms/django__django-15252/trajectory.json,caeea45046c5958fc405e4e49aa86b7d8ca3753334681eb937b1c44f737880fc,Current ms snapshot matches real-run driver default path; historical per-run input hash unavailable; old portable snapshot also retained
django__django-15320,/mnt/disk2/dyp/d-overlayfs/traces/swe-search/qwen3-coder-30b-ms/django__django-15320/trajectory.json,traces/supplement/79-20260920/d-overlayfs/traces/swe-search/qwen3-coder-30b-ms/django__django-15320/trajectory.json,0c33389f1ebb606788bceea07120a54cc8f726291f3564ccbfff1f8785600dd5,True,traces/supplement/79-20260920/spr_payload/det_traces/ms/django__django-15320/trajectory.json,a164a695cff13954232c158d6b5ce0f2e8479a53be375d27598a689623a75be5,Current ms snapshot matches real-run driver default path; historical per-run input hash unavailable; old portable snapshot also retained
django__django-15347,/mnt/disk2/dyp/d-overlayfs/traces/swe-search/qwen3-coder-30b-ms/django__django-15347/trajectory.json,traces/supplement/79-20260920/d-overlayfs/traces/swe-search/qwen3-coder-30b-ms/django__django-15347/trajectory.json,d632a78aa7a9c404f0b11927bf4aab6c02fcefbb752d642f1c2a86e7640ee725,True,traces/supplement/79-20260920/spr_payload/det_traces/ms/django__django-15347/trajectory.json,352dbf2df37d74ea78c718752495895b1a1d3b2679e337512a5f107e29649f8a,Current ms snapshot matches real-run driver default path; historical per-run input hash unavailable; old portable snapshot also retained
django__django-15388,/mnt/disk2/dyp/d-overlayfs/traces/swe-search/qwen3-coder-30b-ms/django__django-15388/trajectory.json,traces/supplement/79-20260920/d-overlayfs/traces/swe-search/qwen3-coder-30b-ms/django__django-15388/trajectory.json,383362870b2d0a1d5da5ab9e3bbaeb863cacc19d5d84d08eaed2909675ac22e9,True,traces/supplement/79-20260920/spr_payload/det_traces/ms/django__django-15388/trajectory.json,1d7b8fa0f2559d0e5c3d5d8f0568734ba8a34cd4b31256d0f14bf08b4fe89242,Current ms snapshot matches real-run driver default path; historical per-run input hash unavailable; old portable snapshot also retained
django__django-16820,/mnt/disk2/dyp/d-overlayfs/traces/swe-search/qwen3-coder-30b-ms/django__django-16820/trajectory.json,traces/supplement/79-20260920/d-overlayfs/traces/swe-search/qwen3-coder-30b-ms/django__django-16820/trajectory.json,96d6513308a3178c343691b8dd49f2039fceef40a815457d61f070f3a3d23823,True,traces/supplement/79-20260920/spr_payload/det_traces/ms/django__django-16820/trajectory.json,86e46e3c3145cdb35805ac370f595d6efa1a017e05168ed16cd96eca0456d845,Current ms snapshot matches real-run driver default path; historical per-run input hash unavailable; old portable snapshot also retained
django__django-16873,/mnt/disk2/dyp/d-overlayfs/traces/swe-search/qwen3-coder-30b-ms/django__django-16873/trajectory.json,traces/supplement/79-20260920/d-overlayfs/traces/swe-search/qwen3-coder-30b-ms/django__django-16873/trajectory.json,f554729c410ea052593ce1e9b05ced6ca5c24fc19b8f01927e2a80781587af4e,True,traces/supplement/79-20260920/spr_payload/det_traces/ms/django__django-16873/trajectory.json,735a8aab9228923b450ff6a90051e7ca3f3e72239be020ffb90ab5a1a689f0d3,Current ms snapshot matches real-run driver default path; historical per-run input hash unavailable; old portable snapshot also retained
django__django-16910,/mnt/disk2/dyp/d-overlayfs/traces/swe-search/qwen3-coder-30b-ms/django__django-16910/trajectory.json,traces/supplement/79-20260920/d-overlayfs/traces/swe-search/qwen3-coder-30b-ms/django__django-16910/trajectory.json,1e60f30daa6f890c50b80398919221e4929c29ea344763cfe7ddd1394bed5036,True,traces/supplement/79-20260920/spr_payload/det_traces/ms/django__django-16910/trajectory.json,2222c527d1ee9e5626d76d213da11cc4e0b5448af850defb9c321fbfcfb64c92,Current ms snapshot matches real-run driver default path; historical per-run input hash unavailable; old portable snapshot also retained
django__django-17051,/mnt/disk2/dyp/d-overlayfs/traces/swe-search/qwen3-coder-30b-ms/django__django-17051/trajectory.json,traces/supplement/79-20260920/d-overlayfs/traces/swe-search/qwen3-coder-30b-ms/django__django-17051/trajectory.json,41ff8b1a04a038f25461c0eecb153f43e1df187087313d3c3ffc1494ffe4248b,True,traces/supplement/79-20260920/spr_payload/det_traces/ms/django__django-17051/trajectory.json,f91858de30802b22d067988985417e995443784c31602f08588fc00a450ec3f6,Current ms snapshot matches real-run driver default path; historical per-run input hash unavailable; old portable snapshot also retained
matplotlib__matplotlib-18869,/mnt/disk2/dyp/d-overlayfs/traces/swe-search/qwen3-coder-30b-ms/matplotlib__matplotlib-18869/trajectory.json,traces/supplement/79-20260920/d-overlayfs/traces/swe-search/qwen3-coder-30b-ms/matplotlib__matplotlib-18869/trajectory.json,210e2dfafa566242868abc3a1b2eae974c73fdb618d6452a031ad0f643a0270f,True,traces/supplement/79-20260920/spr_payload/det_traces/ms/matplotlib__matplotlib-18869/trajectory.json,5cad00d79b98556283ee694bddc1d0799c94509f24cb74f8b020c12113d3fcae,Current ms snapshot matches real-run driver default path; historical per-run input hash unavailable; old portable snapshot also retained
matplotlib__matplotlib-22711,/mnt/disk2/dyp/d-overlayfs/traces/swe-search/qwen3-coder-30b-ms/matplotlib__matplotlib-22711/trajectory.json,traces/supplement/79-20260920/d-overlayfs/traces/swe-search/qwen3-coder-30b-ms/matplotlib__matplotlib-22711/trajectory.json,c8350937fed9deb20f746d79ab89683b77b3cef8adbc3f37c66addc2da7ead6a,True,traces/supplement/79-20260920/spr_payload/det_traces/ms/matplotlib__matplotlib-22711/trajectory.json,10346bf6d87cece9c47404ebe4c28f0a504493d2e5206f61555d4341ca288ef4,Current ms snapshot matches real-run driver default path; historical per-run input hash unavailable; old portable snapshot also retained
matplotlib__matplotlib-22835,/mnt/disk2/dyp/d-overlayfs/traces/swe-search/qwen3-coder-30b-ms/matplotlib__matplotlib-22835/trajectory.json,traces/supplement/79-20260920/d-overlayfs/traces/swe-search/qwen3-coder-30b-ms/matplotlib__matplotlib-22835/trajectory.json,97a6978deea7be8284027d96503cd154465c4b290a2e6dbb4e09ea3f43ca1f48,True,traces/supplement/79-20260920/spr_payload/det_traces/ms/matplotlib__matplotlib-22835/trajectory.json,db3a127dd0851fe7294b57322cc07dfe9b1350038c1f7dac8281ace6204af939,Current ms snapshot matches real-run driver default path; historical per-run input hash unavailable; old portable snapshot also retained
matplotlib__matplotlib-23299,/mnt/disk2/dyp/d-overlayfs/traces/swe-search/qwen3-coder-30b-ms/matplotlib__matplotlib-23299/trajectory.json,traces/supplement/79-20260920/d-overlayfs/traces/swe-search/qwen3-coder-30b-ms/matplotlib__matplotlib-23299/trajectory.json,9d002f954ad117f6ebf895944cd69385abb1e518c68ee67288af4e98de4d060a,True,traces/supplement/79-20260920/spr_payload/det_traces/ms/matplotlib__matplotlib-23299/trajectory.json,6e5a581238a0790368ab33214b5decd6c2bbada504fbdc6726ddb1c30403153f,Current ms snapshot matches real-run driver default path; historical per-run input hash unavailable; old portable snapshot also retained
matplotlib__matplotlib-23562,/mnt/disk2/dyp/d-overlayfs/traces/swe-search/qwen3-coder-30b-ms/matplotlib__matplotlib-23562/trajectory.json,traces/supplement/79-20260920/d-overlayfs/traces/swe-search/qwen3-coder-30b-ms/matplotlib__matplotlib-23562/trajectory.json,e07db2adc99c1daed66369a52f4edc78f85c7dafacf4cf6f2191ff0aa26d82fe,True,traces/supplement/79-20260920/spr_payload/det_traces/ms/matplotlib__matplotlib-23562/trajectory.json,1e128f0d461d634b39259e4c080ebab72489de19a895e0f47fb2b68fd7be4121,Current ms snapshot matches real-run driver default path; historical per-run input hash unavailable; old portable snapshot also retained
matplotlib__matplotlib-23964,/mnt/disk2/dyp/d-overlayfs/traces/swe-search/qwen3-coder-30b-ms/matplotlib__matplotlib-23964/trajectory.json,traces/supplement/79-20260920/d-overlayfs/traces/swe-search/qwen3-coder-30b-ms/matplotlib__matplotlib-23964/trajectory.json,49585a2a251ccd5a0323e049b79fe9bf73e6edb2522f24471707f19548bbb15a,True,traces/supplement/79-20260920/spr_payload/det_traces/ms/matplotlib__matplotlib-23964/trajectory.json,d4bb9647b44ed682b9bff2899a5340340939c8d89e077815dea3ceaaedb8ff3b,Current ms snapshot matches real-run driver default path; historical per-run input hash unavailable; old portable snapshot also retained
matplotlib__matplotlib-24970,/mnt/disk2/dyp/d-overlayfs/traces/swe-search/qwen3-coder-30b-ms/matplotlib__matplotlib-24970/trajectory.json,traces/supplement/79-20260920/d-overlayfs/traces/swe-search/qwen3-coder-30b-ms/matplotlib__matplotlib-24970/trajectory.json,582c546efa566435cb9ce6ea2de961b7594e3b75610d3fc2e4b22c0abf0bb3d4,True,traces/supplement/79-20260920/spr_payload/det_traces/ms/matplotlib__matplotlib-24970/trajectory.json,c44b821397bc85b7d91a401cd0f0f47a1198ab3f80e284c5bea5f8aa745d5021,Current ms snapshot matches real-run driver default path; historical per-run input hash unavailable; old portable snapshot also retained
matplotlib__matplotlib-25311,/mnt/disk2/dyp/d-overlayfs/traces/swe-search/qwen3-coder-30b-ms/matplotlib__matplotlib-25311/trajectory.json,traces/supplement/79-20260920/d-overlayfs/traces/swe-search/qwen3-coder-30b-ms/matplotlib__matplotlib-25311/trajectory.json,f55dab8c231f98e65528b8ea87a5e6e33d04b2c74e5e63b6885a8cb73b0339fc,True,traces/supplement/79-20260920/spr_payload/det_traces/ms/matplotlib__matplotlib-25311/trajectory.json,ceac2ca55cef2b1a81a7f5e3b05fb2d3c94047d6a90858c1539f241b30e0ed62,Current ms snapshot matches real-run driver default path; historical per-run input hash unavailable; old portable snapshot also retained
matplotlib__matplotlib-25332,/mnt/disk2/dyp/d-overlayfs/traces/swe-search/qwen3-coder-30b-ms/matplotlib__matplotlib-25332/trajectory.json,traces/supplement/79-20260920/d-overlayfs/traces/swe-search/qwen3-coder-30b-ms/matplotlib__matplotlib-25332/trajectory.json,e1c8587c3b83ef53628096600d40b507ee2737f69472965f307839f9ce912848,True,traces/supplement/79-20260920/spr_payload/det_traces/ms/matplotlib__matplotlib-25332/trajectory.json,b51ee2978b2a744b1d605f3f23fa18f781106278382e99e4cd7297104cdfba56,Current ms snapshot matches real-run driver default path; historical per-run input hash unavailable; old portable snapshot also retained
matplotlib__matplotlib-25433,/mnt/disk2/dyp/d-overlayfs/traces/swe-search/qwen3-coder-30b-ms/matplotlib__matplotlib-25433/trajectory.json,traces/supplement/79-20260920/d-overlayfs/traces/swe-search/qwen3-coder-30b-ms/matplotlib__matplotlib-25433/trajectory.json,719620040f40f867f1bab78111bff0b489be29f6d7ec2ffe1855a2daf5ce42ba,True,traces/supplement/79-20260920/spr_payload/det_traces/ms/matplotlib__matplotlib-25433/trajectory.json,ed1e75f6fa752fc8ae7d59926ccc94aab47ccc247e626d4afcec1928246aa556,Current ms snapshot matches real-run driver default path; historical per-run input hash unavailable; old portable snapshot also retained
matplotlib__matplotlib-25442,/mnt/disk2/dyp/d-overlayfs/traces/swe-search/qwen3-coder-30b-ms/matplotlib__matplotlib-25442/trajectory.json,traces/supplement/79-20260920/d-overlayfs/traces/swe-search/qwen3-coder-30b-ms/matplotlib__matplotlib-25442/trajectory.json,4ca107146c3f50df93810081de1df17d4cc17706492be40a0afde38f7e691b43,True,traces/supplement/79-20260920/spr_payload/det_traces/ms/matplotlib__matplotlib-25442/trajectory.json,2836a62cb3207eef3a2b3be8e7513bbdcf748f5f38b0e505d5280597651988ba,Current ms snapshot matches real-run driver default path; historical per-run input hash unavailable; old portable snapshot also retained
matplotlib__matplotlib-25498,/mnt/disk2/dyp/d-overlayfs/traces/swe-search/qwen3-coder-30b-ms/matplotlib__matplotlib-25498/trajectory.json,traces/supplement/79-20260920/d-overlayfs/traces/swe-search/qwen3-coder-30b-ms/matplotlib__matplotlib-25498/trajectory.json,5852e288dc00bd7c82c33b5b693ce977f9925a39c6c523ef3ee685fe69e757cb,True,traces/supplement/79-20260920/spr_payload/det_traces/ms/matplotlib__matplotlib-25498/trajectory.json,5d7d49a6d4b0e6ac220c436d24c01ad8b055535b2085fcbbc6b99f06b17d1161,Current ms snapshot matches real-run driver default path; historical per-run input hash unavailable; old portable snapshot also retained
matplotlib__matplotlib-26011,/mnt/disk2/dyp/d-overlayfs/traces/swe-search/qwen3-coder-30b-ms/matplotlib__matplotlib-26011/trajectory.json,traces/supplement/79-20260920/d-overlayfs/traces/swe-search/qwen3-coder-30b-ms/matplotlib__matplotlib-26011/trajectory.json,5655518da21d09db9112c9ba0f8a4780a5fa1ecefb9b3de3245a27bcd8802184,True,traces/supplement/79-20260920/spr_payload/det_traces/ms/matplotlib__matplotlib-26011/trajectory.json,add445b133599a0863fc0056237999165ed51bfec69272c2b0f671645cf0bb1a,Current ms snapshot matches real-run driver default path; historical per-run input hash unavailable; old portable snapshot also retained
matplotlib__matplotlib-26020,/mnt/disk2/dyp/d-overlayfs/traces/swe-search/qwen3-coder-30b-ms/matplotlib__matplotlib-26020/trajectory.json,traces/supplement/79-20260920/d-overlayfs/traces/swe-search/qwen3-coder-30b-ms/matplotlib__matplotlib-26020/trajectory.json,e82b088a3dab1208ea465d7780c9614b2d7b15ed492dee9aa9c5c5c280986982,True,traces/supplement/79-20260920/spr_payload/det_traces/ms/matplotlib__matplotlib-26020/trajectory.json,8e5361388ecb95087f4e62dd64fb1ccbd801ffe201c6da96905d4a256adb5c94,Current ms snapshot matches real-run driver default path; historical per-run input hash unavailable; old portable snapshot also retained
mwaskom__seaborn-3010,/mnt/disk2/dyp/d-overlayfs/traces/swe-search/qwen3-coder-30b-ms/mwaskom__seaborn-3010/trajectory.json,traces/supplement/79-20260920/d-overlayfs/traces/swe-search/qwen3-coder-30b-ms/mwaskom__seaborn-3010/trajectory.json,3407ee6936ad3443f10bb560f4f8816352f34b144f1cd07286719235b6cb07f8,True,traces/supplement/79-20260920/spr_payload/det_traces/ms/mwaskom__seaborn-3010/trajectory.json,eb48f959b963edbdbbda5127b8bbe551485b46f64b3f187062bc2d3215dbc1b1,Current ms snapshot matches real-run driver default path; historical per-run input hash unavailable; old portable snapshot also retained
mwaskom__seaborn-3407,/mnt/disk2/dyp/d-overlayfs/traces/swe-search/qwen3-coder-30b-ms/mwaskom__seaborn-3407/trajectory.json,traces/supplement/79-20260920/d-overlayfs/traces/swe-search/qwen3-coder-30b-ms/mwaskom__seaborn-3407/trajectory.json,7e8c23e0ac900fcce795c42a117aa9f44daf6714257a05baa4bdd2e144c0daa2,True,traces/supplement/79-20260920/spr_payload/det_traces/ms/mwaskom__seaborn-3407/trajectory.json,d8264c344a7a005caa284d6cd86d98ed5f2a906d72660e1489c601ec727206b9,Current ms snapshot matches real-run driver default path; historical per-run input hash unavailable; old portable snapshot also retained
pallets__flask-4045,/mnt/disk2/dyp/d-overlayfs/traces/swe-search/qwen3-coder-30b-ms/pallets__flask-4045/trajectory.json,traces/supplement/79-20260920/d-overlayfs/traces/swe-search/qwen3-coder-30b-ms/pallets__flask-4045/trajectory.json,311638e8d2b9745bfb452e9b79a2a8d2fbde6226b252bd6325be2567171acd46,True,traces/supplement/79-20260920/spr_payload/det_traces/ms/pallets__flask-4045/trajectory.json,a0d1cedb94d6de95d36956580e625e081694c47c3bd46686cb78887738e48ff7,Current ms snapshot matches real-run driver default path; historical per-run input hash unavailable; old portable snapshot also retained
psf__requests-1963,/mnt/disk2/dyp/d-overlayfs/traces/swe-search/qwen3-coder-30b-ms/psf__requests-1963/trajectory.json,traces/supplement/79-20260920/d-overlayfs/traces/swe-search/qwen3-coder-30b-ms/psf__requests-1963/trajectory.json,9c6fccf0d9a30c652ec9ed20636921e4a5d3ff161028cfe04545df1164fc31e4,True,traces/supplement/79-20260920/spr_payload/det_traces/ms/psf__requests-1963/trajectory.json,53b6de48d274bfb97c5018e8e5c4fa868fb3c91bf52be06efdab081f111a9b09,Current ms snapshot matches real-run driver default path; historical per-run input hash unavailable; old portable snapshot also retained
psf__requests-2148,/mnt/disk2/dyp/d-overlayfs/traces/swe-search/qwen3-coder-30b-ms/psf__requests-2148/trajectory.json,traces/supplement/79-20260920/d-overlayfs/traces/swe-search/qwen3-coder-30b-ms/psf__requests-2148/trajectory.json,d0d6ed3c82d52eff6b194801c88e6a4567401ad67f6f0af8992bd6525bb85f5c,True,traces/supplement/79-20260920/spr_payload/det_traces/ms/psf__requests-2148/trajectory.json,574fa94e4be68fa3fa46cbef8ca3c12e9d5c2bd0c56d31b9cb2b9d04f87b19a0,Current ms snapshot matches real-run driver default path; historical per-run input hash unavailable; old portable snapshot also retained
psf__requests-2317,/mnt/disk2/dyp/d-overlayfs/traces/swe-search/qwen3-coder-30b-ms/psf__requests-2317/trajectory.json,traces/supplement/79-20260920/d-overlayfs/traces/swe-search/qwen3-coder-30b-ms/psf__requests-2317/trajectory.json,342d3894826254341c4b90ee75e5b1915e4ec3534a842694261a435729d0197e,True,traces/supplement/79-20260920/spr_payload/det_traces/ms/psf__requests-2317/trajectory.json,607ff3f9f1dd01ba611cf450634e83912cefc8da288ed94245b1ae40aab2ee4c,Current ms snapshot matches real-run driver default path; historical per-run input hash unavailable; old portable snapshot also retained
psf__requests-2674,/mnt/disk2/dyp/d-overlayfs/traces/swe-search/qwen3-coder-30b-ms/psf__requests-2674/trajectory.json,traces/supplement/79-20260920/d-overlayfs/traces/swe-search/qwen3-coder-30b-ms/psf__requests-2674/trajectory.json,710bc1d410b018d322baf01057ea0974e2dfdb1fbee43543add1cd7b89edc791,True,traces/supplement/79-20260920/spr_payload/det_traces/ms/psf__requests-2674/trajectory.json,db2423a16eb00251dbdefe24c0e319624d55e84dbc3b9e5c18b25564ca1017bf,Current ms snapshot matches real-run driver default path; historical per-run input hash unavailable; old portable snapshot also retained
psf__requests-3362,/mnt/disk2/dyp/d-overlayfs/traces/swe-search/qwen3-coder-30b-ms/psf__requests-3362/trajectory.json,traces/supplement/79-20260920/d-overlayfs/traces/swe-search/qwen3-coder-30b-ms/psf__requests-3362/trajectory.json,81f54821b89ced78cd902fa0ba6bcc77d34ccd53e1b6c018a987f973b377ec0d,True,traces/supplement/79-20260920/spr_payload/det_traces/ms/psf__requests-3362/trajectory.json,e0d845f6a461f33a5e56dd483acf51e58422934fdb6df8d80ea48f7dcb984e9b,Current ms snapshot matches real-run driver default path; historical per-run input hash unavailable; old portable snapshot also retained
psf__requests-863,/mnt/disk2/dyp/d-overlayfs/traces/swe-search/qwen3-coder-30b-ms/psf__requests-863/trajectory.json,traces/supplement/79-20260920/d-overlayfs/traces/swe-search/qwen3-coder-30b-ms/psf__requests-863/trajectory.json,7460b7c980b7887927d53636be1c1d66003721ac68371c190797a61094416c6a,True,traces/supplement/79-20260920/spr_payload/det_traces/ms/psf__requests-863/trajectory.json,70c6ef506c45050fcec0fed2a10876a20bfddf95da80c32b338370fee6bb99e3,Current ms snapshot matches real-run driver default path; historical per-run input hash unavailable; old portable snapshot also retained
pydata__xarray-3364,/mnt/disk2/dyp/d-overlayfs/traces/swe-search/qwen3-coder-30b-ms/pydata__xarray-3364/trajectory.json,traces/supplement/79-20260920/d-overlayfs/traces/swe-search/qwen3-coder-30b-ms/pydata__xarray-3364/trajectory.json,648e58492b53b352251dcf6f1be22024936bf781c608606536038698a48e2343,True,traces/supplement/79-20260920/spr_payload/det_traces/ms/pydata__xarray-3364/trajectory.json,fbaaef76bfcbd16bdf424e0c794623b17c69fa90ea098ff16ecdd76182270635,Current ms snapshot matches real-run driver default path; historical per-run input hash unavailable; old portable snapshot also retained
pydata__xarray-4094,/mnt/disk2/dyp/d-overlayfs/traces/swe-search/qwen3-coder-30b-ms/pydata__xarray-4094/trajectory.json,traces/supplement/79-20260920/d-overlayfs/traces/swe-search/qwen3-coder-30b-ms/pydata__xarray-4094/trajectory.json,4f9b026d97e7c66de5e1fa3d857092e2a1db47f4ff6b0ceee13645aa94959f23,True,traces/supplement/79-20260920/spr_payload/det_traces/ms/pydata__xarray-4094/trajectory.json,5d083b7754c584d2f5b412b218c880f5dddbae04ca2b17e39f8c0d276a5638a8,Current ms snapshot matches real-run driver default path; historical per-run input hash unavailable; old portable snapshot also retained
pydata__xarray-4248,/mnt/disk2/dyp/d-overlayfs/traces/swe-search/qwen3-coder-30b-ms/pydata__xarray-4248/trajectory.json,traces/supplement/79-20260920/d-overlayfs/traces/swe-search/qwen3-coder-30b-ms/pydata__xarray-4248/trajectory.json,35d4e939653bfec6deb5b0a90dc563cf5890388121b21255b68b116c6f603f90,True,traces/supplement/79-20260920/spr_payload/det_traces/ms/pydata__xarray-4248/trajectory.json,9021bc2d2d81ae3cf71ee868a012207e691f1a18cf3a6ed33d4495752a182908,Current ms snapshot matches real-run driver default path; historical per-run input hash unavailable; old portable snapshot also retained
pydata__xarray-5131,/mnt/disk2/dyp/d-overlayfs/traces/swe-search/qwen3-coder-30b-ms/pydata__xarray-5131/trajectory.json,traces/supplement/79-20260920/d-overlayfs/traces/swe-search/qwen3-coder-30b-ms/pydata__xarray-5131/trajectory.json,1ee49d52a357e69a6312c004f10337f97a3251b57393aa813a6a69754d38281f,True,traces/supplement/79-20260920/spr_payload/det_traces/ms/pydata__xarray-5131/trajectory.json,49493005ee9f91d4edbf5be2267fab6bc8ebdadb92c07f4ea7baeca5a10f9fd9,Current ms snapshot matches real-run driver default path; historical per-run input hash unavailable; old portable snapshot also retained
pylint-dev__pylint-6506,/mnt/disk2/dyp/d-overlayfs/traces/swe-search/qwen3-coder-30b-ms/pylint-dev__pylint-6506/trajectory.json,traces/supplement/79-20260920/d-overlayfs/traces/swe-search/qwen3-coder-30b-ms/pylint-dev__pylint-6506/trajectory.json,65850743a868710cca6b53d0f29c1be7d85c8faaab0574f54889d6c5daffe155,True,traces/supplement/79-20260920/spr_payload/det_traces/ms/pylint-dev__pylint-6506/trajectory.json,5b054af469759353ef2f4cc7cac76ffb1d7f278670351c60c400b6c4089975c2,Current ms snapshot matches real-run driver default path; historical per-run input hash unavailable; old portable snapshot also retained
pylint-dev__pylint-7080,/mnt/disk2/dyp/d-overlayfs/traces/swe-search/qwen3-coder-30b-ms/pylint-dev__pylint-7080/trajectory.json,traces/supplement/79-20260920/d-overlayfs/traces/swe-search/qwen3-coder-30b-ms/pylint-dev__pylint-7080/trajectory.json,5d7b27ce9839a6848c8f00d4b325628269e3ff3021db65b1649c9451e8c04798,True,traces/supplement/79-20260920/spr_payload/det_traces/ms/pylint-dev__pylint-7080/trajectory.json,0485460ebb8df9bb571971fde9f587e70ea69a770fbf7f1e1ab9187aee94c277,Current ms snapshot matches real-run driver default path; historical per-run input hash unavailable; old portable snapshot also retained
pylint-dev__pylint-7114,/mnt/disk2/dyp/d-overlayfs/traces/swe-search/qwen3-coder-30b-ms/pylint-dev__pylint-7114/trajectory.json,traces/supplement/79-20260920/d-overlayfs/traces/swe-search/qwen3-coder-30b-ms/pylint-dev__pylint-7114/trajectory.json,7ce8cd66c8e07da184ab9c917c7be910b8cac4fa84e3794a63c07e111b89200e,True,traces/supplement/79-20260920/spr_payload/det_traces/ms/pylint-dev__pylint-7114/trajectory.json,176b848f9152eb83b1798ea3802764e78c476625757d21ce06eb770f8caaadd1,Current ms snapshot matches real-run driver default path; historical per-run input hash unavailable; old portable snapshot also retained
pylint-dev__pylint-7228,/mnt/disk2/dyp/d-overlayfs/traces/swe-search/qwen3-coder-30b-ms/pylint-dev__pylint-7228/trajectory.json,traces/supplement/79-20260920/d-overlayfs/traces/swe-search/qwen3-coder-30b-ms/pylint-dev__pylint-7228/trajectory.json,b10ce336555e97ccf12a72eab4612331b2ecfca23448aa0cd1bcdff90b6b1841,True,traces/supplement/79-20260920/spr_payload/det_traces/ms/pylint-dev__pylint-7228/trajectory.json,4eddca19369c2a0d8c7abfda616517e34f4531375b9b86c31103dab49a4213f5,Current ms snapshot matches real-run driver default path; historical per-run input hash unavailable; old portable snapshot also retained
pylint-dev__pylint-7993,/mnt/disk2/dyp/d-overlayfs/traces/swe-search/qwen3-coder-30b-ms/pylint-dev__pylint-7993/trajectory.json,traces/supplement/79-20260920/d-overlayfs/traces/swe-search/qwen3-coder-30b-ms/pylint-dev__pylint-7993/trajectory.json,fa17af9e762d04b0a6a4df7e6d1c8ec9a41167e9ce2f1f543766175170e5d915,True,traces/supplement/79-20260920/spr_payload/det_traces/ms/pylint-dev__pylint-7993/trajectory.json,313bf5f88725e04fc2267e7a9774d8060716d7296ff4622c0990c600b7ff8ff7,Current ms snapshot matches real-run driver default path; historical per-run input hash unavailable; old portable snapshot also retained
pytest-dev__pytest-11143,/mnt/disk2/dyp/d-overlayfs/traces/swe-search/qwen3-coder-30b-ms/pytest-dev__pytest-11143/trajectory.json,traces/supplement/79-20260920/d-overlayfs/traces/swe-search/qwen3-coder-30b-ms/pytest-dev__pytest-11143/trajectory.json,5aa39f8ffadceff31566774b3951392839569f258a4cae1b2ba086be06ae447b,True,traces/supplement/79-20260920/spr_payload/det_traces/ms/pytest-dev__pytest-11143/trajectory.json,484fb5cc05d2d3c845e327604c913bccbfa7087a4b76d16f0b5500ba00e68b75,Current ms snapshot matches real-run driver default path; historical per-run input hash unavailable; old portable snapshot also retained
pytest-dev__pytest-11148,/mnt/disk2/dyp/d-overlayfs/traces/swe-search/qwen3-coder-30b-ms/pytest-dev__pytest-11148/trajectory.json,traces/supplement/79-20260920/d-overlayfs/traces/swe-search/qwen3-coder-30b-ms/pytest-dev__pytest-11148/trajectory.json,722c72fa53b734a6f51784c19e26bdf890aeec009e32afdc228e683e349b6336,True,traces/supplement/79-20260920/spr_payload/det_traces/ms/pytest-dev__pytest-11148/trajectory.json,6834362a73b048aaca589c66b6d185ef358b5cf15a71680684e78025c43eac48,Current ms snapshot matches real-run driver default path; historical per-run input hash unavailable; old portable snapshot also retained
pytest-dev__pytest-5103,/mnt/disk2/dyp/d-overlayfs/traces/swe-search/qwen3-coder-30b-ms/pytest-dev__pytest-5103/trajectory.json,traces/supplement/79-20260920/d-overlayfs/traces/swe-search/qwen3-coder-30b-ms/pytest-dev__pytest-5103/trajectory.json,4f3e6f3aa06fc7509f57828607f5c31b55d9fad02d1d9ad6aaf865d33bdcc385,True,traces/supplement/79-20260920/spr_payload/det_traces/ms/pytest-dev__pytest-5103/trajectory.json,0656fab2906909433bc2983f4268d03960ff9bf68262c6103b587bfefb6cec8f,Current ms snapshot matches real-run driver default path; historical per-run input hash unavailable; old portable snapshot also retained
pytest-dev__pytest-5221,/mnt/disk2/dyp/d-overlayfs/traces/swe-search/qwen3-coder-30b-ms/pytest-dev__pytest-5221/trajectory.json,traces/supplement/79-20260920/d-overlayfs/traces/swe-search/qwen3-coder-30b-ms/pytest-dev__pytest-5221/trajectory.json,8381e9024ec09875cd870eaf19590ea54db9e929cf1ecd41c75fcdffd26ce9d2,True,traces/supplement/79-20260920/spr_payload/det_traces/ms/pytest-dev__pytest-5221/trajectory.json,6f4ad08bccf2318937c222fbdb2b0f4f7b3aef5ccc5cbdd1179f0ac2554f9e83,Current ms snapshot matches real-run driver default path; historical per-run input hash unavailable; old portable snapshot also retained
pytest-dev__pytest-5227,/mnt/disk2/dyp/d-overlayfs/traces/swe-search/qwen3-coder-30b-ms/pytest-dev__pytest-5227/trajectory.json,traces/supplement/79-20260920/d-overlayfs/traces/swe-search/qwen3-coder-30b-ms/pytest-dev__pytest-5227/trajectory.json,fce19eb02f2f8d3bdd9552464e63f3f315dae2cdecc258a2f1767bba1a73b237,True,traces/supplement/79-20260920/spr_payload/det_traces/ms/pytest-dev__pytest-5227/trajectory.json,168252d2f53f20e06db26d003698148e5288c18ff92a055be3106dea413a923f,Current ms snapshot matches real-run driver default path; historical per-run input hash unavailable; old portable snapshot also retained
pytest-dev__pytest-5413,/mnt/disk2/dyp/d-overlayfs/traces/swe-search/qwen3-coder-30b-ms/pytest-dev__pytest-5413/trajectory.json,traces/supplement/79-20260920/d-overlayfs/traces/swe-search/qwen3-coder-30b-ms/pytest-dev__pytest-5413/trajectory.json,436d00d29123b7e31f419a415f4baf91fbda8a66636b948e0191fa6cf46e9a9e,True,traces/supplement/79-20260920/spr_payload/det_traces/ms/pytest-dev__pytest-5413/trajectory.json,a2246ecb566b83f21944a1e113603ff03e94de7832ddc1623ae3b7893380b16c,Current ms snapshot matches real-run driver default path; historical per-run input hash unavailable; old portable snapshot also retained
pytest-dev__pytest-5495,/mnt/disk2/dyp/d-overlayfs/traces/swe-search/qwen3-coder-30b-ms/pytest-dev__pytest-5495/trajectory.json,traces/supplement/79-20260920/d-overlayfs/traces/swe-search/qwen3-coder-30b-ms/pytest-dev__pytest-5495/trajectory.json,65100cad2c105ce58e64ec66f1c2f893b21a3e1d72453ae8df69cb0d3889f8e2,True,traces/supplement/79-20260920/spr_payload/det_traces/ms/pytest-dev__pytest-5495/trajectory.json,20f62513416d5acb63b04605ff3b74adbeaeab013f073c3c4b49d09eb4894e71,Current ms snapshot matches real-run driver default path; historical per-run input hash unavailable; old portable snapshot also retained
pytest-dev__pytest-5692,/mnt/disk2/dyp/d-overlayfs/traces/swe-search/qwen3-coder-30b-ms/pytest-dev__pytest-5692/trajectory.json,traces/supplement/79-20260920/d-overlayfs/traces/swe-search/qwen3-coder-30b-ms/pytest-dev__pytest-5692/trajectory.json,9cf62b1cd715d83ce9405bd2b7942a47644b9ff55d851ed388b959aafd3eda48,True,traces/supplement/79-20260920/spr_payload/det_traces/ms/pytest-dev__pytest-5692/trajectory.json,7b58c92f2f4fd33ef437f0a0ec87f410319cd04f1a3e1fbeafd8d622e87ac9bb,Current ms snapshot matches real-run driver default path; historical per-run input hash unavailable; old portable snapshot also retained
pytest-dev__pytest-6116,/mnt/disk2/dyp/d-overlayfs/traces/swe-search/qwen3-coder-30b-ms/pytest-dev__pytest-6116/trajectory.json,traces/supplement/79-20260920/d-overlayfs/traces/swe-search/qwen3-coder-30b-ms/pytest-dev__pytest-6116/trajectory.json,8cf1b6c25119b515c0220b16b39f95b4eac1f5c13c96e76526927d71433a1c5d,True,traces/supplement/79-20260920/spr_payload/det_traces/ms/pytest-dev__pytest-6116/trajectory.json,0beab9aa0d6c6b5ca4591e2c1ee337a02f0cb5619ba9ab0226c4786158caa483,Current ms snapshot matches real-run driver default path; historical per-run input hash unavailable; old portable snapshot also retained
pytest-dev__pytest-7168,/mnt/disk2/dyp/d-overlayfs/traces/swe-search/qwen3-coder-30b-ms/pytest-dev__pytest-7168/trajectory.json,traces/supplement/79-20260920/d-overlayfs/traces/swe-search/qwen3-coder-30b-ms/pytest-dev__pytest-7168/trajectory.json,9512a159985d0cf6e6681bebe3b2b732ecbac74f30699c55790a792a4fd43530,True,traces/supplement/79-20260920/spr_payload/det_traces/ms/pytest-dev__pytest-7168/trajectory.json,eb9c121464fe06efebd9c9f88a7a8614f6bb24d90d03ddb82aac05ea9fa12f44,Current ms snapshot matches real-run driver default path; historical per-run input hash unavailable; old portable snapshot also retained
pytest-dev__pytest-7220,/mnt/disk2/dyp/d-overlayfs/traces/swe-search/qwen3-coder-30b-ms/pytest-dev__pytest-7220/trajectory.json,traces/supplement/79-20260920/d-overlayfs/traces/swe-search/qwen3-coder-30b-ms/pytest-dev__pytest-7220/trajectory.json,aac0cd64887186336c89466887b908bbf4ece3b3b4f6ef60b14c0d55b948da2a,True,traces/supplement/79-20260920/spr_payload/det_traces/ms/pytest-dev__pytest-7220/trajectory.json,af328db03b49784d50e95b6f8a26213317846834b6a7f21f14841f71dd4207c3,Current ms snapshot matches real-run driver default path; historical per-run input hash unavailable; old portable snapshot also retained
pytest-dev__pytest-7373,/mnt/disk2/dyp/d-overlayfs/traces/swe-search/qwen3-coder-30b-ms/pytest-dev__pytest-7373/trajectory.json,traces/supplement/79-20260920/d-overlayfs/traces/swe-search/qwen3-coder-30b-ms/pytest-dev__pytest-7373/trajectory.json,0dc7bc5177be053ebc8d4ed5df21b415101433b49681c916985bf0ec3e9ddc0a,True,traces/supplement/79-20260920/spr_payload/det_traces/ms/pytest-dev__pytest-7373/trajectory.json,dd64e49f19608a5858a83270f66f2dd6a3a54a6aa5562ada5146530925f73579,Current ms snapshot matches real-run driver default path; historical per-run input hash unavailable; old portable snapshot also retained
pytest-dev__pytest-7432,/mnt/disk2/dyp/d-overlayfs/traces/swe-search/qwen3-coder-30b-ms/pytest-dev__pytest-7432/trajectory.json,traces/supplement/79-20260920/d-overlayfs/traces/swe-search/qwen3-coder-30b-ms/pytest-dev__pytest-7432/trajectory.json,42efd8412a9a5b10b0e4b40b6db541f1f390770c98197e09bd0baa6485a5e38d,True,traces/supplement/79-20260920/spr_payload/det_traces/ms/pytest-dev__pytest-7432/trajectory.json,8867799bc6ff5184fbbe84599ff75829ee2d0969e86e3235fcb99329024e2572,Current ms snapshot matches real-run driver default path; historical per-run input hash unavailable; old portable snapshot also retained
pytest-dev__pytest-7490,/mnt/disk2/dyp/d-overlayfs/traces/swe-search/qwen3-coder-30b-ms/pytest-dev__pytest-7490/trajectory.json,traces/supplement/79-20260920/d-overlayfs/traces/swe-search/qwen3-coder-30b-ms/pytest-dev__pytest-7490/trajectory.json,637e39050f8f36cb29ed65e6d531728aa50fdc3a0f73dc6ddb6ba4c8aefe2405,True,traces/supplement/79-20260920/spr_payload/det_traces/ms/pytest-dev__pytest-7490/trajectory.json,ac69f190547e955ccd1289aceedcf3dc5ba8bf9464dfb6aa7fc9e8d79d8c3f53,Current ms snapshot matches real-run driver default path; historical per-run input hash unavailable; old portable snapshot also retained
pytest-dev__pytest-8365,/mnt/disk2/dyp/d-overlayfs/traces/swe-search/qwen3-coder-30b-ms/pytest-dev__pytest-8365/trajectory.json,traces/supplement/79-20260920/d-overlayfs/traces/swe-search/qwen3-coder-30b-ms/pytest-dev__pytest-8365/trajectory.json,be7b155048458a8430dcf0749adede872fd4ba232b093fc043eac7d6497a7933,True,traces/supplement/79-20260920/spr_payload/det_traces/ms/pytest-dev__pytest-8365/trajectory.json,20239470aaeba4ae52c80d117e68a42955b2169ad538d400e4f9ee90a34aae0a,Current ms snapshot matches real-run driver default path; historical per-run input hash unavailable; old portable snapshot also retained
pytest-dev__pytest-8906,/mnt/disk2/dyp/d-overlayfs/traces/swe-search/qwen3-coder-30b-ms/pytest-dev__pytest-8906/trajectory.json,traces/supplement/79-20260920/d-overlayfs/traces/swe-search/qwen3-coder-30b-ms/pytest-dev__pytest-8906/trajectory.json,85b6cb9bb140e13cc8f969e54597fc9858b5fa225e4ee72c589a4b2b9c928d92,True,traces/supplement/79-20260920/spr_payload/det_traces/ms/pytest-dev__pytest-8906/trajectory.json,ee75d034878ac2ccf1f0a63ee938ce06aa38139299914dd0b8191005e81973ca,Current ms snapshot matches real-run driver default path; historical per-run input hash unavailable; old portable snapshot also retained
pytest-dev__pytest-9359,/mnt/disk2/dyp/d-overlayfs/traces/swe-search/qwen3-coder-30b-ms/pytest-dev__pytest-9359/trajectory.json,traces/supplement/79-20260920/d-overlayfs/traces/swe-search/qwen3-coder-30b-ms/pytest-dev__pytest-9359/trajectory.json,394c884a0d7e7aaaebfc49bd9acadcee3d33ff0647e25afc3d31b386b619e1a3,True,traces/supplement/79-20260920/spr_payload/det_traces/ms/pytest-dev__pytest-9359/trajectory.json,4cb964ade5cc7dd6c2852d8de483aebcbfae6cd6b733ca6b625805ee1972f34c,Current ms snapshot matches real-run driver default path; historical per-run input hash unavailable; old portable snapshot also retained
scikit-learn__scikit-learn-10297,/mnt/disk2/dyp/d-overlayfs/traces/swe-search/qwen3-coder-30b-ms/scikit-learn__scikit-learn-10297/trajectory.json,traces/supplement/79-20260920/d-overlayfs/traces/swe-search/qwen3-coder-30b-ms/scikit-learn__scikit-learn-10297/trajectory.json,c320874b843a35340cb6c0adfcb2f3f474307c9adaa8bd4905a8f4d30dd5b191,True,traces/supplement/79-20260920/spr_payload/det_traces/ms/scikit-learn__scikit-learn-10297/trajectory.json,a60e8bebf9251b7ce5b2d657774feaf286291d3dc8195ae917ae0f66d367ffbc,Current ms snapshot matches real-run driver default path; historical per-run input hash unavailable; old portable snapshot also retained
scikit-learn__scikit-learn-10508,/mnt/disk2/dyp/d-overlayfs/traces/swe-search/qwen3-coder-30b-ms/scikit-learn__scikit-learn-10508/trajectory.json,traces/supplement/79-20260920/d-overlayfs/traces/swe-search/qwen3-coder-30b-ms/scikit-learn__scikit-learn-10508/trajectory.json,2565aefeb3d80c6373d583a8a48dc226ebeeea55ad5032141f45656270c998af,True,traces/supplement/79-20260920/spr_payload/det_traces/ms/scikit-learn__scikit-learn-10508/trajectory.json,d812b8ddca9d6ac0df62c6652a3716c93a46675a2303193a4f8f2cb4f04658dc,Current ms snapshot matches real-run driver default path; historical per-run input hash unavailable; old portable snapshot also retained
scikit-learn__scikit-learn-10949,/mnt/disk2/dyp/d-overlayfs/traces/swe-search/qwen3-coder-30b-ms/scikit-learn__scikit-learn-10949/trajectory.json,traces/supplement/79-20260920/d-overlayfs/traces/swe-search/qwen3-coder-30b-ms/scikit-learn__scikit-learn-10949/trajectory.json,cbc64482bb3647bd8c5efc1759fa1f7cb183d5b0f29f74fbe156796a742bf5b2,True,traces/supplement/79-20260920/spr_payload/det_traces/ms/scikit-learn__scikit-learn-10949/trajectory.json,8f38ab5fa1f668369dc323298f23867fdf224c208fd5ff3e40ba73f0743c867e,Current ms snapshot matches real-run driver default path; historical per-run input hash unavailable; old portable snapshot also retained
scikit-learn__scikit-learn-11281,/mnt/disk2/dyp/d-overlayfs/traces/swe-search/qwen3-coder-30b-ms/scikit-learn__scikit-learn-11281/trajectory.json,traces/supplement/79-20260920/d-overlayfs/traces/swe-search/qwen3-coder-30b-ms/scikit-learn__scikit-learn-11281/trajectory.json,4281ca10f24b54e11fdbbbe395f1e703d731e588f3f32ac1afafa8197396a631,True,traces/supplement/79-20260920/spr_payload/det_traces/ms/scikit-learn__scikit-learn-11281/trajectory.json,9dc0ad308bdea3ed9dc799b2f1b0061b8ead989a5b99db1a04c90f9c21730b0f,Current ms snapshot matches real-run driver default path; historical per-run input hash unavailable; old portable snapshot also retained
scikit-learn__scikit-learn-12471,/mnt/disk2/dyp/d-overlayfs/traces/swe-search/qwen3-coder-30b-ms/scikit-learn__scikit-learn-12471/trajectory.json,traces/supplement/79-20260920/d-overlayfs/traces/swe-search/qwen3-coder-30b-ms/scikit-learn__scikit-learn-12471/trajectory.json,fd765a8af4b4f9c591c5067f20f3ad995aca95caa8ea8e5ce0ce14a310538232,True,traces/supplement/79-20260920/spr_payload/det_traces/ms/scikit-learn__scikit-learn-12471/trajectory.json,f5db88835a2a542bc566ed4d9a379e72430788f7e61ada1e6075b349754980f4,Current ms snapshot matches real-run driver default path; historical per-run input hash unavailable; old portable snapshot also retained
scikit-learn__scikit-learn-13142,/mnt/disk2/dyp/d-overlayfs/traces/swe-search/qwen3-coder-30b-ms/scikit-learn__scikit-learn-13142/trajectory.json,traces/supplement/79-20260920/d-overlayfs/traces/swe-search/qwen3-coder-30b-ms/scikit-learn__scikit-learn-13142/trajectory.json,d31ef93d83774af559f6ef385cb7b0c12200b14a730bcca956031f9ff4015fec,True,traces/supplement/79-20260920/spr_payload/det_traces/ms/scikit-learn__scikit-learn-13142/trajectory.json,b3dce9fcf8416ec96ab0f9358bae3bb2c7b5cba868507c8e082a1c8b131fca43,Current ms snapshot matches real-run driver default path; historical per-run input hash unavailable; old portable snapshot also retained
scikit-learn__scikit-learn-13241,/mnt/disk2/dyp/d-overlayfs/traces/swe-search/qwen3-coder-30b-ms/scikit-learn__scikit-learn-13241/trajectory.json,traces/supplement/79-20260920/d-overlayfs/traces/swe-search/qwen3-coder-30b-ms/scikit-learn__scikit-learn-13241/trajectory.json,5225482398ddba46291724ea3395e3664943860044a480325f998aabab533459,True,traces/supplement/79-20260920/spr_payload/det_traces/ms/scikit-learn__scikit-learn-13241/trajectory.json,aff06d4d9a3b1f10968af75297db1f15b7aa2d0ee74d823b14a9e955c79b1763,Current ms snapshot matches real-run driver default path; historical per-run input hash unavailable; old portable snapshot also retained
scikit-learn__scikit-learn-13439,/mnt/disk2/dyp/d-overlayfs/traces/swe-search/qwen3-coder-30b-ms/scikit-learn__scikit-learn-13439/trajectory.json,traces/supplement/79-20260920/d-overlayfs/traces/swe-search/qwen3-coder-30b-ms/scikit-learn__scikit-learn-13439/trajectory.json,7740a499d23f1161090aa41510b067fd80a77fafb8481f40b34dd280601c8612,True,traces/supplement/79-20260920/spr_payload/det_traces/ms/scikit-learn__scikit-learn-13439/trajectory.json,43eae31fac1f367810a8440c817adc24214efbc323c49e629596a219147ffb0d,Current ms snapshot matches real-run driver default path; historical per-run input hash unavailable; old portable snapshot also retained
scikit-learn__scikit-learn-13496,/mnt/disk2/dyp/d-overlayfs/traces/swe-search/qwen3-coder-30b-ms/scikit-learn__scikit-learn-13496/trajectory.json,traces/supplement/79-20260920/d-overlayfs/traces/swe-search/qwen3-coder-30b-ms/scikit-learn__scikit-learn-13496/trajectory.json,c919d43eb72557666b29fdf144c68c6cdff233c3a965598b6bb7953837265b8f,True,traces/supplement/79-20260920/spr_payload/det_traces/ms/scikit-learn__scikit-learn-13496/trajectory.json,e1fe5297e029e21c1a0aa67c966005dcd6332a5e8aa17bd8b48ff63c0c3d6aaf,Current ms snapshot matches real-run driver default path; historical per-run input hash unavailable; old portable snapshot also retained
scikit-learn__scikit-learn-13497,/mnt/disk2/dyp/d-overlayfs/traces/swe-search/qwen3-coder-30b-ms/scikit-learn__scikit-learn-13497/trajectory.json,traces/supplement/79-20260920/d-overlayfs/traces/swe-search/qwen3-coder-30b-ms/scikit-learn__scikit-learn-13497/trajectory.json,5ac4d6321d7f976150c719aa4921fd26e41026ff19d56696b4879a22015dab2a,True,traces/supplement/79-20260920/spr_payload/det_traces/ms/scikit-learn__scikit-learn-13497/trajectory.json,83f8bef170920d83f571ad54ce0f320352ae8d3bac3e1fe974a3234a8eca974e,Current ms snapshot matches real-run driver default path; historical per-run input hash unavailable; old portable snapshot also retained
scikit-learn__scikit-learn-13779,/mnt/disk2/dyp/d-overlayfs/traces/swe-search/qwen3-coder-30b-ms/scikit-learn__scikit-learn-13779/trajectory.json,traces/supplement/79-20260920/d-overlayfs/traces/swe-search/qwen3-coder-30b-ms/scikit-learn__scikit-learn-13779/trajectory.json,0a278cef8c69e663586bce67c6d23759f9dca5396ff63bd188efd5219a0328c6,True,traces/supplement/79-20260920/spr_payload/det_traces/ms/scikit-learn__scikit-learn-13779/trajectory.json,68857c5b55f32873ae4338488bbdd640a3fbffebe51ed3e5dbbcdb2f8f99d96c,Current ms snapshot matches real-run driver default path; historical per-run input hash unavailable; old portable snapshot also retained
scikit-learn__scikit-learn-14092,/mnt/disk2/dyp/d-overlayfs/traces/swe-search/qwen3-coder-30b-ms/scikit-learn__scikit-learn-14092/trajectory.json,traces/supplement/79-20260920/d-overlayfs/traces/swe-search/qwen3-coder-30b-ms/scikit-learn__scikit-learn-14092/trajectory.json,432df80a3fd4bd1f3e86b2297d5cbc9bdd945432b8a52b29c0071dd96268e098,True,traces/supplement/79-20260920/spr_payload/det_traces/ms/scikit-learn__scikit-learn-14092/trajectory.json,e8479bdc79338ef2c09822b132eb7e85555575047ed02699802a3895c6da578d,Current ms snapshot matches real-run driver default path; historical per-run input hash unavailable; old portable snapshot also retained
scikit-learn__scikit-learn-14894,/mnt/disk2/dyp/d-overlayfs/traces/swe-search/qwen3-coder-30b-ms/scikit-learn__scikit-learn-14894/trajectory.json,traces/supplement/79-20260920/d-overlayfs/traces/swe-search/qwen3-coder-30b-ms/scikit-learn__scikit-learn-14894/trajectory.json,bcf46015986fe839eb054def395a3743d92824fe5179a1150a8789c0e2c7f9a2,True,traces/supplement/79-20260920/spr_payload/det_traces/ms/scikit-learn__scikit-learn-14894/trajectory.json,4d4b7a9d66053e405e8f48d479d0779fc4741130365f791879516e61ba0fda55,Current ms snapshot matches real-run driver default path; historical per-run input hash unavailable; old portable snapshot also retained
scikit-learn__scikit-learn-14983,/mnt/disk2/dyp/d-overlayfs/traces/swe-search/qwen3-coder-30b-ms/scikit-learn__scikit-learn-14983/trajectory.json,traces/supplement/79-20260920/d-overlayfs/traces/swe-search/qwen3-coder-30b-ms/scikit-learn__scikit-learn-14983/trajectory.json,dd58df5102433bc0d28d0bbe54abc91c003ec54092ce1c0ffcc703ad1142955f,True,traces/supplement/79-20260920/spr_payload/det_traces/ms/scikit-learn__scikit-learn-14983/trajectory.json,78002db2429476c82e688d1ab3be0902408f5a90fff966c5b173cbd30e191958,Current ms snapshot matches real-run driver default path; historical per-run input hash unavailable; old portable snapshot also retained
scikit-learn__scikit-learn-15512,/mnt/disk2/dyp/d-overlayfs/traces/swe-search/qwen3-coder-30b-ms/scikit-learn__scikit-learn-15512/trajectory.json,traces/supplement/79-20260920/d-overlayfs/traces/swe-search/qwen3-coder-30b-ms/scikit-learn__scikit-learn-15512/trajectory.json,6f30d2432be237e4b91a88df7537cacda83830b72f18af105d4cc5bf0e86aedc,True,traces/supplement/79-20260920/spr_payload/det_traces/ms/scikit-learn__scikit-learn-15512/trajectory.json,cc3c3cef240154ab107bd4d393cf92a032ed15c681c00cb835fd614a192970a2,Current ms snapshot matches real-run driver default path; historical per-run input hash unavailable; old portable snapshot also retained
scikit-learn__scikit-learn-15535,/mnt/disk2/dyp/d-overlayfs/traces/swe-search/qwen3-coder-30b-ms/scikit-learn__scikit-learn-15535/trajectory.json,traces/supplement/79-20260920/d-overlayfs/traces/swe-search/qwen3-coder-30b-ms/scikit-learn__scikit-learn-15535/trajectory.json,b730fd7a6a41d965ce100579d8a485e87e1b7b8551273192bdc752085ff22d82,True,traces/supplement/79-20260920/spr_payload/det_traces/ms/scikit-learn__scikit-learn-15535/trajectory.json,d9225e7a0b180eb04277ed3bc9fed8ba38099e6c9c3cbcaf5db25c171190c56d,Current ms snapshot matches real-run driver default path; historical per-run input hash unavailable; old portable snapshot also retained
scikit-learn__scikit-learn-25500,/mnt/disk2/dyp/d-overlayfs/traces/swe-search/qwen3-coder-30b-ms/scikit-learn__scikit-learn-25500/trajectory.json,traces/supplement/79-20260920/d-overlayfs/traces/swe-search/qwen3-coder-30b-ms/scikit-learn__scikit-learn-25500/trajectory.json,181ea14e552d03e5b09a56e30cab59d09e8dcff0de8c05d90f9d0389b6324f79,True,traces/supplement/79-20260920/spr_payload/det_traces/ms/scikit-learn__scikit-learn-25500/trajectory.json,0498d34a3aee330220d49235b5db9989231b3443aef09d83ef4be4baff4a0f68,Current ms snapshot matches real-run driver default path; historical per-run input hash unavailable; old portable snapshot also retained
scikit-learn__scikit-learn-25638,/mnt/disk2/dyp/d-overlayfs/traces/swe-search/qwen3-coder-30b-ms/scikit-learn__scikit-learn-25638/trajectory.json,traces/supplement/79-20260920/d-overlayfs/traces/swe-search/qwen3-coder-30b-ms/scikit-learn__scikit-learn-25638/trajectory.json,4cb1e70813a9e0e58c6fe10029be97ec21d724934552906721bf47dafeb2a6a4,True,traces/supplement/79-20260920/spr_payload/det_traces/ms/scikit-learn__scikit-learn-25638/trajectory.json,802942a57f15da1f2bf0c4c8ec789e6188b246a9fd45f77cbede636548eef734,Current ms snapshot matches real-run driver default path; historical per-run input hash unavailable; old portable snapshot also retained
scikit-learn__scikit-learn-25747,/mnt/disk2/dyp/d-overlayfs/traces/swe-search/qwen3-coder-30b-ms/scikit-learn__scikit-learn-25747/trajectory.json,traces/supplement/79-20260920/d-overlayfs/traces/swe-search/qwen3-coder-30b-ms/scikit-learn__scikit-learn-25747/trajectory.json,67447df70edeb0c15f202c6086500dcdaabfbab1484019b6832050625c156de7,True,traces/supplement/79-20260920/spr_payload/det_traces/ms/scikit-learn__scikit-learn-25747/trajectory.json,97d995daeb4e64909eb8aa718338c28c892a18a2693d7e57e5f8f4ecb1a8532b,Current ms snapshot matches real-run driver default path; historical per-run input hash unavailable; old portable snapshot also retained
sphinx-doc__sphinx-10325,/mnt/disk2/dyp/d-overlayfs/traces/swe-search/qwen3-coder-30b-ms/sphinx-doc__sphinx-10325/trajectory.json,traces/supplement/79-20260920/d-overlayfs/traces/swe-search/qwen3-coder-30b-ms/sphinx-doc__sphinx-10325/trajectory.json,8069dbe1099cb2485f3b063370f09876efb3b697031f1ecd05bc247ed6ce5c22,True,traces/supplement/79-20260920/spr_payload/det_traces/ms/sphinx-doc__sphinx-10325/trajectory.json,aeb947fb0c03b76319c48209877940971d00ad21c12f1fe50a01c391a135d343,Current ms snapshot matches real-run driver default path; historical per-run input hash unavailable; old portable snapshot also retained
sphinx-doc__sphinx-10451,/mnt/disk2/dyp/d-overlayfs/traces/swe-search/qwen3-coder-30b-ms/sphinx-doc__sphinx-10451/trajectory.json,traces/supplement/79-20260920/d-overlayfs/traces/swe-search/qwen3-coder-30b-ms/sphinx-doc__sphinx-10451/trajectory.json,bb289f8ed81671ad79438fb3ecff313f34b9cb8c04316938fdb2c11be2dd83e5,True,traces/supplement/79-20260920/spr_payload/det_traces/ms/sphinx-doc__sphinx-10451/trajectory.json,3d8583dc46fa412bf0319b310c1e80812e00a4f8bd4665afc1c40405f37eacde,Current ms snapshot matches real-run driver default path; historical per-run input hash unavailable; old portable snapshot also retained
sphinx-doc__sphinx-11445,/mnt/disk2/dyp/d-overlayfs/traces/swe-search/qwen3-coder-30b-ms/sphinx-doc__sphinx-11445/trajectory.json,traces/supplement/79-20260920/d-overlayfs/traces/swe-search/qwen3-coder-30b-ms/sphinx-doc__sphinx-11445/trajectory.json,c8f04e7cc6ebeec18abe27af1126f1a2880bab5e210df7f4b1ca39eb49086b04,True,traces/supplement/79-20260920/spr_payload/det_traces/ms/sphinx-doc__sphinx-11445/trajectory.json,71d159ee5527fca021be31bfefa93f83295b298e05f6462e5da5fd39d955ebf1,Current ms snapshot matches real-run driver default path; historical per-run input hash unavailable; old portable snapshot also retained
sphinx-doc__sphinx-7686,/mnt/disk2/dyp/d-overlayfs/traces/swe-search/qwen3-coder-30b-ms/sphinx-doc__sphinx-7686/trajectory.json,traces/supplement/79-20260920/d-overlayfs/traces/swe-search/qwen3-coder-30b-ms/sphinx-doc__sphinx-7686/trajectory.json,3d55d8123f1f7fb10a1a6afa29183f3a447910d5461b5c3e2268c4428650381f,True,traces/supplement/79-20260920/spr_payload/det_traces/ms/sphinx-doc__sphinx-7686/trajectory.json,757c0ed5ca64bccb6d38eb669edc8d03813093bff67c9e0c8870902333b2dd2c,Current ms snapshot matches real-run driver default path; historical per-run input hash unavailable; old portable snapshot also retained
sphinx-doc__sphinx-7738,/mnt/disk2/dyp/d-overlayfs/traces/swe-search/qwen3-coder-30b-ms/sphinx-doc__sphinx-7738/trajectory.json,traces/supplement/79-20260920/d-overlayfs/traces/swe-search/qwen3-coder-30b-ms/sphinx-doc__sphinx-7738/trajectory.json,014181ac59e581f73dbda9d9bf30ca3b8191ba063038b50b609ae1978432d1a5,True,traces/supplement/79-20260920/spr_payload/det_traces/ms/sphinx-doc__sphinx-7738/trajectory.json,0a8f0b5260fbb3d911bee4d7e68dbd3d25b13a6a3aacc2014b1433a9df19a2db,Current ms snapshot matches real-run driver default path; historical per-run input hash unavailable; old portable snapshot also retained
sphinx-doc__sphinx-7975,/mnt/disk2/dyp/d-overlayfs/traces/swe-search/qwen3-coder-30b-ms/sphinx-doc__sphinx-7975/trajectory.json,traces/supplement/79-20260920/d-overlayfs/traces/swe-search/qwen3-coder-30b-ms/sphinx-doc__sphinx-7975/trajectory.json,ea757c671ccebe20bda89717469e9e933941ff55e232ffdeb96cc24a948cae4e,True,traces/supplement/79-20260920/spr_payload/det_traces/ms/sphinx-doc__sphinx-7975/trajectory.json,38a7ebc72e3b22785b459f42e5bb67cd56b7a463034394d781deb170b516641a,Current ms snapshot matches real-run driver default path; historical per-run input hash unavailable; old portable snapshot also retained
sphinx-doc__sphinx-8273,/mnt/disk2/dyp/d-overlayfs/traces/swe-search/qwen3-coder-30b-ms/sphinx-doc__sphinx-8273/trajectory.json,traces/supplement/79-20260920/d-overlayfs/traces/swe-search/qwen3-coder-30b-ms/sphinx-doc__sphinx-8273/trajectory.json,a26ed7b83209d208044e63d2f275f2f80ee916ab3d99cd0629867014da67e94d,True,traces/supplement/79-20260920/spr_payload/det_traces/ms/sphinx-doc__sphinx-8273/trajectory.json,2bc9b2aab5635d70402793cf76dbea24999a0be3d92d8b9e7cf59e2d2d50e02d,Current ms snapshot matches real-run driver default path; historical per-run input hash unavailable; old portable snapshot also retained
sphinx-doc__sphinx-8474,/mnt/disk2/dyp/d-overlayfs/traces/swe-search/qwen3-coder-30b-ms/sphinx-doc__sphinx-8474/trajectory.json,traces/supplement/79-20260920/d-overlayfs/traces/swe-search/qwen3-coder-30b-ms/sphinx-doc__sphinx-8474/trajectory.json,80a984c5c8a9db1c409e78ff1469436715c7e57461d7549682725f0b5c537e56,True,traces/supplement/79-20260920/spr_payload/det_traces/ms/sphinx-doc__sphinx-8474/trajectory.json,9c316afd84265807d412a6e3d5d42f8774d4270c7a0ef250dc7d6a5f4efc878c,Current ms snapshot matches real-run driver default path; historical per-run input hash unavailable; old portable snapshot also retained
sphinx-doc__sphinx-8506,/mnt/disk2/dyp/d-overlayfs/traces/swe-search/qwen3-coder-30b-ms/sphinx-doc__sphinx-8506/trajectory.json,traces/supplement/79-20260920/d-overlayfs/traces/swe-search/qwen3-coder-30b-ms/sphinx-doc__sphinx-8506/trajectory.json,8dbf327b8852c5f03da5b04dadf0c47ac829917af4f2cb0b53e14d53e3c78743,True,traces/supplement/79-20260920/spr_payload/det_traces/ms/sphinx-doc__sphinx-8506/trajectory.json,c1f542cca8d7a2ff23f19268fd94727c8476a6172f3258efcf2ce5f0f15b281c,Current ms snapshot matches real-run driver default path; historical per-run input hash unavailable; old portable snapshot also retained
sphinx-doc__sphinx-8595,/mnt/disk2/dyp/d-overlayfs/traces/swe-search/qwen3-coder-30b-ms/sphinx-doc__sphinx-8595/trajectory.json,traces/supplement/79-20260920/d-overlayfs/traces/swe-search/qwen3-coder-30b-ms/sphinx-doc__sphinx-8595/trajectory.json,9e4c9b27f2f5decc7686a9bbe768030a5b2850bc145155899cec762625edd19d,True,traces/supplement/79-20260920/spr_payload/det_traces/ms/sphinx-doc__sphinx-8595/trajectory.json,bbdd0fe2a9ad9a50e9619fbddb7b440a360a32db58c3cc54737003651487ec7d,Current ms snapshot matches real-run driver default path; historical per-run input hash unavailable; old portable snapshot also retained
sphinx-doc__sphinx-8713,/mnt/disk2/dyp/d-overlayfs/traces/swe-search/qwen3-coder-30b-ms/sphinx-doc__sphinx-8713/trajectory.json,traces/supplement/79-20260920/d-overlayfs/traces/swe-search/qwen3-coder-30b-ms/sphinx-doc__sphinx-8713/trajectory.json,2c9cdf09a3d38a7362191c414cae33bffbfb47cb141b4f2a8ba3a6edc48f1cdf,True,traces/supplement/79-20260920/spr_payload/det_traces/ms/sphinx-doc__sphinx-8713/trajectory.json,6c382c3152ee64f015fbf7d3dbc1cc9dcc9833dac1f17589b3b3c74fcacb8fb3,Current ms snapshot matches real-run driver default path; historical per-run input hash unavailable; old portable snapshot also retained
sphinx-doc__sphinx-8721,/mnt/disk2/dyp/d-overlayfs/traces/swe-search/qwen3-coder-30b-ms/sphinx-doc__sphinx-8721/trajectory.json,traces/supplement/79-20260920/d-overlayfs/traces/swe-search/qwen3-coder-30b-ms/sphinx-doc__sphinx-8721/trajectory.json,5549d2bf03c28c94c5c678c45b32f70ce95390521eba2d30e4f3cc47e69aaac2,True,traces/supplement/79-20260920/spr_payload/det_traces/ms/sphinx-doc__sphinx-8721/trajectory.json,30d20c73d84b396cf0f08e3cf8fe0fdfda12cc991bf1b7e43251af822b836337,Current ms snapshot matches real-run driver default path; historical per-run input hash unavailable; old portable snapshot also retained
sympy__sympy-11400,/mnt/disk2/dyp/d-overlayfs/traces/swe-search/qwen3-coder-30b-ms/sympy__sympy-11400/trajectory.json,traces/supplement/79-20260920/d-overlayfs/traces/swe-search/qwen3-coder-30b-ms/sympy__sympy-11400/trajectory.json,07135c5889e8f092c317be8e8d7770536f81e13b6a99945bca97c888738b6c19,True,traces/supplement/79-20260920/spr_payload/det_traces/ms/sympy__sympy-11400/trajectory.json,2777b40ca6945d950c1b7a808fdf68f09a975f1a425aa72fed82d2a6f9949a43,Current ms snapshot matches real-run driver default path; historical per-run input hash unavailable; old portable snapshot also retained
sympy__sympy-11870,/mnt/disk2/dyp/d-overlayfs/traces/swe-search/qwen3-coder-30b-ms/sympy__sympy-11870/trajectory.json,traces/supplement/79-20260920/d-overlayfs/traces/swe-search/qwen3-coder-30b-ms/sympy__sympy-11870/trajectory.json,945875f394d16e6ea68dd3719267ae8d3f216423a98363c72e9b5cb9373d87aa,True,traces/supplement/79-20260920/spr_payload/det_traces/ms/sympy__sympy-11870/trajectory.json,2330f00e3bf4c52d4d3ac785e5d7627139311158487f3933dabff46ef736ad8e,Current ms snapshot matches real-run driver default path; historical per-run input hash unavailable; old portable snapshot also retained
sympy__sympy-11897,/mnt/disk2/dyp/d-overlayfs/traces/swe-search/qwen3-coder-30b-ms/sympy__sympy-11897/trajectory.json,traces/supplement/79-20260920/d-overlayfs/traces/swe-search/qwen3-coder-30b-ms/sympy__sympy-11897/trajectory.json,dfbf610c0c8f77dfc249b731b08ced777b0c0e2c730902a3e8ca793f94c764be,True,traces/supplement/79-20260920/spr_payload/det_traces/ms/sympy__sympy-11897/trajectory.json,cf093e313478f1e2b3bcedc2150c41b993d84fa7d80c30cbb393346788e0621d,Current ms snapshot matches real-run driver default path; historical per-run input hash unavailable; old portable snapshot also retained
sympy__sympy-12171,/mnt/disk2/dyp/d-overlayfs/traces/swe-search/qwen3-coder-30b-ms/sympy__sympy-12171/trajectory.json,traces/supplement/79-20260920/d-overlayfs/traces/swe-search/qwen3-coder-30b-ms/sympy__sympy-12171/trajectory.json,1787f218a9f4aa049871feb414353f1ecff123c43177db626d96fda27ebecfa0,True,traces/supplement/79-20260920/spr_payload/det_traces/ms/sympy__sympy-12171/trajectory.json,566566c05a3c3d81cc65b3b738e9a15eb0c234f0166b7f763101e91817158bb5,Current ms snapshot matches real-run driver default path; historical per-run input hash unavailable; old portable snapshot also retained
sympy__sympy-12454,/mnt/disk2/dyp/d-overlayfs/traces/swe-search/qwen3-coder-30b-ms/sympy__sympy-12454/trajectory.json,traces/supplement/79-20260920/d-overlayfs/traces/swe-search/qwen3-coder-30b-ms/sympy__sympy-12454/trajectory.json,d5fdd6d4cadcaac262613c13b4b9df200280dce48ef15f6affccf136175f5be8,True,traces/supplement/79-20260920/spr_payload/det_traces/ms/sympy__sympy-12454/trajectory.json,c6ad4803ae94b21a9640fd586d5971006b594f985b63bbc8065a007336ec51b6,Current ms snapshot matches real-run driver default path; historical per-run input hash unavailable; old portable snapshot also retained
sympy__sympy-12481,/mnt/disk2/dyp/d-overlayfs/traces/swe-search/qwen3-coder-30b-ms/sympy__sympy-12481/trajectory.json,traces/supplement/79-20260920/d-overlayfs/traces/swe-search/qwen3-coder-30b-ms/sympy__sympy-12481/trajectory.json,79ecde435fc5940f308979e38a01e6ee4b1eb31cb26a022c1e8857866074d0de,True,traces/supplement/79-20260920/spr_payload/det_traces/ms/sympy__sympy-12481/trajectory.json,259304c99b922a707007ce1dbf52a7fe1e2ee8edfa01c8dfee3e0ddcbb779530,Current ms snapshot matches real-run driver default path; historical per-run input hash unavailable; old portable snapshot also retained
sympy__sympy-13031,/mnt/disk2/dyp/d-overlayfs/traces/swe-search/qwen3-coder-30b-ms/sympy__sympy-13031/trajectory.json,traces/supplement/79-20260920/d-overlayfs/traces/swe-search/qwen3-coder-30b-ms/sympy__sympy-13031/trajectory.json,4f7673ee38878f0b7f9090df439f9dcf198c3f7c064280702de4b13f3b6e4ca0,True,traces/supplement/79-20260920/spr_payload/det_traces/ms/sympy__sympy-13031/trajectory.json,3653ef1ce181919dacf5cc61023508be12d412164702b993cfa54ccdbf569a73,Current ms snapshot matches real-run driver default path; historical per-run input hash unavailable; old portable snapshot also retained
sympy__sympy-13043,/mnt/disk2/dyp/d-overlayfs/traces/swe-search/qwen3-coder-30b-ms/sympy__sympy-13043/trajectory.json,traces/supplement/79-20260920/d-overlayfs/traces/swe-search/qwen3-coder-30b-ms/sympy__sympy-13043/trajectory.json,ba9c37c402d6d1f2353ff06ef959887c62186dda39d1fbb96b7a7dcd953875c7,True,traces/supplement/79-20260920/spr_payload/det_traces/ms/sympy__sympy-13043/trajectory.json,de20708e3839650b422c8f6328be209805d73ce9a01069edd6a1f30cc576b25b,Current ms snapshot matches real-run driver default path; historical per-run input hash unavailable; old portable snapshot also retained
sympy__sympy-13177,/mnt/disk2/dyp/d-overlayfs/traces/swe-search/qwen3-coder-30b-ms/sympy__sympy-13177/trajectory.json,traces/supplement/79-20260920/d-overlayfs/traces/swe-search/qwen3-coder-30b-ms/sympy__sympy-13177/trajectory.json,516f034b22c5bd5ac1f8c3374de141606ee297f76e69ed015126688c0cc065fb,True,traces/supplement/79-20260920/spr_payload/det_traces/ms/sympy__sympy-13177/trajectory.json,f3a62cdd9078429df22362e1a133d818eb1768a6f85414e101ec3f83f589db55,Current ms snapshot matches real-run driver default path; historical per-run input hash unavailable; old portable snapshot also retained
sympy__sympy-13437,/mnt/disk2/dyp/d-overlayfs/traces/swe-search/qwen3-coder-30b-ms/sympy__sympy-13437/trajectory.json,traces/supplement/79-20260920/d-overlayfs/traces/swe-search/qwen3-coder-30b-ms/sympy__sympy-13437/trajectory.json,c3f5be4fc8f4446ab235f44b3edcf0e06356a7a8ad991b02f37a669e2ed7ffa4,True,traces/supplement/79-20260920/spr_payload/det_traces/ms/sympy__sympy-13437/trajectory.json,91b87d061ab7e621be2cc72c560a058aa566acaf2290db340e743f1564bcfa1d,Current ms snapshot matches real-run driver default path; historical per-run input hash unavailable; old portable snapshot also retained
sympy__sympy-13471,/mnt/disk2/dyp/d-overlayfs/traces/swe-search/qwen3-coder-30b-ms/sympy__sympy-13471/trajectory.json,traces/supplement/79-20260920/d-overlayfs/traces/swe-search/qwen3-coder-30b-ms/sympy__sympy-13471/trajectory.json,044ae3ecb31f1e17bcb34c8f1ce72f6070425bc0e0dc1107f3d10cd0f6999caa,True,traces/supplement/79-20260920/spr_payload/det_traces/ms/sympy__sympy-13471/trajectory.json,5d8590574e5f5ec6b51bdbd8a3253b153ec18b37752f68302e28afb7cce77e1c,Current ms snapshot matches real-run driver default path; historical per-run input hash unavailable; old portable snapshot also retained
sympy__sympy-13480,/mnt/disk2/dyp/d-overlayfs/traces/swe-search/qwen3-coder-30b-ms/sympy__sympy-13480/trajectory.json,traces/supplement/79-20260920/d-overlayfs/traces/swe-search/qwen3-coder-30b-ms/sympy__sympy-13480/trajectory.json,59e02b5d2bcc6c64f978d1d4b90ce1fa13b5d7ea45899b29e9422e6ba1a10343,True,traces/supplement/79-20260920/spr_payload/det_traces/ms/sympy__sympy-13480/trajectory.json,04d161714e3961392acb91ee0903d99693f3243966f096adeb4f12e03b13a7b6,Current ms snapshot matches real-run driver default path; historical per-run input hash unavailable; old portable snapshot also retained
sympy__sympy-13647,/mnt/disk2/dyp/d-overlayfs/traces/swe-search/qwen3-coder-30b-ms/sympy__sympy-13647/trajectory.json,traces/supplement/79-20260920/d-overlayfs/traces/swe-search/qwen3-coder-30b-ms/sympy__sympy-13647/trajectory.json,299e1694d80fd3ce578b5c39b4b6263d2d99a5ec7e71506c8588ce31683cddcb,True,traces/supplement/79-20260920/spr_payload/det_traces/ms/sympy__sympy-13647/trajectory.json,6109ce0e2474360aa15020f1602ee5e9d0745221a92554cd78b5d41a4ea51132,Current ms snapshot matches real-run driver default path; historical per-run input hash unavailable; old portable snapshot also retained
sympy__sympy-13915,/mnt/disk2/dyp/d-overlayfs/traces/swe-search/qwen3-coder-30b-ms/sympy__sympy-13915/trajectory.json,traces/supplement/79-20260920/d-overlayfs/traces/swe-search/qwen3-coder-30b-ms/sympy__sympy-13915/trajectory.json,2c6fa484c634f24b96c2cc0a824f88d16c5c21bcec8fa949debfef7c9986d5e2,True,traces/supplement/79-20260920/spr_payload/det_traces/ms/sympy__sympy-13915/trajectory.json,278073a26f128dd4b0803a105becddc9ea85d33e9887eca4f35e4e75c83b3401,Current ms snapshot matches real-run driver default path; historical per-run input hash unavailable; old portable snapshot also retained
sympy__sympy-13971,/mnt/disk2/dyp/d-overlayfs/traces/swe-search/qwen3-coder-30b-ms/sympy__sympy-13971/trajectory.json,traces/supplement/79-20260920/d-overlayfs/traces/swe-search/qwen3-coder-30b-ms/sympy__sympy-13971/trajectory.json,1ac7418a53dab314aa18033f1c5124754be121f4e2c0810655b0c28f21700b8e,True,traces/supplement/79-20260920/spr_payload/det_traces/ms/sympy__sympy-13971/trajectory.json,66dd011c607fddf54c3b26dcaaadd192d8b359f9bc4050ee2699c72fc3c7b389,Current ms snapshot matches real-run driver default path; historical per-run input hash unavailable; old portable snapshot also retained
sympy__sympy-14308,/mnt/disk2/dyp/d-overlayfs/traces/swe-search/qwen3-coder-30b-ms/sympy__sympy-14308/trajectory.json,traces/supplement/79-20260920/d-overlayfs/traces/swe-search/qwen3-coder-30b-ms/sympy__sympy-14308/trajectory.json,97afc60c10a6f34a82c0be2537662a43c1d13c1a080c930f99dcec67d81e9068,True,traces/supplement/79-20260920/spr_payload/det_traces/ms/sympy__sympy-14308/trajectory.json,2164f10273f28ca51c96b92c1a08666c98f21f920324de747484b1f4cd49e2da,Current ms snapshot matches real-run driver default path; historical per-run input hash unavailable; old portable snapshot also retained
sympy__sympy-14317,/mnt/disk2/dyp/d-overlayfs/traces/swe-search/qwen3-coder-30b-ms/sympy__sympy-14317/trajectory.json,traces/supplement/79-20260920/d-overlayfs/traces/swe-search/qwen3-coder-30b-ms/sympy__sympy-14317/trajectory.json,d8a0a89533b7a7c748a6ca4726bfcb4f360c33afd0531b7ff48fea8bf47e704b,True,traces/supplement/79-20260920/spr_payload/det_traces/ms/sympy__sympy-14317/trajectory.json,c617161780e47bd4d9433212282f1b3946f171a242b5eaa4dd77c57f2723fc5a,Current ms snapshot matches real-run driver default path; historical per-run input hash unavailable; old portable snapshot also retained
sympy__sympy-14396,/mnt/disk2/dyp/d-overlayfs/traces/swe-search/qwen3-coder-30b-ms/sympy__sympy-14396/trajectory.json,traces/supplement/79-20260920/d-overlayfs/traces/swe-search/qwen3-coder-30b-ms/sympy__sympy-14396/trajectory.json,d1c5bf181f617833c17b2a96e82a618cc205674246422d6d05db489372d6d889,True,traces/supplement/79-20260920/spr_payload/det_traces/ms/sympy__sympy-14396/trajectory.json,c219b09f76cd82265e01a8af0f0addf3d62f3ea2782d8aaf449b71816f059462,Current ms snapshot matches real-run driver default path; historical per-run input hash unavailable; old portable snapshot also retained
sympy__sympy-14774,/mnt/disk2/dyp/d-overlayfs/traces/swe-search/qwen3-coder-30b-ms/sympy__sympy-14774/trajectory.json,traces/supplement/79-20260920/d-overlayfs/traces/swe-search/qwen3-coder-30b-ms/sympy__sympy-14774/trajectory.json,7ac1f057de2b1607475a3c22ac74963d012d976cada4e5be0c802b48f0339e80,True,traces/supplement/79-20260920/spr_payload/det_traces/ms/sympy__sympy-14774/trajectory.json,7d558d9a0c64b731ff852db15fdc8a12c97534310cf7f5d168f83e1009e1a7bf,Current ms snapshot matches real-run driver default path; historical per-run input hash unavailable; old portable snapshot also retained
sympy__sympy-14817,/mnt/disk2/dyp/d-overlayfs/traces/swe-search/qwen3-coder-30b-ms/sympy__sympy-14817/trajectory.json,traces/supplement/79-20260920/d-overlayfs/traces/swe-search/qwen3-coder-30b-ms/sympy__sympy-14817/trajectory.json,42affbb65e8359de21cfbcf7e842d76bb157d452765d8127ac37da1e5917cb85,True,traces/supplement/79-20260920/spr_payload/det_traces/ms/sympy__sympy-14817/trajectory.json,7cedfcfe1e79b3a14be6275ea70bfb4443ad6a1db56a4709e6311800930a637c,Current ms snapshot matches real-run driver default path; historical per-run input hash unavailable; old portable snapshot also retained
sympy__sympy-15011,/mnt/disk2/dyp/d-overlayfs/traces/swe-search/qwen3-coder-30b-ms/sympy__sympy-15011/trajectory.json,traces/supplement/79-20260920/d-overlayfs/traces/swe-search/qwen3-coder-30b-ms/sympy__sympy-15011/trajectory.json,5febf406f3cb59f2a508dfb91ebb4705ff68a272d03d669d7ca7c92aa5f7a221,True,traces/supplement/79-20260920/spr_payload/det_traces/ms/sympy__sympy-15011/trajectory.json,95549a6f6feef4cb63cb6987faac7f322916b57670b1582c101b9149ad1bbdd7,Current ms snapshot matches real-run driver default path; historical per-run input hash unavailable; old portable snapshot also retained
sympy__sympy-15345,/mnt/disk2/dyp/d-overlayfs/traces/swe-search/qwen3-coder-30b-ms/sympy__sympy-15345/trajectory.json,traces/supplement/79-20260920/d-overlayfs/traces/swe-search/qwen3-coder-30b-ms/sympy__sympy-15345/trajectory.json,6b29fc98389e36c5dccbd3efd61afea647115ca24395c4fe8891cdcbf954d613,True,traces/supplement/79-20260920/spr_payload/det_traces/ms/sympy__sympy-15345/trajectory.json,8b5072d9d010efaab7a6af5eac8a78d55662f23212f80b6451caf74496699f09,Current ms snapshot matches real-run driver default path; historical per-run input hash unavailable; old portable snapshot also retained
sympy__sympy-15678,/mnt/disk2/dyp/d-overlayfs/traces/swe-search/qwen3-coder-30b-ms/sympy__sympy-15678/trajectory.json,traces/supplement/79-20260920/d-overlayfs/traces/swe-search/qwen3-coder-30b-ms/sympy__sympy-15678/trajectory.json,78fb84fda9d71fe642e3fcc3bfbb345b189ca926f6d0694a0692655ddcdc5e9f,True,traces/supplement/79-20260920/spr_payload/det_traces/ms/sympy__sympy-15678/trajectory.json,34f30bd60d92c01428e2c2f6830a20c9cecaf38adbc66a79e08e9077336d72b0,Current ms snapshot matches real-run driver default path; historical per-run input hash unavailable; old portable snapshot also retained
sympy__sympy-16106,/mnt/disk2/dyp/d-overlayfs/traces/swe-search/qwen3-coder-30b-ms/sympy__sympy-16106/trajectory.json,traces/supplement/79-20260920/d-overlayfs/traces/swe-search/qwen3-coder-30b-ms/sympy__sympy-16106/trajectory.json,a7d5a5d7060fecfdd1128eff69c806e695cf22a3e105b553ea732acf837430ce,True,traces/supplement/79-20260920/spr_payload/det_traces/ms/sympy__sympy-16106/trajectory.json,b4303cc4948a418d7fa5cd56db7762c01bb40de85a4221847c361a64356f815e,Current ms snapshot matches real-run driver default path; historical per-run input hash unavailable; old portable snapshot also retained
sympy__sympy-16281,/mnt/disk2/dyp/d-overlayfs/traces/swe-search/qwen3-coder-30b-ms/sympy__sympy-16281/trajectory.json,traces/supplement/79-20260920/d-overlayfs/traces/swe-search/qwen3-coder-30b-ms/sympy__sympy-16281/trajectory.json,10ab7f0a80c691a0e12eb454ae394748a7a7c57b51bf8cd7ff6a9b5d854fa701,True,traces/supplement/79-20260920/spr_payload/det_traces/ms/sympy__sympy-16281/trajectory.json,209ae4cd2d272dadd45bb9c47bf951c7680b66217bd195c230c1fe9fdd377d24,Current ms snapshot matches real-run driver default path; historical per-run input hash unavailable; old portable snapshot also retained
sympy__sympy-16792,/mnt/disk2/dyp/d-overlayfs/traces/swe-search/qwen3-coder-30b-ms/sympy__sympy-16792/trajectory.json,traces/supplement/79-20260920/d-overlayfs/traces/swe-search/qwen3-coder-30b-ms/sympy__sympy-16792/trajectory.json,fa5c5b56048a9f4d625772719c5b9d1b33a8dc1b095b2cdc87f6c0f5f5f6d927,True,traces/supplement/79-20260920/spr_payload/det_traces/ms/sympy__sympy-16792/trajectory.json,809ec453c565842d820f1c8ec873ada453be5ec63affb77663c5c606a45d1dc4,Current ms snapshot matches real-run driver default path; historical per-run input hash unavailable; old portable snapshot also retained
sympy__sympy-16988,/mnt/disk2/dyp/d-overlayfs/traces/swe-search/qwen3-coder-30b-ms/sympy__sympy-16988/trajectory.json,traces/supplement/79-20260920/d-overlayfs/traces/swe-search/qwen3-coder-30b-ms/sympy__sympy-16988/trajectory.json,374f8727c158d75f0a04dec247ca78c8ca6986fde9968fd9cc50ad6927c30dae,True,traces/supplement/79-20260920/spr_payload/det_traces/ms/sympy__sympy-16988/trajectory.json,31fd142c0098d38d61290998cb5f9096f7542a5c99d34fa455ff9a907c847bb5,Current ms snapshot matches real-run driver default path; historical per-run input hash unavailable; old portable snapshot also retained
sympy__sympy-17139,/mnt/disk2/dyp/d-overlayfs/traces/swe-search/qwen3-coder-30b-ms/sympy__sympy-17139/trajectory.json,traces/supplement/79-20260920/d-overlayfs/traces/swe-search/qwen3-coder-30b-ms/sympy__sympy-17139/trajectory.json,b5c7eb1fecce71f36d92bdb316f751fa1d66ddaac82b19ae6aacc9c4a1355fee,True,traces/supplement/79-20260920/spr_payload/det_traces/ms/sympy__sympy-17139/trajectory.json,ab97c9cb6ed96666d68b3f69bb46e6efaa5a791fdb67a355696422e371afe8fa,Current ms snapshot matches real-run driver default path; historical per-run input hash unavailable; old portable snapshot also retained
sympy__sympy-17630,/mnt/disk2/dyp/d-overlayfs/traces/swe-search/qwen3-coder-30b-ms/sympy__sympy-17630/trajectory.json,traces/supplement/79-20260920/d-overlayfs/traces/swe-search/qwen3-coder-30b-ms/sympy__sympy-17630/trajectory.json,c0976bba64ec22a02b9404c8486f27f153a9ad92ae963e411c433f758a471862,True,traces/supplement/79-20260920/spr_payload/det_traces/ms/sympy__sympy-17630/trajectory.json,731a657668061ea67f5cd6d29976734a97c83f0b74270a93d9f6913a479b93ee,Current ms snapshot matches real-run driver default path; historical per-run input hash unavailable; old portable snapshot also retained
sympy__sympy-17655,/mnt/disk2/dyp/d-overlayfs/traces/swe-search/qwen3-coder-30b-ms/sympy__sympy-17655/trajectory.json,traces/supplement/79-20260920/d-overlayfs/traces/swe-search/qwen3-coder-30b-ms/sympy__sympy-17655/trajectory.json,84898da88f5f0a18caba3020d65eff37b66b8e86e9fac2e2161a5005c8fba19d,True,traces/supplement/79-20260920/spr_payload/det_traces/ms/sympy__sympy-17655/trajectory.json,07709c42bb7ee345e1413b2f03a4271c6af2c16b2487f8aef07fea578f261070,Current ms snapshot matches real-run driver default path; historical per-run input hash unavailable; old portable snapshot also retained
sympy__sympy-18057,/mnt/disk2/dyp/d-overlayfs/traces/swe-search/qwen3-coder-30b-ms/sympy__sympy-18057/trajectory.json,traces/supplement/79-20260920/d-overlayfs/traces/swe-search/qwen3-coder-30b-ms/sympy__sympy-18057/trajectory.json,9263974ff2705a394b075de713dbc493c3a32ec01bb78680463b8ed044995311,True,traces/supplement/79-20260920/spr_payload/det_traces/ms/sympy__sympy-18057/trajectory.json,ba65a59c7519a73fb6d48aa81bc13695fa2e6f1c5db95f76fc9c2913efd94b19,Current ms snapshot matches real-run driver default path; historical per-run input hash unavailable; old portable snapshot also retained
sympy__sympy-18087,/mnt/disk2/dyp/d-overlayfs/traces/swe-search/qwen3-coder-30b-ms/sympy__sympy-18087/trajectory.json,traces/supplement/79-20260920/d-overlayfs/traces/swe-search/qwen3-coder-30b-ms/sympy__sympy-18087/trajectory.json,9024e6c5423fa7b06afae62ba5f91b5c7a06a886cfe799a77707f9c527f9af2b,True,traces/supplement/79-20260920/spr_payload/det_traces/ms/sympy__sympy-18087/trajectory.json,9b0887ef3c119944c1133fe9e3849cd804bed55d0d7abde6de77536e563a0d28,Current ms snapshot matches real-run driver default path; historical per-run input hash unavailable; old portable snapshot also retained
sympy__sympy-18189,/mnt/disk2/dyp/d-overlayfs/traces/swe-search/qwen3-coder-30b-ms/sympy__sympy-18189/trajectory.json,traces/supplement/79-20260920/d-overlayfs/traces/swe-search/qwen3-coder-30b-ms/sympy__sympy-18189/trajectory.json,9e36d21196800734ceead347646d7172c24e80adc52c04a313a3b8ed34030671,True,traces/supplement/79-20260920/spr_payload/det_traces/ms/sympy__sympy-18189/trajectory.json,2b25d06a8bf5bf18e12ea03cd544406eb4acc6b88ef3f8ee0b13af2d0027a6a6,Current ms snapshot matches real-run driver default path; historical per-run input hash unavailable; old portable snapshot also retained
sympy__sympy-18199,/mnt/disk2/dyp/d-overlayfs/traces/swe-search/qwen3-coder-30b-ms/sympy__sympy-18199/trajectory.json,traces/supplement/79-20260920/d-overlayfs/traces/swe-search/qwen3-coder-30b-ms/sympy__sympy-18199/trajectory.json,0b491c94203debc2cbc7bed96159326537e710df20689378b0d2be81ed494d73,True,traces/supplement/79-20260920/spr_payload/det_traces/ms/sympy__sympy-18199/trajectory.json,0cd7cbbac11bc58d3dc91302ba9e8fd42338432a3663730281b94a4f21b5c4ac,Current ms snapshot matches real-run driver default path; historical per-run input hash unavailable; old portable snapshot also retained
sympy__sympy-18621,/mnt/disk2/dyp/d-overlayfs/traces/swe-search/qwen3-coder-30b-ms/sympy__sympy-18621/trajectory.json,traces/supplement/79-20260920/d-overlayfs/traces/swe-search/qwen3-coder-30b-ms/sympy__sympy-18621/trajectory.json,b08b9d06e54afbb2f81ad35bd7e0c2eb6399fbc9cf97245c89635736bf13fcf4,True,traces/supplement/79-20260920/spr_payload/det_traces/ms/sympy__sympy-18621/trajectory.json,3a28e5920b20d98ba2671a0e2c6d473611fc976901767291f7d43d705bceb9b3,Current ms snapshot matches real-run driver default path; historical per-run input hash unavailable; old portable snapshot also retained
sympy__sympy-18698,/mnt/disk2/dyp/d-overlayfs/traces/swe-search/qwen3-coder-30b-ms/sympy__sympy-18698/trajectory.json,traces/supplement/79-20260920/d-overlayfs/traces/swe-search/qwen3-coder-30b-ms/sympy__sympy-18698/trajectory.json,747ccc8551da0d1d8d537ac6f7e888f44f55c2e4f31d7139a8c3ea8b54cd203f,True,traces/supplement/79-20260920/spr_payload/det_traces/ms/sympy__sympy-18698/trajectory.json,e7646b75c567a2be35d6b1626876720c844dbc17a2008e06cf0f44f37b361500,Current ms snapshot matches real-run driver default path; historical per-run input hash unavailable; old portable snapshot also retained
sympy__sympy-18835,/mnt/disk2/dyp/d-overlayfs/traces/swe-search/qwen3-coder-30b-ms/sympy__sympy-18835/trajectory.json,traces/supplement/79-20260920/d-overlayfs/traces/swe-search/qwen3-coder-30b-ms/sympy__sympy-18835/trajectory.json,a9f8f08f071d054ea87c65c88ead98144c55bfe360a4fa675b70f7aa1428130d,True,traces/supplement/79-20260920/spr_payload/det_traces/ms/sympy__sympy-18835/trajectory.json,8f623923fe0d4c1ab8f2c29ce462acc28c42dd4fe99efe969b5ea245e7de5ad1,Current ms snapshot matches real-run driver default path; historical per-run input hash unavailable; old portable snapshot also retained
sympy__sympy-19007,/mnt/disk2/dyp/d-overlayfs/traces/swe-search/qwen3-coder-30b-ms/sympy__sympy-19007/trajectory.json,traces/supplement/79-20260920/d-overlayfs/traces/swe-search/qwen3-coder-30b-ms/sympy__sympy-19007/trajectory.json,b2aac14a741a8bab92e33d5100c17f8482078703b5bc44ddb19f24b2f535a8db,True,traces/supplement/79-20260920/spr_payload/det_traces/ms/sympy__sympy-19007/trajectory.json,ee7fb491ddf7222f129e8fba2ed18825f4befbc34cac6a95953b031f1180c166,Current ms snapshot matches real-run driver default path; historical per-run input hash unavailable; old portable snapshot also retained
sympy__sympy-19254,/mnt/disk2/dyp/d-overlayfs/traces/swe-search/qwen3-coder-30b-ms/sympy__sympy-19254/trajectory.json,traces/supplement/79-20260920/d-overlayfs/traces/swe-search/qwen3-coder-30b-ms/sympy__sympy-19254/trajectory.json,123259a98e6169a5ef0d88590cd1feaeea76c3478364548d026891e233094b58,True,traces/supplement/79-20260920/spr_payload/det_traces/ms/sympy__sympy-19254/trajectory.json,b6d0ee1239a7f08470c2eda560ec656bb84ca6fc5a471052ea732e07a30d7716,Current ms snapshot matches real-run driver default path; historical per-run input hash unavailable; old portable snapshot also retained
sympy__sympy-20154,/mnt/disk2/dyp/d-overlayfs/traces/swe-search/qwen3-coder-30b-ms/sympy__sympy-20154/trajectory.json,traces/supplement/79-20260920/d-overlayfs/traces/swe-search/qwen3-coder-30b-ms/sympy__sympy-20154/trajectory.json,36c825f0c9c6b5d6f63fab41b6865b2152bb0641723a9e259c7d9019464b9b87,True,traces/supplement/79-20260920/spr_payload/det_traces/ms/sympy__sympy-20154/trajectory.json,a6206e5b1414fb27d37e35160f6df3e7a3b15021118029312ce824f27532277e,Current ms snapshot matches real-run driver default path; historical per-run input hash unavailable; old portable snapshot also retained
sympy__sympy-20212,/mnt/disk2/dyp/d-overlayfs/traces/swe-search/qwen3-coder-30b-ms/sympy__sympy-20212/trajectory.json,traces/supplement/79-20260920/d-overlayfs/traces/swe-search/qwen3-coder-30b-ms/sympy__sympy-20212/trajectory.json,4c31a10cdc90faca84f25d2aeea5a0b169152bb10bf436d935d52ad8861aa635,True,traces/supplement/79-20260920/spr_payload/det_traces/ms/sympy__sympy-20212/trajectory.json,ff9aa40532f3f7e32ee5aa902c0fff5171cce8fe2b74eb83d75dac430c3ea614,Current ms snapshot matches real-run driver default path; historical per-run input hash unavailable; old portable snapshot also retained
sympy__sympy-20442,/mnt/disk2/dyp/d-overlayfs/traces/swe-search/qwen3-coder-30b-ms/sympy__sympy-20442/trajectory.json,traces/supplement/79-20260920/d-overlayfs/traces/swe-search/qwen3-coder-30b-ms/sympy__sympy-20442/trajectory.json,abe2f78242bd48afdade1c156ddafb2dfeae85d7869ce65851343f96b949c41e,True,traces/supplement/79-20260920/spr_payload/det_traces/ms/sympy__sympy-20442/trajectory.json,38eec73ce3e6a1da13c26acc86bf2705f717b3ebc8d4904e84bfd5a36cf9366e,Current ms snapshot matches real-run driver default path; historical per-run input hash unavailable; old portable snapshot also retained
sympy__sympy-20590,/mnt/disk2/dyp/d-overlayfs/traces/swe-search/qwen3-coder-30b-ms/sympy__sympy-20590/trajectory.json,traces/supplement/79-20260920/d-overlayfs/traces/swe-search/qwen3-coder-30b-ms/sympy__sympy-20590/trajectory.json,620b1d21d10ed5bb0e2f31ef140f571a2c45caec691356b834ce0d99f4783714,True,traces/supplement/79-20260920/spr_payload/det_traces/ms/sympy__sympy-20590/trajectory.json,029fa5ace01ea7a3ff2db5083eb52c0076abe7474e4d6e875fd24d10adc212e9,Current ms snapshot matches real-run driver default path; historical per-run input hash unavailable; old portable snapshot also retained
sympy__sympy-20639,/mnt/disk2/dyp/d-overlayfs/traces/swe-search/qwen3-coder-30b-ms/sympy__sympy-20639/trajectory.json,traces/supplement/79-20260920/d-overlayfs/traces/swe-search/qwen3-coder-30b-ms/sympy__sympy-20639/trajectory.json,d93302c3b70488c975e4acc4f5778f93bcb66040cdd8b2fc492d39c37ed9e9bc,True,traces/supplement/79-20260920/spr_payload/det_traces/ms/sympy__sympy-20639/trajectory.json,542109288262d49c0405218914108f07eee338a8c82dff5a9c420fdb52085c91,Current ms snapshot matches real-run driver default path; historical per-run input hash unavailable; old portable snapshot also retained
sympy__sympy-21055,/mnt/disk2/dyp/d-overlayfs/traces/swe-search/qwen3-coder-30b-ms/sympy__sympy-21055/trajectory.json,traces/supplement/79-20260920/d-overlayfs/traces/swe-search/qwen3-coder-30b-ms/sympy__sympy-21055/trajectory.json,ba2414177b528ce9b53aed6e6a55e95e7ef8e437c5cf800f2aa8f74c9626a92a,True,traces/supplement/79-20260920/spr_payload/det_traces/ms/sympy__sympy-21055/trajectory.json,ab5ec01d17566de99e6a25533ca7709e0b72c696b7f41f5fa241ad983bae2181,Current ms snapshot matches real-run driver default path; historical per-run input hash unavailable; old portable snapshot also retained
sympy__sympy-21171,/mnt/disk2/dyp/d-overlayfs/traces/swe-search/qwen3-coder-30b-ms/sympy__sympy-21171/trajectory.json,traces/supplement/79-20260920/d-overlayfs/traces/swe-search/qwen3-coder-30b-ms/sympy__sympy-21171/trajectory.json,8045c6c39a88e4f8321e00b1e3cfeaab7ad412b9c89202de57f94d945215daee,True,traces/supplement/79-20260920/spr_payload/det_traces/ms/sympy__sympy-21171/trajectory.json,600b07c7a31f1b0cdc60dc57939197f51095a9f9f46780220d8ab9723e4bbd06,Current ms snapshot matches real-run driver default path; historical per-run input hash unavailable; old portable snapshot also retained
sympy__sympy-21379,/mnt/disk2/dyp/d-overlayfs/traces/swe-search/qwen3-coder-30b-ms/sympy__sympy-21379/trajectory.json,traces/supplement/79-20260920/d-overlayfs/traces/swe-search/qwen3-coder-30b-ms/sympy__sympy-21379/trajectory.json,68d8d7b26ea7245a656f4a575e0d3f3e67ebc775beff1fdc834a9306f7e0696c,True,traces/supplement/79-20260920/spr_payload/det_traces/ms/sympy__sympy-21379/trajectory.json,d7b3d78d080edcba0b46df333c56bfa5240df74f447c13719061ccdcbd37cd6d,Current ms snapshot matches real-run driver default path; historical per-run input hash unavailable; old portable snapshot also retained
sympy__sympy-22840,/mnt/disk2/dyp/d-overlayfs/traces/swe-search/qwen3-coder-30b-ms/sympy__sympy-22840/trajectory.json,traces/supplement/79-20260920/d-overlayfs/traces/swe-search/qwen3-coder-30b-ms/sympy__sympy-22840/trajectory.json,df626cda352249292851ae8d66ee94b010c84401da92f2805c7eef3b8d829d18,True,traces/supplement/79-20260920/spr_payload/det_traces/ms/sympy__sympy-22840/trajectory.json,1fab9fd1162d37529f69ea23f9d1e8488fdc2ea20aecd67ab43c30ef067dee8b,Current ms snapshot matches real-run driver default path; historical per-run input hash unavailable; old portable snapshot also retained
